Portfolio_ID,Client_ID,Security_Ticker,Security_Name,Asset_Class,Sector,Country,Currency,Quantity,Purchase_Price,Current_Price,Market_Value_USD_M,Cost_Basis_USD_M,Unrealized_PnL_USD_M,Realized_PnL_USD_M,Weight_Pct,Benchmark,Duration_Years,Credit_Rating,Liquidity_Score
P-101,CLT-1001,ASML_NA,ASML Holding NV,Equity,Technology,Netherlands,EUR,612623.0,286.0,363.85,222.903,175.21,47.693,7.494,36.74,Bloomberg Global Aggregate,0.0,N/A,1
P-101,CLT-1001,CORP_HY_USD,US High Yield Corporate Credit Note,Corporate Bonds,Corporate Credit,United States,USD,1463200.0,93.23,93.26,136.458,136.414,0.044,0.01,22.49,Bloomberg Global Aggregate,5.7,AAA,3
P-101,CLT-1001,LT_IN,Larsen & Toubro Ltd.,Equity,Industrials,India,INR,318964.0,232.91,319.35,101.861,74.29,27.571,3.571,16.79,Bloomberg Global Aggregate,0.0,N/A,1
P-101,CLT-1001,EUR_LIQUIDITY_FUND,EUR Institutional Liquidity Master Fund,Money Market,Cash Equivalents,Europe,EUR,1011810.0,99.08,100.0,101.181,100.25,0.931,0.188,16.68,Bloomberg Global Aggregate,0.0,N/A,1
P-101,CLT-1001,RELIANCE_IN,Reliance Industries Ltd.,Equity,Energy,India,INR,47632.0,411.44,394.67,18.799,19.598,-0.799,-0.125,3.1,Bloomberg Global Aggregate,0.0,N/A,1
P-101,CLT-1001,CORP_IG_EUR,Euro High Grade Corporate Bond Note,Corporate Bonds,Corporate Credit,Europe,EUR,192129.0,97.92,97.83,18.796,18.813,-0.017,-0.003,3.1,Bloomberg Global Aggregate,4.7,AAA,2
P-101,CLT-1001,AZN_LN,AstraZeneca PLC,Equity,Healthcare,United Kingdom,GBP,29184.0,174.49,227.25,6.632,5.092,1.54,0.408,1.09,Bloomberg Global Aggregate,0.0,N/A,1
P-102,CLT-1001,EUR_LIQUIDITY_FUND,EUR Institutional Liquidity Master Fund,Money Market,Cash Equivalents,Europe,EUR,22902100.0,98.94,100.0,2290.21,2265.934,24.276,3.984,58.86,Bloomberg Global Aggregate,0.0,N/A,1
P-102,CLT-1001,AAPL,Apple Inc.,Equity,Technology,United States,USD,5549639.0,246.73,210.42,1167.755,1369.262,-201.507,-43.06,30.01,Bloomberg Global Aggregate,0.0,N/A,1
P-102,CLT-1001,JPM,JPMorgan Chase & Co.,Equity,Financials,United States,USD,351315.0,458.56,444.12,156.026,161.099,-5.073,-1.701,4.01,Bloomberg Global Aggregate,0.0,N/A,1
P-102,CLT-1001,AZN_LN,AstraZeneca PLC,Equity,Healthcare,United Kingdom,GBP,570875.0,219.51,232.0,132.443,125.313,7.13,2.761,3.4,Bloomberg Global Aggregate,0.0,N/A,1
P-102,CLT-1001,INFY_IN,Infosys Ltd.,Equity,Technology,India,INR,292701.0,396.18,448.17,131.18,115.962,15.218,4.802,3.37,Bloomberg Global Aggregate,0.0,N/A,1
P-102,CLT-1001,UK_10Y_GILT,UK Gilt 3.75% 2033,Government Bonds,Sovereign Debt,United Kingdom,GBP,144623.0,95.78,94.01,13.596,13.852,-0.256,-0.1,0.35,Bloomberg Global Aggregate,6.2,BBB+,1
P-103,CLT-1001,DBS_SP,DBS Group Holdings,Equity,Financials,Singapore,SGD,4580526.0,83.19,112.97,517.462,381.054,136.408,16.919,30.4,S&P 500,0.0,N/A,1
P-103,CLT-1001,GOOGL,Alphabet Inc.,Equity,Communication,United States,USD,3271688.0,107.81,124.33,406.769,352.721,54.048,16.353,23.9,S&P 500,0.0,N/A,1
P-103,CLT-1001,PLD_REIT,Prologis Global Logistics REIT,REIT,Real Estate,United States,USD,2146224.0,162.41,144.08,309.228,348.568,-39.34,-14.441,18.17,S&P 500,0.0,N/A,2
P-103,CLT-1001,CORP_IG_EUR,Euro High Grade Corporate Bond Note,Corporate Bonds,Corporate Credit,Europe,EUR,2083498.0,93.04,95.2,198.349,193.849,4.5,1.286,11.65,S&P 500,5.5,BBB+,2
P-103,CLT-1001,USD_TREAS_MMF,Institutional USD Treasury Money Market Fund,Money Market,Cash Equivalents,United States,USD,1882160.0,98.8,100.0,188.216,185.957,2.259,0.44,11.06,S&P 500,0.0,N/A,1
P-103,CLT-1001,INR_OVERNIGHT_CASH,Institutional INR Overnight Liquid Fund,Money Market,Cash Equivalents,India,INR,821460.0,99.34,100.0,82.146,81.604,0.542,0.163,4.83,S&P 500,0.0,N/A,1
P-104,CLT-1002,AZN_LN,AstraZeneca PLC,Equity,Healthcare,United Kingdom,GBP,9530058.0,46.01,53.73,512.05,438.478,73.572,19.783,24.5,MSCI World,0.0,N/A,1
P-104,CLT-1002,SHEL_LN,Shell PLC,Equity,Energy,United Kingdom,GBP,5159951.0,80.27,89.99,464.344,414.189,50.155,12.627,22.22,MSCI World,0.0,N/A,1
P-104,CLT-1002,IND_10Y_GSEC,India Sovereign G-Sec 7.18% 2033,Government Bonds,Sovereign Debt,India,INR,3013252.0,94.78,93.72,282.402,285.596,-3.194,-0.385,13.51,MSCI World,4.6,AA,1
P-104,CLT-1002,RELIANCE_IN,Reliance Industries Ltd.,Equity,Energy,India,INR,2395942.0,87.89,113.1,270.981,210.579,60.402,18.789,12.97,MSCI World,0.0,N/A,1
P-104,CLT-1002,NOVN_SW,Novartis AG,Equity,Healthcare,Switzerland,CHF,739811.0,214.64,294.67,218.0,158.793,59.207,17.537,10.43,MSCI World,0.0,N/A,1
P-104,CLT-1002,CORP_IG_USD,US Investment Grade Corporate Bond Fund,Corporate Bonds,Corporate Credit,United States,USD,730185.0,87.35,92.1,67.25,63.782,3.468,0.658,3.22,MSCI World,6.6,AA+,2
P-104,CLT-1002,DBS_SP,DBS Group Holdings,Equity,Financials,Singapore,SGD,362340.0,118.18,155.79,56.449,42.821,13.628,4.398,2.7,MSCI World,0.0,N/A,1
P-104,CLT-1002,AMZN,Amazon.com Inc.,Equity,Consumer Discretionary,United States,USD,181039.0,114.73,112.18,20.309,20.771,-0.462,-0.075,0.97,MSCI World,0.0,N/A,1
P-104,CLT-1002,USD_TREAS_MMF,Institutional USD Treasury Money Market Fund,Money Market,Cash Equivalents,United States,USD,143610.0,99.19,100.0,14.361,14.245,0.116,0.036,0.69,MSCI World,0.0,N/A,1
P-105,CLT-1002,SHEL_LN,Shell PLC,Equity,Energy,United Kingdom,GBP,6614541.0,74.77,102.33,676.866,494.569,182.297,27.066,24.52,Bloomberg Global Aggregate,0.0,N/A,1
P-105,CLT-1002,USD_TREAS_MMF,Institutional USD Treasury Money Market Fund,Money Market,Cash Equivalents,United States,USD,5971550.0,99.01,100.0,597.155,591.243,5.912,1.843,21.64,Bloomberg Global Aggregate,0.0,N/A,1
P-105,CLT-1002,CORP_HY_USD,US High Yield Corporate Credit Note,Corporate Bonds,Corporate Credit,United States,USD,4854829.0,103.9,99.29,482.036,504.417,-22.381,-8.583,17.47,Bloomberg Global Aggregate,6.7,AA+,3
P-105,CLT-1002,INFRA_GLOBAL_TRUST,Global Infrastructure Core Income Note,Alternatives,Infrastructure,Global,USD,1236989.0,208.36,268.24,331.81,257.739,74.071,20.351,12.02,Bloomberg Global Aggregate,0.0,N/A,3
P-105,CLT-1002,GOOGL,Alphabet Inc.,Equity,Communication,United States,USD,2119068.0,122.55,109.24,231.487,259.692,-28.205,-5.429,8.39,Bloomberg Global Aggregate,0.0,N/A,1
P-105,CLT-1002,JPM,JPMorgan Chase & Co.,Equity,Financials,United States,USD,335128.0,323.57,409.59,137.265,108.437,28.828,10.327,4.97,Bloomberg Global Aggregate,0.0,N/A,1
P-105,CLT-1002,GER_10Y_BUND,Germany Bund 2.60% 2033,Government Bonds,Sovereign Debt,Germany,EUR,1123445.0,106.96,103.69,116.49,120.164,-3.674,-0.642,4.22,Bloomberg Global Aggregate,4.0,BBB+,1
P-105,CLT-1002,ASML_NA,ASML Holding NV,Equity,Technology,Netherlands,EUR,180733.0,385.32,403.65,72.953,69.64,3.313,0.948,2.64,Bloomberg Global Aggregate,0.0,N/A,1
P-105,CLT-1002,MSFT,Microsoft Corp.,Equity,Technology,United States,USD,537784.0,83.4,111.82,60.135,44.851,15.284,5.493,2.18,Bloomberg Global Aggregate,0.0,N/A,1
P-105,CLT-1002,AAPL,Apple Inc.,Equity,Technology,United States,USD,59335.0,345.74,440.48,26.136,20.514,5.622,2.049,0.95,Bloomberg Global Aggregate,0.0,N/A,1
P-105,CLT-1002,INFY_IN,Infosys Ltd.,Equity,Technology,India,INR,344500.0,48.61,59.91,20.639,16.746,3.893,0.777,0.75,Bloomberg Global Aggregate,0.0,N/A,1
P-105,CLT-1002,US_5Y_UST,US Treasury 5-Yr Benchmark Note,Government Bonds,Sovereign Debt,United States,USD,67502.0,98.92,104.1,7.027,6.677,0.35,0.126,0.25,Bloomberg Global Aggregate,7.3,AA,1
P-106,CLT-1003,UNH,UnitedHealth Group,Equity,Healthcare,United States,USD,3356399.0,148.39,189.86,637.246,498.056,139.19,50.303,25.29,Bloomberg Global Aggregate,0.0,N/A,1
P-106,CLT-1003,US_5Y_UST,US Treasury 5-Yr Benchmark Note,Government Bonds,Sovereign Debt,United States,USD,5392792.0,91.92,94.9,511.776,495.705,16.071,3.528,20.31,Bloomberg Global Aggregate,4.8,AAA,1
P-106,CLT-1003,NVDA,NVIDIA Corp.,Equity,Technology,United States,USD,1064960.0,447.36,436.76,465.132,476.421,-11.289,-3.301,18.46,Bloomberg Global Aggregate,0.0,N/A,1
P-106,CLT-1003,CORP_IG_EUR,Euro High Grade Corporate Bond Note,Corporate Bonds,Corporate Credit,Europe,EUR,4227305.0,90.22,97.2,410.894,381.387,29.507,7.697,16.3,Bloomberg Global Aggregate,7.9,AAA,2
P-106,CLT-1003,BHARTIARTL_IN,Bharti Airtel Ltd.,Equity,Communication,India,INR,679240.0,414.81,400.82,272.253,281.756,-9.503,-2.606,10.8,Bloomberg Global Aggregate,0.0,N/A,1
P-106,CLT-1003,ICICIBANK_IN,ICICI Bank Ltd.,Equity,Financials,India,INR,374852.0,526.99,443.42,166.217,197.543,-31.326,-8.739,6.6,Bloomberg Global Aggregate,0.0,N/A,1
P-106,CLT-1003,CORP_IG_USD,US Investment Grade Corporate Bond Fund,Corporate Bonds,Corporate Credit,United States,USD,412457.0,91.89,96.49,39.798,37.901,1.897,0.438,1.58,Bloomberg Global Aggregate,8.1,AAA,2
P-106,CLT-1003,USD_TREAS_MMF,Institutional USD Treasury Money Market Fund,Money Market,Cash Equivalents,United States,USD,169050.0,99.11,100.0,16.905,16.755,0.15,0.041,0.67,Bloomberg Global Aggregate,0.0,N/A,1
P-107,CLT-1003,NVDA,NVIDIA Corp.,Equity,Technology,United States,USD,4293999.0,65.43,77.99,334.889,280.956,53.933,10.736,38.64,Bloomberg Global Aggregate,0.0,N/A,1
P-107,CLT-1003,GER_10Y_BUND,Germany Bund 2.60% 2033,Government Bonds,Sovereign Debt,Germany,EUR,1545483.0,90.75,96.08,148.49,140.253,8.237,2.602,17.13,Bloomberg Global Aggregate,4.9,AA,1
P-107,CLT-1003,AAPL,Apple Inc.,Equity,Technology,United States,USD,294860.0,315.92,316.76,93.4,93.152,0.248,0.077,10.78,Bloomberg Global Aggregate,0.0,N/A,1
P-107,CLT-1003,INR_OVERNIGHT_CASH,Institutional INR Overnight Liquid Fund,Money Market,Cash Equivalents,India,INR,837390.0,98.82,100.0,83.739,82.751,0.988,0.156,9.66,Bloomberg Global Aggregate,0.0,N/A,1
P-107,CLT-1003,EUR_LIQUIDITY_FUND,EUR Institutional Liquidity Master Fund,Money Market,Cash Equivalents,Europe,EUR,746870.0,98.62,100.0,74.687,73.656,1.031,0.22,8.62,Bloomberg Global Aggregate,0.0,N/A,1
P-107,CLT-1003,ICICIBANK_IN,ICICI Bank Ltd.,Equity,Financials,India,INR,179218.0,380.67,349.25,62.592,68.223,-5.631,-1.524,7.22,Bloomberg Global Aggregate,0.0,N/A,1
P-107,CLT-1003,US_10Y_UST,US Treasury 10-Yr Benchmark Note,Government Bonds,Sovereign Debt,United States,USD,617588.0,92.06,97.28,60.079,56.855,3.224,0.616,6.93,Bloomberg Global Aggregate,4.5,BBB+,1
P-107,CLT-1003,PLD_REIT,Prologis Global Logistics REIT,REIT,Real Estate,United States,USD,30014.0,292.53,292.66,8.784,8.78,0.004,0.001,1.01,Bloomberg Global Aggregate,0.0,N/A,2
P-108,CLT-1003,LT_IN,Larsen & Toubro Ltd.,Equity,Industrials,India,INR,3773901.0,144.84,143.95,543.253,546.612,-3.359,-1.149,31.9,S&P 500,0.0,N/A,1
P-108,CLT-1003,USD_TREAS_MMF,Institutional USD Treasury Money Market Fund,Money Market,Cash Equivalents,United States,USD,2118160.0,99.54,100.0,211.816,210.842,0.974,0.111,12.44,S&P 500,0.0,N/A,1
P-108,CLT-1003,CORP_IG_EUR,Euro High Grade Corporate Bond Note,Corporate Bonds,Corporate Credit,Europe,EUR,1938315.0,102.18,104.79,203.116,198.057,5.059,1.672,11.93,S&P 500,5.6,BBB+,2
P-108,CLT-1003,INFY_IN,Infosys Ltd.,Equity,Technology,India,INR,1451374.0,105.6,127.77,185.442,153.265,32.177,7.99,10.89,S&P 500,0.0,N/A,1
P-108,CLT-1003,JPM,JPMorgan Chase & Co.,Equity,Financials,United States,USD,1252842.0,124.3,147.59,184.907,155.728,29.179,2.966,10.86,S&P 500,0.0,N/A,1
P-108,CLT-1003,SAP_GY,SAP SE,Equity,Technology,Germany,EUR,467065.0,280.04,350.39,163.655,130.797,32.858,4.336,9.61,S&P 500,0.0,N/A,1
P-108,CLT-1003,PLD_REIT,Prologis Global Logistics REIT,REIT,Real Estate,United States,USD,698932.0,239.59,220.06,153.807,167.457,-13.65,-5.288,9.03,S&P 500,0.0,N/A,2
P-108,CLT-1003,7203_JP,Toyota Motor Corp.,Equity,Consumer Discretionary,Japan,JPY,107971.0,303.23,257.18,27.768,32.74,-4.972,-0.869,1.63,S&P 500,0.0,N/A,1
P-108,CLT-1003,NVDA,NVIDIA Corp.,Equity,Technology,United States,USD,48902.0,361.96,389.33,19.039,17.701,1.338,0.455,1.12,S&P 500,0.0,N/A,1
P-108,CLT-1003,UK_10Y_GILT,UK Gilt 3.75% 2033,Government Bonds,Sovereign Debt,United Kingdom,GBP,96454.0,93.37,100.68,9.711,9.006,0.705,0.196,0.57,S&P 500,8.0,A,1
P-108,CLT-1003,US_5Y_UST,US Treasury 5-Yr Benchmark Note,Government Bonds,Sovereign Debt,United States,USD,6943.0,96.05,99.96,0.694,0.667,0.027,0.007,0.04,S&P 500,7.4,BBB+,1
P-109,CLT-1003,INFY_IN,Infosys Ltd.,Equity,Technology,India,INR,3336495.0,185.27,225.95,753.881,618.152,135.729,23.121,41.07,Bloomberg Global Aggregate,0.0,N/A,1
P-109,CLT-1003,CORP_IG_EUR,Euro High Grade Corporate Bond Note,Corporate Bonds,Corporate Credit,Europe,EUR,3840718.0,90.49,96.37,370.13,347.547,22.583,2.804,20.16,Bloomberg Global Aggregate,4.2,A,2
P-109,CLT-1003,JGB_10Y,Japan Government Bond 10-Yr 0.8%,Government Bonds,Sovereign Debt,Japan,JPY,1665868.0,97.24,101.02,168.286,161.989,6.297,0.751,9.17,Bloomberg Global Aggregate,5.4,BBB+,1
P-109,CLT-1003,SHEL_LN,Shell PLC,Equity,Energy,United Kingdom,GBP,644481.0,276.5,236.37,152.336,178.199,-25.863,-9.049,8.3,Bloomberg Global Aggregate,0.0,N/A,1
P-109,CLT-1003,AZN_LN,AstraZeneca PLC,Equity,Healthcare,United Kingdom,GBP,724578.0,164.49,205.79,149.111,119.186,29.925,11.486,8.12,Bloomberg Global Aggregate,0.0,N/A,1
P-109,CLT-1003,ASML_NA,ASML Holding NV,Equity,Technology,Netherlands,EUR,2442761.0,44.02,57.81,141.216,107.53,33.686,9.186,7.69,Bloomberg Global Aggregate,0.0,N/A,1
P-109,CLT-1003,CORP_HY_USD,US High Yield Corporate Credit Note,Corporate Bonds,Corporate Credit,United States,USD,475438.0,91.61,98.2,46.688,43.555,3.133,0.594,2.54,Bloomberg Global Aggregate,5.3,A,3
P-109,CLT-1003,EUR_LIQUIDITY_FUND,EUR Institutional Liquidity Master Fund,Money Market,Cash Equivalents,Europe,EUR,291650.0,98.84,100.0,29.165,28.827,0.338,0.108,1.59,Bloomberg Global Aggregate,0.0,N/A,1
P-109,CLT-1003,RELIANCE_IN,Reliance Industries Ltd.,Equity,Energy,India,INR,67296.0,279.68,369.95,24.896,18.821,6.075,1.497,1.36,Bloomberg Global Aggregate,0.0,N/A,1
P-110,CLT-1003,GER_10Y_BUND,Germany Bund 2.60% 2033,Government Bonds,Sovereign Debt,Germany,EUR,971342.0,96.49,103.95,100.971,93.725,7.246,1.886,21.29,Crisil Liquid / MMF,7.8,BBB+,1
P-110,CLT-1003,CORP_HY_USD,US High Yield Corporate Credit Note,Corporate Bonds,Corporate Credit,United States,USD,686481.0,105.26,99.34,68.195,72.259,-4.064,-1.19,14.38,Crisil Liquid / MMF,4.1,A,3
P-110,CLT-1003,MSFT,Microsoft Corp.,Equity,Technology,United States,USD,539433.0,127.05,122.69,66.183,68.535,-2.352,-0.466,13.96,Crisil Liquid / MMF,0.0,N/A,1
P-110,CLT-1003,US_5Y_UST,US Treasury 5-Yr Benchmark Note,Government Bonds,Sovereign Debt,United States,USD,618057.0,99.17,97.91,60.514,61.293,-0.779,-0.283,12.76,Crisil Liquid / MMF,4.8,A,1
P-110,CLT-1003,7203_JP,Toyota Motor Corp.,Equity,Consumer Discretionary,Japan,JPY,382983.0,174.29,150.91,57.796,66.75,-8.954,-0.947,12.19,Crisil Liquid / MMF,0.0,N/A,1
P-110,CLT-1003,IND_10Y_GSEC,India Sovereign G-Sec 7.18% 2033,Government Bonds,Sovereign Debt,India,INR,474275.0,91.68,99.01,46.958,43.482,3.476,0.713,9.9,Crisil Liquid / MMF,6.6,AAA,1
P-110,CLT-1003,INFY_IN,Infosys Ltd.,Equity,Technology,India,INR,108391.0,260.17,351.69,38.12,28.2,9.92,1.585,8.04,Crisil Liquid / MMF,0.0,N/A,1
P-110,CLT-1003,CORP_IG_USD,US Investment Grade Corporate Bond Fund,Corporate Bonds,Corporate Credit,United States,USD,320496.0,95.97,92.26,29.569,30.758,-1.189,-0.164,6.24,Crisil Liquid / MMF,6.6,BBB+,2
P-110,CLT-1003,USD_TREAS_MMF,Institutional USD Treasury Money Market Fund,Money Market,Cash Equivalents,United States,USD,58930.0,98.13,100.0,5.893,5.783,0.11,0.026,1.24,Crisil Liquid / MMF,0.0,N/A,1
P-111,CLT-1004,US_10Y_UST,US Treasury 10-Yr Benchmark Note,Government Bonds,Sovereign Debt,United States,USD,5556287.0,93.23,99.49,552.795,518.013,34.782,7.394,28.35,MSCI World,7.9,AA+,1
P-111,CLT-1004,INFY_IN,Infosys Ltd.,Equity,Technology,India,INR,5026741.0,66.63,80.4,404.15,334.932,69.218,19.947,20.73,MSCI World,0.0,N/A,1
P-111,CLT-1004,XOM,Exxon Mobil Corp.,Equity,Energy,United States,USD,4276917.0,72.46,90.76,388.173,309.905,78.268,27.792,19.91,MSCI World,0.0,N/A,1
P-111,CLT-1004,PLD_REIT,Prologis Global Logistics REIT,REIT,Real Estate,United States,USD,1050393.0,326.83,290.16,304.782,343.3,-38.518,-15.221,15.63,MSCI World,0.0,N/A,2
P-111,CLT-1004,NOVN_SW,Novartis AG,Equity,Healthcare,Switzerland,CHF,567977.0,357.88,363.05,206.204,203.268,2.936,0.671,10.57,MSCI World,0.0,N/A,1
P-111,CLT-1004,UNH,UnitedHealth Group,Equity,Healthcare,United States,USD,314680.0,179.66,198.23,62.379,56.535,5.844,1.183,3.2,MSCI World,0.0,N/A,1
P-111,CLT-1004,MSFT,Microsoft Corp.,Equity,Technology,United States,USD,44758.0,304.43,389.83,17.448,13.626,3.822,0.503,0.89,MSCI World,0.0,N/A,1
P-111,CLT-1004,EUR_LIQUIDITY_FUND,EUR Institutional Liquidity Master Fund,Money Market,Cash Equivalents,Europe,EUR,140680.0,98.11,100.0,14.068,13.802,0.266,0.077,0.72,MSCI World,0.0,N/A,1
P-112,CLT-1005,CORP_IG_USD,US Investment Grade Corporate Bond Fund,Corporate Bonds,Corporate Credit,United States,USD,13761640.0,90.15,95.49,1314.099,1240.612,73.487,25.663,20.33,Bloomberg Global Aggregate,3.9,A,2
P-112,CLT-1005,HDFCBANK_IN,HDFC Bank Ltd.,Equity,Financials,India,INR,7483348.0,136.59,147.55,1104.168,1022.151,82.017,23.219,17.08,Bloomberg Global Aggregate,0.0,N/A,1
P-112,CLT-1005,GER_10Y_BUND,Germany Bund 2.60% 2033,Government Bonds,Sovereign Debt,Germany,EUR,10475849.0,102.68,96.93,1015.424,1075.66,-60.236,-21.401,15.71,Bloomberg Global Aggregate,4.4,AA+,1
P-112,CLT-1005,TCS_IN,Tata Consultancy Services,Equity,Technology,India,INR,4257417.0,198.96,191.93,817.126,847.056,-29.93,-5.504,12.64,Bloomberg Global Aggregate,0.0,N/A,1
P-112,CLT-1005,INR_OVERNIGHT_CASH,Institutional INR Overnight Liquid Fund,Money Market,Cash Equivalents,India,INR,8057830.0,98.74,100.0,805.783,795.63,10.153,3.696,12.47,Bloomberg Global Aggregate,0.0,N/A,1
P-112,CLT-1005,ASML_NA,ASML Holding NV,Equity,Technology,Netherlands,EUR,1823924.0,245.49,272.32,496.691,447.755,48.936,7.698,7.68,Bloomberg Global Aggregate,0.0,N/A,1
P-112,CLT-1005,CORP_IG_EUR,Euro High Grade Corporate Bond Note,Corporate Bonds,Corporate Credit,Europe,EUR,4032426.0,95.44,95.14,383.645,384.855,-1.21,-0.323,5.94,Bloomberg Global Aggregate,4.6,A,2
P-112,CLT-1005,INFRA_GLOBAL_TRUST,Global Infrastructure Core Income Note,Alternatives,Infrastructure,Global,USD,549183.0,281.64,308.36,169.346,154.672,14.674,4.958,2.62,Bloomberg Global Aggregate,0.0,N/A,3
P-112,CLT-1005,LT_IN,Larsen & Toubro Ltd.,Equity,Industrials,India,INR,1474364.0,92.38,87.22,128.594,136.202,-7.608,-2.34,1.99,Bloomberg Global Aggregate,0.0,N/A,1
P-112,CLT-1005,UK_10Y_GILT,UK Gilt 3.75% 2033,Government Bonds,Sovereign Debt,United Kingdom,GBP,1064878.0,93.97,95.98,102.207,100.067,2.14,0.518,1.58,Bloomberg Global Aggregate,6.0,A,1
P-112,CLT-1005,US_10Y_UST,US Treasury 10-Yr Benchmark Note,Government Bonds,Sovereign Debt,United States,USD,829059.0,103.2,104.96,87.018,85.559,1.459,0.3,1.35,Bloomberg Global Aggregate,5.6,AA,1
P-112,CLT-1005,SAP_GY,SAP SE,Equity,Technology,Germany,EUR,263344.0,169.63,150.56,39.649,44.671,-5.022,-0.792,0.61,Bloomberg Global Aggregate,0.0,N/A,1
P-113,CLT-1005,EUR_LIQUIDITY_FUND,EUR Institutional Liquidity Master Fund,Money Market,Cash Equivalents,Europe,EUR,3371810.0,98.52,100.0,337.181,332.191,4.99,1.961,43.32,Bloomberg Global Aggregate,0.0,N/A,1
P-113,CLT-1005,TCS_IN,Tata Consultancy Services,Equity,Technology,India,INR,944068.0,265.57,259.85,245.316,250.716,-5.4,-0.703,31.52,Bloomberg Global Aggregate,0.0,N/A,1
P-113,CLT-1005,ICICIBANK_IN,ICICI Bank Ltd.,Equity,Financials,India,INR,649855.0,134.74,127.65,82.954,87.561,-4.607,-0.709,10.66,Bloomberg Global Aggregate,0.0,N/A,1
P-113,CLT-1005,LT_IN,Larsen & Toubro Ltd.,Equity,Industrials,India,INR,1023985.0,49.74,55.66,56.995,50.933,6.062,1.105,7.32,Bloomberg Global Aggregate,0.0,N/A,1
P-113,CLT-1005,CORP_IG_EUR,Euro High Grade Corporate Bond Note,Corporate Bonds,Corporate Credit,Europe,EUR,368033.0,102.87,104.67,38.522,37.86,0.662,0.205,4.95,Bloomberg Global Aggregate,4.1,A,2
P-113,CLT-1005,ASML_NA,ASML Holding NV,Equity,Technology,Netherlands,EUR,190707.0,110.1,91.04,17.362,20.997,-3.635,-0.674,2.23,Bloomberg Global Aggregate,0.0,N/A,1
P-114,CLT-1005,JGB_10Y,Japan Government Bond 10-Yr 0.8%,Government Bonds,Sovereign Debt,Japan,JPY,4646011.0,96.39,98.39,457.121,447.829,9.292,2.843,31.88,MSCI World,4.2,BBB+,1
P-114,CLT-1005,7203_JP,Toyota Motor Corp.,Equity,Consumer Discretionary,Japan,JPY,732552.0,495.16,429.65,314.741,362.73,-47.989,-8.372,21.95,MSCI World,0.0,N/A,1
P-114,CLT-1005,TCS_IN,Tata Consultancy Services,Equity,Technology,India,INR,995608.0,259.46,273.23,272.03,258.32,13.71,3.823,18.97,MSCI World,0.0,N/A,1
P-114,CLT-1005,GOOGL,Alphabet Inc.,Equity,Communication,United States,USD,383818.0,237.06,297.37,114.136,90.988,23.148,4.956,7.96,MSCI World,0.0,N/A,1
P-114,CLT-1005,SHEL_LN,Shell PLC,Equity,Energy,United Kingdom,GBP,208657.0,419.05,413.4,86.259,87.438,-1.179,-0.326,6.02,MSCI World,0.0,N/A,1
P-114,CLT-1005,CORP_IG_EUR,Euro High Grade Corporate Bond Note,Corporate Bonds,Corporate Credit,Europe,EUR,674029.0,95.69,97.57,65.765,64.498,1.267,0.15,4.59,MSCI World,8.0,AAA,2
P-114,CLT-1005,XOM,Exxon Mobil Corp.,Equity,Energy,United States,USD,145273.0,458.2,429.04,62.328,66.564,-4.236,-0.692,4.35,MSCI World,0.0,N/A,1
P-114,CLT-1005,AMZN,Amazon.com Inc.,Equity,Consumer Discretionary,United States,USD,127641.0,346.02,314.17,40.101,44.166,-4.065,-0.618,2.8,MSCI World,0.0,N/A,1
P-114,CLT-1005,ICICIBANK_IN,ICICI Bank Ltd.,Equity,Financials,India,INR,254717.0,97.42,80.03,20.385,24.815,-4.43,-1.042,1.42,MSCI World,0.0,N/A,1
P-114,CLT-1005,USD_TREAS_MMF,Institutional USD Treasury Money Market Fund,Money Market,Cash Equivalents,United States,USD,11140.0,98.75,100.0,1.114,1.1,0.014,0.003,0.08,MSCI World,0.0,N/A,1
P-115,CLT-1005,SAP_GY,SAP SE,Equity,Technology,Germany,EUR,5858180.0,195.62,220.06,1289.151,1145.977,143.174,42.135,33.71,Bloomberg Global Aggregate,0.0,N/A,1
P-115,CLT-1005,INFRA_GLOBAL_TRUST,Global Infrastructure Core Income Note,Alternatives,Infrastructure,Global,USD,2868896.0,322.2,413.36,1185.887,924.358,261.529,31.756,31.01,Bloomberg Global Aggregate,0.0,N/A,3
P-115,CLT-1005,CORP_IG_USD,US Investment Grade Corporate Bond Fund,Corporate Bonds,Corporate Credit,United States,USD,4658932.0,95.78,94.16,438.685,446.233,-7.548,-2.451,11.47,Bloomberg Global Aggregate,6.2,AA,2
P-115,CLT-1005,AMZN,Amazon.com Inc.,Equity,Consumer Discretionary,United States,USD,1171209.0,208.47,225.66,264.295,244.162,20.133,3.85,6.91,Bloomberg Global Aggregate,0.0,N/A,1
P-115,CLT-1005,BHARTIARTL_IN,Bharti Airtel Ltd.,Equity,Communication,India,INR,1177592.0,216.98,211.0,248.472,255.514,-7.042,-1.845,6.5,Bloomberg Global Aggregate,0.0,N/A,1
P-115,CLT-1005,SHEL_LN,Shell PLC,Equity,Energy,United Kingdom,GBP,725509.0,194.91,225.1,163.312,141.409,21.903,8.035,4.27,Bloomberg Global Aggregate,0.0,N/A,1
P-115,CLT-1005,ICICIBANK_IN,ICICI Bank Ltd.,Equity,Financials,India,INR,376170.0,296.88,343.81,129.331,111.677,17.654,1.902,3.38,Bloomberg Global Aggregate,0.0,N/A,1
P-115,CLT-1005,USD_TREAS_MMF,Institutional USD Treasury Money Market Fund,Money Market,Cash Equivalents,United States,USD,1048080.0,99.39,100.0,104.808,104.169,0.639,0.193,2.74,Bloomberg Global Aggregate,0.0,N/A,1
P-116,CLT-1006,GLD_ETF,SPDR Gold Shares Institutional Trust,ETF,Commodities,United States,USD,1132877.0,175.83,224.35,254.161,199.194,54.967,21.477,32.12,MSCI World,0.0,N/A,1
P-116,CLT-1006,PLD_REIT,Prologis Global Logistics REIT,REIT,Real Estate,United States,USD,601097.0,226.95,238.0,143.061,136.419,6.642,1.304,18.08,MSCI World,0.0,N/A,2
P-116,CLT-1006,MSFT,Microsoft Corp.,Equity,Technology,United States,USD,935007.0,100.92,91.84,85.871,94.361,-8.49,-1.897,10.85,MSCI World,0.0,N/A,1
P-116,CLT-1006,ASML_NA,ASML Holding NV,Equity,Technology,Netherlands,EUR,314344.0,208.38,248.19,78.017,65.503,12.514,2.755,9.86,MSCI World,0.0,N/A,1
P-116,CLT-1006,NVDA,NVIDIA Corp.,Equity,Technology,United States,USD,188546.0,421.39,354.2,66.783,79.451,-12.668,-1.601,8.44,MSCI World,0.0,N/A,1
P-116,CLT-1006,TCS_IN,Tata Consultancy Services,Equity,Technology,India,INR,277107.0,170.59,150.96,41.832,47.272,-5.44,-1.805,5.29,MSCI World,0.0,N/A,1
P-116,CLT-1006,CORP_IG_EUR,Euro High Grade Corporate Bond Note,Corporate Bonds,Corporate Credit,Europe,EUR,389965.0,97.81,103.24,40.26,38.142,2.118,0.213,5.09,MSCI World,7.6,A,2
P-116,CLT-1006,JGB_10Y,Japan Government Bond 10-Yr 0.8%,Government Bonds,Sovereign Debt,Japan,JPY,200883.0,100.77,97.37,19.56,20.243,-0.683,-0.142,2.47,MSCI World,7.1,A,1
P-116,CLT-1006,CORP_IG_USD,US Investment Grade Corporate Bond Fund,Corporate Bonds,Corporate Credit,United States,USD,162907.0,105.19,101.88,16.597,17.136,-0.539,-0.143,2.1,MSCI World,7.9,A,2
P-116,CLT-1006,RELIANCE_IN,Reliance Industries Ltd.,Equity,Energy,India,INR,40764.0,368.63,402.34,16.401,15.027,1.374,0.149,2.07,MSCI World,0.0,N/A,1
P-116,CLT-1006,JPM,JPMorgan Chase & Co.,Equity,Financials,United States,USD,53803.0,238.25,302.01,16.249,12.819,3.43,1.073,2.05,MSCI World,0.0,N/A,1
P-116,CLT-1006,SAP_GY,SAP SE,Equity,Technology,Germany,EUR,53781.0,210.59,174.3,9.374,11.326,-1.952,-0.434,1.18,MSCI World,0.0,N/A,1
P-116,CLT-1006,USD_TREAS_MMF,Institutional USD Treasury Money Market Fund,Money Market,Cash Equivalents,United States,USD,31650.0,99.4,100.0,3.165,3.146,0.019,0.007,0.4,MSCI World,0.0,N/A,1
P-117,CLT-1006,CORP_IG_USD,US Investment Grade Corporate Bond Fund,Corporate Bonds,Corporate Credit,United States,USD,308412.0,101.36,101.17,31.202,31.261,-0.059,-0.014,35.17,Bloomberg Global Aggregate,5.7,A,2
P-117,CLT-1006,XOM,Exxon Mobil Corp.,Equity,Energy,United States,USD,64197.0,261.41,270.51,17.366,16.782,0.584,0.22,19.57,Bloomberg Global Aggregate,0.0,N/A,1
P-117,CLT-1006,HDFCBANK_IN,HDFC Bank Ltd.,Equity,Financials,India,INR,68330.0,193.0,253.3,17.308,13.188,4.12,1.48,19.51,Bloomberg Global Aggregate,0.0,N/A,1
P-117,CLT-1006,CORP_HY_USD,US High Yield Corporate Credit Note,Corporate Bonds,Corporate Credit,United States,USD,138874.0,90.99,95.59,13.275,12.636,0.639,0.143,14.96,Bloomberg Global Aggregate,7.9,BBB+,3
P-117,CLT-1006,SAP_GY,SAP SE,Equity,Technology,Germany,EUR,50564.0,190.97,156.87,7.932,9.656,-1.724,-0.548,8.94,Bloomberg Global Aggregate,0.0,N/A,1
P-117,CLT-1006,USD_TREAS_MMF,Institutional USD Treasury Money Market Fund,Money Market,Cash Equivalents,United States,USD,16370.0,98.32,100.0,1.637,1.609,0.028,0.008,1.85,Bloomberg Global Aggregate,0.0,N/A,1
P-118,CLT-1006,CORP_HY_USD,US High Yield Corporate Credit Note,Corporate Bonds,Corporate Credit,United States,USD,4168461.0,95.89,103.3,430.602,399.714,30.888,5.302,19.4,MSCI World,5.3,A,3
P-118,CLT-1006,HDFCBANK_IN,HDFC Bank Ltd.,Equity,Financials,India,INR,6152802.0,54.53,67.46,415.068,335.512,79.556,24.787,18.7,MSCI World,0.0,N/A,1
P-118,CLT-1006,JGB_10Y,Japan Government Bond 10-Yr 0.8%,Government Bonds,Sovereign Debt,Japan,JPY,3705149.0,103.16,102.55,379.963,382.223,-2.26,-0.676,17.12,MSCI World,7.4,AA+,1
P-118,CLT-1006,EUR_LIQUIDITY_FUND,EUR Institutional Liquidity Master Fund,Money Market,Cash Equivalents,Europe,EUR,3277630.0,98.92,100.0,327.763,324.223,3.54,0.393,14.76,MSCI World,0.0,N/A,1
P-118,CLT-1006,CORP_IG_EUR,Euro High Grade Corporate Bond Note,Corporate Bonds,Corporate Credit,Europe,EUR,2670923.0,96.35,98.53,263.166,257.343,5.823,2.102,11.85,MSCI World,7.6,A,2
P-118,CLT-1006,6758_JP,Sony Group Corp.,Equity,Consumer Discretionary,Japan,JPY,1578204.0,67.59,89.88,141.849,106.671,35.178,3.68,6.39,MSCI World,0.0,N/A,1
P-118,CLT-1006,7203_JP,Toyota Motor Corp.,Equity,Consumer Discretionary,Japan,JPY,874800.0,82.33,107.66,94.181,72.022,22.159,8.664,4.24,MSCI World,0.0,N/A,1
P-118,CLT-1006,US_5Y_UST,US Treasury 5-Yr Benchmark Note,Government Bonds,Sovereign Debt,United States,USD,814263.0,88.59,92.97,75.702,72.136,3.566,0.64,3.41,MSCI World,6.4,A,1
P-118,CLT-1006,BHARTIARTL_IN,Bharti Airtel Ltd.,Equity,Communication,India,INR,226709.0,238.96,309.93,70.264,54.174,16.09,5.723,3.17,MSCI World,0.0,N/A,1
P-118,CLT-1006,CORP_IG_USD,US Investment Grade Corporate Bond Fund,Corporate Bonds,Corporate Credit,United States,USD,147969.0,103.88,103.17,15.266,15.371,-0.105,-0.02,0.69,MSCI World,6.9,A,2
P-118,CLT-1006,INFY_IN,Infosys Ltd.,Equity,Technology,India,INR,15375.0,474.88,398.95,6.134,7.301,-1.167,-0.141,0.28,MSCI World,0.0,N/A,1
P-119,CLT-1007,SAP_GY,SAP SE,Equity,Technology,Germany,EUR,3255749.0,61.48,61.58,200.489,200.163,0.326,0.038,25.14,Bloomberg Global Aggregate,0.0,N/A,1
P-119,CLT-1007,BHARTIARTL_IN,Bharti Airtel Ltd.,Equity,Communication,India,INR,841145.0,182.24,193.39,162.669,153.29,9.379,1.625,20.4,Bloomberg Global Aggregate,0.0,N/A,1
P-119,CLT-1007,JPM,JPMorgan Chase & Co.,Equity,Financials,United States,USD,613300.0,178.75,214.82,131.749,109.627,22.122,3.407,16.52,Bloomberg Global Aggregate,0.0,N/A,1
P-119,CLT-1007,GER_10Y_BUND,Germany Bund 2.60% 2033,Government Bonds,Sovereign Debt,Germany,EUR,887028.0,91.95,94.28,83.629,81.562,2.067,0.444,10.49,Bloomberg Global Aggregate,6.7,A,1
P-119,CLT-1007,UNH,UnitedHealth Group,Equity,Healthcare,United States,USD,151288.0,461.18,415.13,62.804,69.771,-6.967,-1.661,7.87,Bloomberg Global Aggregate,0.0,N/A,1
P-119,CLT-1007,EUR_LIQUIDITY_FUND,EUR Institutional Liquidity Master Fund,Money Market,Cash Equivalents,Europe,EUR,584740.0,99.35,100.0,58.474,58.094,0.38,0.067,7.33,Bloomberg Global Aggregate,0.0,N/A,1
P-119,CLT-1007,JGB_10Y,Japan Government Bond 10-Yr 0.8%,Government Bonds,Sovereign Debt,Japan,JPY,351031.0,87.51,92.12,32.337,30.719,1.618,0.599,4.05,Bloomberg Global Aggregate,6.7,AA+,1
P-119,CLT-1007,INFY_IN,Infosys Ltd.,Equity,Technology,India,INR,290759.0,58.95,79.54,23.127,17.14,5.987,2.373,2.9,Bloomberg Global Aggregate,0.0,N/A,1
P-119,CLT-1007,6758_JP,Sony Group Corp.,Equity,Consumer Discretionary,Japan,JPY,126512.0,124.87,169.66,21.464,15.798,5.666,1.74,2.69,Bloomberg Global Aggregate,0.0,N/A,1
P-119,CLT-1007,HDFCBANK_IN,HDFC Bank Ltd.,Equity,Financials,India,INR,49280.0,235.27,232.73,11.469,11.594,-0.125,-0.05,1.44,Bloomberg Global Aggregate,0.0,N/A,1
P-119,CLT-1007,USD_TREAS_MMF,Institutional USD Treasury Money Market Fund,Money Market,Cash Equivalents,United States,USD,93370.0,98.29,100.0,9.337,9.177,0.16,0.021,1.17,Bloomberg Global Aggregate,0.0,N/A,1
P-120,CLT-1007,GLD_ETF,SPDR Gold Shares Institutional Trust,ETF,Commodities,United States,USD,3061403.0,229.53,276.37,846.08,702.684,143.396,46.374,18.79,Bloomberg Global Aggregate,0.0,N/A,1
P-120,CLT-1007,6758_JP,Sony Group Corp.,Equity,Consumer Discretionary,Japan,JPY,11986067.0,60.04,69.62,834.47,719.643,114.827,28.594,18.53,Bloomberg Global Aggregate,0.0,N/A,1
P-120,CLT-1007,INFRA_GLOBAL_TRUST,Global Infrastructure Core Income Note,Alternatives,Infrastructure,Global,USD,2026172.0,419.95,411.66,834.094,850.891,-16.797,-5.705,18.53,Bloomberg Global Aggregate,0.0,N/A,3
P-120,CLT-1007,SAP_GY,SAP SE,Equity,Technology,Germany,EUR,2731950.0,287.85,292.83,799.997,786.392,13.605,3.959,17.77,Bloomberg Global Aggregate,0.0,N/A,1
P-120,CLT-1007,OPERATING_CASH,Operational Custody Cash Balance,Cash,Cash Equivalents,Global,USD,4747840.0,98.7,100.0,474.784,468.612,6.172,1.872,10.55,Bloomberg Global Aggregate,0.0,N/A,1
P-120,CLT-1007,MSFT,Microsoft Corp.,Equity,Technology,United States,USD,1086858.0,284.55,338.37,367.76,309.265,58.495,20.561,8.17,Bloomberg Global Aggregate,0.0,N/A,1
P-120,CLT-1007,IND_10Y_GSEC,India Sovereign G-Sec 7.18% 2033,Government Bonds,Sovereign Debt,India,INR,1572896.0,93.93,100.17,157.557,147.742,9.815,2.885,3.5,Bloomberg Global Aggregate,5.0,A,1
P-120,CLT-1007,ASML_NA,ASML Holding NV,Equity,Technology,Netherlands,EUR,2397222.0,61.85,63.35,151.864,148.268,3.596,0.501,3.37,Bloomberg Global Aggregate,0.0,N/A,1
P-120,CLT-1007,AAPL,Apple Inc.,Equity,Technology,United States,USD,86611.0,412.63,413.85,35.844,35.738,0.106,0.024,0.8,Bloomberg Global Aggregate,0.0,N/A,1
P-121,CLT-1008,RELIANCE_IN,Reliance Industries Ltd.,Equity,Energy,India,INR,1616729.0,119.2,152.79,247.02,192.714,54.306,13.281,48.79,MSCI World,0.0,N/A,1
P-121,CLT-1008,EUR_LIQUIDITY_FUND,EUR Institutional Liquidity Master Fund,Money Market,Cash Equivalents,Europe,EUR,1175780.0,98.38,100.0,117.578,115.673,1.905,0.617,23.22,MSCI World,0.0,N/A,1
P-121,CLT-1008,US_10Y_UST,US Treasury 10-Yr Benchmark Note,Government Bonds,Sovereign Debt,United States,USD,1044243.0,100.82,96.4,100.665,105.281,-4.616,-1.795,19.88,MSCI World,4.2,AA+,1
P-121,CLT-1008,INR_OVERNIGHT_CASH,Institutional INR Overnight Liquid Fund,Money Market,Cash Equivalents,India,INR,190310.0,98.28,100.0,19.031,18.704,0.327,0.104,3.76,MSCI World,0.0,N/A,1
P-121,CLT-1008,USD_TREAS_MMF,Institutional USD Treasury Money Market Fund,Money Market,Cash Equivalents,United States,USD,115510.0,98.07,100.0,11.551,11.328,0.223,0.087,2.28,MSCI World,0.0,N/A,1
P-121,CLT-1008,ASML_NA,ASML Holding NV,Equity,Technology,Netherlands,EUR,25516.0,362.83,371.84,9.488,9.258,0.23,0.078,1.87,MSCI World,0.0,N/A,1
P-121,CLT-1008,INFY_IN,Infosys Ltd.,Equity,Technology,India,INR,17941.0,49.59,55.57,0.997,0.89,0.107,0.025,0.2,MSCI World,0.0,N/A,1
P-122,CLT-1008,SHEL_LN,Shell PLC,Equity,Energy,United Kingdom,GBP,370475.0,155.99,181.2,67.13,57.79,9.34,2.749,19.53,Bloomberg Global Aggregate,0.0,N/A,1
P-122,CLT-1008,PLD_REIT,Prologis Global Logistics REIT,REIT,Real Estate,United States,USD,160093.0,281.63,304.16,48.694,45.087,3.607,1.119,14.17,Bloomberg Global Aggregate,0.0,N/A,2
P-122,CLT-1008,US_5Y_UST,US Treasury 5-Yr Benchmark Note,Government Bonds,Sovereign Debt,United States,USD,439964.0,105.03,100.44,44.19,46.209,-2.019,-0.229,12.86,Bloomberg Global Aggregate,3.7,A,1
P-122,CLT-1008,US_10Y_UST,US Treasury 10-Yr Benchmark Note,Government Bonds,Sovereign Debt,United States,USD,446722.0,96.12,93.51,41.773,42.939,-1.166,-0.305,12.16,Bloomberg Global Aggregate,5.3,AA,1
P-122,CLT-1008,UNH,UnitedHealth Group,Equity,Healthcare,United States,USD,117694.0,257.4,318.19,37.449,30.294,7.155,2.746,10.9,Bloomberg Global Aggregate,0.0,N/A,1
P-122,CLT-1008,BHARTIARTL_IN,Bharti Airtel Ltd.,Equity,Communication,India,INR,170976.0,176.14,217.65,37.213,30.116,7.097,1.039,10.83,Bloomberg Global Aggregate,0.0,N/A,1
P-122,CLT-1008,CORP_IG_EUR,Euro High Grade Corporate Bond Note,Corporate Bonds,Corporate Credit,Europe,EUR,289896.0,102.1,97.39,28.233,29.598,-1.365,-0.337,8.22,Bloomberg Global Aggregate,5.4,AA,2
P-122,CLT-1008,MSFT,Microsoft Corp.,Equity,Technology,United States,USD,221382.0,61.4,63.09,13.967,13.593,0.374,0.087,4.06,Bloomberg Global Aggregate,0.0,N/A,1
P-122,CLT-1008,NOVN_SW,Novartis AG,Equity,Healthcare,Switzerland,CHF,22335.0,331.18,430.22,9.609,7.397,2.212,0.287,2.8,Bloomberg Global Aggregate,0.0,N/A,1
P-122,CLT-1008,JGB_10Y,Japan Government Bond 10-Yr 0.8%,Government Bonds,Sovereign Debt,Japan,JPY,89297.0,99.3,100.91,9.011,8.867,0.144,0.057,2.62,Bloomberg Global Aggregate,5.2,A,1
P-122,CLT-1008,ASML_NA,ASML Holding NV,Equity,Technology,Netherlands,EUR,38796.0,117.71,160.35,6.221,4.567,1.654,0.636,1.81,Bloomberg Global Aggregate,0.0,N/A,1
P-122,CLT-1008,USD_TREAS_MMF,Institutional USD Treasury Money Market Fund,Money Market,Cash Equivalents,United States,USD,1800.0,98.34,100.0,0.18,0.177,0.003,0.0,0.05,Bloomberg Global Aggregate,0.0,N/A,1
P-123,CLT-1009,INFRA_GLOBAL_TRUST,Global Infrastructure Core Income Note,Alternatives,Infrastructure,Global,USD,2994964.0,62.03,77.44,231.93,185.778,46.152,7.483,36.25,Bloomberg Global Aggregate,0.0,N/A,3
P-123,CLT-1009,MSFT,Microsoft Corp.,Equity,Technology,United States,USD,1047991.0,104.34,136.38,142.925,109.347,33.578,6.668,22.34,Bloomberg Global Aggregate,0.0,N/A,1
P-123,CLT-1009,GOOGL,Alphabet Inc.,Equity,Communication,United States,USD,932765.0,82.32,109.02,101.69,76.785,24.905,2.512,15.89,Bloomberg Global Aggregate,0.0,N/A,1
P-123,CLT-1009,7203_JP,Toyota Motor Corp.,Equity,Consumer Discretionary,Japan,JPY,162787.0,436.57,393.36,64.034,71.068,-7.034,-0.978,10.01,Bloomberg Global Aggregate,0.0,N/A,1
P-123,CLT-1009,AZN_LN,AstraZeneca PLC,Equity,Healthcare,United Kingdom,GBP,213383.0,163.73,150.26,32.063,34.937,-2.874,-0.857,5.01,Bloomberg Global Aggregate,0.0,N/A,1
P-123,CLT-1009,RELIANCE_IN,Reliance Industries Ltd.,Equity,Energy,India,INR,488029.0,72.81,60.31,29.433,35.533,-6.1,-2.056,4.6,Bloomberg Global Aggregate,0.0,N/A,1
P-123,CLT-1009,LT_IN,Larsen & Toubro Ltd.,Equity,Industrials,India,INR,136295.0,144.98,145.17,19.786,19.76,0.026,0.004,3.09,Bloomberg Global Aggregate,0.0,N/A,1
P-123,CLT-1009,USD_TREAS_MMF,Institutional USD Treasury Money Market Fund,Money Market,Cash Equivalents,United States,USD,179580.0,99.71,100.0,17.958,17.906,0.052,0.017,2.81,Bloomberg Global Aggregate,0.0,N/A,1
P-124,CLT-1009,XOM,Exxon Mobil Corp.,Equity,Energy,United States,USD,405750.0,507.14,428.17,173.73,205.772,-32.042,-10.733,34.64,Bloomberg Global Aggregate,0.0,N/A,1
P-124,CLT-1009,AMZN,Amazon.com Inc.,Equity,Consumer Discretionary,United States,USD,198931.0,356.82,396.79,78.934,70.983,7.951,1.888,15.74,Bloomberg Global Aggregate,0.0,N/A,1
P-124,CLT-1009,CORP_IG_EUR,Euro High Grade Corporate Bond Note,Corporate Bonds,Corporate Credit,Europe,EUR,610916.0,110.2,104.53,63.859,67.323,-3.464,-0.844,12.73,Bloomberg Global Aggregate,5.4,AAA,2
P-124,CLT-1009,JGB_10Y,Japan Government Bond 10-Yr 0.8%,Government Bonds,Sovereign Debt,Japan,JPY,538487.0,92.16,98.37,52.971,49.627,3.344,0.408,10.56,Bloomberg Global Aggregate,3.9,BBB+,1
P-124,CLT-1009,US_10Y_UST,US Treasury 10-Yr Benchmark Note,Government Bonds,Sovereign Debt,United States,USD,457905.0,98.08,93.93,43.011,44.911,-1.9,-0.546,8.58,Bloomberg Global Aggregate,6.3,AA,1
P-124,CLT-1009,USD_TREAS_MMF,Institutional USD Treasury Money Market Fund,Money Market,Cash Equivalents,United States,USD,417710.0,99.12,100.0,41.771,41.403,0.368,0.103,8.33,Bloomberg Global Aggregate,0.0,N/A,1
P-124,CLT-1009,UNH,UnitedHealth Group,Equity,Healthcare,United States,USD,120838.0,152.26,167.96,20.296,18.399,1.897,0.435,4.05,Bloomberg Global Aggregate,0.0,N/A,1
P-124,CLT-1009,OPERATING_CASH,Operational Custody Cash Balance,Cash,Cash Equivalents,Global,USD,133770.0,98.4,100.0,13.377,13.163,0.214,0.029,2.67,Bloomberg Global Aggregate,0.0,N/A,1
P-124,CLT-1009,SHEL_LN,Shell PLC,Equity,Energy,United Kingdom,GBP,38491.0,237.81,311.89,12.005,9.154,2.851,0.757,2.39,Bloomberg Global Aggregate,0.0,N/A,1
P-124,CLT-1009,INFRA_GLOBAL_TRUST,Global Infrastructure Core Income Note,Alternatives,Infrastructure,Global,USD,3826.0,373.48,396.2,1.516,1.429,0.087,0.032,0.3,Bloomberg Global Aggregate,0.0,N/A,3
P-125,CLT-1009,7203_JP,Toyota Motor Corp.,Equity,Consumer Discretionary,Japan,JPY,73631.0,112.23,151.96,11.189,8.264,2.925,0.895,19.06,S&P 500,0.0,N/A,1
P-125,CLT-1009,CORP_IG_USD,US Investment Grade Corporate Bond Fund,Corporate Bonds,Corporate Credit,United States,USD,111052.0,103.04,98.17,10.902,11.443,-0.541,-0.068,18.57,S&P 500,5.5,AA,2
P-125,CLT-1009,IND_10Y_GSEC,India Sovereign G-Sec 7.18% 2033,Government Bonds,Sovereign Debt,India,INR,98732.0,100.75,102.55,10.125,9.947,0.178,0.049,17.25,S&P 500,6.1,AA,1
P-125,CLT-1009,UK_10Y_GILT,UK Gilt 3.75% 2033,Government Bonds,Sovereign Debt,United Kingdom,GBP,86099.0,100.96,100.71,8.671,8.693,-0.022,-0.008,14.77,S&P 500,7.9,A,1
P-125,CLT-1009,UNH,UnitedHealth Group,Equity,Healthcare,United States,USD,20403.0,324.6,397.24,8.105,6.623,1.482,0.579,13.8,S&P 500,0.0,N/A,1
P-125,CLT-1009,DBS_SP,DBS Group Holdings,Equity,Financials,Singapore,SGD,21740.0,285.33,290.16,6.308,6.203,0.105,0.029,10.74,S&P 500,0.0,N/A,1
P-125,CLT-1009,GER_10Y_BUND,Germany Bund 2.60% 2033,Government Bonds,Sovereign Debt,Germany,EUR,19405.0,91.84,94.77,1.839,1.782,0.057,0.01,3.13,S&P 500,4.0,BBB+,1
P-125,CLT-1009,INR_OVERNIGHT_CASH,Institutional INR Overnight Liquid Fund,Money Market,Cash Equivalents,India,INR,15210.0,99.15,100.0,1.521,1.508,0.013,0.004,2.59,S&P 500,0.0,N/A,1
P-125,CLT-1009,INFRA_GLOBAL_TRUST,Global Infrastructure Core Income Note,Alternatives,Infrastructure,Global,USD,182.0,219.84,279.64,0.051,0.04,0.011,0.004,0.09,S&P 500,0.0,N/A,3
P-126,CLT-1010,OPERATING_CASH,Operational Custody Cash Balance,Cash,Cash Equivalents,Global,USD,1240520.0,99.54,100.0,124.052,123.481,0.571,0.17,29.21,MSCI World,0.0,N/A,1
P-126,CLT-1010,MSFT,Microsoft Corp.,Equity,Technology,United States,USD,951124.0,63.02,77.83,74.026,59.94,14.086,5.515,17.43,MSCI World,0.0,N/A,1
P-126,CLT-1010,ASML_NA,ASML Holding NV,Equity,Technology,Netherlands,EUR,651269.0,77.61,86.7,56.465,50.545,5.92,1.26,13.3,MSCI World,0.0,N/A,1
P-126,CLT-1010,PLD_REIT,Prologis Global Logistics REIT,REIT,Real Estate,United States,USD,156934.0,254.87,231.46,36.324,39.998,-3.674,-0.711,8.55,MSCI World,0.0,N/A,2
P-126,CLT-1010,TCS_IN,Tata Consultancy Services,Equity,Technology,India,INR,178248.0,133.43,179.75,32.04,23.784,8.256,2.302,7.54,MSCI World,0.0,N/A,1
P-126,CLT-1010,GLD_ETF,SPDR Gold Shares Institutional Trust,ETF,Commodities,United States,USD,63676.0,444.64,403.34,25.683,28.313,-2.63,-0.858,6.05,MSCI World,0.0,N/A,1
P-126,CLT-1010,NOVN_SW,Novartis AG,Equity,Healthcare,Switzerland,CHF,324921.0,80.75,69.9,22.712,26.237,-3.525,-0.821,5.35,MSCI World,0.0,N/A,1
P-126,CLT-1010,7203_JP,Toyota Motor Corp.,Equity,Consumer Discretionary,Japan,JPY,99695.0,189.33,219.61,21.894,18.875,3.019,0.677,5.16,MSCI World,0.0,N/A,1
P-126,CLT-1010,EUR_LIQUIDITY_FUND,EUR Institutional Liquidity Master Fund,Money Market,Cash Equivalents,Europe,EUR,196550.0,99.42,100.0,19.655,19.541,0.114,0.029,4.63,MSCI World,0.0,N/A,1
P-126,CLT-1010,AAPL,Apple Inc.,Equity,Technology,United States,USD,26570.0,213.21,188.07,4.997,5.665,-0.668,-0.203,1.18,MSCI World,0.0,N/A,1
P-126,CLT-1010,JPM,JPMorgan Chase & Co.,Equity,Financials,United States,USD,14138.0,257.6,287.25,4.061,3.642,0.419,0.081,0.96,MSCI World,0.0,N/A,1
P-126,CLT-1010,GER_10Y_BUND,Germany Bund 2.60% 2033,Government Bonds,Sovereign Debt,Germany,EUR,28998.0,88.02,94.87,2.751,2.552,0.199,0.023,0.65,MSCI World,4.5,AA+,1
P-127,CLT-1010,RELIANCE_IN,Reliance Industries Ltd.,Equity,Energy,India,INR,268655.0,301.3,331.47,89.051,80.946,8.105,2.837,15.04,Bloomberg Global Aggregate,0.0,N/A,1
P-127,CLT-1010,SHEL_LN,Shell PLC,Equity,Energy,United Kingdom,GBP,197350.0,432.93,372.48,73.509,85.439,-11.93,-4.277,12.41,Bloomberg Global Aggregate,0.0,N/A,1
P-127,CLT-1010,SAP_GY,SAP SE,Equity,Technology,Germany,EUR,904334.0,80.58,66.92,60.518,72.871,-12.353,-4.649,10.22,Bloomberg Global Aggregate,0.0,N/A,1
P-127,CLT-1010,DBS_SP,DBS Group Holdings,Equity,Financials,Singapore,SGD,152908.0,345.62,394.84,60.374,52.848,7.526,2.047,10.2,Bloomberg Global Aggregate,0.0,N/A,1
P-127,CLT-1010,XOM,Exxon Mobil Corp.,Equity,Energy,United States,USD,174712.0,316.73,333.8,58.319,55.337,2.982,0.401,9.85,Bloomberg Global Aggregate,0.0,N/A,1
P-127,CLT-1010,AAPL,Apple Inc.,Equity,Technology,United States,USD,756959.0,58.23,58.34,44.161,44.078,0.083,0.028,7.46,Bloomberg Global Aggregate,0.0,N/A,1
P-127,CLT-1010,CORP_HY_USD,US High Yield Corporate Credit Note,Corporate Bonds,Corporate Credit,United States,USD,440794.0,94.69,100.04,44.097,41.739,2.358,0.886,7.45,Bloomberg Global Aggregate,3.9,AAA,3
P-127,CLT-1010,GER_10Y_BUND,Germany Bund 2.60% 2033,Government Bonds,Sovereign Debt,Germany,EUR,457093.0,93.07,95.16,43.497,42.542,0.955,0.246,7.35,Bloomberg Global Aggregate,5.4,AA,1
P-127,CLT-1010,JPM,JPMorgan Chase & Co.,Equity,Financials,United States,USD,109781.0,368.95,348.32,38.239,40.504,-2.265,-0.756,6.46,Bloomberg Global Aggregate,0.0,N/A,1
P-127,CLT-1010,AMZN,Amazon.com Inc.,Equity,Consumer Discretionary,United States,USD,323849.0,68.58,80.55,26.086,22.21,3.876,1.005,4.41,Bloomberg Global Aggregate,0.0,N/A,1
P-127,CLT-1010,ICICIBANK_IN,ICICI Bank Ltd.,Equity,Financials,India,INR,198808.0,101.67,127.56,25.36,20.213,5.147,1.057,4.28,Bloomberg Global Aggregate,0.0,N/A,1
P-127,CLT-1010,ASML_NA,ASML Holding NV,Equity,Technology,Netherlands,EUR,37453.0,366.74,433.29,16.228,13.736,2.492,0.36,2.74,Bloomberg Global Aggregate,0.0,N/A,1
P-127,CLT-1010,USD_TREAS_MMF,Institutional USD Treasury Money Market Fund,Money Market,Cash Equivalents,United States,USD,126610.0,99.62,100.0,12.661,12.613,0.048,0.008,2.14,Bloomberg Global Aggregate,0.0,N/A,1
P-128,CLT-1010,INFRA_GLOBAL_TRUST,Global Infrastructure Core Income Note,Alternatives,Infrastructure,Global,USD,2518090.0,245.41,322.45,811.958,617.964,193.994,56.82,35.01,S&P 500,0.0,N/A,3
P-128,CLT-1010,HDFCBANK_IN,HDFC Bank Ltd.,Equity,Financials,India,INR,1314341.0,444.17,444.61,584.369,583.791,0.578,0.226,25.2,S&P 500,0.0,N/A,1
P-128,CLT-1010,AMZN,Amazon.com Inc.,Equity,Consumer Discretionary,United States,USD,1799864.0,165.49,176.46,317.604,297.859,19.745,4.752,13.69,S&P 500,0.0,N/A,1
P-128,CLT-1010,TCS_IN,Tata Consultancy Services,Equity,Technology,India,INR,761844.0,238.99,302.55,230.496,182.073,48.423,13.434,9.94,S&P 500,0.0,N/A,1
P-128,CLT-1010,CORP_HY_USD,US High Yield Corporate Credit Note,Corporate Bonds,Corporate Credit,United States,USD,1793674.0,101.62,96.58,173.233,182.273,-9.04,-2.156,7.47,S&P 500,3.7,AA,3
P-128,CLT-1010,CORP_IG_USD,US Investment Grade Corporate Bond Fund,Corporate Bonds,Corporate Credit,United States,USD,1475829.0,108.14,102.81,151.73,159.596,-7.866,-2.826,6.54,S&P 500,7.5,BBB+,2
P-128,CLT-1010,JGB_10Y,Japan Government Bond 10-Yr 0.8%,Government Bonds,Sovereign Debt,Japan,JPY,364069.0,100.34,99.72,36.305,36.531,-0.226,-0.062,1.57,S&P 500,8.0,AAA,1
P-128,CLT-1010,USD_TREAS_MMF,Institutional USD Treasury Money Market Fund,Money Market,Cash Equivalents,United States,USD,134650.0,99.0,100.0,13.465,13.33,0.135,0.046,0.58,S&P 500,0.0,N/A,1
P-129,CLT-1010,ICICIBANK_IN,ICICI Bank Ltd.,Equity,Financials,India,INR,625643.0,153.59,187.38,117.233,96.093,21.14,5.314,25.26,Bloomberg Global Aggregate,0.0,N/A,1
P-129,CLT-1010,DBS_SP,DBS Group Holdings,Equity,Financials,Singapore,SGD,837069.0,124.14,119.02,99.628,103.914,-4.286,-0.991,21.47,Bloomberg Global Aggregate,0.0,N/A,1
P-129,CLT-1010,CORP_IG_EUR,Euro High Grade Corporate Bond Note,Corporate Bonds,Corporate Credit,Europe,EUR,619988.0,96.44,97.71,60.579,59.792,0.787,0.116,13.05,Bloomberg Global Aggregate,5.3,AA,2
P-129,CLT-1010,USD_TREAS_MMF,Institutional USD Treasury Money Market Fund,Money Market,Cash Equivalents,United States,USD,530320.0,99.11,100.0,53.032,52.56,0.472,0.157,11.43,Bloomberg Global Aggregate,0.0,N/A,1
P-129,CLT-1010,HDFCBANK_IN,HDFC Bank Ltd.,Equity,Financials,India,INR,155719.0,378.61,321.56,50.073,58.957,-8.884,-2.57,10.79,Bloomberg Global Aggregate,0.0,N/A,1
P-129,CLT-1010,GOOGL,Alphabet Inc.,Equity,Communication,United States,USD,164658.0,183.01,183.86,30.274,30.134,0.14,0.037,6.52,Bloomberg Global Aggregate,0.0,N/A,1
P-129,CLT-1010,JGB_10Y,Japan Government Bond 10-Yr 0.8%,Government Bonds,Sovereign Debt,Japan,JPY,235886.0,99.49,97.03,22.888,23.468,-0.58,-0.206,4.93,Bloomberg Global Aggregate,8.0,BBB+,1
P-129,CLT-1010,UNH,UnitedHealth Group,Equity,Healthcare,United States,USD,41274.0,396.66,399.31,16.481,16.372,0.109,0.03,3.55,Bloomberg Global Aggregate,0.0,N/A,1
P-129,CLT-1010,IND_10Y_GSEC,India Sovereign G-Sec 7.18% 2033,Government Bonds,Sovereign Debt,India,INR,98167.0,94.89,93.84,9.212,9.315,-0.103,-0.04,1.98,Bloomberg Global Aggregate,6.8,A,1
P-129,CLT-1010,OPERATING_CASH,Operational Custody Cash Balance,Cash,Cash Equivalents,Global,USD,25800.0,99.57,100.0,2.58,2.569,0.011,0.003,0.56,Bloomberg Global Aggregate,0.0,N/A,1
P-129,CLT-1010,UK_10Y_GILT,UK Gilt 3.75% 2033,Government Bonds,Sovereign Debt,United Kingdom,GBP,22556.0,91.43,93.1,2.1,2.062,0.038,0.011,0.45,Bloomberg Global Aggregate,5.0,AA+,1
P-130,CLT-1011,INR_OVERNIGHT_CASH,Institutional INR Overnight Liquid Fund,Money Market,Cash Equivalents,India,INR,12772810.0,98.13,100.0,1277.281,1253.396,23.885,5.873,33.19,Bloomberg Global Aggregate,0.0,N/A,1
P-130,CLT-1011,JPM,JPMorgan Chase & Co.,Equity,Financials,United States,USD,3868027.0,156.76,140.62,543.922,606.352,-62.43,-7.688,14.14,Bloomberg Global Aggregate,0.0,N/A,1
P-130,CLT-1011,GER_10Y_BUND,Germany Bund 2.60% 2033,Government Bonds,Sovereign Debt,Germany,EUR,4313527.0,107.93,102.98,444.207,465.559,-21.352,-7.073,11.54,Bloomberg Global Aggregate,7.4,BBB+,1
P-130,CLT-1011,USD_TREAS_MMF,Institutional USD Treasury Money Market Fund,Money Market,Cash Equivalents,United States,USD,3480140.0,99.73,100.0,348.014,347.074,0.94,0.189,9.04,Bloomberg Global Aggregate,0.0,N/A,1
P-130,CLT-1011,US_10Y_UST,US Treasury 10-Yr Benchmark Note,Government Bonds,Sovereign Debt,United States,USD,2617144.0,106.39,101.96,266.844,278.438,-11.594,-2.47,6.93,Bloomberg Global Aggregate,4.3,BBB+,1
P-130,CLT-1011,MSFT,Microsoft Corp.,Equity,Technology,United States,USD,695849.0,409.36,373.62,259.983,284.853,-24.87,-5.752,6.76,Bloomberg Global Aggregate,0.0,N/A,1
P-130,CLT-1011,EUR_LIQUIDITY_FUND,EUR Institutional Liquidity Master Fund,Money Market,Cash Equivalents,Europe,EUR,2491380.0,99.07,100.0,249.138,246.821,2.317,0.702,6.47,Bloomberg Global Aggregate,0.0,N/A,1
P-130,CLT-1011,NOVN_SW,Novartis AG,Equity,Healthcare,Switzerland,CHF,1367244.0,135.68,145.01,198.264,185.508,12.756,2.366,5.15,Bloomberg Global Aggregate,0.0,N/A,1
P-130,CLT-1011,PLD_REIT,Prologis Global Logistics REIT,REIT,Real Estate,United States,USD,382894.0,326.12,349.41,133.787,124.869,8.918,2.32,3.48,Bloomberg Global Aggregate,0.0,N/A,2
P-130,CLT-1011,UNH,UnitedHealth Group,Equity,Healthcare,United States,USD,623431.0,136.54,173.79,108.346,85.123,23.223,5.59,2.82,Bloomberg Global Aggregate,0.0,N/A,1
P-130,CLT-1011,INFY_IN,Infosys Ltd.,Equity,Technology,India,INR,47397.0,374.32,384.05,18.203,17.742,0.461,0.177,0.47,Bloomberg Global Aggregate,0.0,N/A,1
P-131,CLT-1011,CORP_IG_USD,US Investment Grade Corporate Bond Fund,Corporate Bonds,Corporate Credit,United States,USD,1531314.0,94.01,99.86,152.917,143.959,8.958,1.036,43.44,Bloomberg Global Aggregate,5.8,AA,2
P-131,CLT-1011,SAP_GY,SAP SE,Equity,Technology,Germany,EUR,309363.0,309.78,271.82,84.091,95.834,-11.743,-4.154,23.89,Bloomberg Global Aggregate,0.0,N/A,1
P-131,CLT-1011,US_5Y_UST,US Treasury 5-Yr Benchmark Note,Government Bonds,Sovereign Debt,United States,USD,537344.0,105.18,103.07,55.384,56.518,-1.134,-0.373,15.73,Bloomberg Global Aggregate,4.8,BBB+,1
P-131,CLT-1011,USD_TREAS_MMF,Institutional USD Treasury Money Market Fund,Money Market,Cash Equivalents,United States,USD,244610.0,99.54,100.0,24.461,24.348,0.113,0.026,6.95,Bloomberg Global Aggregate,0.0,N/A,1
P-131,CLT-1011,INR_OVERNIGHT_CASH,Institutional INR Overnight Liquid Fund,Money Market,Cash Equivalents,India,INR,133970.0,98.13,100.0,13.397,13.146,0.251,0.042,3.81,Bloomberg Global Aggregate,0.0,N/A,1
P-131,CLT-1011,UK_10Y_GILT,UK Gilt 3.75% 2033,Government Bonds,Sovereign Debt,United Kingdom,GBP,90456.0,98.95,97.86,8.852,8.951,-0.099,-0.011,2.51,Bloomberg Global Aggregate,3.8,BBB+,1
P-131,CLT-1011,INFY_IN,Infosys Ltd.,Equity,Technology,India,INR,39648.0,192.6,199.58,7.913,7.636,0.277,0.034,2.25,Bloomberg Global Aggregate,0.0,N/A,1
P-131,CLT-1011,ICICIBANK_IN,ICICI Bank Ltd.,Equity,Financials,India,INR,27185.0,140.04,139.82,3.801,3.807,-0.006,-0.001,1.08,Bloomberg Global Aggregate,0.0,N/A,1
P-131,CLT-1011,IND_10Y_GSEC,India Sovereign G-Sec 7.18% 2033,Government Bonds,Sovereign Debt,India,INR,11788.0,102.63,101.29,1.194,1.21,-0.016,-0.002,0.34,Bloomberg Global Aggregate,3.7,A,1
P-132,CLT-1012,RELIANCE_IN,Reliance Industries Ltd.,Equity,Energy,India,INR,1637480.0,367.01,426.09,697.714,600.972,96.742,21.958,34.03,Bloomberg Global Aggregate,0.0,N/A,1
P-132,CLT-1012,CORP_IG_EUR,Euro High Grade Corporate Bond Note,Corporate Bonds,Corporate Credit,Europe,EUR,3128455.0,104.89,102.09,319.384,328.144,-8.76,-1.196,15.58,Bloomberg Global Aggregate,4.6,BBB+,2
P-132,CLT-1012,JGB_10Y,Japan Government Bond 10-Yr 0.8%,Government Bonds,Sovereign Debt,Japan,JPY,3078987.0,102.5,97.94,301.556,315.596,-14.04,-5.216,14.71,Bloomberg Global Aggregate,6.3,AAA,1
P-132,CLT-1012,AAPL,Apple Inc.,Equity,Technology,United States,USD,703656.0,265.13,302.78,213.053,186.56,26.493,8.36,10.39,Bloomberg Global Aggregate,0.0,N/A,1
P-132,CLT-1012,JPM,JPMorgan Chase & Co.,Equity,Financials,United States,USD,1093142.0,202.84,166.51,182.019,221.733,-39.714,-8.175,8.88,Bloomberg Global Aggregate,0.0,N/A,1
P-132,CLT-1012,MSFT,Microsoft Corp.,Equity,Technology,United States,USD,440295.0,300.87,278.27,122.521,132.472,-9.951,-2.99,5.98,Bloomberg Global Aggregate,0.0,N/A,1
P-132,CLT-1012,SHEL_LN,Shell PLC,Equity,Energy,United Kingdom,GBP,382027.0,253.82,259.39,99.094,96.966,2.128,0.821,4.83,Bloomberg Global Aggregate,0.0,N/A,1
P-132,CLT-1012,LT_IN,Larsen & Toubro Ltd.,Equity,Industrials,India,INR,239540.0,212.34,267.63,64.108,50.864,13.244,3.341,3.13,Bloomberg Global Aggregate,0.0,N/A,1
P-132,CLT-1012,UK_10Y_GILT,UK Gilt 3.75% 2033,Government Bonds,Sovereign Debt,United Kingdom,GBP,301171.0,86.85,92.26,27.786,26.157,1.629,0.184,1.36,Bloomberg Global Aggregate,5.3,AA,1
P-132,CLT-1012,AMZN,Amazon.com Inc.,Equity,Consumer Discretionary,United States,USD,70025.0,182.68,151.46,10.606,12.792,-2.186,-0.736,0.52,Bloomberg Global Aggregate,0.0,N/A,1
P-132,CLT-1012,ASML_NA,ASML Holding NV,Equity,Technology,Netherlands,EUR,49830.0,152.72,187.92,9.364,7.61,1.754,0.506,0.46,Bloomberg Global Aggregate,0.0,N/A,1
P-132,CLT-1012,USD_TREAS_MMF,Institutional USD Treasury Money Market Fund,Money Market,Cash Equivalents,United States,USD,32650.0,98.44,100.0,3.265,3.214,0.051,0.016,0.16,Bloomberg Global Aggregate,0.0,N/A,1
P-133,CLT-1012,RELIANCE_IN,Reliance Industries Ltd.,Equity,Energy,India,INR,3451819.0,237.51,302.69,1044.831,819.842,224.989,26.758,32.38,Bloomberg Global Aggregate,0.0,N/A,1
P-133,CLT-1012,NVDA,NVIDIA Corp.,Equity,Technology,United States,USD,1822562.0,334.93,360.48,656.997,610.431,46.566,8.756,20.36,Bloomberg Global Aggregate,0.0,N/A,1
P-133,CLT-1012,6758_JP,Sony Group Corp.,Equity,Consumer Discretionary,Japan,JPY,5412411.0,72.47,67.52,365.446,392.237,-26.791,-3.016,11.33,Bloomberg Global Aggregate,0.0,N/A,1
P-133,CLT-1012,EUR_LIQUIDITY_FUND,EUR Institutional Liquidity Master Fund,Money Market,Cash Equivalents,Europe,EUR,3472240.0,98.15,100.0,347.224,340.8,6.424,1.636,10.76,Bloomberg Global Aggregate,0.0,N/A,1
P-133,CLT-1012,7203_JP,Toyota Motor Corp.,Equity,Consumer Discretionary,Japan,JPY,777523.0,396.45,445.65,346.503,308.249,38.254,6.732,10.74,Bloomberg Global Aggregate,0.0,N/A,1
P-133,CLT-1012,TCS_IN,Tata Consultancy Services,Equity,Technology,India,INR,874735.0,378.98,351.32,307.312,331.507,-24.195,-5.011,9.52,Bloomberg Global Aggregate,0.0,N/A,1
P-133,CLT-1012,CORP_IG_USD,US Investment Grade Corporate Bond Fund,Corporate Bonds,Corporate Credit,United States,USD,1005786.0,96.26,102.15,102.741,96.817,5.924,1.182,3.18,Bloomberg Global Aggregate,4.1,AA,2
P-133,CLT-1012,CORP_IG_EUR,Euro High Grade Corporate Bond Note,Corporate Bonds,Corporate Credit,Europe,EUR,569369.0,98.07,97.68,55.616,55.838,-0.222,-0.051,1.72,Bloomberg Global Aggregate,8.0,AA,2
P-134,CLT-1012,CORP_HY_USD,US High Yield Corporate Credit Note,Corporate Bonds,Corporate Credit,United States,USD,6443481.0,90.82,93.03,599.437,585.197,14.24,4.937,21.58,MSCI World,6.1,AA,3
P-134,CLT-1012,INFRA_GLOBAL_TRUST,Global Infrastructure Core Income Note,Alternatives,Infrastructure,Global,USD,6421112.0,90.71,91.04,584.578,582.459,2.119,0.4,21.05,MSCI World,0.0,N/A,3
P-134,CLT-1012,US_10Y_UST,US Treasury 10-Yr Benchmark Note,Government Bonds,Sovereign Debt,United States,USD,5816759.0,94.0,97.8,568.879,546.775,22.104,3.315,20.48,MSCI World,5.6,A,1
P-134,CLT-1012,INR_OVERNIGHT_CASH,Institutional INR Overnight Liquid Fund,Money Market,Cash Equivalents,India,INR,4158950.0,99.72,100.0,415.895,414.73,1.165,0.421,14.97,MSCI World,0.0,N/A,1
P-134,CLT-1012,ASML_NA,ASML Holding NV,Equity,Technology,Netherlands,EUR,1582363.0,138.52,191.02,302.263,219.189,83.074,15.15,10.88,MSCI World,0.0,N/A,1
P-134,CLT-1012,JPM,JPMorgan Chase & Co.,Equity,Financials,United States,USD,631436.0,327.21,442.01,279.101,206.612,72.489,8.881,10.05,MSCI World,0.0,N/A,1
P-134,CLT-1012,GER_10Y_BUND,Germany Bund 2.60% 2033,Government Bonds,Sovereign Debt,Germany,EUR,274883.0,101.21,100.29,27.568,27.821,-0.253,-0.086,0.99,MSCI World,6.7,AAA,1
P-135,CLT-1012,INFRA_GLOBAL_TRUST,Global Infrastructure Core Income Note,Alternatives,Infrastructure,Global,USD,1523319.0,144.16,194.86,296.834,219.602,77.232,8.474,35.12,Bloomberg Global Aggregate,0.0,N/A,3
P-135,CLT-1012,JGB_10Y,Japan Government Bond 10-Yr 0.8%,Government Bonds,Sovereign Debt,Japan,JPY,2176253.0,93.71,93.99,204.546,203.937,0.609,0.129,24.2,Bloomberg Global Aggregate,5.6,AAA,1
P-135,CLT-1012,NVDA,NVIDIA Corp.,Equity,Technology,United States,USD,405133.0,250.4,279.57,113.263,101.445,11.818,2.593,13.4,Bloomberg Global Aggregate,0.0,N/A,1
P-135,CLT-1012,RELIANCE_IN,Reliance Industries Ltd.,Equity,Energy,India,INR,349735.0,322.8,309.82,108.355,112.894,-4.539,-0.608,12.82,Bloomberg Global Aggregate,0.0,N/A,1
P-135,CLT-1012,AMZN,Amazon.com Inc.,Equity,Consumer Discretionary,United States,USD,269733.0,313.13,344.27,92.861,84.461,8.4,1.815,10.99,Bloomberg Global Aggregate,0.0,N/A,1
P-135,CLT-1012,AZN_LN,AstraZeneca PLC,Equity,Healthcare,United Kingdom,GBP,68224.0,284.16,274.67,18.739,19.387,-0.648,-0.115,2.22,Bloomberg Global Aggregate,0.0,N/A,1
P-135,CLT-1012,US_10Y_UST,US Treasury 10-Yr Benchmark Note,Government Bonds,Sovereign Debt,United States,USD,78845.0,90.6,97.8,7.711,7.143,0.568,0.105,0.91,Bloomberg Global Aggregate,7.8,A,1
P-135,CLT-1012,USD_TREAS_MMF,Institutional USD Treasury Money Market Fund,Money Market,Cash Equivalents,United States,USD,28310.0,99.44,100.0,2.831,2.815,0.016,0.002,0.33,Bloomberg Global Aggregate,0.0,N/A,1
P-136,CLT-1013,JGB_10Y,Japan Government Bond 10-Yr 0.8%,Government Bonds,Sovereign Debt,Japan,JPY,4756679.0,99.53,101.22,481.471,473.432,8.039,1.504,34.83,Bloomberg Global Aggregate,4.9,AA+,1
P-136,CLT-1013,TCS_IN,Tata Consultancy Services,Equity,Technology,India,INR,1256489.0,249.92,334.72,420.572,314.022,106.55,31.039,30.42,Bloomberg Global Aggregate,0.0,N/A,1
P-136,CLT-1013,INFRA_GLOBAL_TRUST,Global Infrastructure Core Income Note,Alternatives,Infrastructure,Global,USD,950694.0,332.59,367.48,349.361,316.191,33.17,4.525,25.27,Bloomberg Global Aggregate,0.0,N/A,3
P-136,CLT-1013,JPM,JPMorgan Chase & Co.,Equity,Financials,United States,USD,554521.0,145.24,130.39,72.304,80.539,-8.235,-2.776,5.23,Bloomberg Global Aggregate,0.0,N/A,1
P-136,CLT-1013,DBS_SP,DBS Group Holdings,Equity,Financials,Singapore,SGD,533614.0,53.54,60.51,32.289,28.57,3.719,0.783,2.34,Bloomberg Global Aggregate,0.0,N/A,1
P-136,CLT-1013,6758_JP,Sony Group Corp.,Equity,Consumer Discretionary,Japan,JPY,42376.0,329.04,371.46,15.741,13.943,1.798,0.51,1.14,Bloomberg Global Aggregate,0.0,N/A,1
P-136,CLT-1013,USD_TREAS_MMF,Institutional USD Treasury Money Market Fund,Money Market,Cash Equivalents,United States,USD,106520.0,99.65,100.0,10.652,10.615,0.037,0.007,0.77,Bloomberg Global Aggregate,0.0,N/A,1
P-137,CLT-1013,CORP_IG_EUR,Euro High Grade Corporate Bond Note,Corporate Bonds,Corporate Credit,Europe,EUR,2154057.0,103.06,98.73,212.67,221.997,-9.327,-3.252,26.83,Bloomberg Global Aggregate,6.1,BBB+,2
P-137,CLT-1013,INR_OVERNIGHT_CASH,Institutional INR Overnight Liquid Fund,Money Market,Cash Equivalents,India,INR,1922420.0,99.48,100.0,192.242,191.242,1.0,0.39,24.25,Bloomberg Global Aggregate,0.0,N/A,1
P-137,CLT-1013,UK_10Y_GILT,UK Gilt 3.75% 2033,Government Bonds,Sovereign Debt,United Kingdom,GBP,1394847.0,91.45,97.62,136.165,127.559,8.606,1.004,17.18,Bloomberg Global Aggregate,4.1,AA+,1
P-137,CLT-1013,GLD_ETF,SPDR Gold Shares Institutional Trust,ETF,Commodities,United States,USD,763833.0,188.48,171.65,131.112,143.967,-12.855,-4.89,16.54,Bloomberg Global Aggregate,0.0,N/A,1
P-137,CLT-1013,AMZN,Amazon.com Inc.,Equity,Consumer Discretionary,United States,USD,312726.0,103.8,140.19,43.841,32.461,11.38,2.91,5.53,Bloomberg Global Aggregate,0.0,N/A,1
P-137,CLT-1013,RELIANCE_IN,Reliance Industries Ltd.,Equity,Energy,India,INR,230925.0,189.34,163.62,37.784,43.723,-5.939,-0.944,4.77,Bloomberg Global Aggregate,0.0,N/A,1
P-137,CLT-1013,DBS_SP,DBS Group Holdings,Equity,Financials,Singapore,SGD,33178.0,444.23,432.54,14.351,14.739,-0.388,-0.112,1.81,Bloomberg Global Aggregate,0.0,N/A,1
P-137,CLT-1013,EUR_LIQUIDITY_FUND,EUR Institutional Liquidity Master Fund,Money Market,Cash Equivalents,Europe,EUR,113210.0,98.71,100.0,11.321,11.175,0.146,0.019,1.43,Bloomberg Global Aggregate,0.0,N/A,1
P-137,CLT-1013,BHARTIARTL_IN,Bharti Airtel Ltd.,Equity,Communication,India,INR,27507.0,266.1,306.39,8.428,7.32,1.108,0.304,1.06,Bloomberg Global Aggregate,0.0,N/A,1
P-137,CLT-1013,INFRA_GLOBAL_TRUST,Global Infrastructure Core Income Note,Alternatives,Infrastructure,Global,USD,22679.0,101.29,118.48,2.687,2.297,0.39,0.145,0.34,Bloomberg Global Aggregate,0.0,N/A,3
P-137,CLT-1013,7203_JP,Toyota Motor Corp.,Equity,Consumer Discretionary,Japan,JPY,11343.0,138.37,185.05,2.099,1.57,0.529,0.059,0.26,Bloomberg Global Aggregate,0.0,N/A,1
P-138,CLT-1013,MSFT,Microsoft Corp.,Equity,Technology,United States,USD,1470153.0,310.12,306.76,450.984,455.924,-4.94,-0.857,27.12,MSCI World,0.0,N/A,1
P-138,CLT-1013,JPM,JPMorgan Chase & Co.,Equity,Financials,United States,USD,545147.0,356.06,372.94,203.307,194.105,9.202,2.172,12.22,MSCI World,0.0,N/A,1
P-138,CLT-1013,NVDA,NVIDIA Corp.,Equity,Technology,United States,USD,489246.0,358.22,325.45,159.225,175.258,-16.033,-3.602,9.57,MSCI World,0.0,N/A,1
P-138,CLT-1013,SHEL_LN,Shell PLC,Equity,Energy,United Kingdom,GBP,668242.0,233.33,235.78,157.558,155.921,1.637,0.234,9.47,MSCI World,0.0,N/A,1
P-138,CLT-1013,LT_IN,Larsen & Toubro Ltd.,Equity,Industrials,India,INR,367627.0,395.06,394.59,145.062,145.235,-0.173,-0.069,8.72,MSCI World,0.0,N/A,1
P-138,CLT-1013,UK_10Y_GILT,UK Gilt 3.75% 2033,Government Bonds,Sovereign Debt,United Kingdom,GBP,1393792.0,96.89,96.49,134.487,135.045,-0.558,-0.183,8.09,MSCI World,5.9,AAA,1
P-138,CLT-1013,INFRA_GLOBAL_TRUST,Global Infrastructure Core Income Note,Alternatives,Infrastructure,Global,USD,724075.0,164.3,177.65,128.632,118.966,9.666,1.742,7.73,MSCI World,0.0,N/A,3
P-138,CLT-1013,CORP_HY_USD,US High Yield Corporate Credit Note,Corporate Bonds,Corporate Credit,United States,USD,1008265.0,99.86,95.22,96.007,100.685,-4.678,-0.875,5.77,MSCI World,5.3,BBB+,3
P-138,CLT-1013,JGB_10Y,Japan Government Bond 10-Yr 0.8%,Government Bonds,Sovereign Debt,Japan,JPY,528797.0,90.66,97.44,51.526,47.941,3.585,1.329,3.1,MSCI World,7.3,BBB+,1
P-138,CLT-1013,DBS_SP,DBS Group Holdings,Equity,Financials,Singapore,SGD,133119.0,365.38,338.45,45.054,48.639,-3.585,-0.53,2.71,MSCI World,0.0,N/A,1
P-138,CLT-1013,ASML_NA,ASML Holding NV,Equity,Technology,Netherlands,EUR,90002.0,414.63,448.39,40.356,37.318,3.038,1.105,2.43,MSCI World,0.0,N/A,1
P-138,CLT-1013,HDFCBANK_IN,HDFC Bank Ltd.,Equity,Financials,India,INR,128885.0,286.01,248.95,32.086,36.862,-4.776,-1.041,1.93,MSCI World,0.0,N/A,1
P-138,CLT-1013,USD_TREAS_MMF,Institutional USD Treasury Money Market Fund,Money Market,Cash Equivalents,United States,USD,189160.0,98.99,100.0,18.916,18.725,0.191,0.033,1.14,MSCI World,0.0,N/A,1
P-139,CLT-1013,6758_JP,Sony Group Corp.,Equity,Consumer Discretionary,Japan,JPY,895723.0,169.21,222.37,199.182,151.565,47.617,15.154,20.14,Bloomberg Global Aggregate,0.0,N/A,1
P-139,CLT-1013,GOOGL,Alphabet Inc.,Equity,Communication,United States,USD,488533.0,346.89,355.54,173.693,169.467,4.226,0.93,17.56,Bloomberg Global Aggregate,0.0,N/A,1
P-139,CLT-1013,PLD_REIT,Prologis Global Logistics REIT,REIT,Real Estate,United States,USD,524336.0,299.36,278.11,145.823,156.965,-11.142,-2.963,14.74,Bloomberg Global Aggregate,0.0,N/A,2
P-139,CLT-1013,SAP_GY,SAP SE,Equity,Technology,Germany,EUR,1645158.0,72.03,79.41,130.642,118.501,12.141,3.998,13.21,Bloomberg Global Aggregate,0.0,N/A,1
P-139,CLT-1013,CORP_HY_USD,US High Yield Corporate Credit Note,Corporate Bonds,Corporate Credit,United States,USD,1095567.0,88.68,95.64,104.78,97.155,7.625,2.319,10.59,Bloomberg Global Aggregate,4.1,AAA,3
P-139,CLT-1013,CORP_IG_EUR,Euro High Grade Corporate Bond Note,Corporate Bonds,Corporate Credit,Europe,EUR,1067463.0,92.38,97.12,103.672,98.612,5.06,1.021,10.48,Bloomberg Global Aggregate,7.9,AA+,2
P-139,CLT-1013,OPERATING_CASH,Operational Custody Cash Balance,Cash,Cash Equivalents,Global,USD,524940.0,99.44,100.0,52.494,52.2,0.294,0.074,5.31,Bloomberg Global Aggregate,0.0,N/A,1
P-139,CLT-1013,AAPL,Apple Inc.,Equity,Technology,United States,USD,167180.0,295.76,250.03,41.8,49.445,-7.645,-1.079,4.23,Bloomberg Global Aggregate,0.0,N/A,1
P-139,CLT-1013,GER_10Y_BUND,Germany Bund 2.60% 2033,Government Bonds,Sovereign Debt,Germany,EUR,298702.0,95.72,96.33,28.774,28.592,0.182,0.043,2.91,Bloomberg Global Aggregate,6.3,BBB+,1
P-139,CLT-1013,GLD_ETF,SPDR Gold Shares Institutional Trust,ETF,Commodities,United States,USD,76659.0,78.95,105.91,8.119,6.052,2.067,0.404,0.82,Bloomberg Global Aggregate,0.0,N/A,1
P-140,CLT-1013,NOVN_SW,Novartis AG,Equity,Healthcare,Switzerland,CHF,5424537.0,56.34,56.65,307.3,305.618,1.682,0.224,24.14,Crisil Liquid / MMF,0.0,N/A,1
P-140,CLT-1013,PLD_REIT,Prologis Global Logistics REIT,REIT,Real Estate,United States,USD,1413438.0,218.3,216.62,306.179,308.554,-2.375,-0.878,24.06,Crisil Liquid / MMF,0.0,N/A,2
P-140,CLT-1013,7203_JP,Toyota Motor Corp.,Equity,Consumer Discretionary,Japan,JPY,603977.0,340.2,398.84,240.89,205.473,35.417,9.884,18.93,Crisil Liquid / MMF,0.0,N/A,1
P-140,CLT-1013,USD_TREAS_MMF,Institutional USD Treasury Money Market Fund,Money Market,Cash Equivalents,United States,USD,2307640.0,99.33,100.0,230.764,229.218,1.546,0.459,18.13,Crisil Liquid / MMF,0.0,N/A,1
P-140,CLT-1013,OPERATING_CASH,Operational Custody Cash Balance,Cash,Cash Equivalents,Global,USD,870420.0,98.09,100.0,87.042,85.379,1.663,0.455,6.84,Crisil Liquid / MMF,0.0,N/A,1
P-140,CLT-1013,CORP_HY_USD,US High Yield Corporate Credit Note,Corporate Bonds,Corporate Credit,United States,USD,530381.0,100.25,94.96,50.365,53.171,-2.806,-0.685,3.96,Crisil Liquid / MMF,6.0,BBB+,3
P-140,CLT-1013,INFRA_GLOBAL_TRUST,Global Infrastructure Core Income Note,Alternatives,Infrastructure,Global,USD,109207.0,348.38,359.84,39.297,38.046,1.251,0.433,3.09,Crisil Liquid / MMF,0.0,N/A,3
P-140,CLT-1013,CORP_IG_EUR,Euro High Grade Corporate Bond Note,Corporate Bonds,Corporate Credit,Europe,EUR,102785.0,93.27,95.15,9.78,9.587,0.193,0.06,0.77,Crisil Liquid / MMF,4.4,A,2
P-140,CLT-1013,UK_10Y_GILT,UK Gilt 3.75% 2033,Government Bonds,Sovereign Debt,United Kingdom,GBP,11584.0,99.96,96.08,1.113,1.158,-0.045,-0.014,0.09,Crisil Liquid / MMF,5.4,BBB+,1
P-141,CLT-1014,GOOGL,Alphabet Inc.,Equity,Communication,United States,USD,2469984.0,89.62,119.27,294.595,221.36,73.235,14.845,20.44,Bloomberg Global Aggregate,0.0,N/A,1
P-141,CLT-1014,RELIANCE_IN,Reliance Industries Ltd.,Equity,Energy,India,INR,1527495.0,153.08,191.71,292.836,233.829,59.007,18.663,20.32,Bloomberg Global Aggregate,0.0,N/A,1
P-141,CLT-1014,INR_OVERNIGHT_CASH,Institutional INR Overnight Liquid Fund,Money Market,Cash Equivalents,India,INR,2622160.0,98.66,100.0,262.216,258.702,3.514,1.082,18.19,Bloomberg Global Aggregate,0.0,N/A,1
P-141,CLT-1014,LT_IN,Larsen & Toubro Ltd.,Equity,Industrials,India,INR,713220.0,316.96,294.03,209.708,226.062,-16.354,-2.845,14.55,Bloomberg Global Aggregate,0.0,N/A,1
P-141,CLT-1014,DBS_SP,DBS Group Holdings,Equity,Financials,Singapore,SGD,548285.0,288.85,273.23,149.808,158.372,-8.564,-3.356,10.39,Bloomberg Global Aggregate,0.0,N/A,1
P-141,CLT-1014,CORP_IG_EUR,Euro High Grade Corporate Bond Note,Corporate Bonds,Corporate Credit,Europe,EUR,1336466.0,97.78,95.87,128.127,130.68,-2.553,-0.414,8.89,Bloomberg Global Aggregate,6.8,AA,2
P-141,CLT-1014,US_5Y_UST,US Treasury 5-Yr Benchmark Note,Government Bonds,Sovereign Debt,United States,USD,761991.0,96.46,98.24,74.858,73.502,1.356,0.516,5.19,Bloomberg Global Aggregate,6.9,AA,1
P-141,CLT-1014,EUR_LIQUIDITY_FUND,EUR Institutional Liquidity Master Fund,Money Market,Cash Equivalents,Europe,EUR,179660.0,99.58,100.0,17.966,17.891,0.075,0.023,1.25,Bloomberg Global Aggregate,0.0,N/A,1
P-141,CLT-1014,GLD_ETF,SPDR Gold Shares Institutional Trust,ETF,Commodities,United States,USD,55161.0,147.48,201.88,11.136,8.135,3.001,1.037,0.77,Bloomberg Global Aggregate,0.0,N/A,1
P-142,CLT-1014,HDFCBANK_IN,HDFC Bank Ltd.,Equity,Financials,India,INR,542261.0,392.23,381.18,206.699,212.691,-5.992,-1.609,24.08,Bloomberg Global Aggregate,0.0,N/A,1
P-142,CLT-1014,SAP_GY,SAP SE,Equity,Technology,Germany,EUR,1027923.0,180.05,158.65,163.08,185.078,-21.998,-7.089,19.0,Bloomberg Global Aggregate,0.0,N/A,1
P-142,CLT-1014,NVDA,NVIDIA Corp.,Equity,Technology,United States,USD,929936.0,171.74,145.71,135.501,159.707,-24.206,-8.994,15.79,Bloomberg Global Aggregate,0.0,N/A,1
P-142,CLT-1014,PLD_REIT,Prologis Global Logistics REIT,REIT,Real Estate,United States,USD,813545.0,147.59,140.27,114.116,120.071,-5.955,-0.775,13.3,Bloomberg Global Aggregate,0.0,N/A,2
P-142,CLT-1014,JPM,JPMorgan Chase & Co.,Equity,Financials,United States,USD,499791.0,167.92,182.12,91.022,83.925,7.097,2.16,10.61,Bloomberg Global Aggregate,0.0,N/A,1
P-142,CLT-1014,6758_JP,Sony Group Corp.,Equity,Consumer Discretionary,Japan,JPY,524507.0,77.19,104.99,55.068,40.487,14.581,5.736,6.42,Bloomberg Global Aggregate,0.0,N/A,1
P-142,CLT-1014,JGB_10Y,Japan Government Bond 10-Yr 0.8%,Government Bonds,Sovereign Debt,Japan,JPY,434397.0,91.19,94.05,40.855,39.613,1.242,0.452,4.76,Bloomberg Global Aggregate,5.7,AA+,1
P-142,CLT-1014,SHEL_LN,Shell PLC,Equity,Energy,United Kingdom,GBP,41398.0,359.24,352.36,14.587,14.872,-0.285,-0.053,1.7,Bloomberg Global Aggregate,0.0,N/A,1
P-142,CLT-1014,US_10Y_UST,US Treasury 10-Yr Benchmark Note,Government Bonds,Sovereign Debt,United States,USD,126862.0,88.55,92.77,11.769,11.234,0.535,0.158,1.37,Bloomberg Global Aggregate,4.6,AAA,1
P-142,CLT-1014,AZN_LN,AstraZeneca PLC,Equity,Healthcare,United Kingdom,GBP,24267.0,452.37,415.29,10.078,10.978,-0.9,-0.328,1.17,Bloomberg Global Aggregate,0.0,N/A,1
P-142,CLT-1014,UNH,UnitedHealth Group,Equity,Healthcare,United States,USD,69024.0,90.13,120.32,8.305,6.221,2.084,0.832,0.97,Bloomberg Global Aggregate,0.0,N/A,1
P-142,CLT-1014,USD_TREAS_MMF,Institutional USD Treasury Money Market Fund,Money Market,Cash Equivalents,United States,USD,71410.0,99.09,100.0,7.141,7.076,0.065,0.016,0.83,Bloomberg Global Aggregate,0.0,N/A,1
P-143,CLT-1014,SAP_GY,SAP SE,Equity,Technology,Germany,EUR,498829.0,183.98,247.56,123.49,91.775,31.715,11.269,24.67,MSCI World,0.0,N/A,1
P-143,CLT-1014,NVDA,NVIDIA Corp.,Equity,Technology,United States,USD,514961.0,255.62,237.21,122.154,131.634,-9.48,-1.268,24.4,MSCI World,0.0,N/A,1
P-143,CLT-1014,AAPL,Apple Inc.,Equity,Technology,United States,USD,732104.0,106.78,115.0,84.192,78.174,6.018,1.066,16.82,MSCI World,0.0,N/A,1
P-143,CLT-1014,NOVN_SW,Novartis AG,Equity,Healthcare,Switzerland,CHF,385186.0,101.0,124.48,47.948,38.904,9.044,3.05,9.58,MSCI World,0.0,N/A,1
P-143,CLT-1014,UNH,UnitedHealth Group,Equity,Healthcare,United States,USD,144560.0,222.74,277.11,40.059,32.199,7.86,1.2,8.0,MSCI World,0.0,N/A,1
P-143,CLT-1014,7203_JP,Toyota Motor Corp.,Equity,Consumer Discretionary,Japan,JPY,89319.0,296.79,392.46,35.054,26.509,8.545,2.974,7.0,MSCI World,0.0,N/A,1
P-143,CLT-1014,INFRA_GLOBAL_TRUST,Global Infrastructure Core Income Note,Alternatives,Infrastructure,Global,USD,52739.0,294.86,256.11,13.507,15.551,-2.044,-0.615,2.7,MSCI World,0.0,N/A,3
P-143,CLT-1014,CORP_IG_USD,US Investment Grade Corporate Bond Fund,Corporate Bonds,Corporate Credit,United States,USD,142119.0,98.37,94.4,13.416,13.98,-0.564,-0.111,2.68,MSCI World,4.7,AA,2
P-143,CLT-1014,DBS_SP,DBS Group Holdings,Equity,Financials,Singapore,SGD,65138.0,190.09,203.43,13.251,12.382,0.869,0.157,2.65,MSCI World,0.0,N/A,1
P-143,CLT-1014,ASML_NA,ASML Holding NV,Equity,Technology,Netherlands,EUR,13951.0,158.66,181.85,2.537,2.213,0.324,0.088,0.51,MSCI World,0.0,N/A,1
P-143,CLT-1014,SHEL_LN,Shell PLC,Equity,Energy,United Kingdom,GBP,16136.0,151.39,154.62,2.495,2.443,0.052,0.009,0.5,MSCI World,0.0,N/A,1
P-143,CLT-1014,USD_TREAS_MMF,Institutional USD Treasury Money Market Fund,Money Market,Cash Equivalents,United States,USD,24280.0,98.62,100.0,2.428,2.394,0.034,0.008,0.49,MSCI World,0.0,N/A,1
P-144,CLT-1015,IND_10Y_GSEC,India Sovereign G-Sec 7.18% 2033,Government Bonds,Sovereign Debt,India,INR,3983490.0,98.94,94.85,377.834,394.127,-16.293,-2.378,38.78,Bloomberg Global Aggregate,7.0,BBB+,1
P-144,CLT-1015,USD_TREAS_MMF,Institutional USD Treasury Money Market Fund,Money Market,Cash Equivalents,United States,USD,3521340.0,99.14,100.0,352.134,349.106,3.028,0.94,36.14,Bloomberg Global Aggregate,0.0,N/A,1
P-144,CLT-1015,NOVN_SW,Novartis AG,Equity,Healthcare,Switzerland,CHF,169681.0,333.67,415.12,70.438,56.617,13.821,4.707,7.23,Bloomberg Global Aggregate,0.0,N/A,1
P-144,CLT-1015,XOM,Exxon Mobil Corp.,Equity,Energy,United States,USD,183100.0,305.01,380.24,69.622,55.847,13.775,4.189,7.15,Bloomberg Global Aggregate,0.0,N/A,1
P-144,CLT-1015,SAP_GY,SAP SE,Equity,Technology,Germany,EUR,227666.0,228.66,288.33,65.643,52.058,13.585,3.5,6.74,Bloomberg Global Aggregate,0.0,N/A,1
P-144,CLT-1015,US_10Y_UST,US Treasury 10-Yr Benchmark Note,Government Bonds,Sovereign Debt,United States,USD,326388.0,99.8,98.87,32.27,32.574,-0.304,-0.114,3.31,Bloomberg Global Aggregate,4.0,BBB+,1
P-144,CLT-1015,BHARTIARTL_IN,Bharti Airtel Ltd.,Equity,Communication,India,INR,15466.0,440.59,411.16,6.359,6.814,-0.455,-0.119,0.65,Bloomberg Global Aggregate,0.0,N/A,1
P-145,CLT-1015,DBS_SP,DBS Group Holdings,Equity,Financials,Singapore,SGD,451011.0,382.96,409.56,184.716,172.719,11.997,1.4,34.82,Bloomberg Global Aggregate,0.0,N/A,1
P-145,CLT-1015,INR_OVERNIGHT_CASH,Institutional INR Overnight Liquid Fund,Money Market,Cash Equivalents,India,INR,1144770.0,99.56,100.0,114.477,113.973,0.504,0.113,21.58,Bloomberg Global Aggregate,0.0,N/A,1
P-145,CLT-1015,JGB_10Y,Japan Government Bond 10-Yr 0.8%,Government Bonds,Sovereign Debt,Japan,JPY,778325.0,97.55,99.33,77.311,75.926,1.385,0.418,14.57,Bloomberg Global Aggregate,4.9,AAA,1
P-145,CLT-1015,XOM,Exxon Mobil Corp.,Equity,Energy,United States,USD,283568.0,163.15,208.38,59.09,46.264,12.826,4.152,11.14,Bloomberg Global Aggregate,0.0,N/A,1
P-145,CLT-1015,LT_IN,Larsen & Toubro Ltd.,Equity,Industrials,India,INR,175555.0,332.78,281.32,49.387,58.421,-9.034,-1.837,9.31,Bloomberg Global Aggregate,0.0,N/A,1
P-145,CLT-1015,CORP_HY_USD,US High Yield Corporate Credit Note,Corporate Bonds,Corporate Credit,United States,USD,285468.0,86.02,92.83,26.5,24.556,1.944,0.739,5.0,Bloomberg Global Aggregate,3.8,A,3
P-145,CLT-1015,JPM,JPMorgan Chase & Co.,Equity,Financials,United States,USD,302744.0,59.76,62.69,18.979,18.092,0.887,0.293,3.58,Bloomberg Global Aggregate,0.0,N/A,1
P-146,CLT-1015,UK_10Y_GILT,UK Gilt 3.75% 2033,Government Bonds,Sovereign Debt,United Kingdom,GBP,934531.0,92.91,94.32,88.145,86.827,1.318,0.341,24.6,MSCI World,6.9,AA+,1
P-146,CLT-1015,US_10Y_UST,US Treasury 10-Yr Benchmark Note,Government Bonds,Sovereign Debt,United States,USD,605581.0,98.34,102.85,62.284,59.553,2.731,1.075,17.38,MSCI World,5.7,BBB+,1
P-146,CLT-1015,US_5Y_UST,US Treasury 5-Yr Benchmark Note,Government Bonds,Sovereign Debt,United States,USD,635289.0,98.19,97.51,61.947,62.379,-0.432,-0.073,17.29,MSCI World,5.7,AA+,1
P-146,CLT-1015,JGB_10Y,Japan Government Bond 10-Yr 0.8%,Government Bonds,Sovereign Debt,Japan,JPY,614490.0,89.22,95.58,58.733,54.825,3.908,1.241,16.39,MSCI World,4.0,A,1
P-146,CLT-1015,GLD_ETF,SPDR Gold Shares Institutional Trust,ETF,Commodities,United States,USD,133247.0,220.17,295.97,39.437,29.337,10.1,3.704,11.01,MSCI World,0.0,N/A,1
P-146,CLT-1015,EUR_LIQUIDITY_FUND,EUR Institutional Liquidity Master Fund,Money Market,Cash Equivalents,Europe,EUR,143520.0,99.37,100.0,14.352,14.262,0.09,0.011,4.01,MSCI World,0.0,N/A,1
P-146,CLT-1015,JPM,JPMorgan Chase & Co.,Equity,Financials,United States,USD,46384.0,268.76,287.58,13.339,12.466,0.873,0.263,3.72,MSCI World,0.0,N/A,1
P-146,CLT-1015,RELIANCE_IN,Reliance Industries Ltd.,Equity,Energy,India,INR,33010.0,416.78,398.88,13.167,13.758,-0.591,-0.067,3.68,MSCI World,0.0,N/A,1
P-146,CLT-1015,DBS_SP,DBS Group Holdings,Equity,Financials,Singapore,SGD,19948.0,201.01,225.59,4.5,4.01,0.49,0.16,1.26,MSCI World,0.0,N/A,1
P-146,CLT-1015,GER_10Y_BUND,Germany Bund 2.60% 2033,Government Bonds,Sovereign Debt,Germany,EUR,13351.0,106.39,102.09,1.363,1.42,-0.057,-0.023,0.38,MSCI World,4.6,BBB+,1
P-146,CLT-1015,TCS_IN,Tata Consultancy Services,Equity,Technology,India,INR,4421.0,153.75,177.56,0.785,0.68,0.105,0.032,0.22,MSCI World,0.0,N/A,1
P-146,CLT-1015,GOOGL,Alphabet Inc.,Equity,Communication,United States,USD,1217.0,180.25,178.27,0.217,0.219,-0.002,-0.0,0.06,MSCI World,0.0,N/A,1
P-147,CLT-1015,INR_OVERNIGHT_CASH,Institutional INR Overnight Liquid Fund,Money Market,Cash Equivalents,India,INR,3506640.0,98.09,100.0,350.664,343.966,6.698,2.562,22.82,Bloomberg Global Aggregate,0.0,N/A,1
P-147,CLT-1015,BHARTIARTL_IN,Bharti Airtel Ltd.,Equity,Communication,India,INR,848076.0,252.8,318.54,270.146,214.394,55.752,10.906,17.58,Bloomberg Global Aggregate,0.0,N/A,1
P-147,CLT-1015,UK_10Y_GILT,UK Gilt 3.75% 2033,Government Bonds,Sovereign Debt,United Kingdom,GBP,2647993.0,101.37,97.41,257.941,268.427,-10.486,-2.233,16.78,Bloomberg Global Aggregate,7.0,A,1
P-147,CLT-1015,NOVN_SW,Novartis AG,Equity,Healthcare,Switzerland,CHF,948835.0,154.71,146.39,138.9,146.794,-7.894,-2.82,9.04,Bloomberg Global Aggregate,0.0,N/A,1
P-147,CLT-1015,ASML_NA,ASML Holding NV,Equity,Technology,Netherlands,EUR,1075478.0,99.82,107.74,115.872,107.354,8.518,0.999,7.54,Bloomberg Global Aggregate,0.0,N/A,1
P-147,CLT-1015,GOOGL,Alphabet Inc.,Equity,Communication,United States,USD,536077.0,204.2,215.07,115.294,109.467,5.827,1.509,7.5,Bloomberg Global Aggregate,0.0,N/A,1
P-147,CLT-1015,TCS_IN,Tata Consultancy Services,Equity,Technology,India,INR,498958.0,213.31,205.37,102.471,106.433,-3.962,-0.789,6.67,Bloomberg Global Aggregate,0.0,N/A,1
P-147,CLT-1015,GER_10Y_BUND,Germany Bund 2.60% 2033,Government Bonds,Sovereign Debt,Germany,EUR,763130.0,92.75,93.03,70.994,70.78,0.214,0.045,4.62,Bloomberg Global Aggregate,6.0,AA+,1
P-147,CLT-1015,EUR_LIQUIDITY_FUND,EUR Institutional Liquidity Master Fund,Money Market,Cash Equivalents,Europe,EUR,707550.0,99.71,100.0,70.755,70.55,0.205,0.044,4.6,Bloomberg Global Aggregate,0.0,N/A,1
P-147,CLT-1015,AZN_LN,AstraZeneca PLC,Equity,Healthcare,United Kingdom,GBP,131864.0,346.72,291.99,38.503,45.72,-7.217,-0.879,2.51,Bloomberg Global Aggregate,0.0,N/A,1
P-147,CLT-1015,MSFT,Microsoft Corp.,Equity,Technology,United States,USD,14600.0,323.62,371.86,5.429,4.725,0.704,0.212,0.35,Bloomberg Global Aggregate,0.0,N/A,1
P-148,CLT-1016,CORP_IG_EUR,Euro High Grade Corporate Bond Note,Corporate Bonds,Corporate Credit,Europe,EUR,5661449.0,109.27,104.51,591.678,618.627,-26.949,-10.776,40.81,Bloomberg Global Aggregate,5.8,AA+,2
P-148,CLT-1016,LT_IN,Larsen & Toubro Ltd.,Equity,Industrials,India,INR,1542105.0,270.36,328.25,506.196,416.924,89.272,19.55,34.91,Bloomberg Global Aggregate,0.0,N/A,1
P-148,CLT-1016,7203_JP,Toyota Motor Corp.,Equity,Consumer Discretionary,Japan,JPY,830474.0,145.71,145.73,121.025,121.008,0.017,0.003,8.35,Bloomberg Global Aggregate,0.0,N/A,1
P-148,CLT-1016,NOVN_SW,Novartis AG,Equity,Healthcare,Switzerland,CHF,363873.0,199.87,236.5,86.056,72.727,13.329,2.566,5.93,Bloomberg Global Aggregate,0.0,N/A,1
P-148,CLT-1016,AAPL,Apple Inc.,Equity,Technology,United States,USD,310600.0,147.49,193.86,60.213,45.81,14.403,3.454,4.15,Bloomberg Global Aggregate,0.0,N/A,1
P-148,CLT-1016,PLD_REIT,Prologis Global Logistics REIT,REIT,Real Estate,United States,USD,120904.0,303.07,371.13,44.871,36.642,8.229,2.703,3.09,Bloomberg Global Aggregate,0.0,N/A,2
P-148,CLT-1016,ICICIBANK_IN,ICICI Bank Ltd.,Equity,Financials,India,INR,161626.0,190.73,178.09,28.784,30.827,-2.043,-0.396,1.99,Bloomberg Global Aggregate,0.0,N/A,1
P-148,CLT-1016,USD_TREAS_MMF,Institutional USD Treasury Money Market Fund,Money Market,Cash Equivalents,United States,USD,111770.0,99.72,100.0,11.177,11.146,0.031,0.011,0.77,Bloomberg Global Aggregate,0.0,N/A,1
P-149,CLT-1017,HDFCBANK_IN,HDFC Bank Ltd.,Equity,Financials,India,INR,688072.0,290.22,277.92,191.229,199.692,-8.463,-2.244,16.95,Bloomberg Global Aggregate,0.0,N/A,1
P-149,CLT-1017,MSFT,Microsoft Corp.,Equity,Technology,United States,USD,403657.0,423.56,427.39,172.519,170.973,1.546,0.509,15.29,Bloomberg Global Aggregate,0.0,N/A,1
P-149,CLT-1017,SHEL_LN,Shell PLC,Equity,Energy,United Kingdom,GBP,629762.0,200.34,245.45,154.575,126.167,28.408,9.144,13.7,Bloomberg Global Aggregate,0.0,N/A,1
P-149,CLT-1017,OPERATING_CASH,Operational Custody Cash Balance,Cash,Cash Equivalents,Global,USD,1285020.0,98.98,100.0,128.502,127.191,1.311,0.419,11.39,Bloomberg Global Aggregate,0.0,N/A,1
P-149,CLT-1017,UK_10Y_GILT,UK Gilt 3.75% 2033,Government Bonds,Sovereign Debt,United Kingdom,GBP,1144295.0,100.65,96.58,110.516,115.173,-4.657,-1.229,9.8,Bloomberg Global Aggregate,4.4,BBB+,1
P-149,CLT-1017,SAP_GY,SAP SE,Equity,Technology,Germany,EUR,240831.0,328.99,446.13,107.442,79.231,28.211,7.255,9.53,Bloomberg Global Aggregate,0.0,N/A,1
P-149,CLT-1017,INFRA_GLOBAL_TRUST,Global Infrastructure Core Income Note,Alternatives,Infrastructure,Global,USD,214418.0,447.56,385.63,82.686,95.965,-13.279,-4.587,7.33,Bloomberg Global Aggregate,0.0,N/A,3
P-149,CLT-1017,ICICIBANK_IN,ICICI Bank Ltd.,Equity,Financials,India,INR,1063017.0,84.28,69.41,73.784,89.591,-15.807,-2.233,6.54,Bloomberg Global Aggregate,0.0,N/A,1
P-149,CLT-1017,INFY_IN,Infosys Ltd.,Equity,Technology,India,INR,200969.0,352.28,302.28,60.749,70.797,-10.048,-1.46,5.39,Bloomberg Global Aggregate,0.0,N/A,1
P-149,CLT-1017,XOM,Exxon Mobil Corp.,Equity,Energy,United States,USD,251836.0,127.85,137.49,34.625,32.197,2.428,0.287,3.07,Bloomberg Global Aggregate,0.0,N/A,1
P-149,CLT-1017,CORP_HY_USD,US High Yield Corporate Credit Note,Corporate Bonds,Corporate Credit,United States,USD,113112.0,93.66,100.29,11.344,10.594,0.75,0.28,1.01,Bloomberg Global Aggregate,6.6,AAA,3
P-150,CLT-1017,EUR_LIQUIDITY_FUND,EUR Institutional Liquidity Master Fund,Money Market,Cash Equivalents,Europe,EUR,4685830.0,98.52,100.0,468.583,461.648,6.935,1.808,64.79,Bloomberg Global Aggregate,0.0,N/A,1
P-150,CLT-1017,OPERATING_CASH,Operational Custody Cash Balance,Cash,Cash Equivalents,Global,USD,1786220.0,99.29,100.0,178.622,177.354,1.268,0.318,24.7,Bloomberg Global Aggregate,0.0,N/A,1
P-150,CLT-1017,UK_10Y_GILT,UK Gilt 3.75% 2033,Government Bonds,Sovereign Debt,United Kingdom,GBP,501781.0,101.04,101.07,50.715,50.7,0.015,0.006,7.01,Bloomberg Global Aggregate,4.3,AAA,1
P-150,CLT-1017,AAPL,Apple Inc.,Equity,Technology,United States,USD,67380.0,272.01,259.75,17.502,18.328,-0.826,-0.236,2.42,Bloomberg Global Aggregate,0.0,N/A,1
P-150,CLT-1017,MSFT,Microsoft Corp.,Equity,Technology,United States,USD,32907.0,148.23,150.97,4.968,4.878,0.09,0.03,0.69,Bloomberg Global Aggregate,0.0,N/A,1
P-150,CLT-1017,INR_OVERNIGHT_CASH,Institutional INR Overnight Liquid Fund,Money Market,Cash Equivalents,India,INR,28690.0,99.66,100.0,2.869,2.859,0.01,0.004,0.4,Bloomberg Global Aggregate,0.0,N/A,1
P-151,CLT-1017,GLD_ETF,SPDR Gold Shares Institutional Trust,ETF,Commodities,United States,USD,602405.0,184.87,200.87,121.005,111.367,9.638,2.805,34.69,NIFTY 50,0.0,N/A,1
P-151,CLT-1017,AZN_LN,AstraZeneca PLC,Equity,Healthcare,United Kingdom,GBP,192520.0,382.24,331.14,63.751,73.589,-9.838,-3.479,18.28,NIFTY 50,0.0,N/A,1
P-151,CLT-1017,BHARTIARTL_IN,Bharti Airtel Ltd.,Equity,Communication,India,INR,204351.0,306.27,307.96,62.932,62.587,0.345,0.136,18.04,NIFTY 50,0.0,N/A,1
P-151,CLT-1017,NOVN_SW,Novartis AG,Equity,Healthcare,Switzerland,CHF,70851.0,332.71,439.54,31.142,23.573,7.569,2.844,8.93,NIFTY 50,0.0,N/A,1
P-151,CLT-1017,JPM,JPMorgan Chase & Co.,Equity,Financials,United States,USD,153907.0,107.13,141.91,21.841,16.488,5.353,1.647,6.26,NIFTY 50,0.0,N/A,1
P-151,CLT-1017,NVDA,NVIDIA Corp.,Equity,Technology,United States,USD,66879.0,284.74,276.71,18.506,19.043,-0.537,-0.203,5.31,NIFTY 50,0.0,N/A,1
P-151,CLT-1017,EUR_LIQUIDITY_FUND,EUR Institutional Liquidity Master Fund,Money Market,Cash Equivalents,Europe,EUR,165590.0,98.59,100.0,16.559,16.326,0.233,0.043,4.75,NIFTY 50,0.0,N/A,1
P-151,CLT-1017,IND_10Y_GSEC,India Sovereign G-Sec 7.18% 2033,Government Bonds,Sovereign Debt,India,INR,111347.0,95.98,99.06,11.03,10.687,0.343,0.053,3.16,NIFTY 50,7.5,AAA,1
P-151,CLT-1017,ICICIBANK_IN,ICICI Bank Ltd.,Equity,Financials,India,INR,4611.0,378.32,434.59,2.004,1.744,0.26,0.085,0.57,NIFTY 50,0.0,N/A,1
P-152,CLT-1018,IND_10Y_GSEC,India Sovereign G-Sec 7.18% 2033,Government Bonds,Sovereign Debt,India,INR,1452708.0,98.68,102.28,148.583,143.353,5.23,0.646,22.86,Bloomberg Global Aggregate,7.0,AA,1
P-152,CLT-1018,AMZN,Amazon.com Inc.,Equity,Consumer Discretionary,United States,USD,1954463.0,67.13,71.48,139.705,131.203,8.502,2.989,21.5,Bloomberg Global Aggregate,0.0,N/A,1
P-152,CLT-1018,NOVN_SW,Novartis AG,Equity,Healthcare,Switzerland,CHF,490765.0,148.92,186.24,91.4,73.085,18.315,7.078,14.06,Bloomberg Global Aggregate,0.0,N/A,1
P-152,CLT-1018,INFY_IN,Infosys Ltd.,Equity,Technology,India,INR,338710.0,166.52,208.68,70.682,56.402,14.28,1.555,10.88,Bloomberg Global Aggregate,0.0,N/A,1
P-152,CLT-1018,AZN_LN,AstraZeneca PLC,Equity,Healthcare,United Kingdom,GBP,337218.0,115.8,159.33,53.729,39.05,14.679,3.628,8.27,Bloomberg Global Aggregate,0.0,N/A,1
P-152,CLT-1018,US_5Y_UST,US Treasury 5-Yr Benchmark Note,Government Bonds,Sovereign Debt,United States,USD,465176.0,90.16,96.63,44.95,41.94,3.01,0.691,6.92,Bloomberg Global Aggregate,6.7,A,1
P-152,CLT-1018,7203_JP,Toyota Motor Corp.,Equity,Consumer Discretionary,Japan,JPY,463977.0,72.25,84.28,39.104,33.522,5.582,1.895,6.02,Bloomberg Global Aggregate,0.0,N/A,1
P-152,CLT-1018,INR_OVERNIGHT_CASH,Institutional INR Overnight Liquid Fund,Money Market,Cash Equivalents,India,INR,288860.0,98.54,100.0,28.886,28.464,0.422,0.053,4.44,Bloomberg Global Aggregate,0.0,N/A,1
P-152,CLT-1018,CORP_HY_USD,US High Yield Corporate Credit Note,Corporate Bonds,Corporate Credit,United States,USD,145819.0,90.42,94.0,13.707,13.185,0.522,0.151,2.11,Bloomberg Global Aggregate,7.0,AA,3
P-152,CLT-1018,US_10Y_UST,US Treasury 10-Yr Benchmark Note,Government Bonds,Sovereign Debt,United States,USD,129517.0,101.48,96.69,12.523,13.143,-0.62,-0.237,1.93,Bloomberg Global Aggregate,5.6,AA,1
P-152,CLT-1018,PLD_REIT,Prologis Global Logistics REIT,REIT,Real Estate,United States,USD,73396.0,104.61,90.89,6.671,7.678,-1.007,-0.231,1.03,Bloomberg Global Aggregate,0.0,N/A,2
P-153,CLT-1018,OPERATING_CASH,Operational Custody Cash Balance,Cash,Cash Equivalents,Global,USD,1140740.0,98.41,100.0,114.074,112.26,1.814,0.651,20.95,Bloomberg Global Aggregate,0.0,N/A,1
P-153,CLT-1018,USD_TREAS_MMF,Institutional USD Treasury Money Market Fund,Money Market,Cash Equivalents,United States,USD,882990.0,99.78,100.0,88.299,88.105,0.194,0.043,16.21,Bloomberg Global Aggregate,0.0,N/A,1
P-153,CLT-1018,UK_10Y_GILT,UK Gilt 3.75% 2033,Government Bonds,Sovereign Debt,United Kingdom,GBP,650524.0,98.06,102.13,66.438,63.79,2.648,0.709,12.2,Bloomberg Global Aggregate,8.2,AA+,1
P-153,CLT-1018,UNH,UnitedHealth Group,Equity,Healthcare,United States,USD,206048.0,304.69,278.78,57.442,62.781,-5.339,-1.144,10.55,Bloomberg Global Aggregate,0.0,N/A,1
P-153,CLT-1018,MSFT,Microsoft Corp.,Equity,Technology,United States,USD,465369.0,106.75,105.54,49.115,49.678,-0.563,-0.14,9.02,Bloomberg Global Aggregate,0.0,N/A,1
P-153,CLT-1018,JPM,JPMorgan Chase & Co.,Equity,Financials,United States,USD,636038.0,70.82,75.31,47.9,45.044,2.856,0.646,8.8,Bloomberg Global Aggregate,0.0,N/A,1
P-153,CLT-1018,6758_JP,Sony Group Corp.,Equity,Consumer Discretionary,Japan,JPY,179876.0,282.35,243.69,43.834,50.788,-6.954,-1.22,8.05,Bloomberg Global Aggregate,0.0,N/A,1
P-153,CLT-1018,INR_OVERNIGHT_CASH,Institutional INR Overnight Liquid Fund,Money Market,Cash Equivalents,India,INR,438160.0,99.36,100.0,43.816,43.536,0.28,0.081,8.05,Bloomberg Global Aggregate,0.0,N/A,1
P-153,CLT-1018,NOVN_SW,Novartis AG,Equity,Healthcare,Switzerland,CHF,92025.0,309.33,287.52,26.459,28.466,-2.007,-0.265,4.86,Bloomberg Global Aggregate,0.0,N/A,1
P-153,CLT-1018,CORP_IG_EUR,Euro High Grade Corporate Bond Note,Corporate Bonds,Corporate Credit,Europe,EUR,74958.0,89.45,95.96,7.193,6.705,0.488,0.097,1.32,Bloomberg Global Aggregate,6.4,AA,2
P-154,CLT-1018,7203_JP,Toyota Motor Corp.,Equity,Consumer Discretionary,Japan,JPY,1885591.0,319.88,435.83,821.797,603.163,218.634,40.98,30.95,MSCI World,0.0,N/A,1
P-154,CLT-1018,GER_10Y_BUND,Germany Bund 2.60% 2033,Government Bonds,Sovereign Debt,Germany,EUR,5468989.0,100.15,101.03,552.532,547.719,4.813,1.313,20.81,MSCI World,4.6,A,1
P-154,CLT-1018,RELIANCE_IN,Reliance Industries Ltd.,Equity,Energy,India,INR,2949420.0,128.66,162.12,478.16,379.472,98.688,20.676,18.01,MSCI World,0.0,N/A,1
P-154,CLT-1018,NOVN_SW,Novartis AG,Equity,Healthcare,Switzerland,CHF,899361.0,453.73,422.83,380.277,408.067,-27.79,-11.093,14.32,MSCI World,0.0,N/A,1
P-154,CLT-1018,DBS_SP,DBS Group Holdings,Equity,Financials,Singapore,SGD,1663360.0,97.59,121.97,202.88,162.327,40.553,4.383,7.64,MSCI World,0.0,N/A,1
P-154,CLT-1018,ICICIBANK_IN,ICICI Bank Ltd.,Equity,Financials,India,INR,275869.0,252.87,340.89,94.041,69.759,24.282,3.955,3.54,MSCI World,0.0,N/A,1
P-154,CLT-1018,CORP_IG_EUR,Euro High Grade Corporate Bond Note,Corporate Bonds,Corporate Credit,Europe,EUR,562401.0,96.91,102.37,57.573,54.502,3.071,0.371,2.17,MSCI World,7.5,A,2
P-154,CLT-1018,EUR_LIQUIDITY_FUND,EUR Institutional Liquidity Master Fund,Money Market,Cash Equivalents,Europe,EUR,565030.0,98.61,100.0,56.503,55.718,0.785,0.111,2.13,MSCI World,0.0,N/A,1
P-154,CLT-1018,JPM,JPMorgan Chase & Co.,Equity,Financials,United States,USD,67013.0,177.98,171.13,11.468,11.927,-0.459,-0.067,0.43,MSCI World,0.0,N/A,1
P-155,CLT-1018,US_5Y_UST,US Treasury 5-Yr Benchmark Note,Government Bonds,Sovereign Debt,United States,USD,5578564.0,100.74,104.59,583.462,561.985,21.477,7.381,31.53,Bloomberg Global Aggregate,6.3,AAA,1
P-155,CLT-1018,AMZN,Amazon.com Inc.,Equity,Consumer Discretionary,United States,USD,4062805.0,97.76,93.75,380.888,397.18,-16.292,-4.878,20.59,Bloomberg Global Aggregate,0.0,N/A,1
P-155,CLT-1018,JGB_10Y,Japan Government Bond 10-Yr 0.8%,Government Bonds,Sovereign Debt,Japan,JPY,2355395.0,91.79,94.16,221.784,216.202,5.582,1.501,11.99,Bloomberg Global Aggregate,6.5,A,1
P-155,CLT-1018,CORP_IG_EUR,Euro High Grade Corporate Bond Note,Corporate Bonds,Corporate Credit,Europe,EUR,1716735.0,106.01,104.57,179.519,181.991,-2.472,-0.838,9.7,Bloomberg Global Aggregate,4.0,AAA,2
P-155,CLT-1018,IND_10Y_GSEC,India Sovereign G-Sec 7.18% 2033,Government Bonds,Sovereign Debt,India,INR,1501070.0,94.28,95.36,143.142,141.521,1.621,0.414,7.74,Bloomberg Global Aggregate,6.2,BBB+,1
P-155,CLT-1018,USD_TREAS_MMF,Institutional USD Treasury Money Market Fund,Money Market,Cash Equivalents,United States,USD,1239000.0,99.41,100.0,123.9,123.169,0.731,0.155,6.7,Bloomberg Global Aggregate,0.0,N/A,1
P-155,CLT-1018,UK_10Y_GILT,UK Gilt 3.75% 2033,Government Bonds,Sovereign Debt,United Kingdom,GBP,1095756.0,94.69,98.02,107.406,103.757,3.649,1.121,5.8,Bloomberg Global Aggregate,4.2,AAA,1
P-155,CLT-1018,NVDA,NVIDIA Corp.,Equity,Technology,United States,USD,438131.0,246.7,243.11,106.514,108.087,-1.573,-0.592,5.76,Bloomberg Global Aggregate,0.0,N/A,1
P-155,CLT-1018,EUR_LIQUIDITY_FUND,EUR Institutional Liquidity Master Fund,Money Market,Cash Equivalents,Europe,EUR,36450.0,99.65,100.0,3.645,3.632,0.013,0.005,0.2,Bloomberg Global Aggregate,0.0,N/A,1
P-156,CLT-1019,HDFCBANK_IN,HDFC Bank Ltd.,Equity,Financials,India,INR,116927.0,315.64,338.8,39.615,36.907,2.708,0.325,28.58,MSCI World,0.0,N/A,1
P-156,CLT-1019,6758_JP,Sony Group Corp.,Equity,Consumer Discretionary,Japan,JPY,445366.0,55.72,67.87,30.227,24.816,5.411,0.578,21.8,MSCI World,0.0,N/A,1
P-156,CLT-1019,NOVN_SW,Novartis AG,Equity,Healthcare,Switzerland,CHF,141195.0,212.46,187.23,26.436,29.998,-3.562,-1.211,19.07,MSCI World,0.0,N/A,1
P-156,CLT-1019,7203_JP,Toyota Motor Corp.,Equity,Consumer Discretionary,Japan,JPY,24073.0,341.77,421.97,10.158,8.227,1.931,0.492,7.33,MSCI World,0.0,N/A,1
P-156,CLT-1019,CORP_IG_USD,US Investment Grade Corporate Bond Fund,Corporate Bonds,Corporate Credit,United States,USD,69255.0,100.54,99.17,6.868,6.963,-0.095,-0.022,4.95,MSCI World,5.7,A,2
P-156,CLT-1019,LT_IN,Larsen & Toubro Ltd.,Equity,Industrials,India,INR,22716.0,326.6,301.9,6.858,7.419,-0.561,-0.167,4.95,MSCI World,0.0,N/A,1
P-156,CLT-1019,CORP_IG_EUR,Euro High Grade Corporate Bond Note,Corporate Bonds,Corporate Credit,Europe,EUR,64042.0,93.11,97.14,6.221,5.963,0.258,0.094,4.49,MSCI World,5.6,A,2
P-156,CLT-1019,PLD_REIT,Prologis Global Logistics REIT,REIT,Real Estate,United States,USD,19632.0,169.21,205.53,4.035,3.322,0.713,0.115,2.91,MSCI World,0.0,N/A,2
P-156,CLT-1019,AZN_LN,AstraZeneca PLC,Equity,Healthcare,United Kingdom,GBP,8617.0,275.7,350.93,3.024,2.376,0.648,0.077,2.18,MSCI World,0.0,N/A,1
P-156,CLT-1019,GOOGL,Alphabet Inc.,Equity,Communication,United States,USD,30650.0,69.33,90.7,2.78,2.125,0.655,0.102,2.01,MSCI World,0.0,N/A,1
P-156,CLT-1019,BHARTIARTL_IN,Bharti Airtel Ltd.,Equity,Communication,India,INR,8925.0,167.61,180.39,1.61,1.496,0.114,0.02,1.16,MSCI World,0.0,N/A,1
P-156,CLT-1019,USD_TREAS_MMF,Institutional USD Treasury Money Market Fund,Money Market,Cash Equivalents,United States,USD,7990.0,98.28,100.0,0.799,0.785,0.014,0.004,0.58,MSCI World,0.0,N/A,1
P-157,CLT-1019,DBS_SP,DBS Group Holdings,Equity,Financials,Singapore,SGD,254296.0,277.45,370.25,94.153,70.554,23.599,6.538,35.25,Bloomberg Global Aggregate,0.0,N/A,1
P-157,CLT-1019,US_5Y_UST,US Treasury 5-Yr Benchmark Note,Government Bonds,Sovereign Debt,United States,USD,453236.0,102.39,100.74,45.659,46.407,-0.748,-0.128,17.1,Bloomberg Global Aggregate,4.0,AA,1
P-157,CLT-1019,IND_10Y_GSEC,India Sovereign G-Sec 7.18% 2033,Government Bonds,Sovereign Debt,India,INR,420335.0,99.86,101.01,42.458,41.975,0.483,0.109,15.9,Bloomberg Global Aggregate,4.1,A,1
P-157,CLT-1019,XOM,Exxon Mobil Corp.,Equity,Energy,United States,USD,121490.0,200.65,219.22,26.633,24.377,2.256,0.589,9.97,Bloomberg Global Aggregate,0.0,N/A,1
P-157,CLT-1019,6758_JP,Sony Group Corp.,Equity,Consumer Discretionary,Japan,JPY,42104.0,311.41,417.66,17.585,13.112,4.473,0.68,6.58,Bloomberg Global Aggregate,0.0,N/A,1
P-157,CLT-1019,EUR_LIQUIDITY_FUND,EUR Institutional Liquidity Master Fund,Money Market,Cash Equivalents,Europe,EUR,83230.0,99.5,100.0,8.323,8.281,0.042,0.008,3.12,Bloomberg Global Aggregate,0.0,N/A,1
P-157,CLT-1019,CORP_IG_USD,US Investment Grade Corporate Bond Fund,Corporate Bonds,Corporate Credit,United States,USD,83035.0,89.26,94.43,7.841,7.412,0.429,0.123,2.94,Bloomberg Global Aggregate,7.6,AAA,2
P-157,CLT-1019,TCS_IN,Tata Consultancy Services,Equity,Technology,India,INR,28014.0,262.4,243.84,6.831,7.351,-0.52,-0.112,2.56,Bloomberg Global Aggregate,0.0,N/A,1
P-157,CLT-1019,UK_10Y_GILT,UK Gilt 3.75% 2033,Government Bonds,Sovereign Debt,United Kingdom,GBP,62407.0,96.27,99.3,6.197,6.008,0.189,0.042,2.32,Bloomberg Global Aggregate,5.8,A,1
P-157,CLT-1019,7203_JP,Toyota Motor Corp.,Equity,Consumer Discretionary,Japan,JPY,23301.0,283.37,245.48,5.72,6.603,-0.883,-0.096,2.14,Bloomberg Global Aggregate,0.0,N/A,1
P-157,CLT-1019,INR_OVERNIGHT_CASH,Institutional INR Overnight Liquid Fund,Money Market,Cash Equivalents,India,INR,56810.0,98.45,100.0,5.681,5.593,0.088,0.017,2.13,Bloomberg Global Aggregate,0.0,N/A,1
P-158,CLT-1019,BHARTIARTL_IN,Bharti Airtel Ltd.,Equity,Communication,India,INR,668910.0,287.72,279.09,186.686,192.459,-5.773,-1.518,34.3,MSCI World,0.0,N/A,1
P-158,CLT-1019,EUR_LIQUIDITY_FUND,EUR Institutional Liquidity Master Fund,Money Market,Cash Equivalents,Europe,EUR,987030.0,98.05,100.0,98.703,96.778,1.925,0.506,18.13,MSCI World,0.0,N/A,1
P-158,CLT-1019,SAP_GY,SAP SE,Equity,Technology,Germany,EUR,183006.0,283.16,352.71,64.548,51.82,12.728,2.958,11.86,MSCI World,0.0,N/A,1
P-158,CLT-1019,INFY_IN,Infosys Ltd.,Equity,Technology,India,INR,428497.0,129.88,137.42,58.884,55.653,3.231,1.036,10.82,MSCI World,0.0,N/A,1
P-158,CLT-1019,CORP_IG_USD,US Investment Grade Corporate Bond Fund,Corporate Bonds,Corporate Credit,United States,USD,556547.0,103.11,100.5,55.933,57.386,-1.453,-0.527,10.28,MSCI World,3.7,AA,2
P-158,CLT-1019,CORP_HY_USD,US High Yield Corporate Credit Note,Corporate Bonds,Corporate Credit,United States,USD,402548.0,91.55,96.53,38.858,36.853,2.005,0.465,7.14,MSCI World,8.2,AA+,3
P-158,CLT-1019,USD_TREAS_MMF,Institutional USD Treasury Money Market Fund,Money Market,Cash Equivalents,United States,USD,280760.0,99.43,100.0,28.076,27.916,0.16,0.051,5.16,MSCI World,0.0,N/A,1
P-158,CLT-1019,XOM,Exxon Mobil Corp.,Equity,Energy,United States,USD,38732.0,250.08,325.65,12.613,9.686,2.927,0.829,2.32,MSCI World,0.0,N/A,1
P-159,CLT-1020,INFY_IN,Infosys Ltd.,Equity,Technology,India,INR,364420.0,448.84,441.6,160.928,163.566,-2.638,-0.717,26.47,MSCI World,0.0,N/A,1
P-159,CLT-1020,RELIANCE_IN,Reliance Industries Ltd.,Equity,Energy,India,INR,304441.0,388.93,430.96,131.202,118.406,12.796,4.735,21.58,MSCI World,0.0,N/A,1
P-159,CLT-1020,LT_IN,Larsen & Toubro Ltd.,Equity,Industrials,India,INR,271003.0,419.75,376.07,101.916,113.754,-11.838,-3.848,16.76,MSCI World,0.0,N/A,1
P-159,CLT-1020,GLD_ETF,SPDR Gold Shares Institutional Trust,ETF,Commodities,United States,USD,346538.0,251.57,214.64,74.381,87.179,-12.798,-2.345,12.23,MSCI World,0.0,N/A,1
P-159,CLT-1020,GOOGL,Alphabet Inc.,Equity,Communication,United States,USD,200781.0,257.55,312.36,62.716,51.711,11.005,1.539,10.31,MSCI World,0.0,N/A,1
P-159,CLT-1020,6758_JP,Sony Group Corp.,Equity,Consumer Discretionary,Japan,JPY,409290.0,108.46,108.5,44.408,44.392,0.016,0.003,7.3,MSCI World,0.0,N/A,1
P-159,CLT-1020,ASML_NA,ASML Holding NV,Equity,Technology,Netherlands,EUR,53085.0,372.55,387.42,20.566,19.777,0.789,0.113,3.38,MSCI World,0.0,N/A,1
P-159,CLT-1020,INFRA_GLOBAL_TRUST,Global Infrastructure Core Income Note,Alternatives,Infrastructure,Global,USD,17860.0,258.59,302.96,5.411,4.618,0.793,0.169,0.89,MSCI World,0.0,N/A,3
P-159,CLT-1020,CORP_HY_USD,US High Yield Corporate Credit Note,Corporate Bonds,Corporate Credit,United States,USD,42998.0,88.45,92.98,3.998,3.803,0.195,0.064,0.66,MSCI World,5.4,AA,3
P-159,CLT-1020,USD_TREAS_MMF,Institutional USD Treasury Money Market Fund,Money Market,Cash Equivalents,United States,USD,25440.0,98.57,100.0,2.544,2.508,0.036,0.013,0.42,MSCI World,0.0,N/A,1
P-160,CLT-1020,CORP_HY_USD,US High Yield Corporate Credit Note,Corporate Bonds,Corporate Credit,United States,USD,2336084.0,99.09,104.59,244.331,231.483,12.848,3.192,20.5,Bloomberg Global Aggregate,5.0,AA,3
P-160,CLT-1020,DBS_SP,DBS Group Holdings,Equity,Financials,Singapore,SGD,1109573.0,161.85,185.1,205.382,179.584,25.798,6.961,17.23,Bloomberg Global Aggregate,0.0,N/A,1
P-160,CLT-1020,AAPL,Apple Inc.,Equity,Technology,United States,USD,839342.0,241.13,244.14,204.917,202.391,2.526,0.77,17.19,Bloomberg Global Aggregate,0.0,N/A,1
P-160,CLT-1020,JPM,JPMorgan Chase & Co.,Equity,Financials,United States,USD,2067301.0,79.2,69.36,143.388,163.73,-20.342,-6.818,12.03,Bloomberg Global Aggregate,0.0,N/A,1
P-160,CLT-1020,CORP_IG_USD,US Investment Grade Corporate Bond Fund,Corporate Bonds,Corporate Credit,United States,USD,1007135.0,102.33,97.97,98.669,103.06,-4.391,-1.569,8.28,Bloomberg Global Aggregate,5.6,AAA,2
P-160,CLT-1020,6758_JP,Sony Group Corp.,Equity,Consumer Discretionary,Japan,JPY,206941.0,421.62,446.74,92.449,87.25,5.199,2.073,7.76,Bloomberg Global Aggregate,0.0,N/A,1
P-160,CLT-1020,AMZN,Amazon.com Inc.,Equity,Consumer Discretionary,United States,USD,166539.0,314.89,413.76,68.907,52.441,16.466,3.138,5.78,Bloomberg Global Aggregate,0.0,N/A,1
P-160,CLT-1020,IND_10Y_GSEC,India Sovereign G-Sec 7.18% 2033,Government Bonds,Sovereign Debt,India,INR,663045.0,97.27,103.37,68.539,64.494,4.045,0.518,5.75,Bloomberg Global Aggregate,5.2,AAA,1
P-160,CLT-1020,UNH,UnitedHealth Group,Equity,Healthcare,United States,USD,175989.0,149.86,198.74,34.976,26.374,8.602,1.287,2.93,Bloomberg Global Aggregate,0.0,N/A,1
P-160,CLT-1020,USD_TREAS_MMF,Institutional USD Treasury Money Market Fund,Money Market,Cash Equivalents,United States,USD,303720.0,99.09,100.0,30.372,30.096,0.276,0.053,2.55,Bloomberg Global Aggregate,0.0,N/A,1
P-161,CLT-1021,BHARTIARTL_IN,Bharti Airtel Ltd.,Equity,Communication,India,INR,335922.0,241.09,257.78,86.594,80.987,5.607,0.574,32.64,Bloomberg Global Aggregate,0.0,N/A,1
P-161,CLT-1021,GER_10Y_BUND,Germany Bund 2.60% 2033,Government Bonds,Sovereign Debt,Germany,EUR,302664.0,100.82,96.47,29.198,30.515,-1.317,-0.472,11.01,Bloomberg Global Aggregate,6.8,A,1
P-161,CLT-1021,JPM,JPMorgan Chase & Co.,Equity,Financials,United States,USD,372233.0,75.72,78.33,29.157,28.185,0.972,0.31,10.99,Bloomberg Global Aggregate,0.0,N/A,1
P-161,CLT-1021,UNH,UnitedHealth Group,Equity,Healthcare,United States,USD,302473.0,91.38,90.97,27.516,27.64,-0.124,-0.045,10.37,Bloomberg Global Aggregate,0.0,N/A,1
P-161,CLT-1021,AAPL,Apple Inc.,Equity,Technology,United States,USD,217167.0,83.67,104.85,22.77,18.17,4.6,1.499,8.58,Bloomberg Global Aggregate,0.0,N/A,1
P-161,CLT-1021,LT_IN,Larsen & Toubro Ltd.,Equity,Industrials,India,INR,176089.0,75.04,103.26,18.183,13.214,4.969,0.71,6.85,Bloomberg Global Aggregate,0.0,N/A,1
P-161,CLT-1021,CORP_IG_EUR,Euro High Grade Corporate Bond Note,Corporate Bonds,Corporate Credit,Europe,EUR,150880.0,105.08,98.9,14.922,15.854,-0.932,-0.275,5.62,Bloomberg Global Aggregate,5.6,AA+,2
P-161,CLT-1021,AMZN,Amazon.com Inc.,Equity,Consumer Discretionary,United States,USD,39973.0,332.94,301.23,12.041,13.309,-1.268,-0.283,4.54,Bloomberg Global Aggregate,0.0,N/A,1
P-161,CLT-1021,CORP_HY_USD,US High Yield Corporate Credit Note,Corporate Bonds,Corporate Credit,United States,USD,105618.0,95.18,100.93,10.66,10.053,0.607,0.076,4.02,Bloomberg Global Aggregate,4.0,AAA,3
P-161,CLT-1021,SAP_GY,SAP SE,Equity,Technology,Germany,EUR,31904.0,276.15,285.83,9.119,8.81,0.309,0.12,3.44,Bloomberg Global Aggregate,0.0,N/A,1
P-161,CLT-1021,XOM,Exxon Mobil Corp.,Equity,Energy,United States,USD,24755.0,195.7,175.8,4.352,4.845,-0.493,-0.09,1.64,Bloomberg Global Aggregate,0.0,N/A,1
P-161,CLT-1021,USD_TREAS_MMF,Institutional USD Treasury Money Market Fund,Money Market,Cash Equivalents,United States,USD,7780.0,99.65,100.0,0.778,0.775,0.003,0.001,0.29,Bloomberg Global Aggregate,0.0,N/A,1
P-162,CLT-1021,INFRA_GLOBAL_TRUST,Global Infrastructure Core Income Note,Alternatives,Infrastructure,Global,USD,3098288.0,197.78,168.22,521.194,612.779,-91.585,-33.829,25.24,Bloomberg Global Aggregate,0.0,N/A,3
P-162,CLT-1021,SAP_GY,SAP SE,Equity,Technology,Germany,EUR,849283.0,393.63,431.87,366.78,334.303,32.477,4.346,17.76,Bloomberg Global Aggregate,0.0,N/A,1
P-162,CLT-1021,MSFT,Microsoft Corp.,Equity,Technology,United States,USD,1071949.0,216.75,249.83,267.805,232.345,35.46,9.166,12.97,Bloomberg Global Aggregate,0.0,N/A,1
P-162,CLT-1021,NOVN_SW,Novartis AG,Equity,Healthcare,Switzerland,CHF,480967.0,321.33,441.08,212.145,154.549,57.596,21.897,10.27,Bloomberg Global Aggregate,0.0,N/A,1
P-162,CLT-1021,LT_IN,Larsen & Toubro Ltd.,Equity,Industrials,India,INR,2026102.0,78.94,102.79,208.263,159.94,48.323,13.072,10.08,Bloomberg Global Aggregate,0.0,N/A,1
P-162,CLT-1021,INR_OVERNIGHT_CASH,Institutional INR Overnight Liquid Fund,Money Market,Cash Equivalents,India,INR,1814820.0,99.15,100.0,181.482,179.939,1.543,0.47,8.79,Bloomberg Global Aggregate,0.0,N/A,1
P-162,CLT-1021,USD_TREAS_MMF,Institutional USD Treasury Money Market Fund,Money Market,Cash Equivalents,United States,USD,1625810.0,98.45,100.0,162.581,160.061,2.52,0.974,7.87,Bloomberg Global Aggregate,0.0,N/A,1
P-162,CLT-1021,ICICIBANK_IN,ICICI Bank Ltd.,Equity,Financials,India,INR,261005.0,431.85,358.15,93.479,112.715,-19.236,-2.313,4.53,Bloomberg Global Aggregate,0.0,N/A,1
P-162,CLT-1021,US_10Y_UST,US Treasury 10-Yr Benchmark Note,Government Bonds,Sovereign Debt,United States,USD,315009.0,100.9,95.41,30.055,31.784,-1.729,-0.204,1.46,Bloomberg Global Aggregate,7.2,BBB+,1
P-162,CLT-1021,CORP_HY_USD,US High Yield Corporate Credit Note,Corporate Bonds,Corporate Credit,United States,USD,223830.0,92.06,95.72,21.425,20.606,0.819,0.27,1.04,Bloomberg Global Aggregate,5.5,A,3
P-163,CLT-1021,EUR_LIQUIDITY_FUND,EUR Institutional Liquidity Master Fund,Money Market,Cash Equivalents,Europe,EUR,31173650.0,99.66,100.0,3117.365,3106.766,10.599,3.988,35.15,MSCI World,0.0,N/A,1
P-163,CLT-1021,INFRA_GLOBAL_TRUST,Global Infrastructure Core Income Note,Alternatives,Infrastructure,Global,USD,5379453.0,484.81,439.73,2365.507,2608.013,-242.506,-48.022,26.67,MSCI World,0.0,N/A,3
P-163,CLT-1021,HDFCBANK_IN,HDFC Bank Ltd.,Equity,Financials,India,INR,4523959.0,228.13,284.57,1287.383,1032.051,255.332,75.311,14.51,MSCI World,0.0,N/A,1
P-163,CLT-1021,ASML_NA,ASML Holding NV,Equity,Technology,Netherlands,EUR,3345138.0,309.21,307.26,1027.827,1034.35,-6.523,-1.508,11.59,MSCI World,0.0,N/A,1
P-163,CLT-1021,JPM,JPMorgan Chase & Co.,Equity,Financials,United States,USD,1762869.0,452.34,431.37,760.449,797.416,-36.967,-6.408,8.57,MSCI World,0.0,N/A,1
P-163,CLT-1021,NOVN_SW,Novartis AG,Equity,Healthcare,Switzerland,CHF,740667.0,474.43,419.85,310.969,351.395,-40.426,-11.468,3.51,MSCI World,0.0,N/A,1
P-164,CLT-1022,NOVN_SW,Novartis AG,Equity,Healthcare,Switzerland,CHF,454073.0,85.34,115.53,52.459,38.751,13.708,3.522,48.17,Bloomberg Global Aggregate,0.0,N/A,1
P-164,CLT-1022,TCS_IN,Tata Consultancy Services,Equity,Technology,India,INR,43806.0,296.81,363.19,15.91,13.002,2.908,0.436,14.61,Bloomberg Global Aggregate,0.0,N/A,1
P-164,CLT-1022,XOM,Exxon Mobil Corp.,Equity,Energy,United States,USD,151444.0,80.14,100.77,15.261,12.137,3.124,0.564,14.01,Bloomberg Global Aggregate,0.0,N/A,1
P-164,CLT-1022,AAPL,Apple Inc.,Equity,Technology,United States,USD,24401.0,323.14,404.57,9.872,7.885,1.987,0.216,9.06,Bloomberg Global Aggregate,0.0,N/A,1
P-164,CLT-1022,RELIANCE_IN,Reliance Industries Ltd.,Equity,Energy,India,INR,25075.0,383.46,372.84,9.349,9.615,-0.266,-0.032,8.58,Bloomberg Global Aggregate,0.0,N/A,1
P-164,CLT-1022,OPERATING_CASH,Operational Custody Cash Balance,Cash,Cash Equivalents,Global,USD,60500.0,98.54,100.0,6.05,5.962,0.088,0.024,5.56,Bloomberg Global Aggregate,0.0,N/A,1
P-165,CLT-1022,CORP_HY_USD,US High Yield Corporate Credit Note,Corporate Bonds,Corporate Credit,United States,USD,325695.0,107.09,103.17,33.602,34.879,-1.277,-0.188,59.28,Bloomberg Global Aggregate,7.1,BBB+,3
P-165,CLT-1022,CORP_IG_USD,US Investment Grade Corporate Bond Fund,Corporate Bonds,Corporate Credit,United States,USD,109180.0,105.38,100.76,11.001,11.505,-0.504,-0.162,19.41,Bloomberg Global Aggregate,3.5,AAA,2
P-165,CLT-1022,USD_TREAS_MMF,Institutional USD Treasury Money Market Fund,Money Market,Cash Equivalents,United States,USD,49660.0,99.36,100.0,4.966,4.934,0.032,0.008,8.76,Bloomberg Global Aggregate,0.0,N/A,1
P-165,CLT-1022,US_10Y_UST,US Treasury 10-Yr Benchmark Note,Government Bonds,Sovereign Debt,United States,USD,31512.0,100.91,96.98,3.056,3.18,-0.124,-0.047,5.39,Bloomberg Global Aggregate,7.5,BBB+,1
P-165,CLT-1022,GOOGL,Alphabet Inc.,Equity,Communication,United States,USD,7591.0,304.34,371.25,2.818,2.31,0.508,0.151,4.97,Bloomberg Global Aggregate,0.0,N/A,1
P-165,CLT-1022,INFRA_GLOBAL_TRUST,Global Infrastructure Core Income Note,Alternatives,Infrastructure,Global,USD,8855.0,145.78,139.81,1.238,1.291,-0.053,-0.02,2.18,Bloomberg Global Aggregate,0.0,N/A,3
P-166,CLT-1022,ASML_NA,ASML Holding NV,Equity,Technology,Netherlands,EUR,1267430.0,125.6,139.27,176.515,159.189,17.326,1.971,31.84,MSCI World,0.0,N/A,1
P-166,CLT-1022,AMZN,Amazon.com Inc.,Equity,Consumer Discretionary,United States,USD,724889.0,160.45,210.37,152.495,116.308,36.187,13.02,27.5,MSCI World,0.0,N/A,1
P-166,CLT-1022,GLD_ETF,SPDR Gold Shares Institutional Trust,ETF,Commodities,United States,USD,243972.0,361.58,359.41,87.686,88.215,-0.529,-0.067,15.82,MSCI World,0.0,N/A,1
P-166,CLT-1022,US_10Y_UST,US Treasury 10-Yr Benchmark Note,Government Bonds,Sovereign Debt,United States,USD,758046.0,98.76,97.94,74.243,74.865,-0.622,-0.117,13.39,MSCI World,7.2,BBB+,1
P-166,CLT-1022,XOM,Exxon Mobil Corp.,Equity,Energy,United States,USD,157043.0,143.27,147.03,23.09,22.5,0.59,0.231,4.16,MSCI World,0.0,N/A,1
P-166,CLT-1022,USD_TREAS_MMF,Institutional USD Treasury Money Market Fund,Money Market,Cash Equivalents,United States,USD,221710.0,98.04,100.0,22.171,21.736,0.435,0.145,4.0,MSCI World,0.0,N/A,1
P-166,CLT-1022,GOOGL,Alphabet Inc.,Equity,Communication,United States,USD,38010.0,304.59,342.99,13.037,11.577,1.46,0.495,2.35,MSCI World,0.0,N/A,1
P-166,CLT-1022,TCS_IN,Tata Consultancy Services,Equity,Technology,India,INR,47120.0,82.13,110.23,5.194,3.87,1.324,0.142,0.94,MSCI World,0.0,N/A,1
P-167,CLT-1023,6758_JP,Sony Group Corp.,Equity,Consumer Discretionary,Japan,JPY,168187.0,160.45,217.93,36.653,26.986,9.667,3.787,22.03,MSCI World,0.0,N/A,1
P-167,CLT-1023,AAPL,Apple Inc.,Equity,Technology,United States,USD,220271.0,109.5,106.95,23.558,24.12,-0.562,-0.064,14.16,MSCI World,0.0,N/A,1
P-167,CLT-1023,7203_JP,Toyota Motor Corp.,Equity,Consumer Discretionary,Japan,JPY,148496.0,110.24,142.59,21.174,16.37,4.804,1.076,12.73,MSCI World,0.0,N/A,1
P-167,CLT-1023,PLD_REIT,Prologis Global Logistics REIT,REIT,Real Estate,United States,USD,49783.0,379.14,408.23,20.323,18.875,1.448,0.47,12.22,MSCI World,0.0,N/A,2
P-167,CLT-1023,US_5Y_UST,US Treasury 5-Yr Benchmark Note,Government Bonds,Sovereign Debt,United States,USD,177760.0,98.49,99.55,17.696,17.508,0.188,0.055,10.64,MSCI World,5.4,BBB+,1
P-167,CLT-1023,NOVN_SW,Novartis AG,Equity,Healthcare,Switzerland,CHF,49944.0,260.56,277.13,13.841,13.013,0.828,0.322,8.32,MSCI World,0.0,N/A,1
P-167,CLT-1023,UNH,UnitedHealth Group,Equity,Healthcare,United States,USD,67501.0,149.78,144.71,9.768,10.11,-0.342,-0.067,5.87,MSCI World,0.0,N/A,1
P-167,CLT-1023,LT_IN,Larsen & Toubro Ltd.,Equity,Industrials,India,INR,22153.0,305.45,370.33,8.204,6.767,1.437,0.461,4.93,MSCI World,0.0,N/A,1
P-167,CLT-1023,SHEL_LN,Shell PLC,Equity,Energy,United Kingdom,GBP,39127.0,182.27,177.22,6.934,7.132,-0.198,-0.024,4.17,MSCI World,0.0,N/A,1
P-167,CLT-1023,XOM,Exxon Mobil Corp.,Equity,Energy,United States,USD,39454.0,104.31,131.09,5.172,4.115,1.057,0.291,3.11,MSCI World,0.0,N/A,1
P-167,CLT-1023,USD_TREAS_MMF,Institutional USD Treasury Money Market Fund,Money Market,Cash Equivalents,United States,USD,30470.0,99.52,100.0,3.047,3.032,0.015,0.002,1.83,MSCI World,0.0,N/A,1
P-168,CLT-1023,DBS_SP,DBS Group Holdings,Equity,Financials,Singapore,SGD,1577417.0,175.84,156.0,246.077,277.373,-31.296,-4.609,25.09,Bloomberg Global Aggregate,0.0,N/A,1
P-168,CLT-1023,UK_10Y_GILT,UK Gilt 3.75% 2033,Government Bonds,Sovereign Debt,United Kingdom,GBP,2130460.0,95.6,100.92,215.006,203.672,11.334,3.503,21.93,Bloomberg Global Aggregate,3.7,AA,1
P-168,CLT-1023,XOM,Exxon Mobil Corp.,Equity,Energy,United States,USD,1696561.0,89.74,109.33,185.485,152.249,33.236,12.979,18.92,Bloomberg Global Aggregate,0.0,N/A,1
P-168,CLT-1023,EUR_LIQUIDITY_FUND,EUR Institutional Liquidity Master Fund,Money Market,Cash Equivalents,Europe,EUR,1160150.0,99.1,100.0,116.015,114.971,1.044,0.12,11.83,Bloomberg Global Aggregate,0.0,N/A,1
P-168,CLT-1023,6758_JP,Sony Group Corp.,Equity,Consumer Discretionary,Japan,JPY,567872.0,132.53,169.54,96.277,75.26,21.017,3.198,9.82,Bloomberg Global Aggregate,0.0,N/A,1
P-168,CLT-1023,LT_IN,Larsen & Toubro Ltd.,Equity,Industrials,India,INR,110015.0,331.78,430.84,47.399,36.501,10.898,2.907,4.83,Bloomberg Global Aggregate,0.0,N/A,1
P-168,CLT-1023,JGB_10Y,Japan Government Bond 10-Yr 0.8%,Government Bonds,Sovereign Debt,Japan,JPY,411578.0,104.01,99.15,40.808,42.808,-2.0,-0.261,4.16,Bloomberg Global Aggregate,7.2,AAA,1
P-168,CLT-1023,NOVN_SW,Novartis AG,Equity,Healthcare,Switzerland,CHF,337879.0,42.63,54.78,18.509,14.404,4.105,1.621,1.89,Bloomberg Global Aggregate,0.0,N/A,1
P-168,CLT-1023,BHARTIARTL_IN,Bharti Airtel Ltd.,Equity,Communication,India,INR,147072.0,79.84,102.29,15.044,11.742,3.302,0.699,1.53,Bloomberg Global Aggregate,0.0,N/A,1
P-169,CLT-1023,JPM,JPMorgan Chase & Co.,Equity,Financials,United States,USD,1790896.0,320.79,412.03,737.903,574.502,163.401,32.593,31.36,S&P 500,0.0,N/A,1
P-169,CLT-1023,PLD_REIT,Prologis Global Logistics REIT,REIT,Real Estate,United States,USD,6341607.0,62.22,67.08,425.395,394.575,30.82,4.635,18.08,S&P 500,0.0,N/A,2
P-169,CLT-1023,SHEL_LN,Shell PLC,Equity,Energy,United Kingdom,GBP,952345.0,218.37,279.55,266.228,207.964,58.264,12.731,11.31,S&P 500,0.0,N/A,1
P-169,CLT-1023,AMZN,Amazon.com Inc.,Equity,Consumer Discretionary,United States,USD,3706457.0,51.38,61.79,229.022,190.438,38.584,5.859,9.73,S&P 500,0.0,N/A,1
P-169,CLT-1023,MSFT,Microsoft Corp.,Equity,Technology,United States,USD,1350269.0,146.94,135.89,183.488,198.409,-14.921,-2.745,7.8,S&P 500,0.0,N/A,1
P-169,CLT-1023,OPERATING_CASH,Operational Custody Cash Balance,Cash,Cash Equivalents,Global,USD,1452080.0,98.24,100.0,145.208,142.652,2.556,0.282,6.17,S&P 500,0.0,N/A,1
P-169,CLT-1023,ICICIBANK_IN,ICICI Bank Ltd.,Equity,Financials,India,INR,343649.0,310.84,297.67,102.294,106.82,-4.526,-0.853,4.35,S&P 500,0.0,N/A,1
P-169,CLT-1023,JGB_10Y,Japan Government Bond 10-Yr 0.8%,Government Bonds,Sovereign Debt,Japan,JPY,874271.0,95.72,97.36,85.119,83.685,1.434,0.17,3.62,S&P 500,4.8,AA+,1
P-169,CLT-1023,IND_10Y_GSEC,India Sovereign G-Sec 7.18% 2033,Government Bonds,Sovereign Debt,India,INR,706065.0,94.61,97.45,68.806,66.801,2.005,0.68,2.92,S&P 500,4.7,BBB+,1
P-169,CLT-1023,INR_OVERNIGHT_CASH,Institutional INR Overnight Liquid Fund,Money Market,Cash Equivalents,India,INR,624050.0,98.4,100.0,62.405,61.407,0.998,0.396,2.65,S&P 500,0.0,N/A,1
P-169,CLT-1023,NVDA,NVIDIA Corp.,Equity,Technology,United States,USD,129920.0,355.27,362.77,47.131,46.157,0.974,0.257,2.0,S&P 500,0.0,N/A,1
P-170,CLT-1024,6758_JP,Sony Group Corp.,Equity,Consumer Discretionary,Japan,JPY,512917.0,345.35,288.85,148.156,177.136,-28.98,-9.946,27.44,Bloomberg Global Aggregate,0.0,N/A,1
P-170,CLT-1024,GLD_ETF,SPDR Gold Shares Institutional Trust,ETF,Commodities,United States,USD,603935.0,127.56,162.37,98.061,77.038,21.023,5.077,18.16,Bloomberg Global Aggregate,0.0,N/A,1
P-170,CLT-1024,USD_TREAS_MMF,Institutional USD Treasury Money Market Fund,Money Market,Cash Equivalents,United States,USD,843400.0,99.16,100.0,84.34,83.632,0.708,0.195,15.62,Bloomberg Global Aggregate,0.0,N/A,1
P-170,CLT-1024,DBS_SP,DBS Group Holdings,Equity,Financials,Singapore,SGD,502180.0,157.36,143.1,71.862,79.023,-7.161,-1.249,13.31,Bloomberg Global Aggregate,0.0,N/A,1
P-170,CLT-1024,US_5Y_UST,US Treasury 5-Yr Benchmark Note,Government Bonds,Sovereign Debt,United States,USD,733701.0,93.75,95.13,69.797,68.784,1.013,0.342,12.93,Bloomberg Global Aggregate,7.0,AA+,1
P-170,CLT-1024,ASML_NA,ASML Holding NV,Equity,Technology,Netherlands,EUR,162106.0,204.54,280.28,45.435,33.157,12.278,2.659,8.41,Bloomberg Global Aggregate,0.0,N/A,1
P-170,CLT-1024,TCS_IN,Tata Consultancy Services,Equity,Technology,India,INR,25073.0,308.36,424.08,10.633,7.732,2.901,0.441,1.97,Bloomberg Global Aggregate,0.0,N/A,1
P-170,CLT-1024,MSFT,Microsoft Corp.,Equity,Technology,United States,USD,55359.0,144.9,144.62,8.006,8.022,-0.016,-0.005,1.48,Bloomberg Global Aggregate,0.0,N/A,1
P-170,CLT-1024,INFY_IN,Infosys Ltd.,Equity,Technology,India,INR,18909.0,168.08,193.51,3.659,3.178,0.481,0.15,0.68,Bloomberg Global Aggregate,0.0,N/A,1
P-171,CLT-1024,GLD_ETF,SPDR Gold Shares Institutional Trust,ETF,Commodities,United States,USD,4936831.0,76.56,65.19,321.832,377.964,-56.132,-15.745,31.56,Bloomberg Global Aggregate,0.0,N/A,1
P-171,CLT-1024,INFRA_GLOBAL_TRUST,Global Infrastructure Core Income Note,Alternatives,Infrastructure,Global,USD,4460790.0,53.3,57.97,258.592,237.76,20.832,4.156,25.36,Bloomberg Global Aggregate,0.0,N/A,3
P-171,CLT-1024,HDFCBANK_IN,HDFC Bank Ltd.,Equity,Financials,India,INR,567955.0,232.5,295.65,167.916,132.05,35.866,7.253,16.47,Bloomberg Global Aggregate,0.0,N/A,1
P-171,CLT-1024,ICICIBANK_IN,ICICI Bank Ltd.,Equity,Financials,India,INR,939130.0,95.31,120.98,113.616,89.508,24.108,8.69,11.14,Bloomberg Global Aggregate,0.0,N/A,1
P-171,CLT-1024,CORP_HY_USD,US High Yield Corporate Credit Note,Corporate Bonds,Corporate Credit,United States,USD,735216.0,96.57,92.77,68.206,71.0,-2.794,-0.87,6.69,Bloomberg Global Aggregate,4.2,AAA,3
P-171,CLT-1024,NOVN_SW,Novartis AG,Equity,Healthcare,Switzerland,CHF,88927.0,298.46,388.59,34.556,26.541,8.015,3.111,3.39,Bloomberg Global Aggregate,0.0,N/A,1
P-171,CLT-1024,TCS_IN,Tata Consultancy Services,Equity,Technology,India,INR,138072.0,148.01,199.44,27.537,20.436,7.101,1.553,2.7,Bloomberg Global Aggregate,0.0,N/A,1
P-171,CLT-1024,EUR_LIQUIDITY_FUND,EUR Institutional Liquidity Master Fund,Money Market,Cash Equivalents,Europe,EUR,274250.0,99.62,100.0,27.425,27.321,0.104,0.02,2.69,Bloomberg Global Aggregate,0.0,N/A,1
P-172,CLT-1024,INFY_IN,Infosys Ltd.,Equity,Technology,India,INR,34357.0,247.8,316.21,10.864,8.514,2.35,0.502,26.92,MSCI World,0.0,N/A,1
P-172,CLT-1024,GER_10Y_BUND,Germany Bund 2.60% 2033,Government Bonds,Sovereign Debt,Germany,EUR,86852.0,103.48,101.54,8.819,8.987,-0.168,-0.026,21.85,MSCI World,3.5,BBB+,1
P-172,CLT-1024,CORP_HY_USD,US High Yield Corporate Credit Note,Corporate Bonds,Corporate Credit,United States,USD,46091.0,89.96,97.09,4.475,4.146,0.329,0.128,11.09,MSCI World,3.7,BBB+,3
P-172,CLT-1024,DBS_SP,DBS Group Holdings,Equity,Financials,Singapore,SGD,22443.0,139.28,177.29,3.979,3.126,0.853,0.242,9.86,MSCI World,0.0,N/A,1
P-172,CLT-1024,TCS_IN,Tata Consultancy Services,Equity,Technology,India,INR,12110.0,348.24,305.86,3.704,4.217,-0.513,-0.128,9.18,MSCI World,0.0,N/A,1
P-172,CLT-1024,6758_JP,Sony Group Corp.,Equity,Consumer Discretionary,Japan,JPY,17493.0,211.3,182.47,3.192,3.696,-0.504,-0.103,7.91,MSCI World,0.0,N/A,1
P-172,CLT-1024,BHARTIARTL_IN,Bharti Airtel Ltd.,Equity,Communication,India,INR,17041.0,151.16,177.81,3.03,2.576,0.454,0.177,7.51,MSCI World,0.0,N/A,1
P-172,CLT-1024,USD_TREAS_MMF,Institutional USD Treasury Money Market Fund,Money Market,Cash Equivalents,United States,USD,22970.0,98.35,100.0,2.297,2.259,0.038,0.011,5.69,MSCI World,0.0,N/A,1
P-173,CLT-1025,7203_JP,Toyota Motor Corp.,Equity,Consumer Discretionary,Japan,JPY,183038.0,399.27,338.17,61.898,73.082,-11.184,-2.589,22.65,MSCI World,0.0,N/A,1
P-173,CLT-1025,JGB_10Y,Japan Government Bond 10-Yr 0.8%,Government Bonds,Sovereign Debt,Japan,JPY,535440.0,101.17,97.46,52.184,54.17,-1.986,-0.445,19.1,MSCI World,7.6,AA,1
P-173,CLT-1025,AAPL,Apple Inc.,Equity,Technology,United States,USD,129637.0,306.12,268.41,34.796,39.684,-4.888,-1.192,12.73,MSCI World,0.0,N/A,1
P-173,CLT-1025,SHEL_LN,Shell PLC,Equity,Energy,United Kingdom,GBP,55002.0,333.99,395.62,21.76,18.37,3.39,1.038,7.96,MSCI World,0.0,N/A,1
P-173,CLT-1025,LT_IN,Larsen & Toubro Ltd.,Equity,Industrials,India,INR,187346.0,133.59,115.06,21.556,25.028,-3.472,-1.228,7.89,MSCI World,0.0,N/A,1
P-173,CLT-1025,AZN_LN,AstraZeneca PLC,Equity,Healthcare,United Kingdom,GBP,126893.0,168.22,167.96,21.313,21.346,-0.033,-0.013,7.8,MSCI World,0.0,N/A,1
P-173,CLT-1025,AMZN,Amazon.com Inc.,Equity,Consumer Discretionary,United States,USD,216767.0,87.06,79.68,17.272,18.872,-1.6,-0.34,6.32,MSCI World,0.0,N/A,1
P-173,CLT-1025,6758_JP,Sony Group Corp.,Equity,Consumer Discretionary,Japan,JPY,48983.0,304.34,342.79,16.791,14.907,1.884,0.696,6.14,MSCI World,0.0,N/A,1
P-173,CLT-1025,RELIANCE_IN,Reliance Industries Ltd.,Equity,Energy,India,INR,122260.0,75.69,87.24,10.666,9.254,1.412,0.401,3.9,MSCI World,0.0,N/A,1
P-173,CLT-1025,IND_10Y_GSEC,India Sovereign G-Sec 7.18% 2033,Government Bonds,Sovereign Debt,India,INR,91392.0,104.07,98.28,8.982,9.511,-0.529,-0.202,3.29,MSCI World,4.3,A,1
P-173,CLT-1025,GOOGL,Alphabet Inc.,Equity,Communication,United States,USD,29272.0,128.71,112.84,3.303,3.768,-0.465,-0.075,1.21,MSCI World,0.0,N/A,1
P-173,CLT-1025,USD_TREAS_MMF,Institutional USD Treasury Money Market Fund,Money Market,Cash Equivalents,United States,USD,27380.0,99.46,100.0,2.738,2.723,0.015,0.005,1.0,MSCI World,0.0,N/A,1
P-174,CLT-1025,EUR_LIQUIDITY_FUND,EUR Institutional Liquidity Master Fund,Money Market,Cash Equivalents,Europe,EUR,4931800.0,98.93,100.0,493.18,487.903,5.277,0.614,20.75,Bloomberg Global Aggregate,0.0,N/A,1
P-174,CLT-1025,SHEL_LN,Shell PLC,Equity,Energy,United Kingdom,GBP,8932331.0,59.29,51.53,460.283,529.598,-69.315,-24.064,19.37,Bloomberg Global Aggregate,0.0,N/A,1
P-174,CLT-1025,SAP_GY,SAP SE,Equity,Technology,Germany,EUR,1138642.0,275.52,300.04,341.638,313.719,27.919,3.604,14.37,Bloomberg Global Aggregate,0.0,N/A,1
P-174,CLT-1025,NOVN_SW,Novartis AG,Equity,Healthcare,Switzerland,CHF,2379944.0,112.78,132.78,316.009,268.41,47.599,18.712,13.3,Bloomberg Global Aggregate,0.0,N/A,1
P-174,CLT-1025,AZN_LN,AstraZeneca PLC,Equity,Healthcare,United Kingdom,GBP,1250929.0,270.64,239.43,299.51,338.551,-39.041,-13.097,12.6,Bloomberg Global Aggregate,0.0,N/A,1
P-174,CLT-1025,UNH,UnitedHealth Group,Equity,Healthcare,United States,USD,778115.0,180.44,238.38,185.487,140.403,45.084,8.093,7.8,Bloomberg Global Aggregate,0.0,N/A,1
P-174,CLT-1025,GOOGL,Alphabet Inc.,Equity,Communication,United States,USD,300062.0,295.8,306.75,92.044,88.758,3.286,0.694,3.87,Bloomberg Global Aggregate,0.0,N/A,1
P-174,CLT-1025,IND_10Y_GSEC,India Sovereign G-Sec 7.18% 2033,Government Bonds,Sovereign Debt,India,INR,847009.0,100.36,96.96,82.126,85.006,-2.88,-0.327,3.46,Bloomberg Global Aggregate,5.6,AA,1
P-174,CLT-1025,GLD_ETF,SPDR Gold Shares Institutional Trust,ETF,Commodities,United States,USD,446996.0,144.79,140.5,62.803,64.721,-1.918,-0.227,2.64,Bloomberg Global Aggregate,0.0,N/A,1
P-174,CLT-1025,ASML_NA,ASML Holding NV,Equity,Technology,Netherlands,EUR,103061.0,293.93,350.89,36.163,30.293,5.87,0.738,1.52,Bloomberg Global Aggregate,0.0,N/A,1
P-174,CLT-1025,UK_10Y_GILT,UK Gilt 3.75% 2033,Government Bonds,Sovereign Debt,United Kingdom,GBP,77724.0,94.97,96.47,7.498,7.381,0.117,0.046,0.32,Bloomberg Global Aggregate,6.3,BBB+,1
