Date,Portfolio_ID,Client_ID,Ending_NAV_USD_M,Monthly_Return,Benchmark_Monthly_Return,Net_Cash_Flow_USD_M,Benchmark
2021-01-31,P-101,CLT-1001,698.689,0.01169,0.01155,0.0,Bloomberg Global Aggregate
2021-02-28,P-101,CLT-1001,696.851,-0.00263,-0.00084,0.0,Bloomberg Global Aggregate
2021-03-31,P-101,CLT-1001,712.827,0.02293,0.02435,0.0,Bloomberg Global Aggregate
2021-04-30,P-101,CLT-1001,716.392,0.005,0.00166,0.0,Bloomberg Global Aggregate
2021-05-31,P-101,CLT-1001,702.186,-0.01983,-0.00557,0.0,Bloomberg Global Aggregate
2021-06-30,P-101,CLT-1001,723.361,0.03016,0.0198,0.0,Bloomberg Global Aggregate
2021-07-31,P-101,CLT-1001,704.796,-0.02567,-0.0232,0.0,Bloomberg Global Aggregate
2021-08-31,P-101,CLT-1001,715.717,0.0155,0.01257,0.0,Bloomberg Global Aggregate
2021-09-30,P-101,CLT-1001,707.598,-0.01134,-0.01639,0.0,Bloomberg Global Aggregate
2021-10-31,P-101,CLT-1001,724.774,0.02427,0.02715,-19.73,Bloomberg Global Aggregate
2021-11-30,P-101,CLT-1001,723.977,-0.0011,-0.00173,0.0,Bloomberg Global Aggregate
2021-12-31,P-101,CLT-1001,716.331,-0.01056,0.0057,0.0,Bloomberg Global Aggregate
2022-01-31,P-101,CLT-1001,719.337,0.0042,-0.00409,0.0,Bloomberg Global Aggregate
2022-02-28,P-101,CLT-1001,692.961,-0.03667,-0.04804,0.0,Bloomberg Global Aggregate
2022-03-31,P-101,CLT-1001,667.088,-0.03734,-0.02404,0.0,Bloomberg Global Aggregate
2022-04-30,P-101,CLT-1001,671.048,0.00594,0.00775,0.0,Bloomberg Global Aggregate
2022-05-31,P-101,CLT-1001,667.916,-0.00467,0.00445,0.0,Bloomberg Global Aggregate
2022-06-30,P-101,CLT-1001,663.704,-0.00631,-0.00652,0.0,Bloomberg Global Aggregate
2022-07-31,P-101,CLT-1001,644.054,-0.02961,-0.03715,0.0,Bloomberg Global Aggregate
2022-08-31,P-101,CLT-1001,650.305,0.00971,-0.00085,0.0,Bloomberg Global Aggregate
2022-09-30,P-101,CLT-1001,658.953,0.0133,0.00155,0.0,Bloomberg Global Aggregate
2022-10-31,P-101,CLT-1001,660.58,0.00247,-0.01095,0.0,Bloomberg Global Aggregate
2022-11-30,P-101,CLT-1001,667.806,0.01094,0.01112,0.0,Bloomberg Global Aggregate
2022-12-31,P-101,CLT-1001,645.742,-0.03304,-0.02466,0.0,Bloomberg Global Aggregate
2023-01-31,P-101,CLT-1001,642.111,-0.00562,-0.0064,0.0,Bloomberg Global Aggregate
2023-02-28,P-101,CLT-1001,618.968,-0.03604,-0.04345,33.04,Bloomberg Global Aggregate
2023-03-31,P-101,CLT-1001,625.983,0.01133,0.02043,0.0,Bloomberg Global Aggregate
2023-04-30,P-101,CLT-1001,641.993,0.02558,0.00906,0.0,Bloomberg Global Aggregate
2023-05-31,P-101,CLT-1001,630.032,-0.01863,-0.02839,0.0,Bloomberg Global Aggregate
2023-06-30,P-101,CLT-1001,611.212,-0.02987,-0.02983,0.0,Bloomberg Global Aggregate
2023-07-31,P-101,CLT-1001,600.382,-0.01772,-0.01321,16.06,Bloomberg Global Aggregate
2023-08-31,P-101,CLT-1001,608.737,0.01392,0.01806,0.0,Bloomberg Global Aggregate
2023-09-30,P-101,CLT-1001,608.727,-2e-05,-0.00247,0.0,Bloomberg Global Aggregate
2023-10-31,P-101,CLT-1001,601.315,-0.01218,-0.01193,0.0,Bloomberg Global Aggregate
2023-11-30,P-101,CLT-1001,598.016,-0.00549,-0.01571,0.0,Bloomberg Global Aggregate
2023-12-31,P-101,CLT-1001,587.371,-0.0178,-0.01655,-31.58,Bloomberg Global Aggregate
2024-01-31,P-101,CLT-1001,571.606,-0.02684,-0.03312,41.18,Bloomberg Global Aggregate
2024-02-29,P-101,CLT-1001,561.345,-0.01795,-0.01949,0.0,Bloomberg Global Aggregate
2024-03-31,P-101,CLT-1001,554.196,-0.01274,-0.01692,0.0,Bloomberg Global Aggregate
2024-04-30,P-101,CLT-1001,562.913,0.01573,0.01598,0.0,Bloomberg Global Aggregate
2024-05-31,P-101,CLT-1001,567.489,0.00813,6e-05,0.0,Bloomberg Global Aggregate
2024-06-30,P-101,CLT-1001,565.15,-0.00412,-0.01232,0.0,Bloomberg Global Aggregate
2024-07-31,P-101,CLT-1001,594.752,0.05238,0.04651,0.0,Bloomberg Global Aggregate
2024-08-31,P-101,CLT-1001,593.499,-0.00211,-0.00929,0.0,Bloomberg Global Aggregate
2024-09-30,P-101,CLT-1001,604.468,0.01848,0.02507,0.0,Bloomberg Global Aggregate
2024-10-31,P-101,CLT-1001,627.587,0.03825,0.03358,0.0,Bloomberg Global Aggregate
2024-11-30,P-101,CLT-1001,619.167,-0.01342,-0.02629,0.0,Bloomberg Global Aggregate
2024-12-31,P-101,CLT-1001,625.796,0.01071,0.00455,0.0,Bloomberg Global Aggregate
2025-01-31,P-101,CLT-1001,617.101,-0.01389,-0.00654,0.0,Bloomberg Global Aggregate
2025-02-28,P-101,CLT-1001,612.955,-0.00672,-0.00807,0.0,Bloomberg Global Aggregate
2025-03-31,P-101,CLT-1001,624.422,0.01871,0.01359,0.0,Bloomberg Global Aggregate
2025-04-30,P-101,CLT-1001,616.026,-0.01345,-0.00852,46.36,Bloomberg Global Aggregate
2025-05-31,P-101,CLT-1001,605.926,-0.0164,-0.00614,0.0,Bloomberg Global Aggregate
2025-06-30,P-101,CLT-1001,605.321,-0.001,1e-05,23.4,Bloomberg Global Aggregate
2025-07-31,P-101,CLT-1001,600.105,-0.00862,-0.00384,0.0,Bloomberg Global Aggregate
2025-08-31,P-101,CLT-1001,589.791,-0.01719,-0.01885,0.0,Bloomberg Global Aggregate
2025-09-30,P-101,CLT-1001,593.198,0.00578,0.0181,0.0,Bloomberg Global Aggregate
2025-10-31,P-101,CLT-1001,610.783,0.02964,0.02284,0.0,Bloomberg Global Aggregate
2025-11-30,P-101,CLT-1001,614.312,0.00578,0.00961,0.0,Bloomberg Global Aggregate
2025-12-31,P-101,CLT-1001,618.445,0.00673,-0.0039,0.0,Bloomberg Global Aggregate
2026-01-31,P-101,CLT-1001,611.81,-0.01073,-0.01007,0.0,Bloomberg Global Aggregate
2026-02-28,P-101,CLT-1001,606.63,-0.00847,-0.01004,0.0,Bloomberg Global Aggregate
2021-01-31,P-102,CLT-1001,4163.048,0.00939,0.01155,0.0,Bloomberg Global Aggregate
2021-02-28,P-102,CLT-1001,4124.239,-0.00932,-0.00084,134.79,Bloomberg Global Aggregate
2021-03-31,P-102,CLT-1001,4349.837,0.0547,0.02435,0.0,Bloomberg Global Aggregate
2021-04-30,P-102,CLT-1001,4330.408,-0.00447,0.00166,0.0,Bloomberg Global Aggregate
2021-05-31,P-102,CLT-1001,4360.629,0.00698,-0.00557,0.0,Bloomberg Global Aggregate
2021-06-30,P-102,CLT-1001,4388.239,0.00633,0.0198,0.0,Bloomberg Global Aggregate
2021-07-31,P-102,CLT-1001,4306.363,-0.01866,-0.0232,0.0,Bloomberg Global Aggregate
2021-08-31,P-102,CLT-1001,4385.691,0.01842,0.01257,0.0,Bloomberg Global Aggregate
2021-09-30,P-102,CLT-1001,4312.351,-0.01672,-0.01639,0.0,Bloomberg Global Aggregate
2021-10-31,P-102,CLT-1001,4399.02,0.0201,0.02715,0.0,Bloomberg Global Aggregate
2021-11-30,P-102,CLT-1001,4377.034,-0.005,-0.00173,0.0,Bloomberg Global Aggregate
2021-12-31,P-102,CLT-1001,4380.153,0.00071,0.0057,0.0,Bloomberg Global Aggregate
2022-01-31,P-102,CLT-1001,4491.378,0.02539,-0.00409,0.0,Bloomberg Global Aggregate
2022-02-28,P-102,CLT-1001,4274.217,-0.04835,-0.04804,0.0,Bloomberg Global Aggregate
2022-03-31,P-102,CLT-1001,4198.897,-0.01762,-0.02404,-304.47,Bloomberg Global Aggregate
2022-04-30,P-102,CLT-1001,4323.222,0.02961,0.00775,0.0,Bloomberg Global Aggregate
2022-05-31,P-102,CLT-1001,4295.769,-0.00635,0.00445,-203.56,Bloomberg Global Aggregate
2022-06-30,P-102,CLT-1001,4269.604,-0.00609,-0.00652,0.0,Bloomberg Global Aggregate
2022-07-31,P-102,CLT-1001,4096.713,-0.04049,-0.03715,0.0,Bloomberg Global Aggregate
2022-08-31,P-102,CLT-1001,4088.779,-0.00194,-0.00085,0.0,Bloomberg Global Aggregate
2022-09-30,P-102,CLT-1001,4086.007,-0.00068,0.00155,0.0,Bloomberg Global Aggregate
2022-10-31,P-102,CLT-1001,4004.386,-0.01998,-0.01095,0.0,Bloomberg Global Aggregate
2022-11-30,P-102,CLT-1001,4058.398,0.01349,0.01112,0.0,Bloomberg Global Aggregate
2022-12-31,P-102,CLT-1001,3905.21,-0.03775,-0.02466,0.0,Bloomberg Global Aggregate
2023-01-31,P-102,CLT-1001,3927.548,0.00572,-0.0064,193.73,Bloomberg Global Aggregate
2023-02-28,P-102,CLT-1001,3786.839,-0.03583,-0.04345,0.0,Bloomberg Global Aggregate
2023-03-31,P-102,CLT-1001,3841.109,0.01433,0.02043,0.0,Bloomberg Global Aggregate
2023-04-30,P-102,CLT-1001,3854.771,0.00356,0.00906,0.0,Bloomberg Global Aggregate
2023-05-31,P-102,CLT-1001,3758.261,-0.02504,-0.02839,0.0,Bloomberg Global Aggregate
2023-06-30,P-102,CLT-1001,3609.152,-0.03968,-0.02983,0.0,Bloomberg Global Aggregate
2023-07-31,P-102,CLT-1001,3641.732,0.00903,-0.01321,0.0,Bloomberg Global Aggregate
2023-08-31,P-102,CLT-1001,3723.401,0.02243,0.01806,0.0,Bloomberg Global Aggregate
2023-09-30,P-102,CLT-1001,3732.084,0.00233,-0.00247,0.0,Bloomberg Global Aggregate
2023-10-31,P-102,CLT-1001,3718.679,-0.00359,-0.01193,-160.62,Bloomberg Global Aggregate
2023-11-30,P-102,CLT-1001,3633.656,-0.02286,-0.01571,0.0,Bloomberg Global Aggregate
2023-12-31,P-102,CLT-1001,3622.022,-0.0032,-0.01655,0.0,Bloomberg Global Aggregate
2024-01-31,P-102,CLT-1001,3507.057,-0.03174,-0.03312,0.0,Bloomberg Global Aggregate
2024-02-29,P-102,CLT-1001,3479.546,-0.00784,-0.01949,0.0,Bloomberg Global Aggregate
2024-03-31,P-102,CLT-1001,3412.094,-0.01939,-0.01692,0.0,Bloomberg Global Aggregate
2024-04-30,P-102,CLT-1001,3521.728,0.03213,0.01598,0.0,Bloomberg Global Aggregate
2024-05-31,P-102,CLT-1001,3539.187,0.00496,6e-05,0.0,Bloomberg Global Aggregate
2024-06-30,P-102,CLT-1001,3590.374,0.01446,-0.01232,0.0,Bloomberg Global Aggregate
2024-07-31,P-102,CLT-1001,3740.934,0.04193,0.04651,-181.23,Bloomberg Global Aggregate
2024-08-31,P-102,CLT-1001,3715.465,-0.00681,-0.00929,0.0,Bloomberg Global Aggregate
2024-09-30,P-102,CLT-1001,3761.384,0.01236,0.02507,0.0,Bloomberg Global Aggregate
2024-10-31,P-102,CLT-1001,3863.128,0.02705,0.03358,0.0,Bloomberg Global Aggregate
2024-11-30,P-102,CLT-1001,3790.808,-0.01872,-0.02629,0.0,Bloomberg Global Aggregate
2024-12-31,P-102,CLT-1001,3860.561,0.0184,0.00455,0.0,Bloomberg Global Aggregate
2025-01-31,P-102,CLT-1001,3975.832,0.02986,-0.00654,0.0,Bloomberg Global Aggregate
2025-02-28,P-102,CLT-1001,3938.896,-0.00929,-0.00807,0.0,Bloomberg Global Aggregate
2025-03-31,P-102,CLT-1001,3947.125,0.00209,0.01359,0.0,Bloomberg Global Aggregate
2025-04-30,P-102,CLT-1001,3949.908,0.0007,-0.00852,0.0,Bloomberg Global Aggregate
2025-05-31,P-102,CLT-1001,3870.793,-0.02003,-0.00614,0.0,Bloomberg Global Aggregate
2025-06-30,P-102,CLT-1001,3897.559,0.00691,1e-05,0.0,Bloomberg Global Aggregate
2025-07-31,P-102,CLT-1001,3858.417,-0.01004,-0.00384,0.0,Bloomberg Global Aggregate
2025-08-31,P-102,CLT-1001,3795.582,-0.01629,-0.01885,0.0,Bloomberg Global Aggregate
2025-09-30,P-102,CLT-1001,3915.054,0.03148,0.0181,0.0,Bloomberg Global Aggregate
2025-10-31,P-102,CLT-1001,3999.029,0.02145,0.02284,0.0,Bloomberg Global Aggregate
2025-11-30,P-102,CLT-1001,4083.194,0.02105,0.00961,0.0,Bloomberg Global Aggregate
2025-12-31,P-102,CLT-1001,4110.957,0.0068,-0.0039,0.0,Bloomberg Global Aggregate
2026-01-31,P-102,CLT-1001,3975.271,-0.03301,-0.01007,213.42,Bloomberg Global Aggregate
2026-02-28,P-102,CLT-1001,3891.21,-0.02115,-0.01004,0.0,Bloomberg Global Aggregate
2021-01-31,P-103,CLT-1001,1223.237,0.0504,0.06903,0.0,S&P 500
2021-02-28,P-103,CLT-1001,1238.685,0.01263,-0.01095,0.0,S&P 500
2021-03-31,P-103,CLT-1001,1224.399,-0.01153,-0.01016,0.0,S&P 500
2021-04-30,P-103,CLT-1001,1230.55,0.00502,-0.01594,0.0,S&P 500
2021-05-31,P-103,CLT-1001,1273.169,0.03463,0.0541,0.0,S&P 500
2021-06-30,P-103,CLT-1001,1333.822,0.04764,0.05455,0.0,S&P 500
2021-07-31,P-103,CLT-1001,1444.463,0.08295,0.0736,0.0,S&P 500
2021-08-31,P-103,CLT-1001,1528.481,0.05817,0.05617,0.0,S&P 500
2021-09-30,P-103,CLT-1001,1437.351,-0.05962,-0.06581,0.0,S&P 500
2021-10-31,P-103,CLT-1001,1448.251,0.00758,0.02256,0.0,S&P 500
2021-11-30,P-103,CLT-1001,1414.766,-0.02312,-0.0393,0.0,S&P 500
2021-12-31,P-103,CLT-1001,1407.649,-0.00503,-0.01411,83.94,S&P 500
2022-01-31,P-103,CLT-1001,1417.634,0.00709,0.00246,0.0,S&P 500
2022-02-28,P-103,CLT-1001,1452.974,0.02493,0.03318,0.0,S&P 500
2022-03-31,P-103,CLT-1001,1390.708,-0.04285,-0.04656,0.0,S&P 500
2022-04-30,P-103,CLT-1001,1228.871,-0.11637,-0.11279,0.0,S&P 500
2022-05-31,P-103,CLT-1001,1208.283,-0.01675,0.00292,0.0,S&P 500
2022-06-30,P-103,CLT-1001,1348.397,0.11596,0.11668,0.0,S&P 500
2022-07-31,P-103,CLT-1001,1325.786,-0.01677,-0.01479,0.0,S&P 500
2022-08-31,P-103,CLT-1001,1337.992,0.00921,-0.00325,-54.31,S&P 500
2022-09-30,P-103,CLT-1001,1405.302,0.05031,0.0769,0.0,S&P 500
2022-10-31,P-103,CLT-1001,1439.74,0.02451,0.02185,0.0,S&P 500
2022-11-30,P-103,CLT-1001,1426.475,-0.00921,0.0046,0.0,S&P 500
2022-12-31,P-103,CLT-1001,1453.09,0.01866,0.015,0.0,S&P 500
2023-01-31,P-103,CLT-1001,1490.069,0.02545,0.02114,0.0,S&P 500
2023-02-28,P-103,CLT-1001,1424.185,-0.04421,-0.04306,0.0,S&P 500
2023-03-31,P-103,CLT-1001,1363.03,-0.04294,-0.05238,0.0,S&P 500
2023-04-30,P-103,CLT-1001,1474.595,0.08185,0.09673,0.0,S&P 500
2023-05-31,P-103,CLT-1001,1520.411,0.03107,0.01808,0.0,S&P 500
2023-06-30,P-103,CLT-1001,1529.067,0.00569,0.01421,0.0,S&P 500
2023-07-31,P-103,CLT-1001,1508.976,-0.01314,0.00542,0.0,S&P 500
2023-08-31,P-103,CLT-1001,1572.816,0.04231,0.04566,0.0,S&P 500
2023-09-30,P-103,CLT-1001,1733.084,0.1019,0.12684,0.0,S&P 500
2023-10-31,P-103,CLT-1001,1796.631,0.03667,0.03378,0.0,S&P 500
2023-11-30,P-103,CLT-1001,1759.304,-0.02078,-0.01758,0.0,S&P 500
2023-12-31,P-103,CLT-1001,1790.808,0.01791,0.00342,0.0,S&P 500
2024-01-31,P-103,CLT-1001,1910.093,0.06661,0.05905,0.0,S&P 500
2024-02-29,P-103,CLT-1001,1845.248,-0.03395,-0.01734,0.0,S&P 500
2024-03-31,P-103,CLT-1001,1917.01,0.03889,0.04895,0.0,S&P 500
2024-04-30,P-103,CLT-1001,1741.476,-0.09157,-0.09761,0.0,S&P 500
2024-05-31,P-103,CLT-1001,1756.926,0.00887,-0.00103,0.0,S&P 500
2024-06-30,P-103,CLT-1001,1849.953,0.05295,0.0386,0.0,S&P 500
2024-07-31,P-103,CLT-1001,2002.586,0.08251,0.06825,0.0,S&P 500
2024-08-31,P-103,CLT-1001,1943.695,-0.02941,-0.02822,0.0,S&P 500
2024-09-30,P-103,CLT-1001,1835.513,-0.05566,-0.05983,0.0,S&P 500
2024-10-31,P-103,CLT-1001,1859.001,0.0128,-0.00246,0.0,S&P 500
2024-11-30,P-103,CLT-1001,1773.27,-0.04612,-0.0424,0.0,S&P 500
2024-12-31,P-103,CLT-1001,1785.808,0.00707,0.0027,-128.55,S&P 500
2025-01-31,P-103,CLT-1001,1795.233,0.00528,0.00928,0.0,S&P 500
2025-02-28,P-103,CLT-1001,1691.114,-0.058,-0.05135,0.0,S&P 500
2025-03-31,P-103,CLT-1001,1770.91,0.04719,0.04674,-88.6,S&P 500
2025-04-30,P-103,CLT-1001,1760.376,-0.00595,0.00232,0.0,S&P 500
2025-05-31,P-103,CLT-1001,1862.144,0.05781,0.05949,0.0,S&P 500
2025-06-30,P-103,CLT-1001,1698.25,-0.08801,-0.07563,0.0,S&P 500
2025-07-31,P-103,CLT-1001,1630.7,-0.03978,-0.0374,-46.05,S&P 500
2025-08-31,P-103,CLT-1001,1693.697,0.03863,0.03345,0.0,S&P 500
2025-09-30,P-103,CLT-1001,1635.39,-0.03443,-0.02733,0.0,S&P 500
2025-10-31,P-103,CLT-1001,1638.607,0.00197,0.00198,0.0,S&P 500
2025-11-30,P-103,CLT-1001,1656.86,0.01114,0.00962,0.0,S&P 500
2025-12-31,P-103,CLT-1001,1693.519,0.02213,0.01689,0.0,S&P 500
2026-01-31,P-103,CLT-1001,1653.856,-0.02342,-0.02171,0.0,S&P 500
2026-02-28,P-103,CLT-1001,1702.17,0.02921,0.01648,0.0,S&P 500
2021-01-31,P-104,CLT-1002,1415.816,-0.0825,-0.06004,0.0,MSCI World
2021-02-28,P-104,CLT-1002,1498.739,0.05857,0.03127,0.0,MSCI World
2021-03-31,P-104,CLT-1002,1621.339,0.0818,0.09212,0.0,MSCI World
2021-04-30,P-104,CLT-1002,1686.965,0.04048,0.0382,54.93,MSCI World
2021-05-31,P-104,CLT-1002,1649.094,-0.02245,-0.01147,0.0,MSCI World
2021-06-30,P-104,CLT-1002,1706.606,0.03488,0.03022,0.0,MSCI World
2021-07-31,P-104,CLT-1002,1838.048,0.07702,0.076,0.0,MSCI World
2021-08-31,P-104,CLT-1002,1958.932,0.06577,0.0739,0.0,MSCI World
2021-09-30,P-104,CLT-1002,1910.034,-0.02496,-0.03385,0.0,MSCI World
2021-10-31,P-104,CLT-1002,1960.071,0.0262,0.02953,0.0,MSCI World
2021-11-30,P-104,CLT-1002,1970.347,0.00524,0.00155,0.0,MSCI World
2021-12-31,P-104,CLT-1002,2031.744,0.03116,0.04193,0.0,MSCI World
2022-01-31,P-104,CLT-1002,2046.39,0.00721,0.00922,0.0,MSCI World
2022-02-28,P-104,CLT-1002,1866.41,-0.08795,-0.10602,0.0,MSCI World
2022-03-31,P-104,CLT-1002,1841.025,-0.0136,-0.0214,-117.53,MSCI World
2022-04-30,P-104,CLT-1002,1846.189,0.00281,0.00148,0.0,MSCI World
2022-05-31,P-104,CLT-1002,1711.387,-0.07302,-0.06687,0.0,MSCI World
2022-06-30,P-104,CLT-1002,1739.527,0.01644,0.01749,0.0,MSCI World
2022-07-31,P-104,CLT-1002,1617.091,-0.07038,-0.07063,0.0,MSCI World
2022-08-31,P-104,CLT-1002,1556.404,-0.03753,-0.04025,-89.65,MSCI World
2022-09-30,P-104,CLT-1002,1613.941,0.03697,0.04931,0.0,MSCI World
2022-10-31,P-104,CLT-1002,1551.101,-0.03894,-0.04383,0.0,MSCI World
2022-11-30,P-104,CLT-1002,1558.423,0.00472,0.01719,0.0,MSCI World
2022-12-31,P-104,CLT-1002,1455.822,-0.06584,-0.08023,0.0,MSCI World
2023-01-31,P-104,CLT-1002,1580.958,0.08596,0.09529,0.0,MSCI World
2023-02-28,P-104,CLT-1002,1575.642,-0.00336,-0.00458,0.0,MSCI World
2023-03-31,P-104,CLT-1002,1607.742,0.02037,0.01216,0.0,MSCI World
2023-04-30,P-104,CLT-1002,1626.163,0.01146,0.01566,0.0,MSCI World
2023-05-31,P-104,CLT-1002,1683.487,0.03525,0.0336,0.0,MSCI World
2023-06-30,P-104,CLT-1002,1611.165,-0.04296,-0.05542,0.0,MSCI World
2023-07-31,P-104,CLT-1002,1630.187,0.01181,0.00794,0.0,MSCI World
2023-08-31,P-104,CLT-1002,1601.484,-0.01761,-0.01941,0.0,MSCI World
2023-09-30,P-104,CLT-1002,1471.918,-0.0809,-0.06255,0.0,MSCI World
2023-10-31,P-104,CLT-1002,1528.666,0.03855,0.04949,0.0,MSCI World
2023-11-30,P-104,CLT-1002,1531.806,0.00205,-0.00657,0.0,MSCI World
2023-12-31,P-104,CLT-1002,1565.868,0.02224,0.01832,0.0,MSCI World
2024-01-31,P-104,CLT-1002,1598.922,0.02111,0.01569,0.0,MSCI World
2024-02-29,P-104,CLT-1002,1596.867,-0.00129,-0.00585,0.0,MSCI World
2024-03-31,P-104,CLT-1002,1759.53,0.10186,0.09084,0.0,MSCI World
2024-04-30,P-104,CLT-1002,1762.867,0.0019,0.00619,0.0,MSCI World
2024-05-31,P-104,CLT-1002,1661.385,-0.05757,-0.05705,0.0,MSCI World
2024-06-30,P-104,CLT-1002,1627.389,-0.02046,-0.00859,0.0,MSCI World
2024-07-31,P-104,CLT-1002,1651.398,0.01475,0.02908,0.0,MSCI World
2024-08-31,P-104,CLT-1002,1672.067,0.01252,0.03046,0.0,MSCI World
2024-09-30,P-104,CLT-1002,1592.112,-0.04782,-0.03737,0.0,MSCI World
2024-10-31,P-104,CLT-1002,1688.746,0.0607,0.04707,0.0,MSCI World
2024-11-30,P-104,CLT-1002,1549.14,-0.08267,-0.06562,0.0,MSCI World
2024-12-31,P-104,CLT-1002,1628.688,0.05135,0.05606,0.0,MSCI World
2025-01-31,P-104,CLT-1002,1528.459,-0.06154,-0.04706,0.0,MSCI World
2025-02-28,P-104,CLT-1002,1514.78,-0.00895,-0.0013,0.0,MSCI World
2025-03-31,P-104,CLT-1002,1594.598,0.05269,0.05273,105.68,MSCI World
2025-04-30,P-104,CLT-1002,1601.851,0.00455,0.01317,0.0,MSCI World
2025-05-31,P-104,CLT-1002,1684.19,0.0514,0.04235,0.0,MSCI World
2025-06-30,P-104,CLT-1002,1764.191,0.0475,0.03406,-104.46,MSCI World
2025-07-31,P-104,CLT-1002,1831.381,0.03808,0.06201,-82.42,MSCI World
2025-08-31,P-104,CLT-1002,1912.278,0.04417,0.05263,0.0,MSCI World
2025-09-30,P-104,CLT-1002,1889.421,-0.01195,-0.01083,0.0,MSCI World
2025-10-31,P-104,CLT-1002,1972.69,0.04407,0.03466,0.0,MSCI World
2025-11-30,P-104,CLT-1002,1850.525,-0.06193,-0.05573,0.0,MSCI World
2025-12-31,P-104,CLT-1002,1857.623,0.00384,0.00574,0.0,MSCI World
2026-01-31,P-104,CLT-1002,1912.037,0.02929,0.04243,0.0,MSCI World
2026-02-28,P-104,CLT-1002,1906.15,-0.00308,0.01377,0.0,MSCI World
2021-01-31,P-105,CLT-1002,2629.869,0.03139,0.01155,0.0,Bloomberg Global Aggregate
2021-02-28,P-105,CLT-1002,2579.916,-0.01899,-0.00084,0.0,Bloomberg Global Aggregate
2021-03-31,P-105,CLT-1002,2720.437,0.05447,0.02435,0.0,Bloomberg Global Aggregate
2021-04-30,P-105,CLT-1002,2756.164,0.01313,0.00166,0.0,Bloomberg Global Aggregate
2021-05-31,P-105,CLT-1002,2770.999,0.00538,-0.00557,-102.42,Bloomberg Global Aggregate
2021-06-30,P-105,CLT-1002,2852.844,0.02954,0.0198,0.0,Bloomberg Global Aggregate
2021-07-31,P-105,CLT-1002,2786.966,-0.02309,-0.0232,0.0,Bloomberg Global Aggregate
2021-08-31,P-105,CLT-1002,2843.182,0.02017,0.01257,0.0,Bloomberg Global Aggregate
2021-09-30,P-105,CLT-1002,2798.985,-0.01555,-0.01639,0.0,Bloomberg Global Aggregate
2021-10-31,P-105,CLT-1002,2901.484,0.03662,0.02715,0.0,Bloomberg Global Aggregate
2021-11-30,P-105,CLT-1002,2904.16,0.00092,-0.00173,0.0,Bloomberg Global Aggregate
2021-12-31,P-105,CLT-1002,2897.471,-0.0023,0.0057,0.0,Bloomberg Global Aggregate
2022-01-31,P-105,CLT-1002,2865.115,-0.01117,-0.00409,0.0,Bloomberg Global Aggregate
2022-02-28,P-105,CLT-1002,2703.412,-0.05644,-0.04804,0.0,Bloomberg Global Aggregate
2022-03-31,P-105,CLT-1002,2677.164,-0.00971,-0.02404,0.0,Bloomberg Global Aggregate
2022-04-30,P-105,CLT-1002,2686.842,0.00362,0.00775,0.0,Bloomberg Global Aggregate
2022-05-31,P-105,CLT-1002,2647.256,-0.01473,0.00445,0.0,Bloomberg Global Aggregate
2022-06-30,P-105,CLT-1002,2650.263,0.00114,-0.00652,0.0,Bloomberg Global Aggregate
2022-07-31,P-105,CLT-1002,2606.524,-0.0165,-0.03715,0.0,Bloomberg Global Aggregate
2022-08-31,P-105,CLT-1002,2635.679,0.01119,-0.00085,-196.13,Bloomberg Global Aggregate
2022-09-30,P-105,CLT-1002,2629.312,-0.00242,0.00155,0.0,Bloomberg Global Aggregate
2022-10-31,P-105,CLT-1002,2560.023,-0.02635,-0.01095,0.0,Bloomberg Global Aggregate
2022-11-30,P-105,CLT-1002,2592.286,0.0126,0.01112,0.0,Bloomberg Global Aggregate
2022-12-31,P-105,CLT-1002,2531.463,-0.02346,-0.02466,-160.53,Bloomberg Global Aggregate
2023-01-31,P-105,CLT-1002,2494.448,-0.01462,-0.0064,146.32,Bloomberg Global Aggregate
2023-02-28,P-105,CLT-1002,2409.628,-0.034,-0.04345,0.0,Bloomberg Global Aggregate
2023-03-31,P-105,CLT-1002,2517.912,0.04494,0.02043,0.0,Bloomberg Global Aggregate
2023-04-30,P-105,CLT-1002,2554.888,0.01469,0.00906,0.0,Bloomberg Global Aggregate
2023-05-31,P-105,CLT-1002,2494.899,-0.02348,-0.02839,-180.75,Bloomberg Global Aggregate
2023-06-30,P-105,CLT-1002,2400.887,-0.03768,-0.02983,0.0,Bloomberg Global Aggregate
2023-07-31,P-105,CLT-1002,2415.491,0.00608,-0.01321,0.0,Bloomberg Global Aggregate
2023-08-31,P-105,CLT-1002,2464.357,0.02023,0.01806,0.0,Bloomberg Global Aggregate
2023-09-30,P-105,CLT-1002,2449.19,-0.00615,-0.00247,0.0,Bloomberg Global Aggregate
2023-10-31,P-105,CLT-1002,2429.233,-0.00815,-0.01193,-49.99,Bloomberg Global Aggregate
2023-11-30,P-105,CLT-1002,2411.79,-0.00718,-0.01571,0.0,Bloomberg Global Aggregate
2023-12-31,P-105,CLT-1002,2383.116,-0.01189,-0.01655,0.0,Bloomberg Global Aggregate
2024-01-31,P-105,CLT-1002,2344.866,-0.01605,-0.03312,0.0,Bloomberg Global Aggregate
2024-02-29,P-105,CLT-1002,2316.775,-0.01198,-0.01949,0.0,Bloomberg Global Aggregate
2024-03-31,P-105,CLT-1002,2276.979,-0.01718,-0.01692,0.0,Bloomberg Global Aggregate
2024-04-30,P-105,CLT-1002,2330.908,0.02368,0.01598,0.0,Bloomberg Global Aggregate
2024-05-31,P-105,CLT-1002,2351.677,0.00891,6e-05,0.0,Bloomberg Global Aggregate
2024-06-30,P-105,CLT-1002,2294.415,-0.02435,-0.01232,0.0,Bloomberg Global Aggregate
2024-07-31,P-105,CLT-1002,2438.763,0.06291,0.04651,0.0,Bloomberg Global Aggregate
2024-08-31,P-105,CLT-1002,2415.001,-0.00974,-0.00929,187.74,Bloomberg Global Aggregate
2024-09-30,P-105,CLT-1002,2475.161,0.02491,0.02507,0.0,Bloomberg Global Aggregate
2024-10-31,P-105,CLT-1002,2587.445,0.04536,0.03358,0.0,Bloomberg Global Aggregate
2024-11-30,P-105,CLT-1002,2549.769,-0.01456,-0.02629,0.0,Bloomberg Global Aggregate
2024-12-31,P-105,CLT-1002,2548.374,-0.00055,0.00455,0.0,Bloomberg Global Aggregate
2025-01-31,P-105,CLT-1002,2563.242,0.00583,-0.00654,0.0,Bloomberg Global Aggregate
2025-02-28,P-105,CLT-1002,2533.659,-0.01154,-0.00807,0.0,Bloomberg Global Aggregate
2025-03-31,P-105,CLT-1002,2629.393,0.03779,0.01359,-207.44,Bloomberg Global Aggregate
2025-04-30,P-105,CLT-1002,2589.68,-0.0151,-0.00852,0.0,Bloomberg Global Aggregate
2025-05-31,P-105,CLT-1002,2588.876,-0.00031,-0.00614,176.4,Bloomberg Global Aggregate
2025-06-30,P-105,CLT-1002,2573.256,-0.00603,1e-05,0.0,Bloomberg Global Aggregate
2025-07-31,P-105,CLT-1002,2637.7,0.02504,-0.00384,0.0,Bloomberg Global Aggregate
2025-08-31,P-105,CLT-1002,2558.046,-0.0302,-0.01885,0.0,Bloomberg Global Aggregate
2025-09-30,P-105,CLT-1002,2627.732,0.02724,0.0181,0.0,Bloomberg Global Aggregate
2025-10-31,P-105,CLT-1002,2673.305,0.01734,0.02284,-130.95,Bloomberg Global Aggregate
2025-11-30,P-105,CLT-1002,2696.143,0.00854,0.00961,0.0,Bloomberg Global Aggregate
2025-12-31,P-105,CLT-1002,2708.055,0.00442,-0.0039,0.0,Bloomberg Global Aggregate
2026-01-31,P-105,CLT-1002,2727.594,0.00721,-0.01007,0.0,Bloomberg Global Aggregate
2026-02-28,P-105,CLT-1002,2760.0,0.01188,-0.01004,57.25,Bloomberg Global Aggregate
2021-01-31,P-106,CLT-1003,2983.245,-0.00287,0.01155,0.0,Bloomberg Global Aggregate
2021-02-28,P-106,CLT-1003,2992.929,0.00325,-0.00084,0.0,Bloomberg Global Aggregate
2021-03-31,P-106,CLT-1003,3114.583,0.04065,0.02435,0.0,Bloomberg Global Aggregate
2021-04-30,P-106,CLT-1003,3070.119,-0.01428,0.00166,0.0,Bloomberg Global Aggregate
2021-05-31,P-106,CLT-1003,3067.025,-0.00101,-0.00557,0.0,Bloomberg Global Aggregate
2021-06-30,P-106,CLT-1003,3131.793,0.02112,0.0198,0.0,Bloomberg Global Aggregate
2021-07-31,P-106,CLT-1003,3076.63,-0.01761,-0.0232,0.0,Bloomberg Global Aggregate
2021-08-31,P-106,CLT-1003,3095.061,0.00599,0.01257,0.0,Bloomberg Global Aggregate
2021-09-30,P-106,CLT-1003,3002.923,-0.02977,-0.01639,0.0,Bloomberg Global Aggregate
2021-10-31,P-106,CLT-1003,3029.581,0.00888,0.02715,0.0,Bloomberg Global Aggregate
2021-11-30,P-106,CLT-1003,3058.702,0.00961,-0.00173,0.0,Bloomberg Global Aggregate
2021-12-31,P-106,CLT-1003,3114.834,0.01835,0.0057,0.0,Bloomberg Global Aggregate
2022-01-31,P-106,CLT-1003,3115.917,0.00035,-0.00409,0.0,Bloomberg Global Aggregate
2022-02-28,P-106,CLT-1003,2953.334,-0.05218,-0.04804,0.0,Bloomberg Global Aggregate
2022-03-31,P-106,CLT-1003,2837.159,-0.03934,-0.02404,0.0,Bloomberg Global Aggregate
2022-04-30,P-106,CLT-1003,2879.315,0.01486,0.00775,0.0,Bloomberg Global Aggregate
2022-05-31,P-106,CLT-1003,2863.496,-0.00549,0.00445,0.0,Bloomberg Global Aggregate
2022-06-30,P-106,CLT-1003,2827.775,-0.01247,-0.00652,-142.33,Bloomberg Global Aggregate
2022-07-31,P-106,CLT-1003,2709.494,-0.04183,-0.03715,0.0,Bloomberg Global Aggregate
2022-08-31,P-106,CLT-1003,2705.338,-0.00153,-0.00085,0.0,Bloomberg Global Aggregate
2022-09-30,P-106,CLT-1003,2692.113,-0.00489,0.00155,0.0,Bloomberg Global Aggregate
2022-10-31,P-106,CLT-1003,2667.155,-0.00927,-0.01095,0.0,Bloomberg Global Aggregate
2022-11-30,P-106,CLT-1003,2683.38,0.00608,0.01112,0.0,Bloomberg Global Aggregate
2022-12-31,P-106,CLT-1003,2640.092,-0.01613,-0.02466,0.0,Bloomberg Global Aggregate
2023-01-31,P-106,CLT-1003,2654.622,0.0055,-0.0064,0.0,Bloomberg Global Aggregate
2023-02-28,P-106,CLT-1003,2545.771,-0.041,-0.04345,0.0,Bloomberg Global Aggregate
2023-03-31,P-106,CLT-1003,2613.246,0.0265,0.02043,0.0,Bloomberg Global Aggregate
2023-04-30,P-106,CLT-1003,2697.125,0.0321,0.00906,0.0,Bloomberg Global Aggregate
2023-05-31,P-106,CLT-1003,2591.747,-0.03907,-0.02839,0.0,Bloomberg Global Aggregate
2023-06-30,P-106,CLT-1003,2485.136,-0.04113,-0.02983,169.18,Bloomberg Global Aggregate
2023-07-31,P-106,CLT-1003,2473.339,-0.00475,-0.01321,0.0,Bloomberg Global Aggregate
2023-08-31,P-106,CLT-1003,2570.652,0.03934,0.01806,0.0,Bloomberg Global Aggregate
2023-09-30,P-106,CLT-1003,2560.88,-0.0038,-0.00247,0.0,Bloomberg Global Aggregate
2023-10-31,P-106,CLT-1003,2579.062,0.0071,-0.01193,166.9,Bloomberg Global Aggregate
2023-11-30,P-106,CLT-1003,2544.538,-0.01339,-0.01571,113.84,Bloomberg Global Aggregate
2023-12-31,P-106,CLT-1003,2488.068,-0.02219,-0.01655,0.0,Bloomberg Global Aggregate
2024-01-31,P-106,CLT-1003,2383.738,-0.04193,-0.03312,-160.92,Bloomberg Global Aggregate
2024-02-29,P-106,CLT-1003,2355.846,-0.0117,-0.01949,0.0,Bloomberg Global Aggregate
2024-03-31,P-106,CLT-1003,2297.043,-0.02496,-0.01692,0.0,Bloomberg Global Aggregate
2024-04-30,P-106,CLT-1003,2338.724,0.01815,0.01598,0.0,Bloomberg Global Aggregate
2024-05-31,P-106,CLT-1003,2379.938,0.01762,6e-05,0.0,Bloomberg Global Aggregate
2024-06-30,P-106,CLT-1003,2346.307,-0.01413,-0.01232,0.0,Bloomberg Global Aggregate
2024-07-31,P-106,CLT-1003,2490.158,0.06131,0.04651,0.0,Bloomberg Global Aggregate
2024-08-31,P-106,CLT-1003,2439.359,-0.0204,-0.00929,0.0,Bloomberg Global Aggregate
2024-09-30,P-106,CLT-1003,2490.42,0.02093,0.02507,0.0,Bloomberg Global Aggregate
2024-10-31,P-106,CLT-1003,2541.478,0.0205,0.03358,0.0,Bloomberg Global Aggregate
2024-11-30,P-106,CLT-1003,2479.958,-0.02421,-0.02629,0.0,Bloomberg Global Aggregate
2024-12-31,P-106,CLT-1003,2514.396,0.01389,0.00455,0.0,Bloomberg Global Aggregate
2025-01-31,P-106,CLT-1003,2503.241,-0.00444,-0.00654,0.0,Bloomberg Global Aggregate
2025-02-28,P-106,CLT-1003,2517.863,0.00584,-0.00807,0.0,Bloomberg Global Aggregate
2025-03-31,P-106,CLT-1003,2536.111,0.00725,0.01359,0.0,Bloomberg Global Aggregate
2025-04-30,P-106,CLT-1003,2523.75,-0.00487,-0.00852,0.0,Bloomberg Global Aggregate
2025-05-31,P-106,CLT-1003,2497.988,-0.01021,-0.00614,0.0,Bloomberg Global Aggregate
2025-06-30,P-106,CLT-1003,2510.618,0.00506,1e-05,-50.54,Bloomberg Global Aggregate
2025-07-31,P-106,CLT-1003,2517.297,0.00266,-0.00384,0.0,Bloomberg Global Aggregate
2025-08-31,P-106,CLT-1003,2488.227,-0.01155,-0.01885,0.0,Bloomberg Global Aggregate
2025-09-30,P-106,CLT-1003,2509.294,0.00847,0.0181,0.0,Bloomberg Global Aggregate
2025-10-31,P-106,CLT-1003,2547.085,0.01506,0.02284,0.0,Bloomberg Global Aggregate
2025-11-30,P-106,CLT-1003,2556.597,0.00373,0.00961,0.0,Bloomberg Global Aggregate
2025-12-31,P-106,CLT-1003,2543.789,-0.00501,-0.0039,-126.03,Bloomberg Global Aggregate
2026-01-31,P-106,CLT-1003,2523.859,-0.00783,-0.01007,0.0,Bloomberg Global Aggregate
2026-02-28,P-106,CLT-1003,2520.22,-0.00144,-0.01004,0.0,Bloomberg Global Aggregate
2021-01-31,P-107,CLT-1003,1153.7,0.00534,0.01155,0.0,Bloomberg Global Aggregate
2021-02-28,P-107,CLT-1003,1139.023,-0.01272,-0.00084,0.0,Bloomberg Global Aggregate
2021-03-31,P-107,CLT-1003,1185.498,0.0408,0.02435,0.0,Bloomberg Global Aggregate
2021-04-30,P-107,CLT-1003,1177.57,-0.00669,0.00166,0.0,Bloomberg Global Aggregate
2021-05-31,P-107,CLT-1003,1178.667,0.00093,-0.00557,0.0,Bloomberg Global Aggregate
2021-06-30,P-107,CLT-1003,1202.507,0.02023,0.0198,0.0,Bloomberg Global Aggregate
2021-07-31,P-107,CLT-1003,1177.117,-0.02111,-0.0232,0.0,Bloomberg Global Aggregate
2021-08-31,P-107,CLT-1003,1192.121,0.01275,0.01257,0.0,Bloomberg Global Aggregate
2021-09-30,P-107,CLT-1003,1169.342,-0.01911,-0.01639,-77.56,Bloomberg Global Aggregate
2021-10-31,P-107,CLT-1003,1205.399,0.03083,0.02715,0.0,Bloomberg Global Aggregate
2021-11-30,P-107,CLT-1003,1199.553,-0.00485,-0.00173,0.0,Bloomberg Global Aggregate
2021-12-31,P-107,CLT-1003,1217.17,0.01469,0.0057,0.0,Bloomberg Global Aggregate
2022-01-31,P-107,CLT-1003,1217.639,0.00039,-0.00409,0.0,Bloomberg Global Aggregate
2022-02-28,P-107,CLT-1003,1164.88,-0.04333,-0.04804,0.0,Bloomberg Global Aggregate
2022-03-31,P-107,CLT-1003,1132.64,-0.02768,-0.02404,0.0,Bloomberg Global Aggregate
2022-04-30,P-107,CLT-1003,1139.611,0.00615,0.00775,80.15,Bloomberg Global Aggregate
2022-05-31,P-107,CLT-1003,1134.687,-0.00432,0.00445,0.0,Bloomberg Global Aggregate
2022-06-30,P-107,CLT-1003,1124.479,-0.009,-0.00652,0.0,Bloomberg Global Aggregate
2022-07-31,P-107,CLT-1003,1074.121,-0.04478,-0.03715,0.0,Bloomberg Global Aggregate
2022-08-31,P-107,CLT-1003,1084.054,0.00925,-0.00085,0.0,Bloomberg Global Aggregate
2022-09-30,P-107,CLT-1003,1086.356,0.00212,0.00155,0.0,Bloomberg Global Aggregate
2022-10-31,P-107,CLT-1003,1076.062,-0.00948,-0.01095,0.0,Bloomberg Global Aggregate
2022-11-30,P-107,CLT-1003,1086.403,0.00961,0.01112,0.0,Bloomberg Global Aggregate
2022-12-31,P-107,CLT-1003,1061.44,-0.02298,-0.02466,0.0,Bloomberg Global Aggregate
2023-01-31,P-107,CLT-1003,1074.583,0.01238,-0.0064,0.0,Bloomberg Global Aggregate
2023-02-28,P-107,CLT-1003,1025.658,-0.04553,-0.04345,0.0,Bloomberg Global Aggregate
2023-03-31,P-107,CLT-1003,1041.771,0.01571,0.02043,0.0,Bloomberg Global Aggregate
2023-04-30,P-107,CLT-1003,1055.566,0.01324,0.00906,0.0,Bloomberg Global Aggregate
2023-05-31,P-107,CLT-1003,1005.688,-0.04725,-0.02839,0.0,Bloomberg Global Aggregate
2023-06-30,P-107,CLT-1003,976.362,-0.02916,-0.02983,0.0,Bloomberg Global Aggregate
2023-07-31,P-107,CLT-1003,960.915,-0.01582,-0.01321,0.0,Bloomberg Global Aggregate
2023-08-31,P-107,CLT-1003,971.258,0.01076,0.01806,0.0,Bloomberg Global Aggregate
2023-09-30,P-107,CLT-1003,972.764,0.00155,-0.00247,0.0,Bloomberg Global Aggregate
2023-10-31,P-107,CLT-1003,961.735,-0.01134,-0.01193,0.0,Bloomberg Global Aggregate
2023-11-30,P-107,CLT-1003,933.732,-0.02912,-0.01571,0.0,Bloomberg Global Aggregate
2023-12-31,P-107,CLT-1003,913.9,-0.02124,-0.01655,0.0,Bloomberg Global Aggregate
2024-01-31,P-107,CLT-1003,863.898,-0.05471,-0.03312,0.0,Bloomberg Global Aggregate
2024-02-29,P-107,CLT-1003,849.136,-0.01709,-0.01949,0.0,Bloomberg Global Aggregate
2024-03-31,P-107,CLT-1003,836.743,-0.01459,-0.01692,0.0,Bloomberg Global Aggregate
2024-04-30,P-107,CLT-1003,845.262,0.01018,0.01598,0.0,Bloomberg Global Aggregate
2024-05-31,P-107,CLT-1003,848.914,0.00432,6e-05,0.0,Bloomberg Global Aggregate
2024-06-30,P-107,CLT-1003,830.401,-0.02181,-0.01232,0.0,Bloomberg Global Aggregate
2024-07-31,P-107,CLT-1003,863.123,0.03941,0.04651,0.0,Bloomberg Global Aggregate
2024-08-31,P-107,CLT-1003,857.984,-0.00595,-0.00929,0.0,Bloomberg Global Aggregate
2024-09-30,P-107,CLT-1003,875.196,0.02006,0.02507,0.0,Bloomberg Global Aggregate
2024-10-31,P-107,CLT-1003,904.342,0.0333,0.03358,0.0,Bloomberg Global Aggregate
2024-11-30,P-107,CLT-1003,876.892,-0.03035,-0.02629,0.0,Bloomberg Global Aggregate
2024-12-31,P-107,CLT-1003,878.334,0.00164,0.00455,0.0,Bloomberg Global Aggregate
2025-01-31,P-107,CLT-1003,870.32,-0.00912,-0.00654,0.0,Bloomberg Global Aggregate
2025-02-28,P-107,CLT-1003,858.82,-0.01321,-0.00807,0.0,Bloomberg Global Aggregate
2025-03-31,P-107,CLT-1003,872.612,0.01606,0.01359,0.0,Bloomberg Global Aggregate
2025-04-30,P-107,CLT-1003,861.209,-0.01307,-0.00852,0.0,Bloomberg Global Aggregate
2025-05-31,P-107,CLT-1003,856.187,-0.00583,-0.00614,0.0,Bloomberg Global Aggregate
2025-06-30,P-107,CLT-1003,851.653,-0.00529,1e-05,0.0,Bloomberg Global Aggregate
2025-07-31,P-107,CLT-1003,838.689,-0.01522,-0.00384,0.0,Bloomberg Global Aggregate
2025-08-31,P-107,CLT-1003,828.807,-0.01178,-0.01885,0.0,Bloomberg Global Aggregate
2025-09-30,P-107,CLT-1003,847.089,0.02206,0.0181,45.52,Bloomberg Global Aggregate
2025-10-31,P-107,CLT-1003,881.222,0.04029,0.02284,0.0,Bloomberg Global Aggregate
2025-11-30,P-107,CLT-1003,882.922,0.00193,0.00961,0.0,Bloomberg Global Aggregate
2025-12-31,P-107,CLT-1003,878.256,-0.00529,-0.0039,0.0,Bloomberg Global Aggregate
2026-01-31,P-107,CLT-1003,868.731,-0.01085,-0.01007,0.0,Bloomberg Global Aggregate
2026-02-28,P-107,CLT-1003,866.66,-0.00238,-0.01004,0.0,Bloomberg Global Aggregate
2021-01-31,P-108,CLT-1003,1263.258,0.06254,0.06903,0.0,S&P 500
2021-02-28,P-108,CLT-1003,1229.677,-0.02658,-0.01095,-26.46,S&P 500
2021-03-31,P-108,CLT-1003,1238.261,0.00698,-0.01016,0.0,S&P 500
2021-04-30,P-108,CLT-1003,1213.74,-0.0198,-0.01594,0.0,S&P 500
2021-05-31,P-108,CLT-1003,1294.704,0.06671,0.0541,0.0,S&P 500
2021-06-30,P-108,CLT-1003,1379.573,0.06555,0.05455,0.0,S&P 500
2021-07-31,P-108,CLT-1003,1481.227,0.07369,0.0736,0.0,S&P 500
2021-08-31,P-108,CLT-1003,1561.612,0.05427,0.05617,0.0,S&P 500
2021-09-30,P-108,CLT-1003,1451.209,-0.0707,-0.06581,0.0,S&P 500
2021-10-31,P-108,CLT-1003,1484.373,0.02285,0.02256,0.0,S&P 500
2021-11-30,P-108,CLT-1003,1444.427,-0.02691,-0.0393,0.0,S&P 500
2021-12-31,P-108,CLT-1003,1408.928,-0.02458,-0.01411,0.0,S&P 500
2022-01-31,P-108,CLT-1003,1415.217,0.00446,0.00246,0.0,S&P 500
2022-02-28,P-108,CLT-1003,1441.071,0.01827,0.03318,37.68,S&P 500
2022-03-31,P-108,CLT-1003,1354.96,-0.05976,-0.04656,0.0,S&P 500
2022-04-30,P-108,CLT-1003,1202.235,-0.11272,-0.11279,0.0,S&P 500
2022-05-31,P-108,CLT-1003,1173.889,-0.02358,0.00292,0.0,S&P 500
2022-06-30,P-108,CLT-1003,1344.772,0.14557,0.11668,0.0,S&P 500
2022-07-31,P-108,CLT-1003,1303.462,-0.03072,-0.01479,0.0,S&P 500
2022-08-31,P-108,CLT-1003,1299.16,-0.0033,-0.00325,0.0,S&P 500
2022-09-30,P-108,CLT-1003,1420.621,0.09349,0.0769,0.0,S&P 500
2022-10-31,P-108,CLT-1003,1435.483,0.01046,0.02185,0.0,S&P 500
2022-11-30,P-108,CLT-1003,1397.273,-0.02662,0.0046,0.0,S&P 500
2022-12-31,P-108,CLT-1003,1410.375,0.00938,0.015,0.0,S&P 500
2023-01-31,P-108,CLT-1003,1423.904,0.00959,0.02114,0.0,S&P 500
2023-02-28,P-108,CLT-1003,1318.656,-0.07391,-0.04306,0.0,S&P 500
2023-03-31,P-108,CLT-1003,1255.427,-0.04795,-0.05238,0.0,S&P 500
2023-04-30,P-108,CLT-1003,1381.078,0.10009,0.09673,0.0,S&P 500
2023-05-31,P-108,CLT-1003,1428.467,0.03431,0.01808,0.0,S&P 500
2023-06-30,P-108,CLT-1003,1427.423,-0.00073,0.01421,0.0,S&P 500
2023-07-31,P-108,CLT-1003,1404.427,-0.01611,0.00542,45.2,S&P 500
2023-08-31,P-108,CLT-1003,1461.388,0.04056,0.04566,0.0,S&P 500
2023-09-30,P-108,CLT-1003,1645.706,0.12612,0.12684,0.0,S&P 500
2023-10-31,P-108,CLT-1003,1723.015,0.04698,0.03378,0.0,S&P 500
2023-11-30,P-108,CLT-1003,1727.068,0.00235,-0.01758,0.0,S&P 500
2023-12-31,P-108,CLT-1003,1762.737,0.02065,0.00342,0.0,S&P 500
2024-01-31,P-108,CLT-1003,1874.426,0.06336,0.05905,0.0,S&P 500
2024-02-29,P-108,CLT-1003,1863.515,-0.00582,-0.01734,0.0,S&P 500
2024-03-31,P-108,CLT-1003,1939.222,0.04063,0.04895,0.0,S&P 500
2024-04-30,P-108,CLT-1003,1755.411,-0.09479,-0.09761,0.0,S&P 500
2024-05-31,P-108,CLT-1003,1725.67,-0.01694,-0.00103,0.0,S&P 500
2024-06-30,P-108,CLT-1003,1794.629,0.03996,0.0386,0.0,S&P 500
2024-07-31,P-108,CLT-1003,1920.2,0.06997,0.06825,0.0,S&P 500
2024-08-31,P-108,CLT-1003,1912.525,-0.004,-0.02822,0.0,S&P 500
2024-09-30,P-108,CLT-1003,1793.032,-0.06248,-0.05983,0.0,S&P 500
2024-10-31,P-108,CLT-1003,1791.745,-0.00072,-0.00246,-114.86,S&P 500
2024-11-30,P-108,CLT-1003,1722.526,-0.03863,-0.0424,-78.74,S&P 500
2024-12-31,P-108,CLT-1003,1717.248,-0.00306,0.0027,0.0,S&P 500
2025-01-31,P-108,CLT-1003,1715.056,-0.00128,0.00928,0.0,S&P 500
2025-02-28,P-108,CLT-1003,1658.539,-0.03295,-0.05135,0.0,S&P 500
2025-03-31,P-108,CLT-1003,1714.479,0.03373,0.04674,0.0,S&P 500
2025-04-30,P-108,CLT-1003,1687.959,-0.01547,0.00232,0.0,S&P 500
2025-05-31,P-108,CLT-1003,1805.035,0.06936,0.05949,0.0,S&P 500
2025-06-30,P-108,CLT-1003,1698.214,-0.05918,-0.07563,0.0,S&P 500
2025-07-31,P-108,CLT-1003,1624.995,-0.04312,-0.0374,0.0,S&P 500
2025-08-31,P-108,CLT-1003,1670.401,0.02794,0.03345,0.0,S&P 500
2025-09-30,P-108,CLT-1003,1632.094,-0.02293,-0.02733,80.68,S&P 500
2025-10-31,P-108,CLT-1003,1620.237,-0.00727,0.00198,0.0,S&P 500
2025-11-30,P-108,CLT-1003,1619.182,-0.00065,0.00962,0.0,S&P 500
2025-12-31,P-108,CLT-1003,1666.965,0.02951,0.01689,0.0,S&P 500
2026-01-31,P-108,CLT-1003,1645.548,-0.01285,-0.02171,0.0,S&P 500
2026-02-28,P-108,CLT-1003,1703.21,0.03504,0.01648,0.0,S&P 500
2021-01-31,P-109,CLT-1003,2252.126,0.00406,0.01155,0.0,Bloomberg Global Aggregate
2021-02-28,P-109,CLT-1003,2242.974,-0.00406,-0.00084,0.0,Bloomberg Global Aggregate
2021-03-31,P-109,CLT-1003,2300.341,0.02558,0.02435,0.0,Bloomberg Global Aggregate
2021-04-30,P-109,CLT-1003,2291.197,-0.00398,0.00166,-167.27,Bloomberg Global Aggregate
2021-05-31,P-109,CLT-1003,2285.939,-0.00229,-0.00557,0.0,Bloomberg Global Aggregate
2021-06-30,P-109,CLT-1003,2346.255,0.02639,0.0198,0.0,Bloomberg Global Aggregate
2021-07-31,P-109,CLT-1003,2283.169,-0.02689,-0.0232,0.0,Bloomberg Global Aggregate
2021-08-31,P-109,CLT-1003,2311.512,0.01241,0.01257,0.0,Bloomberg Global Aggregate
2021-09-30,P-109,CLT-1003,2291.87,-0.0085,-0.01639,0.0,Bloomberg Global Aggregate
2021-10-31,P-109,CLT-1003,2376.657,0.03699,0.02715,0.0,Bloomberg Global Aggregate
2021-11-30,P-109,CLT-1003,2381.726,0.00213,-0.00173,0.0,Bloomberg Global Aggregate
2021-12-31,P-109,CLT-1003,2402.441,0.0087,0.0057,0.0,Bloomberg Global Aggregate
2022-01-31,P-109,CLT-1003,2380.059,-0.00932,-0.00409,0.0,Bloomberg Global Aggregate
2022-02-28,P-109,CLT-1003,2269.685,-0.04637,-0.04804,106.09,Bloomberg Global Aggregate
2022-03-31,P-109,CLT-1003,2221.452,-0.02125,-0.02404,0.0,Bloomberg Global Aggregate
2022-04-30,P-109,CLT-1003,2235.178,0.00618,0.00775,0.0,Bloomberg Global Aggregate
2022-05-31,P-109,CLT-1003,2236.734,0.0007,0.00445,0.0,Bloomberg Global Aggregate
2022-06-30,P-109,CLT-1003,2205.026,-0.01418,-0.00652,0.0,Bloomberg Global Aggregate
2022-07-31,P-109,CLT-1003,2100.504,-0.0474,-0.03715,0.0,Bloomberg Global Aggregate
2022-08-31,P-109,CLT-1003,2074.693,-0.01229,-0.00085,0.0,Bloomberg Global Aggregate
2022-09-30,P-109,CLT-1003,2083.97,0.00447,0.00155,0.0,Bloomberg Global Aggregate
2022-10-31,P-109,CLT-1003,2062.118,-0.01049,-0.01095,0.0,Bloomberg Global Aggregate
2022-11-30,P-109,CLT-1003,2078.606,0.008,0.01112,0.0,Bloomberg Global Aggregate
2022-12-31,P-109,CLT-1003,2022.662,-0.02691,-0.02466,0.0,Bloomberg Global Aggregate
2023-01-31,P-109,CLT-1003,2011.38,-0.00558,-0.0064,0.0,Bloomberg Global Aggregate
2023-02-28,P-109,CLT-1003,1921.344,-0.04476,-0.04345,0.0,Bloomberg Global Aggregate
2023-03-31,P-109,CLT-1003,1945.238,0.01244,0.02043,0.0,Bloomberg Global Aggregate
2023-04-30,P-109,CLT-1003,1972.218,0.01387,0.00906,0.0,Bloomberg Global Aggregate
2023-05-31,P-109,CLT-1003,1918.896,-0.02704,-0.02839,0.0,Bloomberg Global Aggregate
2023-06-30,P-109,CLT-1003,1863.835,-0.02869,-0.02983,0.0,Bloomberg Global Aggregate
2023-07-31,P-109,CLT-1003,1847.392,-0.00882,-0.01321,-72.45,Bloomberg Global Aggregate
2023-08-31,P-109,CLT-1003,1871.523,0.01306,0.01806,-56.23,Bloomberg Global Aggregate
2023-09-30,P-109,CLT-1003,1879.108,0.00405,-0.00247,0.0,Bloomberg Global Aggregate
2023-10-31,P-109,CLT-1003,1854.485,-0.0131,-0.01193,0.0,Bloomberg Global Aggregate
2023-11-30,P-109,CLT-1003,1834.017,-0.01104,-0.01571,-59.87,Bloomberg Global Aggregate
2023-12-31,P-109,CLT-1003,1810.628,-0.01275,-0.01655,0.0,Bloomberg Global Aggregate
2024-01-31,P-109,CLT-1003,1739.303,-0.03939,-0.03312,0.0,Bloomberg Global Aggregate
2024-02-29,P-109,CLT-1003,1709.726,-0.01701,-0.01949,0.0,Bloomberg Global Aggregate
2024-03-31,P-109,CLT-1003,1683.325,-0.01544,-0.01692,0.0,Bloomberg Global Aggregate
2024-04-30,P-109,CLT-1003,1709.878,0.01577,0.01598,0.0,Bloomberg Global Aggregate
2024-05-31,P-109,CLT-1003,1708.42,-0.00085,6e-05,0.0,Bloomberg Global Aggregate
2024-06-30,P-109,CLT-1003,1685.892,-0.01319,-0.01232,0.0,Bloomberg Global Aggregate
2024-07-31,P-109,CLT-1003,1771.451,0.05075,0.04651,0.0,Bloomberg Global Aggregate
2024-08-31,P-109,CLT-1003,1760.148,-0.00638,-0.00929,0.0,Bloomberg Global Aggregate
2024-09-30,P-109,CLT-1003,1803.915,0.02487,0.02507,0.0,Bloomberg Global Aggregate
2024-10-31,P-109,CLT-1003,1848.534,0.02473,0.03358,-39.61,Bloomberg Global Aggregate
2024-11-30,P-109,CLT-1003,1804.435,-0.02386,-0.02629,0.0,Bloomberg Global Aggregate
2024-12-31,P-109,CLT-1003,1819.397,0.00829,0.00455,-42.31,Bloomberg Global Aggregate
2025-01-31,P-109,CLT-1003,1830.591,0.00615,-0.00654,0.0,Bloomberg Global Aggregate
2025-02-28,P-109,CLT-1003,1826.317,-0.00233,-0.00807,0.0,Bloomberg Global Aggregate
2025-03-31,P-109,CLT-1003,1830.743,0.00242,0.01359,0.0,Bloomberg Global Aggregate
2025-04-30,P-109,CLT-1003,1815.275,-0.00845,-0.00852,0.0,Bloomberg Global Aggregate
2025-05-31,P-109,CLT-1003,1822.134,0.00378,-0.00614,0.0,Bloomberg Global Aggregate
2025-06-30,P-109,CLT-1003,1827.931,0.00318,1e-05,0.0,Bloomberg Global Aggregate
2025-07-31,P-109,CLT-1003,1823.643,-0.00235,-0.00384,0.0,Bloomberg Global Aggregate
2025-08-31,P-109,CLT-1003,1797.906,-0.01411,-0.01885,0.0,Bloomberg Global Aggregate
2025-09-30,P-109,CLT-1003,1823.42,0.01419,0.0181,-94.98,Bloomberg Global Aggregate
2025-10-31,P-109,CLT-1003,1869.341,0.02518,0.02284,0.0,Bloomberg Global Aggregate
2025-11-30,P-109,CLT-1003,1883.955,0.00782,0.00961,0.0,Bloomberg Global Aggregate
2025-12-31,P-109,CLT-1003,1875.695,-0.00438,-0.0039,0.0,Bloomberg Global Aggregate
2026-01-31,P-109,CLT-1003,1864.943,-0.00573,-0.01007,0.0,Bloomberg Global Aggregate
2026-02-28,P-109,CLT-1003,1835.71,-0.01568,-0.01004,0.0,Bloomberg Global Aggregate
2021-01-31,P-110,CLT-1003,501.005,0.02821,0.013,28.25,Crisil Liquid / MMF
2021-02-28,P-110,CLT-1003,500.435,-0.00114,0.00808,0.0,Crisil Liquid / MMF
2021-03-31,P-110,CLT-1003,501.667,0.00246,0.00192,0.0,Crisil Liquid / MMF
2021-04-30,P-110,CLT-1003,492.749,-0.01778,0.0054,0.0,Crisil Liquid / MMF
2021-05-31,P-110,CLT-1003,498.009,0.01067,0.00358,0.0,Crisil Liquid / MMF
2021-06-30,P-110,CLT-1003,510.125,0.02433,0.00686,-26.53,Crisil Liquid / MMF
2021-07-31,P-110,CLT-1003,508.179,-0.00382,0.00672,0.0,Crisil Liquid / MMF
2021-08-31,P-110,CLT-1003,502.869,-0.01045,0.00859,0.0,Crisil Liquid / MMF
2021-09-30,P-110,CLT-1003,504.214,0.00267,0.00189,0.0,Crisil Liquid / MMF
2021-10-31,P-110,CLT-1003,515.704,0.02279,0.0052,0.0,Crisil Liquid / MMF
2021-11-30,P-110,CLT-1003,502.755,-0.02511,-0.00122,0.0,Crisil Liquid / MMF
2021-12-31,P-110,CLT-1003,493.452,-0.0185,0.00048,0.0,Crisil Liquid / MMF
2022-01-31,P-110,CLT-1003,485.176,-0.01677,-0.0071,0.0,Crisil Liquid / MMF
2022-02-28,P-110,CLT-1003,471.418,-0.02836,-0.01346,0.0,Crisil Liquid / MMF
2022-03-31,P-110,CLT-1003,458.251,-0.02793,-0.01308,0.0,Crisil Liquid / MMF
2022-04-30,P-110,CLT-1003,438.416,-0.04328,-0.0102,0.0,Crisil Liquid / MMF
2022-05-31,P-110,CLT-1003,437.307,-0.00253,-0.00776,0.0,Crisil Liquid / MMF
2022-06-30,P-110,CLT-1003,431.978,-0.01219,-0.01384,0.0,Crisil Liquid / MMF
2022-07-31,P-110,CLT-1003,410.523,-0.04967,-0.02222,0.0,Crisil Liquid / MMF
2022-08-31,P-110,CLT-1003,412.348,0.00445,-0.01318,0.0,Crisil Liquid / MMF
2022-09-30,P-110,CLT-1003,418.465,0.01483,-0.00599,0.0,Crisil Liquid / MMF
2022-10-31,P-110,CLT-1003,408.889,-0.02288,-0.00898,21.36,Crisil Liquid / MMF
2022-11-30,P-110,CLT-1003,412.118,0.0079,-0.00558,0.0,Crisil Liquid / MMF
2022-12-31,P-110,CLT-1003,401.628,-0.02545,-0.01409,0.0,Crisil Liquid / MMF
2023-01-31,P-110,CLT-1003,401.05,-0.00144,-0.00085,0.0,Crisil Liquid / MMF
2023-02-28,P-110,CLT-1003,397.568,-0.00868,0.00644,0.0,Crisil Liquid / MMF
2023-03-31,P-110,CLT-1003,411.126,0.0341,0.00566,0.0,Crisil Liquid / MMF
2023-04-30,P-110,CLT-1003,410.502,-0.00152,0.00589,0.0,Crisil Liquid / MMF
2023-05-31,P-110,CLT-1003,413.248,0.00669,0.00807,0.0,Crisil Liquid / MMF
2023-06-30,P-110,CLT-1003,410.474,-0.00671,0.00629,0.0,Crisil Liquid / MMF
2023-07-31,P-110,CLT-1003,422.64,0.02964,0.00624,0.0,Crisil Liquid / MMF
2023-08-31,P-110,CLT-1003,435.771,0.03107,0.00731,0.0,Crisil Liquid / MMF
2023-09-30,P-110,CLT-1003,447.398,0.02668,0.00657,0.0,Crisil Liquid / MMF
2023-10-31,P-110,CLT-1003,455.577,0.01828,0.0078,0.0,Crisil Liquid / MMF
2023-11-30,P-110,CLT-1003,453.856,-0.00378,0.00833,0.0,Crisil Liquid / MMF
2023-12-31,P-110,CLT-1003,462.379,0.01878,0.01014,0.0,Crisil Liquid / MMF
2024-01-31,P-110,CLT-1003,462.056,-0.0007,0.00258,0.0,Crisil Liquid / MMF
2024-02-29,P-110,CLT-1003,472.248,0.02206,0.0065,0.0,Crisil Liquid / MMF
2024-03-31,P-110,CLT-1003,479.947,0.0163,0.00355,0.0,Crisil Liquid / MMF
2024-04-30,P-110,CLT-1003,474.904,-0.01051,0.00195,0.0,Crisil Liquid / MMF
2024-05-31,P-110,CLT-1003,480.982,0.0128,0.00244,0.0,Crisil Liquid / MMF
2024-06-30,P-110,CLT-1003,487.285,0.01311,0.00655,0.0,Crisil Liquid / MMF
2024-07-31,P-110,CLT-1003,469.496,-0.03651,0.00628,0.0,Crisil Liquid / MMF
2024-08-31,P-110,CLT-1003,476.292,0.01448,0.00622,-15.17,Crisil Liquid / MMF
2024-09-30,P-110,CLT-1003,473.769,-0.0053,0.00405,0.0,Crisil Liquid / MMF
2024-10-31,P-110,CLT-1003,468.563,-0.01099,0.00485,0.0,Crisil Liquid / MMF
2024-11-30,P-110,CLT-1003,465.021,-0.00756,0.00767,0.0,Crisil Liquid / MMF
2024-12-31,P-110,CLT-1003,462.492,-0.00544,-0.00033,0.0,Crisil Liquid / MMF
2025-01-31,P-110,CLT-1003,466.465,0.00859,0.00492,0.0,Crisil Liquid / MMF
2025-02-28,P-110,CLT-1003,458.285,-0.01754,0.00514,0.0,Crisil Liquid / MMF
2025-03-31,P-110,CLT-1003,461.48,0.00697,0.00744,-18.03,Crisil Liquid / MMF
2025-04-30,P-110,CLT-1003,463.885,0.00521,0.00016,0.0,Crisil Liquid / MMF
2025-05-31,P-110,CLT-1003,479.387,0.03342,0.01001,0.0,Crisil Liquid / MMF
2025-06-30,P-110,CLT-1003,473.162,-0.01298,0.00557,0.0,Crisil Liquid / MMF
2025-07-31,P-110,CLT-1003,472.018,-0.00242,0.00576,0.0,Crisil Liquid / MMF
2025-08-31,P-110,CLT-1003,473.905,0.004,0.00344,0.0,Crisil Liquid / MMF
2025-09-30,P-110,CLT-1003,483.336,0.0199,0.0067,0.0,Crisil Liquid / MMF
2025-10-31,P-110,CLT-1003,482.114,-0.00253,0.005,0.0,Crisil Liquid / MMF
2025-11-30,P-110,CLT-1003,493.182,0.02296,0.00902,0.0,Crisil Liquid / MMF
2025-12-31,P-110,CLT-1003,477.889,-0.03101,-0.00016,-32.09,Crisil Liquid / MMF
2026-01-31,P-110,CLT-1003,470.415,-0.01564,0.00544,0.0,Crisil Liquid / MMF
2026-02-28,P-110,CLT-1003,474.2,0.00805,0.00625,0.0,Crisil Liquid / MMF
2021-01-31,P-111,CLT-1004,1415.5,-0.07231,-0.06004,0.0,MSCI World
2021-02-28,P-111,CLT-1004,1445.269,0.02103,0.03127,0.0,MSCI World
2021-03-31,P-111,CLT-1004,1571.64,0.08744,0.09212,0.0,MSCI World
2021-04-30,P-111,CLT-1004,1641.881,0.04469,0.0382,0.0,MSCI World
2021-05-31,P-111,CLT-1004,1596.059,-0.02791,-0.01147,0.0,MSCI World
2021-06-30,P-111,CLT-1004,1646.407,0.03155,0.03022,0.0,MSCI World
2021-07-31,P-111,CLT-1004,1785.916,0.08474,0.076,-125.92,MSCI World
2021-08-31,P-111,CLT-1004,1914.657,0.07209,0.0739,0.0,MSCI World
2021-09-30,P-111,CLT-1004,1843.508,-0.03716,-0.03385,0.0,MSCI World
2021-10-31,P-111,CLT-1004,1904.046,0.03284,0.02953,0.0,MSCI World
2021-11-30,P-111,CLT-1004,1903.581,-0.00024,0.00155,0.0,MSCI World
2021-12-31,P-111,CLT-1004,2005.877,0.05374,0.04193,0.0,MSCI World
2022-01-31,P-111,CLT-1004,2004.934,-0.00047,0.00922,-147.42,MSCI World
2022-02-28,P-111,CLT-1004,1791.187,-0.10661,-0.10602,0.0,MSCI World
2022-03-31,P-111,CLT-1004,1755.768,-0.01977,-0.0214,0.0,MSCI World
2022-04-30,P-111,CLT-1004,1752.403,-0.00192,0.00148,0.0,MSCI World
2022-05-31,P-111,CLT-1004,1591.72,-0.09169,-0.06687,0.0,MSCI World
2022-06-30,P-111,CLT-1004,1617.128,0.01596,0.01749,0.0,MSCI World
2022-07-31,P-111,CLT-1004,1515.2,-0.06303,-0.07063,0.0,MSCI World
2022-08-31,P-111,CLT-1004,1464.125,-0.03371,-0.04025,77.02,MSCI World
2022-09-30,P-111,CLT-1004,1540.58,0.05222,0.04931,0.0,MSCI World
2022-10-31,P-111,CLT-1004,1458.307,-0.0534,-0.04383,0.0,MSCI World
2022-11-30,P-111,CLT-1004,1488.126,0.02045,0.01719,0.0,MSCI World
2022-12-31,P-111,CLT-1004,1361.182,-0.0853,-0.08023,0.0,MSCI World
2023-01-31,P-111,CLT-1004,1494.827,0.09818,0.09529,0.0,MSCI World
2023-02-28,P-111,CLT-1004,1489.328,-0.00368,-0.00458,0.0,MSCI World
2023-03-31,P-111,CLT-1004,1494.724,0.00362,0.01216,0.0,MSCI World
2023-04-30,P-111,CLT-1004,1506.455,0.00785,0.01566,0.0,MSCI World
2023-05-31,P-111,CLT-1004,1561.453,0.03651,0.0336,0.0,MSCI World
2023-06-30,P-111,CLT-1004,1471.724,-0.05747,-0.05542,0.0,MSCI World
2023-07-31,P-111,CLT-1004,1472.577,0.00058,0.00794,0.0,MSCI World
2023-08-31,P-111,CLT-1004,1432.108,-0.02748,-0.01941,0.0,MSCI World
2023-09-30,P-111,CLT-1004,1338.581,-0.06531,-0.06255,0.0,MSCI World
2023-10-31,P-111,CLT-1004,1422.673,0.06282,0.04949,0.0,MSCI World
2023-11-30,P-111,CLT-1004,1406.685,-0.01124,-0.00657,0.0,MSCI World
2023-12-31,P-111,CLT-1004,1432.084,0.01806,0.01832,0.0,MSCI World
2024-01-31,P-111,CLT-1004,1455.608,0.01643,0.01569,0.0,MSCI World
2024-02-29,P-111,CLT-1004,1432.737,-0.01571,-0.00585,0.0,MSCI World
2024-03-31,P-111,CLT-1004,1540.972,0.07554,0.09084,0.0,MSCI World
2024-04-30,P-111,CLT-1004,1536.693,-0.00278,0.00619,0.0,MSCI World
2024-05-31,P-111,CLT-1004,1452.076,-0.05506,-0.05705,0.0,MSCI World
2024-06-30,P-111,CLT-1004,1440.484,-0.00798,-0.00859,0.0,MSCI World
2024-07-31,P-111,CLT-1004,1490.872,0.03498,0.02908,0.0,MSCI World
2024-08-31,P-111,CLT-1004,1537.312,0.03115,0.03046,0.0,MSCI World
2024-09-30,P-111,CLT-1004,1478.205,-0.03845,-0.03737,0.0,MSCI World
2024-10-31,P-111,CLT-1004,1539.905,0.04174,0.04707,0.0,MSCI World
2024-11-30,P-111,CLT-1004,1450.341,-0.05816,-0.06562,0.0,MSCI World
2024-12-31,P-111,CLT-1004,1519.981,0.04802,0.05606,0.0,MSCI World
2025-01-31,P-111,CLT-1004,1433.731,-0.05674,-0.04706,48.81,MSCI World
2025-02-28,P-111,CLT-1004,1438.647,0.00343,-0.0013,0.0,MSCI World
2025-03-31,P-111,CLT-1004,1497.815,0.04113,0.05273,0.0,MSCI World
2025-04-30,P-111,CLT-1004,1548.42,0.03379,0.01317,0.0,MSCI World
2025-05-31,P-111,CLT-1004,1614.844,0.0429,0.04235,0.0,MSCI World
2025-06-30,P-111,CLT-1004,1674.45,0.03691,0.03406,0.0,MSCI World
2025-07-31,P-111,CLT-1004,1766.406,0.05492,0.06201,0.0,MSCI World
2025-08-31,P-111,CLT-1004,1854.333,0.04978,0.05263,48.57,MSCI World
2025-09-30,P-111,CLT-1004,1827.193,-0.01464,-0.01083,0.0,MSCI World
2025-10-31,P-111,CLT-1004,1881.756,0.02986,0.03466,0.0,MSCI World
2025-11-30,P-111,CLT-1004,1786.854,-0.05043,-0.05573,0.0,MSCI World
2025-12-31,P-111,CLT-1004,1789.958,0.00174,0.00574,0.0,MSCI World
2026-01-31,P-111,CLT-1004,1881.3,0.05103,0.04243,0.0,MSCI World
2026-02-28,P-111,CLT-1004,1950.0,0.03652,0.01377,0.0,MSCI World
2021-01-31,P-112,CLT-1005,6702.505,0.0114,0.01155,0.0,Bloomberg Global Aggregate
2021-02-28,P-112,CLT-1005,6722.306,0.00295,-0.00084,0.0,Bloomberg Global Aggregate
2021-03-31,P-112,CLT-1005,6924.9,0.03014,0.02435,294.86,Bloomberg Global Aggregate
2021-04-30,P-112,CLT-1005,7063.561,0.02002,0.00166,0.0,Bloomberg Global Aggregate
2021-05-31,P-112,CLT-1005,7036.425,-0.00384,-0.00557,0.0,Bloomberg Global Aggregate
2021-06-30,P-112,CLT-1005,7141.757,0.01497,0.0198,0.0,Bloomberg Global Aggregate
2021-07-31,P-112,CLT-1005,6914.126,-0.03187,-0.0232,0.0,Bloomberg Global Aggregate
2021-08-31,P-112,CLT-1005,7014.45,0.01451,0.01257,0.0,Bloomberg Global Aggregate
2021-09-30,P-112,CLT-1005,6889.017,-0.01788,-0.01639,0.0,Bloomberg Global Aggregate
2021-10-31,P-112,CLT-1005,7214.558,0.04726,0.02715,0.0,Bloomberg Global Aggregate
2021-11-30,P-112,CLT-1005,7331.93,0.01627,-0.00173,0.0,Bloomberg Global Aggregate
2021-12-31,P-112,CLT-1005,7325.065,-0.00094,0.0057,0.0,Bloomberg Global Aggregate
2022-01-31,P-112,CLT-1005,7267.31,-0.00788,-0.00409,0.0,Bloomberg Global Aggregate
2022-02-28,P-112,CLT-1005,6940.7,-0.04494,-0.04804,226.9,Bloomberg Global Aggregate
2022-03-31,P-112,CLT-1005,6876.051,-0.00931,-0.02404,0.0,Bloomberg Global Aggregate
2022-04-30,P-112,CLT-1005,6949.624,0.0107,0.00775,0.0,Bloomberg Global Aggregate
2022-05-31,P-112,CLT-1005,6958.064,0.00121,0.00445,0.0,Bloomberg Global Aggregate
2022-06-30,P-112,CLT-1005,6926.137,-0.00459,-0.00652,-310.82,Bloomberg Global Aggregate
2022-07-31,P-112,CLT-1005,6647.537,-0.04022,-0.03715,0.0,Bloomberg Global Aggregate
2022-08-31,P-112,CLT-1005,6693.387,0.0069,-0.00085,326.24,Bloomberg Global Aggregate
2022-09-30,P-112,CLT-1005,6678.495,-0.00222,0.00155,0.0,Bloomberg Global Aggregate
2022-10-31,P-112,CLT-1005,6591.782,-0.01298,-0.01095,0.0,Bloomberg Global Aggregate
2022-11-30,P-112,CLT-1005,6748.516,0.02378,0.01112,0.0,Bloomberg Global Aggregate
2022-12-31,P-112,CLT-1005,6553.106,-0.02896,-0.02466,0.0,Bloomberg Global Aggregate
2023-01-31,P-112,CLT-1005,6443.975,-0.01665,-0.0064,0.0,Bloomberg Global Aggregate
2023-02-28,P-112,CLT-1005,6185.131,-0.04017,-0.04345,0.0,Bloomberg Global Aggregate
2023-03-31,P-112,CLT-1005,6307.044,0.01971,0.02043,0.0,Bloomberg Global Aggregate
2023-04-30,P-112,CLT-1005,6407.958,0.016,0.00906,0.0,Bloomberg Global Aggregate
2023-05-31,P-112,CLT-1005,6259.611,-0.02315,-0.02839,0.0,Bloomberg Global Aggregate
2023-06-30,P-112,CLT-1005,6086.467,-0.02766,-0.02983,0.0,Bloomberg Global Aggregate
2023-07-31,P-112,CLT-1005,6017.738,-0.01129,-0.01321,0.0,Bloomberg Global Aggregate
2023-08-31,P-112,CLT-1005,6102.26,0.01405,0.01806,0.0,Bloomberg Global Aggregate
2023-09-30,P-112,CLT-1005,6106.619,0.00071,-0.00247,0.0,Bloomberg Global Aggregate
2023-10-31,P-112,CLT-1005,6095.99,-0.00174,-0.01193,0.0,Bloomberg Global Aggregate
2023-11-30,P-112,CLT-1005,5963.021,-0.02181,-0.01571,0.0,Bloomberg Global Aggregate
2023-12-31,P-112,CLT-1005,5878.653,-0.01415,-0.01655,0.0,Bloomberg Global Aggregate
2024-01-31,P-112,CLT-1005,5752.01,-0.02154,-0.03312,0.0,Bloomberg Global Aggregate
2024-02-29,P-112,CLT-1005,5679.551,-0.0126,-0.01949,0.0,Bloomberg Global Aggregate
2024-03-31,P-112,CLT-1005,5662.704,-0.00297,-0.01692,0.0,Bloomberg Global Aggregate
2024-04-30,P-112,CLT-1005,5738.785,0.01344,0.01598,0.0,Bloomberg Global Aggregate
2024-05-31,P-112,CLT-1005,5660.88,-0.01358,6e-05,0.0,Bloomberg Global Aggregate
2024-06-30,P-112,CLT-1005,5614.968,-0.00811,-0.01232,0.0,Bloomberg Global Aggregate
2024-07-31,P-112,CLT-1005,5907.748,0.05214,0.04651,0.0,Bloomberg Global Aggregate
2024-08-31,P-112,CLT-1005,5938.365,0.00518,-0.00929,0.0,Bloomberg Global Aggregate
2024-09-30,P-112,CLT-1005,6163.759,0.03796,0.02507,0.0,Bloomberg Global Aggregate
2024-10-31,P-112,CLT-1005,6414.942,0.04075,0.03358,0.0,Bloomberg Global Aggregate
2024-11-30,P-112,CLT-1005,6305.142,-0.01712,-0.02629,0.0,Bloomberg Global Aggregate
2024-12-31,P-112,CLT-1005,6338.689,0.00532,0.00455,0.0,Bloomberg Global Aggregate
2025-01-31,P-112,CLT-1005,6244.857,-0.0148,-0.00654,0.0,Bloomberg Global Aggregate
2025-02-28,P-112,CLT-1005,6216.219,-0.00459,-0.00807,0.0,Bloomberg Global Aggregate
2025-03-31,P-112,CLT-1005,6369.58,0.02467,0.01359,0.0,Bloomberg Global Aggregate
2025-04-30,P-112,CLT-1005,6367.649,-0.0003,-0.00852,0.0,Bloomberg Global Aggregate
2025-05-31,P-112,CLT-1005,6390.808,0.00364,-0.00614,0.0,Bloomberg Global Aggregate
2025-06-30,P-112,CLT-1005,6382.536,-0.00129,1e-05,0.0,Bloomberg Global Aggregate
2025-07-31,P-112,CLT-1005,6358.785,-0.00372,-0.00384,0.0,Bloomberg Global Aggregate
2025-08-31,P-112,CLT-1005,6281.489,-0.01216,-0.01885,270.91,Bloomberg Global Aggregate
2025-09-30,P-112,CLT-1005,6380.43,0.01575,0.0181,-327.72,Bloomberg Global Aggregate
2025-10-31,P-112,CLT-1005,6512.9,0.02076,0.02284,0.0,Bloomberg Global Aggregate
2025-11-30,P-112,CLT-1005,6608.532,0.01468,0.00961,0.0,Bloomberg Global Aggregate
2025-12-31,P-112,CLT-1005,6643.141,0.00524,-0.0039,0.0,Bloomberg Global Aggregate
2026-01-31,P-112,CLT-1005,6580.913,-0.00937,-0.01007,0.0,Bloomberg Global Aggregate
2026-02-28,P-112,CLT-1005,6463.75,-0.0178,-0.01004,0.0,Bloomberg Global Aggregate
2021-01-31,P-113,CLT-1005,852.141,0.00488,0.01155,0.0,Bloomberg Global Aggregate
2021-02-28,P-113,CLT-1005,854.549,0.00283,-0.00084,0.0,Bloomberg Global Aggregate
2021-03-31,P-113,CLT-1005,878.373,0.02788,0.02435,0.0,Bloomberg Global Aggregate
2021-04-30,P-113,CLT-1005,883.408,0.00573,0.00166,-65.48,Bloomberg Global Aggregate
2021-05-31,P-113,CLT-1005,884.81,0.00159,-0.00557,0.0,Bloomberg Global Aggregate
2021-06-30,P-113,CLT-1005,903.643,0.02129,0.0198,46.38,Bloomberg Global Aggregate
2021-07-31,P-113,CLT-1005,886.597,-0.01886,-0.0232,0.0,Bloomberg Global Aggregate
2021-08-31,P-113,CLT-1005,898.561,0.01349,0.01257,30.34,Bloomberg Global Aggregate
2021-09-30,P-113,CLT-1005,896.458,-0.00234,-0.01639,0.0,Bloomberg Global Aggregate
2021-10-31,P-113,CLT-1005,936.188,0.04432,0.02715,0.0,Bloomberg Global Aggregate
2021-11-30,P-113,CLT-1005,923.655,-0.01339,-0.00173,0.0,Bloomberg Global Aggregate
2021-12-31,P-113,CLT-1005,927.639,0.00431,0.0057,0.0,Bloomberg Global Aggregate
2022-01-31,P-113,CLT-1005,925.495,-0.00231,-0.00409,0.0,Bloomberg Global Aggregate
2022-02-28,P-113,CLT-1005,879.631,-0.04956,-0.04804,0.0,Bloomberg Global Aggregate
2022-03-31,P-113,CLT-1005,877.078,-0.0029,-0.02404,0.0,Bloomberg Global Aggregate
2022-04-30,P-113,CLT-1005,887.28,0.01163,0.00775,-31.3,Bloomberg Global Aggregate
2022-05-31,P-113,CLT-1005,884.629,-0.00299,0.00445,0.0,Bloomberg Global Aggregate
2022-06-30,P-113,CLT-1005,885.919,0.00146,-0.00652,0.0,Bloomberg Global Aggregate
2022-07-31,P-113,CLT-1005,856.902,-0.03275,-0.03715,30.39,Bloomberg Global Aggregate
2022-08-31,P-113,CLT-1005,860.26,0.00392,-0.00085,-47.04,Bloomberg Global Aggregate
2022-09-30,P-113,CLT-1005,879.923,0.02286,0.00155,-37.4,Bloomberg Global Aggregate
2022-10-31,P-113,CLT-1005,874.932,-0.00567,-0.01095,0.0,Bloomberg Global Aggregate
2022-11-30,P-113,CLT-1005,882.98,0.0092,0.01112,0.0,Bloomberg Global Aggregate
2022-12-31,P-113,CLT-1005,843.475,-0.04474,-0.02466,0.0,Bloomberg Global Aggregate
2023-01-31,P-113,CLT-1005,837.741,-0.0068,-0.0064,49.51,Bloomberg Global Aggregate
2023-02-28,P-113,CLT-1005,814.56,-0.02767,-0.04345,0.0,Bloomberg Global Aggregate
2023-03-31,P-113,CLT-1005,831.539,0.02084,0.02043,0.0,Bloomberg Global Aggregate
2023-04-30,P-113,CLT-1005,819.764,-0.01416,0.00906,0.0,Bloomberg Global Aggregate
2023-05-31,P-113,CLT-1005,793.162,-0.03245,-0.02839,0.0,Bloomberg Global Aggregate
2023-06-30,P-113,CLT-1005,779.287,-0.01749,-0.02983,0.0,Bloomberg Global Aggregate
2023-07-31,P-113,CLT-1005,774.78,-0.00578,-0.01321,0.0,Bloomberg Global Aggregate
2023-08-31,P-113,CLT-1005,782.716,0.01024,0.01806,0.0,Bloomberg Global Aggregate
2023-09-30,P-113,CLT-1005,777.029,-0.00727,-0.00247,0.0,Bloomberg Global Aggregate
2023-10-31,P-113,CLT-1005,765.35,-0.01503,-0.01193,0.0,Bloomberg Global Aggregate
2023-11-30,P-113,CLT-1005,748.833,-0.02158,-0.01571,0.0,Bloomberg Global Aggregate
2023-12-31,P-113,CLT-1005,720.786,-0.03745,-0.01655,0.0,Bloomberg Global Aggregate
2024-01-31,P-113,CLT-1005,703.993,-0.0233,-0.03312,0.0,Bloomberg Global Aggregate
2024-02-29,P-113,CLT-1005,701.007,-0.00424,-0.01949,0.0,Bloomberg Global Aggregate
2024-03-31,P-113,CLT-1005,678.433,-0.0322,-0.01692,0.0,Bloomberg Global Aggregate
2024-04-30,P-113,CLT-1005,699.517,0.03108,0.01598,0.0,Bloomberg Global Aggregate
2024-05-31,P-113,CLT-1005,699.758,0.00034,6e-05,0.0,Bloomberg Global Aggregate
2024-06-30,P-113,CLT-1005,701.556,0.00257,-0.01232,0.0,Bloomberg Global Aggregate
2024-07-31,P-113,CLT-1005,735.472,0.04834,0.04651,0.0,Bloomberg Global Aggregate
2024-08-31,P-113,CLT-1005,730.781,-0.00638,-0.00929,0.0,Bloomberg Global Aggregate
2024-09-30,P-113,CLT-1005,753.13,0.03058,0.02507,0.0,Bloomberg Global Aggregate
2024-10-31,P-113,CLT-1005,772.95,0.02632,0.03358,0.0,Bloomberg Global Aggregate
2024-11-30,P-113,CLT-1005,763.881,-0.01173,-0.02629,0.0,Bloomberg Global Aggregate
2024-12-31,P-113,CLT-1005,759.025,-0.00636,0.00455,0.0,Bloomberg Global Aggregate
2025-01-31,P-113,CLT-1005,751.779,-0.00955,-0.00654,0.0,Bloomberg Global Aggregate
2025-02-28,P-113,CLT-1005,751.114,-0.00088,-0.00807,0.0,Bloomberg Global Aggregate
2025-03-31,P-113,CLT-1005,758.181,0.00941,0.01359,0.0,Bloomberg Global Aggregate
2025-04-30,P-113,CLT-1005,759.281,0.00145,-0.00852,0.0,Bloomberg Global Aggregate
2025-05-31,P-113,CLT-1005,767.187,0.01041,-0.00614,0.0,Bloomberg Global Aggregate
2025-06-30,P-113,CLT-1005,776.83,0.01257,1e-05,0.0,Bloomberg Global Aggregate
2025-07-31,P-113,CLT-1005,758.41,-0.02371,-0.00384,0.0,Bloomberg Global Aggregate
2025-08-31,P-113,CLT-1005,746.238,-0.01605,-0.01885,0.0,Bloomberg Global Aggregate
2025-09-30,P-113,CLT-1005,769.248,0.03084,0.0181,-53.38,Bloomberg Global Aggregate
2025-10-31,P-113,CLT-1005,776.771,0.00978,0.02284,0.0,Bloomberg Global Aggregate
2025-11-30,P-113,CLT-1005,791.525,0.01899,0.00961,0.0,Bloomberg Global Aggregate
2025-12-31,P-113,CLT-1005,795.374,0.00486,-0.0039,26.49,Bloomberg Global Aggregate
2026-01-31,P-113,CLT-1005,777.895,-0.02198,-0.01007,-49.37,Bloomberg Global Aggregate
2026-02-28,P-113,CLT-1005,778.33,0.00056,-0.01004,0.0,Bloomberg Global Aggregate
2021-01-31,P-114,CLT-1005,924.673,-0.05672,-0.06004,0.0,MSCI World
2021-02-28,P-114,CLT-1005,960.693,0.03895,0.03127,0.0,MSCI World
2021-03-31,P-114,CLT-1005,1038.616,0.08111,0.09212,-60.67,MSCI World
2021-04-30,P-114,CLT-1005,1080.273,0.04011,0.0382,0.0,MSCI World
2021-05-31,P-114,CLT-1005,1046.769,-0.03101,-0.01147,0.0,MSCI World
2021-06-30,P-114,CLT-1005,1051.025,0.00407,0.03022,0.0,MSCI World
2021-07-31,P-114,CLT-1005,1132.79,0.0778,0.076,0.0,MSCI World
2021-08-31,P-114,CLT-1005,1231.113,0.0868,0.0739,0.0,MSCI World
2021-09-30,P-114,CLT-1005,1193.249,-0.03076,-0.03385,-67.91,MSCI World
2021-10-31,P-114,CLT-1005,1227.807,0.02896,0.02953,0.0,MSCI World
2021-11-30,P-114,CLT-1005,1227.253,-0.00045,0.00155,0.0,MSCI World
2021-12-31,P-114,CLT-1005,1265.543,0.0312,0.04193,0.0,MSCI World
2022-01-31,P-114,CLT-1005,1274.183,0.00683,0.00922,0.0,MSCI World
2022-02-28,P-114,CLT-1005,1145.514,-0.10098,-0.10602,76.5,MSCI World
2022-03-31,P-114,CLT-1005,1115.428,-0.02626,-0.0214,0.0,MSCI World
2022-04-30,P-114,CLT-1005,1126.944,0.01032,0.00148,0.0,MSCI World
2022-05-31,P-114,CLT-1005,1054.326,-0.06444,-0.06687,0.0,MSCI World
2022-06-30,P-114,CLT-1005,1076.804,0.02132,0.01749,0.0,MSCI World
2022-07-31,P-114,CLT-1005,1011.999,-0.06018,-0.07063,0.0,MSCI World
2022-08-31,P-114,CLT-1005,965.269,-0.04618,-0.04025,-51.14,MSCI World
2022-09-30,P-114,CLT-1005,1020.389,0.0571,0.04931,0.0,MSCI World
2022-10-31,P-114,CLT-1005,971.281,-0.04813,-0.04383,0.0,MSCI World
2022-11-30,P-114,CLT-1005,991.955,0.02129,0.01719,0.0,MSCI World
2022-12-31,P-114,CLT-1005,905.127,-0.08753,-0.08023,0.0,MSCI World
2023-01-31,P-114,CLT-1005,981.995,0.08493,0.09529,0.0,MSCI World
2023-02-28,P-114,CLT-1005,978.704,-0.00335,-0.00458,0.0,MSCI World
2023-03-31,P-114,CLT-1005,969.435,-0.00947,0.01216,0.0,MSCI World
2023-04-30,P-114,CLT-1005,981.459,0.0124,0.01566,0.0,MSCI World
2023-05-31,P-114,CLT-1005,996.371,0.01519,0.0336,0.0,MSCI World
2023-06-30,P-114,CLT-1005,950.294,-0.04625,-0.05542,-42.22,MSCI World
2023-07-31,P-114,CLT-1005,969.54,0.02025,0.00794,-48.66,MSCI World
2023-08-31,P-114,CLT-1005,941.202,-0.02923,-0.01941,0.0,MSCI World
2023-09-30,P-114,CLT-1005,887.144,-0.05743,-0.06255,64.38,MSCI World
2023-10-31,P-114,CLT-1005,940.417,0.06005,0.04949,0.0,MSCI World
2023-11-30,P-114,CLT-1005,944.205,0.00403,-0.00657,0.0,MSCI World
2023-12-31,P-114,CLT-1005,964.001,0.02097,0.01832,0.0,MSCI World
2024-01-31,P-114,CLT-1005,987.477,0.02435,0.01569,0.0,MSCI World
2024-02-29,P-114,CLT-1005,974.453,-0.01319,-0.00585,0.0,MSCI World
2024-03-31,P-114,CLT-1005,1064.07,0.09197,0.09084,0.0,MSCI World
2024-04-30,P-114,CLT-1005,1065.087,0.00096,0.00619,0.0,MSCI World
2024-05-31,P-114,CLT-1005,995.472,-0.06536,-0.05705,0.0,MSCI World
2024-06-30,P-114,CLT-1005,987.501,-0.00801,-0.00859,0.0,MSCI World
2024-07-31,P-114,CLT-1005,1020.356,0.03327,0.02908,0.0,MSCI World
2024-08-31,P-114,CLT-1005,1065.334,0.04408,0.03046,0.0,MSCI World
2024-09-30,P-114,CLT-1005,1028.972,-0.03413,-0.03737,-36.5,MSCI World
2024-10-31,P-114,CLT-1005,1085.219,0.05466,0.04707,0.0,MSCI World
2024-11-30,P-114,CLT-1005,1022.383,-0.0579,-0.06562,0.0,MSCI World
2024-12-31,P-114,CLT-1005,1111.635,0.0873,0.05606,0.0,MSCI World
2025-01-31,P-114,CLT-1005,1036.247,-0.06782,-0.04706,0.0,MSCI World
2025-02-28,P-114,CLT-1005,1026.829,-0.00909,-0.0013,0.0,MSCI World
2025-03-31,P-114,CLT-1005,1098.643,0.06994,0.05273,0.0,MSCI World
2025-04-30,P-114,CLT-1005,1108.829,0.00927,0.01317,0.0,MSCI World
2025-05-31,P-114,CLT-1005,1167.333,0.05276,0.04235,0.0,MSCI World
2025-06-30,P-114,CLT-1005,1210.396,0.03689,0.03406,0.0,MSCI World
2025-07-31,P-114,CLT-1005,1315.114,0.08652,0.06201,0.0,MSCI World
2025-08-31,P-114,CLT-1005,1367.624,0.03993,0.05263,0.0,MSCI World
2025-09-30,P-114,CLT-1005,1372.367,0.00347,-0.01083,0.0,MSCI World
2025-10-31,P-114,CLT-1005,1447.925,0.05506,0.03466,0.0,MSCI World
2025-11-30,P-114,CLT-1005,1350.492,-0.06729,-0.05573,0.0,MSCI World
2025-12-31,P-114,CLT-1005,1370.698,0.01496,0.00574,0.0,MSCI World
2026-01-31,P-114,CLT-1005,1413.782,0.03143,0.04243,0.0,MSCI World
2026-02-28,P-114,CLT-1005,1433.98,0.01429,0.01377,0.0,MSCI World
2021-01-31,P-115,CLT-1005,5197.226,0.00851,0.01155,0.0,Bloomberg Global Aggregate
2021-02-28,P-115,CLT-1005,5057.313,-0.02692,-0.00084,0.0,Bloomberg Global Aggregate
2021-03-31,P-115,CLT-1005,5202.056,0.02862,0.02435,0.0,Bloomberg Global Aggregate
2021-04-30,P-115,CLT-1005,5217.193,0.00291,0.00166,0.0,Bloomberg Global Aggregate
2021-05-31,P-115,CLT-1005,5269.507,0.01003,-0.00557,0.0,Bloomberg Global Aggregate
2021-06-30,P-115,CLT-1005,5406.915,0.02608,0.0198,0.0,Bloomberg Global Aggregate
2021-07-31,P-115,CLT-1005,5412.923,0.00111,-0.0232,0.0,Bloomberg Global Aggregate
2021-08-31,P-115,CLT-1005,5485.62,0.01343,0.01257,0.0,Bloomberg Global Aggregate
2021-09-30,P-115,CLT-1005,5387.897,-0.01781,-0.01639,0.0,Bloomberg Global Aggregate
2021-10-31,P-115,CLT-1005,5521.944,0.02488,0.02715,0.0,Bloomberg Global Aggregate
2021-11-30,P-115,CLT-1005,5484.736,-0.00674,-0.00173,0.0,Bloomberg Global Aggregate
2021-12-31,P-115,CLT-1005,5384.408,-0.01829,0.0057,0.0,Bloomberg Global Aggregate
2022-01-31,P-115,CLT-1005,5348.1,-0.00674,-0.00409,0.0,Bloomberg Global Aggregate
2022-02-28,P-115,CLT-1005,4970.891,-0.07053,-0.04804,-300.98,Bloomberg Global Aggregate
2022-03-31,P-115,CLT-1005,4874.087,-0.01947,-0.02404,0.0,Bloomberg Global Aggregate
2022-04-30,P-115,CLT-1005,4845.554,-0.00585,0.00775,0.0,Bloomberg Global Aggregate
2022-05-31,P-115,CLT-1005,4819.194,-0.00544,0.00445,0.0,Bloomberg Global Aggregate
2022-06-30,P-115,CLT-1005,4751.739,-0.014,-0.00652,0.0,Bloomberg Global Aggregate
2022-07-31,P-115,CLT-1005,4563.372,-0.03964,-0.03715,192.9,Bloomberg Global Aggregate
2022-08-31,P-115,CLT-1005,4558.534,-0.00106,-0.00085,0.0,Bloomberg Global Aggregate
2022-09-30,P-115,CLT-1005,4617.385,0.01291,0.00155,0.0,Bloomberg Global Aggregate
2022-10-31,P-115,CLT-1005,4536.862,-0.01744,-0.01095,0.0,Bloomberg Global Aggregate
2022-11-30,P-115,CLT-1005,4609.391,0.01599,0.01112,0.0,Bloomberg Global Aggregate
2022-12-31,P-115,CLT-1005,4629.569,0.00438,-0.02466,0.0,Bloomberg Global Aggregate
2023-01-31,P-115,CLT-1005,4617.367,-0.00264,-0.0064,0.0,Bloomberg Global Aggregate
2023-02-28,P-115,CLT-1005,4406.45,-0.04568,-0.04345,0.0,Bloomberg Global Aggregate
2023-03-31,P-115,CLT-1005,4458.329,0.01177,0.02043,0.0,Bloomberg Global Aggregate
2023-04-30,P-115,CLT-1005,4488.122,0.00668,0.00906,0.0,Bloomberg Global Aggregate
2023-05-31,P-115,CLT-1005,4316.706,-0.03819,-0.02839,0.0,Bloomberg Global Aggregate
2023-06-30,P-115,CLT-1005,4199.146,-0.02723,-0.02983,0.0,Bloomberg Global Aggregate
2023-07-31,P-115,CLT-1005,4147.15,-0.01238,-0.01321,0.0,Bloomberg Global Aggregate
2023-08-31,P-115,CLT-1005,4124.573,-0.00544,0.01806,0.0,Bloomberg Global Aggregate
2023-09-30,P-115,CLT-1005,4112.383,-0.00296,-0.00247,0.0,Bloomberg Global Aggregate
2023-10-31,P-115,CLT-1005,4109.642,-0.00067,-0.01193,179.27,Bloomberg Global Aggregate
2023-11-30,P-115,CLT-1005,4026.281,-0.02028,-0.01571,0.0,Bloomberg Global Aggregate
2023-12-31,P-115,CLT-1005,3930.256,-0.02385,-0.01655,0.0,Bloomberg Global Aggregate
2024-01-31,P-115,CLT-1005,3740.832,-0.0482,-0.03312,0.0,Bloomberg Global Aggregate
2024-02-29,P-115,CLT-1005,3592.227,-0.03973,-0.01949,0.0,Bloomberg Global Aggregate
2024-03-31,P-115,CLT-1005,3562.476,-0.00828,-0.01692,0.0,Bloomberg Global Aggregate
2024-04-30,P-115,CLT-1005,3611.424,0.01374,0.01598,0.0,Bloomberg Global Aggregate
2024-05-31,P-115,CLT-1005,3640.53,0.00806,6e-05,-155.69,Bloomberg Global Aggregate
2024-06-30,P-115,CLT-1005,3654.475,0.00383,-0.01232,207.45,Bloomberg Global Aggregate
2024-07-31,P-115,CLT-1005,3859.53,0.05611,0.04651,0.0,Bloomberg Global Aggregate
2024-08-31,P-115,CLT-1005,3800.089,-0.0154,-0.00929,0.0,Bloomberg Global Aggregate
2024-09-30,P-115,CLT-1005,3900.163,0.02633,0.02507,0.0,Bloomberg Global Aggregate
2024-10-31,P-115,CLT-1005,4004.286,0.0267,0.03358,0.0,Bloomberg Global Aggregate
2024-11-30,P-115,CLT-1005,3867.405,-0.03418,-0.02629,0.0,Bloomberg Global Aggregate
2024-12-31,P-115,CLT-1005,3898.145,0.00795,0.00455,0.0,Bloomberg Global Aggregate
2025-01-31,P-115,CLT-1005,3836.68,-0.01577,-0.00654,0.0,Bloomberg Global Aggregate
2025-02-28,P-115,CLT-1005,3713.606,-0.03208,-0.00807,0.0,Bloomberg Global Aggregate
2025-03-31,P-115,CLT-1005,3727.586,0.00376,0.01359,0.0,Bloomberg Global Aggregate
2025-04-30,P-115,CLT-1005,3682.472,-0.0121,-0.00852,0.0,Bloomberg Global Aggregate
2025-05-31,P-115,CLT-1005,3718.961,0.00991,-0.00614,0.0,Bloomberg Global Aggregate
2025-06-30,P-115,CLT-1005,3698.336,-0.00555,1e-05,0.0,Bloomberg Global Aggregate
2025-07-31,P-115,CLT-1005,3703.402,0.00137,-0.00384,0.0,Bloomberg Global Aggregate
2025-08-31,P-115,CLT-1005,3625.823,-0.02095,-0.01885,0.0,Bloomberg Global Aggregate
2025-09-30,P-115,CLT-1005,3738.159,0.03098,0.0181,0.0,Bloomberg Global Aggregate
2025-10-31,P-115,CLT-1005,3868.912,0.03498,0.02284,0.0,Bloomberg Global Aggregate
2025-11-30,P-115,CLT-1005,3953.859,0.02196,0.00961,269.83,Bloomberg Global Aggregate
2025-12-31,P-115,CLT-1005,3863.696,-0.0228,-0.0039,0.0,Bloomberg Global Aggregate
2026-01-31,P-115,CLT-1005,3832.272,-0.00813,-0.01007,0.0,Bloomberg Global Aggregate
2026-02-28,P-115,CLT-1005,3823.94,-0.00217,-0.01004,0.0,Bloomberg Global Aggregate
2021-01-31,P-116,CLT-1006,540.066,-0.05415,-0.06004,0.0,MSCI World
2021-02-28,P-116,CLT-1006,561.84,0.04032,0.03127,28.08,MSCI World
2021-03-31,P-116,CLT-1006,614.656,0.09401,0.09212,0.0,MSCI World
2021-04-30,P-116,CLT-1006,633.185,0.03015,0.0382,0.0,MSCI World
2021-05-31,P-116,CLT-1006,613.352,-0.03132,-0.01147,0.0,MSCI World
2021-06-30,P-116,CLT-1006,627.7,0.02339,0.03022,0.0,MSCI World
2021-07-31,P-116,CLT-1006,696.958,0.11034,0.076,0.0,MSCI World
2021-08-31,P-116,CLT-1006,745.087,0.06906,0.0739,0.0,MSCI World
2021-09-30,P-116,CLT-1006,702.655,-0.05695,-0.03385,0.0,MSCI World
2021-10-31,P-116,CLT-1006,730.597,0.03977,0.02953,0.0,MSCI World
2021-11-30,P-116,CLT-1006,740.322,0.01331,0.00155,0.0,MSCI World
2021-12-31,P-116,CLT-1006,784.031,0.05904,0.04193,0.0,MSCI World
2022-01-31,P-116,CLT-1006,796.751,0.01622,0.00922,38.72,MSCI World
2022-02-28,P-116,CLT-1006,721.55,-0.09438,-0.10602,0.0,MSCI World
2022-03-31,P-116,CLT-1006,723.395,0.00256,-0.0214,0.0,MSCI World
2022-04-30,P-116,CLT-1006,718.629,-0.00659,0.00148,0.0,MSCI World
2022-05-31,P-116,CLT-1006,663.01,-0.0774,-0.06687,0.0,MSCI World
2022-06-30,P-116,CLT-1006,666.39,0.0051,0.01749,0.0,MSCI World
2022-07-31,P-116,CLT-1006,617.91,-0.07275,-0.07063,0.0,MSCI World
2022-08-31,P-116,CLT-1006,604.727,-0.02133,-0.04025,0.0,MSCI World
2022-09-30,P-116,CLT-1006,639.208,0.05702,0.04931,-26.25,MSCI World
2022-10-31,P-116,CLT-1006,615.808,-0.03661,-0.04383,0.0,MSCI World
2022-11-30,P-116,CLT-1006,613.237,-0.00417,0.01719,0.0,MSCI World
2022-12-31,P-116,CLT-1006,559.485,-0.08765,-0.08023,0.0,MSCI World
2023-01-31,P-116,CLT-1006,600.729,0.07372,0.09529,0.0,MSCI World
2023-02-28,P-116,CLT-1006,607.392,0.01109,-0.00458,0.0,MSCI World
2023-03-31,P-116,CLT-1006,627.413,0.03296,0.01216,0.0,MSCI World
2023-04-30,P-116,CLT-1006,644.029,0.02648,0.01566,0.0,MSCI World
2023-05-31,P-116,CLT-1006,658.548,0.02254,0.0336,0.0,MSCI World
2023-06-30,P-116,CLT-1006,634.905,-0.0359,-0.05542,0.0,MSCI World
2023-07-31,P-116,CLT-1006,638.698,0.00597,0.00794,0.0,MSCI World
2023-08-31,P-116,CLT-1006,617.44,-0.03328,-0.01941,0.0,MSCI World
2023-09-30,P-116,CLT-1006,572.162,-0.07333,-0.06255,27.36,MSCI World
2023-10-31,P-116,CLT-1006,598.095,0.04532,0.04949,0.0,MSCI World
2023-11-30,P-116,CLT-1006,595.228,-0.00479,-0.00657,0.0,MSCI World
2023-12-31,P-116,CLT-1006,605.636,0.01749,0.01832,0.0,MSCI World
2024-01-31,P-116,CLT-1006,605.251,-0.00064,0.01569,0.0,MSCI World
2024-02-29,P-116,CLT-1006,611.513,0.01034,-0.00585,0.0,MSCI World
2024-03-31,P-116,CLT-1006,666.633,0.09014,0.09084,0.0,MSCI World
2024-04-30,P-116,CLT-1006,665.643,-0.00149,0.00619,0.0,MSCI World
2024-05-31,P-116,CLT-1006,637.601,-0.04213,-0.05705,0.0,MSCI World
2024-06-30,P-116,CLT-1006,623.521,-0.02208,-0.00859,21.01,MSCI World
2024-07-31,P-116,CLT-1006,629.805,0.01008,0.02908,0.0,MSCI World
2024-08-31,P-116,CLT-1006,659.649,0.04739,0.03046,0.0,MSCI World
2024-09-30,P-116,CLT-1006,651.223,-0.01277,-0.03737,0.0,MSCI World
2024-10-31,P-116,CLT-1006,678.911,0.04252,0.04707,0.0,MSCI World
2024-11-30,P-116,CLT-1006,634.764,-0.06503,-0.06562,0.0,MSCI World
2024-12-31,P-116,CLT-1006,662.073,0.04302,0.05606,0.0,MSCI World
2025-01-31,P-116,CLT-1006,631.735,-0.04582,-0.04706,0.0,MSCI World
2025-02-28,P-116,CLT-1006,627.926,-0.00603,-0.0013,0.0,MSCI World
2025-03-31,P-116,CLT-1006,660.974,0.05263,0.05273,0.0,MSCI World
2025-04-30,P-116,CLT-1006,673.802,0.01941,0.01317,0.0,MSCI World
2025-05-31,P-116,CLT-1006,693.961,0.02992,0.04235,0.0,MSCI World
2025-06-30,P-116,CLT-1006,715.299,0.03075,0.03406,0.0,MSCI World
2025-07-31,P-116,CLT-1006,744.507,0.04083,0.06201,-44.46,MSCI World
2025-08-31,P-116,CLT-1006,781.285,0.0494,0.05263,0.0,MSCI World
2025-09-30,P-116,CLT-1006,772.834,-0.01082,-0.01083,0.0,MSCI World
2025-10-31,P-116,CLT-1006,802.714,0.03866,0.03466,-35.18,MSCI World
2025-11-30,P-116,CLT-1006,761.296,-0.0516,-0.05573,40.28,MSCI World
2025-12-31,P-116,CLT-1006,775.079,0.01811,0.00574,39.87,MSCI World
2026-01-31,P-116,CLT-1006,794.087,0.02452,0.04243,0.0,MSCI World
2026-02-28,P-116,CLT-1006,791.33,-0.00347,0.01377,-19.83,MSCI World
2021-01-31,P-117,CLT-1006,96.056,0.01775,0.01155,0.0,Bloomberg Global Aggregate
2021-02-28,P-117,CLT-1006,94.377,-0.01748,-0.00084,0.0,Bloomberg Global Aggregate
2021-03-31,P-117,CLT-1006,96.97,0.02748,0.02435,0.0,Bloomberg Global Aggregate
2021-04-30,P-117,CLT-1006,96.257,-0.00735,0.00166,0.0,Bloomberg Global Aggregate
2021-05-31,P-117,CLT-1006,97.213,0.00992,-0.00557,0.0,Bloomberg Global Aggregate
2021-06-30,P-117,CLT-1006,99.5,0.02353,0.0198,0.0,Bloomberg Global Aggregate
2021-07-31,P-117,CLT-1006,97.146,-0.02365,-0.0232,6.96,Bloomberg Global Aggregate
2021-08-31,P-117,CLT-1006,99.574,0.02499,0.01257,0.0,Bloomberg Global Aggregate
2021-09-30,P-117,CLT-1006,97.148,-0.02436,-0.01639,0.0,Bloomberg Global Aggregate
2021-10-31,P-117,CLT-1006,99.175,0.02087,0.02715,0.0,Bloomberg Global Aggregate
2021-11-30,P-117,CLT-1006,98.039,-0.01146,-0.00173,0.0,Bloomberg Global Aggregate
2021-12-31,P-117,CLT-1006,97.989,-0.0005,0.0057,0.0,Bloomberg Global Aggregate
2022-01-31,P-117,CLT-1006,97.788,-0.00205,-0.00409,0.0,Bloomberg Global Aggregate
2022-02-28,P-117,CLT-1006,93.667,-0.04215,-0.04804,0.0,Bloomberg Global Aggregate
2022-03-31,P-117,CLT-1006,92.356,-0.01399,-0.02404,0.0,Bloomberg Global Aggregate
2022-04-30,P-117,CLT-1006,91.71,-0.00699,0.00775,0.0,Bloomberg Global Aggregate
2022-05-31,P-117,CLT-1006,92.115,0.00442,0.00445,0.0,Bloomberg Global Aggregate
2022-06-30,P-117,CLT-1006,90.744,-0.01489,-0.00652,0.0,Bloomberg Global Aggregate
2022-07-31,P-117,CLT-1006,87.342,-0.03749,-0.03715,0.0,Bloomberg Global Aggregate
2022-08-31,P-117,CLT-1006,89.213,0.02142,-0.00085,0.0,Bloomberg Global Aggregate
2022-09-30,P-117,CLT-1006,89.717,0.00565,0.00155,0.0,Bloomberg Global Aggregate
2022-10-31,P-117,CLT-1006,89.586,-0.00145,-0.01095,0.0,Bloomberg Global Aggregate
2022-11-30,P-117,CLT-1006,92.279,0.03006,0.01112,0.0,Bloomberg Global Aggregate
2022-12-31,P-117,CLT-1006,91.068,-0.01313,-0.02466,0.0,Bloomberg Global Aggregate
2023-01-31,P-117,CLT-1006,90.258,-0.00889,-0.0064,0.0,Bloomberg Global Aggregate
2023-02-28,P-117,CLT-1006,85.446,-0.05331,-0.04345,0.0,Bloomberg Global Aggregate
2023-03-31,P-117,CLT-1006,87.297,0.02165,0.02043,0.0,Bloomberg Global Aggregate
2023-04-30,P-117,CLT-1006,87.777,0.0055,0.00906,0.0,Bloomberg Global Aggregate
2023-05-31,P-117,CLT-1006,84.225,-0.04046,-0.02839,0.0,Bloomberg Global Aggregate
2023-06-30,P-117,CLT-1006,82.019,-0.02619,-0.02983,0.0,Bloomberg Global Aggregate
2023-07-31,P-117,CLT-1006,81.253,-0.00935,-0.01321,-3.3,Bloomberg Global Aggregate
2023-08-31,P-117,CLT-1006,84.121,0.0353,0.01806,0.0,Bloomberg Global Aggregate
2023-09-30,P-117,CLT-1006,83.768,-0.00419,-0.00247,6.43,Bloomberg Global Aggregate
2023-10-31,P-117,CLT-1006,83.102,-0.00795,-0.01193,0.0,Bloomberg Global Aggregate
2023-11-30,P-117,CLT-1006,81.429,-0.02014,-0.01571,5.53,Bloomberg Global Aggregate
2023-12-31,P-117,CLT-1006,80.835,-0.00729,-0.01655,0.0,Bloomberg Global Aggregate
2024-01-31,P-117,CLT-1006,78.19,-0.03273,-0.03312,0.0,Bloomberg Global Aggregate
2024-02-29,P-117,CLT-1006,75.967,-0.02843,-0.01949,0.0,Bloomberg Global Aggregate
2024-03-31,P-117,CLT-1006,74.786,-0.01555,-0.01692,0.0,Bloomberg Global Aggregate
2024-04-30,P-117,CLT-1006,76.352,0.02095,0.01598,0.0,Bloomberg Global Aggregate
2024-05-31,P-117,CLT-1006,76.644,0.00382,6e-05,0.0,Bloomberg Global Aggregate
2024-06-30,P-117,CLT-1006,76.528,-0.00152,-0.01232,0.0,Bloomberg Global Aggregate
2024-07-31,P-117,CLT-1006,79.215,0.03512,0.04651,0.0,Bloomberg Global Aggregate
2024-08-31,P-117,CLT-1006,78.004,-0.01529,-0.00929,0.0,Bloomberg Global Aggregate
2024-09-30,P-117,CLT-1006,80.52,0.03225,0.02507,0.0,Bloomberg Global Aggregate
2024-10-31,P-117,CLT-1006,82.825,0.02863,0.03358,0.0,Bloomberg Global Aggregate
2024-11-30,P-117,CLT-1006,80.948,-0.02266,-0.02629,-4.13,Bloomberg Global Aggregate
2024-12-31,P-117,CLT-1006,79.695,-0.01548,0.00455,0.0,Bloomberg Global Aggregate
2025-01-31,P-117,CLT-1006,81.219,0.01912,-0.00654,0.0,Bloomberg Global Aggregate
2025-02-28,P-117,CLT-1006,80.49,-0.00898,-0.00807,0.0,Bloomberg Global Aggregate
2025-03-31,P-117,CLT-1006,82.559,0.02571,0.01359,0.0,Bloomberg Global Aggregate
2025-04-30,P-117,CLT-1006,81.731,-0.01002,-0.00852,0.0,Bloomberg Global Aggregate
2025-05-31,P-117,CLT-1006,81.653,-0.00095,-0.00614,0.0,Bloomberg Global Aggregate
2025-06-30,P-117,CLT-1006,82.86,0.01478,1e-05,0.0,Bloomberg Global Aggregate
2025-07-31,P-117,CLT-1006,83.526,0.00803,-0.00384,0.0,Bloomberg Global Aggregate
2025-08-31,P-117,CLT-1006,81.924,-0.01918,-0.01885,-3.06,Bloomberg Global Aggregate
2025-09-30,P-117,CLT-1006,83.431,0.01839,0.0181,0.0,Bloomberg Global Aggregate
2025-10-31,P-117,CLT-1006,86.206,0.03327,0.02284,0.0,Bloomberg Global Aggregate
2025-11-30,P-117,CLT-1006,88.954,0.03187,0.00961,0.0,Bloomberg Global Aggregate
2025-12-31,P-117,CLT-1006,88.892,-0.00069,-0.0039,0.0,Bloomberg Global Aggregate
2026-01-31,P-117,CLT-1006,89.679,0.00884,-0.01007,0.0,Bloomberg Global Aggregate
2026-02-28,P-117,CLT-1006,88.72,-0.01069,-0.01004,-6.94,Bloomberg Global Aggregate
2021-01-31,P-118,CLT-1006,1935.188,-0.04932,-0.06004,0.0,MSCI World
2021-02-28,P-118,CLT-1006,2020.707,0.04419,0.03127,0.0,MSCI World
2021-03-31,P-118,CLT-1006,2188.007,0.08279,0.09212,0.0,MSCI World
2021-04-30,P-118,CLT-1006,2240.337,0.02392,0.0382,-65.06,MSCI World
2021-05-31,P-118,CLT-1006,2245.055,0.00211,-0.01147,0.0,MSCI World
2021-06-30,P-118,CLT-1006,2287.957,0.01911,0.03022,0.0,MSCI World
2021-07-31,P-118,CLT-1006,2424.191,0.05954,0.076,0.0,MSCI World
2021-08-31,P-118,CLT-1006,2570.968,0.06055,0.0739,0.0,MSCI World
2021-09-30,P-118,CLT-1006,2455.218,-0.04502,-0.03385,0.0,MSCI World
2021-10-31,P-118,CLT-1006,2550.607,0.03885,0.02953,0.0,MSCI World
2021-11-30,P-118,CLT-1006,2565.515,0.00584,0.00155,0.0,MSCI World
2021-12-31,P-118,CLT-1006,2691.684,0.04918,0.04193,0.0,MSCI World
2022-01-31,P-118,CLT-1006,2724.363,0.01214,0.00922,0.0,MSCI World
2022-02-28,P-118,CLT-1006,2402.737,-0.11806,-0.10602,0.0,MSCI World
2022-03-31,P-118,CLT-1006,2368.08,-0.01442,-0.0214,57.5,MSCI World
2022-04-30,P-118,CLT-1006,2405.023,0.0156,0.00148,0.0,MSCI World
2022-05-31,P-118,CLT-1006,2256.984,-0.06155,-0.06687,0.0,MSCI World
2022-06-30,P-118,CLT-1006,2303.975,0.02082,0.01749,0.0,MSCI World
2022-07-31,P-118,CLT-1006,2107.662,-0.08521,-0.07063,0.0,MSCI World
2022-08-31,P-118,CLT-1006,2022.464,-0.04042,-0.04025,0.0,MSCI World
2022-09-30,P-118,CLT-1006,2091.121,0.03395,0.04931,0.0,MSCI World
2022-10-31,P-118,CLT-1006,1991.861,-0.04747,-0.04383,0.0,MSCI World
2022-11-30,P-118,CLT-1006,1971.453,-0.01025,0.01719,0.0,MSCI World
2022-12-31,P-118,CLT-1006,1759.407,-0.10756,-0.08023,0.0,MSCI World
2023-01-31,P-118,CLT-1006,1916.321,0.08919,0.09529,0.0,MSCI World
2023-02-28,P-118,CLT-1006,1885.769,-0.01594,-0.00458,0.0,MSCI World
2023-03-31,P-118,CLT-1006,1905.459,0.01044,0.01216,122.18,MSCI World
2023-04-30,P-118,CLT-1006,1925.256,0.01039,0.01566,-93.12,MSCI World
2023-05-31,P-118,CLT-1006,1984.468,0.03076,0.0336,0.0,MSCI World
2023-06-30,P-118,CLT-1006,1885.741,-0.04975,-0.05542,0.0,MSCI World
2023-07-31,P-118,CLT-1006,1881.659,-0.00216,0.00794,0.0,MSCI World
2023-08-31,P-118,CLT-1006,1832.875,-0.02593,-0.01941,0.0,MSCI World
2023-09-30,P-118,CLT-1006,1751.46,-0.04442,-0.06255,-61.65,MSCI World
2023-10-31,P-118,CLT-1006,1832.454,0.04624,0.04949,0.0,MSCI World
2023-11-30,P-118,CLT-1006,1809.548,-0.0125,-0.00657,0.0,MSCI World
2023-12-31,P-118,CLT-1006,1838.945,0.01625,0.01832,0.0,MSCI World
2024-01-31,P-118,CLT-1006,1857.393,0.01003,0.01569,0.0,MSCI World
2024-02-29,P-118,CLT-1006,1821.018,-0.01958,-0.00585,0.0,MSCI World
2024-03-31,P-118,CLT-1006,1953.689,0.07286,0.09084,77.11,MSCI World
2024-04-30,P-118,CLT-1006,1937.397,-0.00834,0.00619,0.0,MSCI World
2024-05-31,P-118,CLT-1006,1845.407,-0.04748,-0.05705,0.0,MSCI World
2024-06-30,P-118,CLT-1006,1806.37,-0.02115,-0.00859,-37.1,MSCI World
2024-07-31,P-118,CLT-1006,1848.849,0.02352,0.02908,113.34,MSCI World
2024-08-31,P-118,CLT-1006,1918.162,0.03749,0.03046,0.0,MSCI World
2024-09-30,P-118,CLT-1006,1832.321,-0.04475,-0.03737,0.0,MSCI World
2024-10-31,P-118,CLT-1006,1929.637,0.05311,0.04707,0.0,MSCI World
2024-11-30,P-118,CLT-1006,1752.89,-0.0916,-0.06562,0.0,MSCI World
2024-12-31,P-118,CLT-1006,1841.971,0.05082,0.05606,0.0,MSCI World
2025-01-31,P-118,CLT-1006,1751.375,-0.04918,-0.04706,0.0,MSCI World
2025-02-28,P-118,CLT-1006,1743.932,-0.00425,-0.0013,0.0,MSCI World
2025-03-31,P-118,CLT-1006,1787.711,0.0251,0.05273,0.0,MSCI World
2025-04-30,P-118,CLT-1006,1837.051,0.0276,0.01317,107.79,MSCI World
2025-05-31,P-118,CLT-1006,1885.698,0.02648,0.04235,0.0,MSCI World
2025-06-30,P-118,CLT-1006,1953.033,0.03571,0.03406,0.0,MSCI World
2025-07-31,P-118,CLT-1006,2067.944,0.05884,0.06201,0.0,MSCI World
2025-08-31,P-118,CLT-1006,2200.539,0.06412,0.05263,0.0,MSCI World
2025-09-30,P-118,CLT-1006,2240.355,0.01809,-0.01083,0.0,MSCI World
2025-10-31,P-118,CLT-1006,2268.079,0.01237,0.03466,0.0,MSCI World
2025-11-30,P-118,CLT-1006,2112.55,-0.06857,-0.05573,0.0,MSCI World
2025-12-31,P-118,CLT-1006,2123.619,0.00524,0.00574,0.0,MSCI World
2026-01-31,P-118,CLT-1006,2172.176,0.02287,0.04243,0.0,MSCI World
2026-02-28,P-118,CLT-1006,2219.96,0.022,0.01377,0.0,MSCI World
2021-01-31,P-119,CLT-1007,960.342,0.01967,0.01155,0.0,Bloomberg Global Aggregate
2021-02-28,P-119,CLT-1007,965.005,0.00486,-0.00084,0.0,Bloomberg Global Aggregate
2021-03-31,P-119,CLT-1007,991.323,0.02727,0.02435,0.0,Bloomberg Global Aggregate
2021-04-30,P-119,CLT-1007,1005.501,0.0143,0.00166,0.0,Bloomberg Global Aggregate
2021-05-31,P-119,CLT-1007,990.826,-0.01459,-0.00557,0.0,Bloomberg Global Aggregate
2021-06-30,P-119,CLT-1007,1011.882,0.02125,0.0198,0.0,Bloomberg Global Aggregate
2021-07-31,P-119,CLT-1007,982.892,-0.02865,-0.0232,0.0,Bloomberg Global Aggregate
2021-08-31,P-119,CLT-1007,1003.626,0.02109,0.01257,0.0,Bloomberg Global Aggregate
2021-09-30,P-119,CLT-1007,972.275,-0.03124,-0.01639,0.0,Bloomberg Global Aggregate
2021-10-31,P-119,CLT-1007,999.298,0.02779,0.02715,0.0,Bloomberg Global Aggregate
2021-11-30,P-119,CLT-1007,1001.332,0.00204,-0.00173,0.0,Bloomberg Global Aggregate
2021-12-31,P-119,CLT-1007,999.788,-0.00154,0.0057,0.0,Bloomberg Global Aggregate
2022-01-31,P-119,CLT-1007,991.214,-0.00858,-0.00409,0.0,Bloomberg Global Aggregate
2022-02-28,P-119,CLT-1007,944.608,-0.04702,-0.04804,0.0,Bloomberg Global Aggregate
2022-03-31,P-119,CLT-1007,930.481,-0.01495,-0.02404,-43.7,Bloomberg Global Aggregate
2022-04-30,P-119,CLT-1007,930.271,-0.00023,0.00775,0.0,Bloomberg Global Aggregate
2022-05-31,P-119,CLT-1007,928.384,-0.00203,0.00445,0.0,Bloomberg Global Aggregate
2022-06-30,P-119,CLT-1007,932.123,0.00403,-0.00652,0.0,Bloomberg Global Aggregate
2022-07-31,P-119,CLT-1007,896.136,-0.03861,-0.03715,0.0,Bloomberg Global Aggregate
2022-08-31,P-119,CLT-1007,890.195,-0.00663,-0.00085,0.0,Bloomberg Global Aggregate
2022-09-30,P-119,CLT-1007,897.936,0.0087,0.00155,0.0,Bloomberg Global Aggregate
2022-10-31,P-119,CLT-1007,885.139,-0.01425,-0.01095,0.0,Bloomberg Global Aggregate
2022-11-30,P-119,CLT-1007,903.572,0.02082,0.01112,0.0,Bloomberg Global Aggregate
2022-12-31,P-119,CLT-1007,876.95,-0.02946,-0.02466,0.0,Bloomberg Global Aggregate
2023-01-31,P-119,CLT-1007,870.917,-0.00688,-0.0064,0.0,Bloomberg Global Aggregate
2023-02-28,P-119,CLT-1007,840.909,-0.03446,-0.04345,0.0,Bloomberg Global Aggregate
2023-03-31,P-119,CLT-1007,857.201,0.01937,0.02043,26.91,Bloomberg Global Aggregate
2023-04-30,P-119,CLT-1007,871.288,0.01643,0.00906,0.0,Bloomberg Global Aggregate
2023-05-31,P-119,CLT-1007,846.837,-0.02806,-0.02839,0.0,Bloomberg Global Aggregate
2023-06-30,P-119,CLT-1007,836.73,-0.01194,-0.02983,0.0,Bloomberg Global Aggregate
2023-07-31,P-119,CLT-1007,837.688,0.00115,-0.01321,0.0,Bloomberg Global Aggregate
2023-08-31,P-119,CLT-1007,844.013,0.00755,0.01806,0.0,Bloomberg Global Aggregate
2023-09-30,P-119,CLT-1007,846.463,0.0029,-0.00247,0.0,Bloomberg Global Aggregate
2023-10-31,P-119,CLT-1007,831.184,-0.01805,-0.01193,-18.81,Bloomberg Global Aggregate
2023-11-30,P-119,CLT-1007,820.23,-0.01318,-0.01571,0.0,Bloomberg Global Aggregate
2023-12-31,P-119,CLT-1007,807.864,-0.01508,-0.01655,0.0,Bloomberg Global Aggregate
2024-01-31,P-119,CLT-1007,774.512,-0.04128,-0.03312,-38.05,Bloomberg Global Aggregate
2024-02-29,P-119,CLT-1007,767.143,-0.00952,-0.01949,45.63,Bloomberg Global Aggregate
2024-03-31,P-119,CLT-1007,756.182,-0.01429,-0.01692,0.0,Bloomberg Global Aggregate
2024-04-30,P-119,CLT-1007,767.088,0.01442,0.01598,0.0,Bloomberg Global Aggregate
2024-05-31,P-119,CLT-1007,764.93,-0.00281,6e-05,0.0,Bloomberg Global Aggregate
2024-06-30,P-119,CLT-1007,757.101,-0.01024,-0.01232,0.0,Bloomberg Global Aggregate
2024-07-31,P-119,CLT-1007,795.635,0.0509,0.04651,0.0,Bloomberg Global Aggregate
2024-08-31,P-119,CLT-1007,788.098,-0.00947,-0.00929,-46.77,Bloomberg Global Aggregate
2024-09-30,P-119,CLT-1007,789.396,0.00165,0.02507,0.0,Bloomberg Global Aggregate
2024-10-31,P-119,CLT-1007,816.725,0.03462,0.03358,0.0,Bloomberg Global Aggregate
2024-11-30,P-119,CLT-1007,785.875,-0.03777,-0.02629,0.0,Bloomberg Global Aggregate
2024-12-31,P-119,CLT-1007,788.741,0.00365,0.00455,0.0,Bloomberg Global Aggregate
2025-01-31,P-119,CLT-1007,774.774,-0.01771,-0.00654,0.0,Bloomberg Global Aggregate
2025-02-28,P-119,CLT-1007,759.792,-0.01934,-0.00807,0.0,Bloomberg Global Aggregate
2025-03-31,P-119,CLT-1007,778.845,0.02508,0.01359,0.0,Bloomberg Global Aggregate
2025-04-30,P-119,CLT-1007,770.763,-0.01038,-0.00852,0.0,Bloomberg Global Aggregate
2025-05-31,P-119,CLT-1007,764.092,-0.00865,-0.00614,0.0,Bloomberg Global Aggregate
2025-06-30,P-119,CLT-1007,767.946,0.00504,1e-05,39.73,Bloomberg Global Aggregate
2025-07-31,P-119,CLT-1007,763.238,-0.00613,-0.00384,0.0,Bloomberg Global Aggregate
2025-08-31,P-119,CLT-1007,763.307,9e-05,-0.01885,0.0,Bloomberg Global Aggregate
2025-09-30,P-119,CLT-1007,776.014,0.01665,0.0181,-60.25,Bloomberg Global Aggregate
2025-10-31,P-119,CLT-1007,796.861,0.02686,0.02284,-41.36,Bloomberg Global Aggregate
2025-11-30,P-119,CLT-1007,811.871,0.01884,0.00961,0.0,Bloomberg Global Aggregate
2025-12-31,P-119,CLT-1007,820.591,0.01074,-0.0039,0.0,Bloomberg Global Aggregate
2026-01-31,P-119,CLT-1007,807.836,-0.01554,-0.01007,0.0,Bloomberg Global Aggregate
2026-02-28,P-119,CLT-1007,797.55,-0.01273,-0.01004,0.0,Bloomberg Global Aggregate
2021-01-31,P-120,CLT-1007,5698.227,0.02951,0.01155,0.0,Bloomberg Global Aggregate
2021-02-28,P-120,CLT-1007,5762.75,0.01132,-0.00084,348.47,Bloomberg Global Aggregate
2021-03-31,P-120,CLT-1007,5992.239,0.03982,0.02435,0.0,Bloomberg Global Aggregate
2021-04-30,P-120,CLT-1007,5911.939,-0.0134,0.00166,0.0,Bloomberg Global Aggregate
2021-05-31,P-120,CLT-1007,6005.407,0.01581,-0.00557,-318.27,Bloomberg Global Aggregate
2021-06-30,P-120,CLT-1007,6079.448,0.01233,0.0198,0.0,Bloomberg Global Aggregate
2021-07-31,P-120,CLT-1007,5965.409,-0.01876,-0.0232,0.0,Bloomberg Global Aggregate
2021-08-31,P-120,CLT-1007,6041.502,0.01276,0.01257,0.0,Bloomberg Global Aggregate
2021-09-30,P-120,CLT-1007,5888.477,-0.02533,-0.01639,0.0,Bloomberg Global Aggregate
2021-10-31,P-120,CLT-1007,5956.428,0.01154,0.02715,0.0,Bloomberg Global Aggregate
2021-11-30,P-120,CLT-1007,5828.508,-0.02148,-0.00173,0.0,Bloomberg Global Aggregate
2021-12-31,P-120,CLT-1007,5882.28,0.00923,0.0057,0.0,Bloomberg Global Aggregate
2022-01-31,P-120,CLT-1007,5758.124,-0.02111,-0.00409,0.0,Bloomberg Global Aggregate
2022-02-28,P-120,CLT-1007,5411.681,-0.06017,-0.04804,0.0,Bloomberg Global Aggregate
2022-03-31,P-120,CLT-1007,5277.877,-0.02473,-0.02404,0.0,Bloomberg Global Aggregate
2022-04-30,P-120,CLT-1007,5155.552,-0.02318,0.00775,0.0,Bloomberg Global Aggregate
2022-05-31,P-120,CLT-1007,5239.174,0.01622,0.00445,0.0,Bloomberg Global Aggregate
2022-06-30,P-120,CLT-1007,5057.964,-0.03459,-0.00652,0.0,Bloomberg Global Aggregate
2022-07-31,P-120,CLT-1007,4875.464,-0.03608,-0.03715,0.0,Bloomberg Global Aggregate
2022-08-31,P-120,CLT-1007,4882.193,0.00138,-0.00085,0.0,Bloomberg Global Aggregate
2022-09-30,P-120,CLT-1007,4932.546,0.01031,0.00155,0.0,Bloomberg Global Aggregate
2022-10-31,P-120,CLT-1007,4886.02,-0.00943,-0.01095,0.0,Bloomberg Global Aggregate
2022-11-30,P-120,CLT-1007,5073.472,0.03837,0.01112,0.0,Bloomberg Global Aggregate
2022-12-31,P-120,CLT-1007,4972.431,-0.01992,-0.02466,0.0,Bloomberg Global Aggregate
2023-01-31,P-120,CLT-1007,5016.192,0.0088,-0.0064,0.0,Bloomberg Global Aggregate
2023-02-28,P-120,CLT-1007,4763.114,-0.05045,-0.04345,0.0,Bloomberg Global Aggregate
2023-03-31,P-120,CLT-1007,4877.305,0.02397,0.02043,-385.2,Bloomberg Global Aggregate
2023-04-30,P-120,CLT-1007,5025.709,0.03043,0.00906,0.0,Bloomberg Global Aggregate
2023-05-31,P-120,CLT-1007,4878.351,-0.02932,-0.02839,0.0,Bloomberg Global Aggregate
2023-06-30,P-120,CLT-1007,4754.487,-0.02539,-0.02983,0.0,Bloomberg Global Aggregate
2023-07-31,P-120,CLT-1007,4759.645,0.00108,-0.01321,0.0,Bloomberg Global Aggregate
2023-08-31,P-120,CLT-1007,4811.174,0.01083,0.01806,0.0,Bloomberg Global Aggregate
2023-09-30,P-120,CLT-1007,4679.194,-0.02743,-0.00247,0.0,Bloomberg Global Aggregate
2023-10-31,P-120,CLT-1007,4647.832,-0.0067,-0.01193,0.0,Bloomberg Global Aggregate
2023-11-30,P-120,CLT-1007,4641.687,-0.00132,-0.01571,348.81,Bloomberg Global Aggregate
2023-12-31,P-120,CLT-1007,4495.96,-0.0314,-0.01655,0.0,Bloomberg Global Aggregate
2024-01-31,P-120,CLT-1007,4393.879,-0.0227,-0.03312,0.0,Bloomberg Global Aggregate
2024-02-29,P-120,CLT-1007,4354.366,-0.00899,-0.01949,0.0,Bloomberg Global Aggregate
2024-03-31,P-120,CLT-1007,4165.898,-0.04328,-0.01692,172.22,Bloomberg Global Aggregate
2024-04-30,P-120,CLT-1007,4192.221,0.00632,0.01598,0.0,Bloomberg Global Aggregate
2024-05-31,P-120,CLT-1007,4180.28,-0.00285,6e-05,0.0,Bloomberg Global Aggregate
2024-06-30,P-120,CLT-1007,4127.906,-0.01253,-0.01232,0.0,Bloomberg Global Aggregate
2024-07-31,P-120,CLT-1007,4289.976,0.03926,0.04651,0.0,Bloomberg Global Aggregate
2024-08-31,P-120,CLT-1007,4216.157,-0.01721,-0.00929,0.0,Bloomberg Global Aggregate
2024-09-30,P-120,CLT-1007,4418.472,0.04799,0.02507,239.23,Bloomberg Global Aggregate
2024-10-31,P-120,CLT-1007,4569.94,0.03428,0.03358,0.0,Bloomberg Global Aggregate
2024-11-30,P-120,CLT-1007,4419.429,-0.03293,-0.02629,298.64,Bloomberg Global Aggregate
2024-12-31,P-120,CLT-1007,4446.297,0.00608,0.00455,0.0,Bloomberg Global Aggregate
2025-01-31,P-120,CLT-1007,4456.099,0.0022,-0.00654,0.0,Bloomberg Global Aggregate
2025-02-28,P-120,CLT-1007,4432.093,-0.00539,-0.00807,0.0,Bloomberg Global Aggregate
2025-03-31,P-120,CLT-1007,4489.963,0.01306,0.01359,0.0,Bloomberg Global Aggregate
2025-04-30,P-120,CLT-1007,4424.404,-0.0146,-0.00852,0.0,Bloomberg Global Aggregate
2025-05-31,P-120,CLT-1007,4369.667,-0.01237,-0.00614,0.0,Bloomberg Global Aggregate
2025-06-30,P-120,CLT-1007,4346.0,-0.00542,1e-05,0.0,Bloomberg Global Aggregate
2025-07-31,P-120,CLT-1007,4356.569,0.00243,-0.00384,0.0,Bloomberg Global Aggregate
2025-08-31,P-120,CLT-1007,4229.21,-0.02923,-0.01885,0.0,Bloomberg Global Aggregate
2025-09-30,P-120,CLT-1007,4335.164,0.02505,0.0181,-326.49,Bloomberg Global Aggregate
2025-10-31,P-120,CLT-1007,4519.546,0.04253,0.02284,0.0,Bloomberg Global Aggregate
2025-11-30,P-120,CLT-1007,4590.604,0.01572,0.00961,0.0,Bloomberg Global Aggregate
2025-12-31,P-120,CLT-1007,4560.873,-0.00648,-0.0039,0.0,Bloomberg Global Aggregate
2026-01-31,P-120,CLT-1007,4450.306,-0.02424,-0.01007,0.0,Bloomberg Global Aggregate
2026-02-28,P-120,CLT-1007,4502.45,0.01172,-0.01004,0.0,Bloomberg Global Aggregate
2021-01-31,P-121,CLT-1008,346.174,-0.07355,-0.06004,0.0,MSCI World
2021-02-28,P-121,CLT-1008,361.041,0.04295,0.03127,0.0,MSCI World
2021-03-31,P-121,CLT-1008,397.57,0.10118,0.09212,0.0,MSCI World
2021-04-30,P-121,CLT-1008,412.018,0.03634,0.0382,0.0,MSCI World
2021-05-31,P-121,CLT-1008,406.39,-0.01366,-0.01147,-15.91,MSCI World
2021-06-30,P-121,CLT-1008,409.809,0.00841,0.03022,0.0,MSCI World
2021-07-31,P-121,CLT-1008,443.089,0.08121,0.076,0.0,MSCI World
2021-08-31,P-121,CLT-1008,479.747,0.08273,0.0739,0.0,MSCI World
2021-09-30,P-121,CLT-1008,457.513,-0.04634,-0.03385,0.0,MSCI World
2021-10-31,P-121,CLT-1008,470.633,0.02868,0.02953,0.0,MSCI World
2021-11-30,P-121,CLT-1008,472.098,0.00311,0.00155,0.0,MSCI World
2021-12-31,P-121,CLT-1008,495.852,0.05032,0.04193,0.0,MSCI World
2022-01-31,P-121,CLT-1008,500.991,0.01036,0.00922,0.0,MSCI World
2022-02-28,P-121,CLT-1008,438.255,-0.12522,-0.10602,0.0,MSCI World
2022-03-31,P-121,CLT-1008,426.457,-0.02692,-0.0214,15.94,MSCI World
2022-04-30,P-121,CLT-1008,428.749,0.00537,0.00148,0.0,MSCI World
2022-05-31,P-121,CLT-1008,405.047,-0.05528,-0.06687,0.0,MSCI World
2022-06-30,P-121,CLT-1008,409.452,0.01087,0.01749,-21.66,MSCI World
2022-07-31,P-121,CLT-1008,392.157,-0.04224,-0.07063,0.0,MSCI World
2022-08-31,P-121,CLT-1008,367.53,-0.0628,-0.04025,0.0,MSCI World
2022-09-30,P-121,CLT-1008,383.47,0.04337,0.04931,0.0,MSCI World
2022-10-31,P-121,CLT-1008,366.686,-0.04377,-0.04383,0.0,MSCI World
2022-11-30,P-121,CLT-1008,372.472,0.01578,0.01719,0.0,MSCI World
2022-12-31,P-121,CLT-1008,337.268,-0.09451,-0.08023,0.0,MSCI World
2023-01-31,P-121,CLT-1008,371.658,0.10197,0.09529,0.0,MSCI World
2023-02-28,P-121,CLT-1008,372.082,0.00114,-0.00458,0.0,MSCI World
2023-03-31,P-121,CLT-1008,377.235,0.01385,0.01216,0.0,MSCI World
2023-04-30,P-121,CLT-1008,385.117,0.02089,0.01566,0.0,MSCI World
2023-05-31,P-121,CLT-1008,396.44,0.0294,0.0336,0.0,MSCI World
2023-06-30,P-121,CLT-1008,366.902,-0.07451,-0.05542,0.0,MSCI World
2023-07-31,P-121,CLT-1008,366.936,9e-05,0.00794,0.0,MSCI World
2023-08-31,P-121,CLT-1008,360.935,-0.01636,-0.01941,0.0,MSCI World
2023-09-30,P-121,CLT-1008,339.484,-0.05943,-0.06255,0.0,MSCI World
2023-10-31,P-121,CLT-1008,356.83,0.05109,0.04949,0.0,MSCI World
2023-11-30,P-121,CLT-1008,357.316,0.00136,-0.00657,0.0,MSCI World
2023-12-31,P-121,CLT-1008,361.661,0.01216,0.01832,16.42,MSCI World
2024-01-31,P-121,CLT-1008,367.853,0.01712,0.01569,0.0,MSCI World
2024-02-29,P-121,CLT-1008,368.729,0.00238,-0.00585,0.0,MSCI World
2024-03-31,P-121,CLT-1008,402.235,0.09087,0.09084,0.0,MSCI World
2024-04-30,P-121,CLT-1008,398.924,-0.00823,0.00619,12.03,MSCI World
2024-05-31,P-121,CLT-1008,371.818,-0.06795,-0.05705,0.0,MSCI World
2024-06-30,P-121,CLT-1008,372.883,0.00287,-0.00859,0.0,MSCI World
2024-07-31,P-121,CLT-1008,390.614,0.04755,0.02908,0.0,MSCI World
2024-08-31,P-121,CLT-1008,408.667,0.04622,0.03046,0.0,MSCI World
2024-09-30,P-121,CLT-1008,395.027,-0.03338,-0.03737,0.0,MSCI World
2024-10-31,P-121,CLT-1008,408.124,0.03315,0.04707,0.0,MSCI World
2024-11-30,P-121,CLT-1008,381.755,-0.06461,-0.06562,0.0,MSCI World
2024-12-31,P-121,CLT-1008,411.014,0.07664,0.05606,0.0,MSCI World
2025-01-31,P-121,CLT-1008,395.293,-0.03825,-0.04706,0.0,MSCI World
2025-02-28,P-121,CLT-1008,394.186,-0.0028,-0.0013,0.0,MSCI World
2025-03-31,P-121,CLT-1008,418.493,0.06166,0.05273,-14.47,MSCI World
2025-04-30,P-121,CLT-1008,417.835,-0.00157,0.01317,0.0,MSCI World
2025-05-31,P-121,CLT-1008,432.361,0.03476,0.04235,0.0,MSCI World
2025-06-30,P-121,CLT-1008,441.712,0.02163,0.03406,0.0,MSCI World
2025-07-31,P-121,CLT-1008,472.172,0.06896,0.06201,0.0,MSCI World
2025-08-31,P-121,CLT-1008,501.745,0.06263,0.05263,0.0,MSCI World
2025-09-30,P-121,CLT-1008,495.898,-0.01165,-0.01083,0.0,MSCI World
2025-10-31,P-121,CLT-1008,508.227,0.02486,0.03466,0.0,MSCI World
2025-11-30,P-121,CLT-1008,480.333,-0.05489,-0.05573,0.0,MSCI World
2025-12-31,P-121,CLT-1008,480.7,0.00076,0.00574,0.0,MSCI World
2026-01-31,P-121,CLT-1008,496.845,0.03359,0.04243,0.0,MSCI World
2026-02-28,P-121,CLT-1008,506.33,0.01909,0.01377,0.0,MSCI World
2021-01-31,P-122,CLT-1008,460.539,0.0026,0.01155,0.0,Bloomberg Global Aggregate
2021-02-28,P-122,CLT-1008,451.381,-0.01989,-0.00084,0.0,Bloomberg Global Aggregate
2021-03-31,P-122,CLT-1008,455.027,0.00808,0.02435,0.0,Bloomberg Global Aggregate
2021-04-30,P-122,CLT-1008,446.902,-0.01786,0.00166,0.0,Bloomberg Global Aggregate
2021-05-31,P-122,CLT-1008,446.035,-0.00194,-0.00557,0.0,Bloomberg Global Aggregate
2021-06-30,P-122,CLT-1008,455.944,0.02221,0.0198,0.0,Bloomberg Global Aggregate
2021-07-31,P-122,CLT-1008,446.182,-0.02141,-0.0232,0.0,Bloomberg Global Aggregate
2021-08-31,P-122,CLT-1008,455.306,0.02045,0.01257,0.0,Bloomberg Global Aggregate
2021-09-30,P-122,CLT-1008,454.87,-0.00096,-0.01639,0.0,Bloomberg Global Aggregate
2021-10-31,P-122,CLT-1008,464.092,0.02027,0.02715,-31.26,Bloomberg Global Aggregate
2021-11-30,P-122,CLT-1008,465.894,0.00388,-0.00173,0.0,Bloomberg Global Aggregate
2021-12-31,P-122,CLT-1008,459.596,-0.01352,0.0057,-11.03,Bloomberg Global Aggregate
2022-01-31,P-122,CLT-1008,465.883,0.01368,-0.00409,0.0,Bloomberg Global Aggregate
2022-02-28,P-122,CLT-1008,436.498,-0.06307,-0.04804,0.0,Bloomberg Global Aggregate
2022-03-31,P-122,CLT-1008,422.361,-0.03239,-0.02404,0.0,Bloomberg Global Aggregate
2022-04-30,P-122,CLT-1008,422.702,0.00081,0.00775,0.0,Bloomberg Global Aggregate
2022-05-31,P-122,CLT-1008,416.741,-0.0141,0.00445,30.02,Bloomberg Global Aggregate
2022-06-30,P-122,CLT-1008,414.415,-0.00558,-0.00652,0.0,Bloomberg Global Aggregate
2022-07-31,P-122,CLT-1008,400.347,-0.03395,-0.03715,0.0,Bloomberg Global Aggregate
2022-08-31,P-122,CLT-1008,399.273,-0.00268,-0.00085,0.0,Bloomberg Global Aggregate
2022-09-30,P-122,CLT-1008,392.416,-0.01717,0.00155,0.0,Bloomberg Global Aggregate
2022-10-31,P-122,CLT-1008,398.059,0.01438,-0.01095,19.54,Bloomberg Global Aggregate
2022-11-30,P-122,CLT-1008,405.431,0.01852,0.01112,0.0,Bloomberg Global Aggregate
2022-12-31,P-122,CLT-1008,409.003,0.00881,-0.02466,-20.47,Bloomberg Global Aggregate
2023-01-31,P-122,CLT-1008,402.486,-0.01593,-0.0064,0.0,Bloomberg Global Aggregate
2023-02-28,P-122,CLT-1008,390.032,-0.03094,-0.04345,0.0,Bloomberg Global Aggregate
2023-03-31,P-122,CLT-1008,402.007,0.0307,0.02043,-30.29,Bloomberg Global Aggregate
2023-04-30,P-122,CLT-1008,404.401,0.00596,0.00906,0.0,Bloomberg Global Aggregate
2023-05-31,P-122,CLT-1008,400.27,-0.01021,-0.02839,0.0,Bloomberg Global Aggregate
2023-06-30,P-122,CLT-1008,386.513,-0.03437,-0.02983,0.0,Bloomberg Global Aggregate
2023-07-31,P-122,CLT-1008,379.87,-0.01719,-0.01321,15.7,Bloomberg Global Aggregate
2023-08-31,P-122,CLT-1008,370.444,-0.02481,0.01806,0.0,Bloomberg Global Aggregate
2023-09-30,P-122,CLT-1008,371.622,0.00318,-0.00247,0.0,Bloomberg Global Aggregate
2023-10-31,P-122,CLT-1008,361.225,-0.02798,-0.01193,0.0,Bloomberg Global Aggregate
2023-11-30,P-122,CLT-1008,353.255,-0.02207,-0.01571,0.0,Bloomberg Global Aggregate
2023-12-31,P-122,CLT-1008,343.063,-0.02885,-0.01655,24.95,Bloomberg Global Aggregate
2024-01-31,P-122,CLT-1008,330.314,-0.03716,-0.03312,0.0,Bloomberg Global Aggregate
2024-02-29,P-122,CLT-1008,325.886,-0.01341,-0.01949,0.0,Bloomberg Global Aggregate
2024-03-31,P-122,CLT-1008,320.59,-0.01625,-0.01692,10.75,Bloomberg Global Aggregate
2024-04-30,P-122,CLT-1008,328.727,0.02538,0.01598,0.0,Bloomberg Global Aggregate
2024-05-31,P-122,CLT-1008,334.123,0.01641,6e-05,0.0,Bloomberg Global Aggregate
2024-06-30,P-122,CLT-1008,328.642,-0.0164,-0.01232,0.0,Bloomberg Global Aggregate
2024-07-31,P-122,CLT-1008,342.135,0.04105,0.04651,0.0,Bloomberg Global Aggregate
2024-08-31,P-122,CLT-1008,343.235,0.00322,-0.00929,0.0,Bloomberg Global Aggregate
2024-09-30,P-122,CLT-1008,356.472,0.03857,0.02507,0.0,Bloomberg Global Aggregate
2024-10-31,P-122,CLT-1008,371.935,0.04338,0.03358,0.0,Bloomberg Global Aggregate
2024-11-30,P-122,CLT-1008,357.927,-0.03766,-0.02629,0.0,Bloomberg Global Aggregate
2024-12-31,P-122,CLT-1008,361.639,0.01037,0.00455,0.0,Bloomberg Global Aggregate
2025-01-31,P-122,CLT-1008,359.96,-0.00464,-0.00654,0.0,Bloomberg Global Aggregate
2025-02-28,P-122,CLT-1008,361.983,0.00562,-0.00807,0.0,Bloomberg Global Aggregate
2025-03-31,P-122,CLT-1008,364.502,0.00696,0.01359,0.0,Bloomberg Global Aggregate
2025-04-30,P-122,CLT-1008,353.995,-0.02883,-0.00852,0.0,Bloomberg Global Aggregate
2025-05-31,P-122,CLT-1008,355.065,0.00302,-0.00614,0.0,Bloomberg Global Aggregate
2025-06-30,P-122,CLT-1008,343.9,-0.03144,1e-05,0.0,Bloomberg Global Aggregate
2025-07-31,P-122,CLT-1008,339.618,-0.01245,-0.00384,0.0,Bloomberg Global Aggregate
2025-08-31,P-122,CLT-1008,329.05,-0.03111,-0.01885,0.0,Bloomberg Global Aggregate
2025-09-30,P-122,CLT-1008,330.944,0.00576,0.0181,0.0,Bloomberg Global Aggregate
2025-10-31,P-122,CLT-1008,335.58,0.01401,0.02284,0.0,Bloomberg Global Aggregate
2025-11-30,P-122,CLT-1008,344.093,0.02537,0.00961,0.0,Bloomberg Global Aggregate
2025-12-31,P-122,CLT-1008,346.466,0.00689,-0.0039,0.0,Bloomberg Global Aggregate
2026-01-31,P-122,CLT-1008,342.072,-0.01268,-0.01007,0.0,Bloomberg Global Aggregate
2026-02-28,P-122,CLT-1008,343.67,0.00467,-0.01004,0.0,Bloomberg Global Aggregate
2021-01-31,P-123,CLT-1009,748.28,-0.00318,0.01155,0.0,Bloomberg Global Aggregate
2021-02-28,P-123,CLT-1009,735.202,-0.01748,-0.00084,0.0,Bloomberg Global Aggregate
2021-03-31,P-123,CLT-1009,762.23,0.03676,0.02435,0.0,Bloomberg Global Aggregate
2021-04-30,P-123,CLT-1009,769.903,0.01007,0.00166,0.0,Bloomberg Global Aggregate
2021-05-31,P-123,CLT-1009,760.81,-0.01181,-0.00557,-23.62,Bloomberg Global Aggregate
2021-06-30,P-123,CLT-1009,763.887,0.00404,0.0198,0.0,Bloomberg Global Aggregate
2021-07-31,P-123,CLT-1009,762.061,-0.00239,-0.0232,0.0,Bloomberg Global Aggregate
2021-08-31,P-123,CLT-1009,753.354,-0.01143,0.01257,54.85,Bloomberg Global Aggregate
2021-09-30,P-123,CLT-1009,734.833,-0.02458,-0.01639,0.0,Bloomberg Global Aggregate
2021-10-31,P-123,CLT-1009,757.325,0.03061,0.02715,0.0,Bloomberg Global Aggregate
2021-11-30,P-123,CLT-1009,775.427,0.0239,-0.00173,0.0,Bloomberg Global Aggregate
2021-12-31,P-123,CLT-1009,784.22,0.01134,0.0057,0.0,Bloomberg Global Aggregate
2022-01-31,P-123,CLT-1009,786.508,0.00292,-0.00409,0.0,Bloomberg Global Aggregate
2022-02-28,P-123,CLT-1009,742.603,-0.05582,-0.04804,0.0,Bloomberg Global Aggregate
2022-03-31,P-123,CLT-1009,730.878,-0.01579,-0.02404,0.0,Bloomberg Global Aggregate
2022-04-30,P-123,CLT-1009,737.802,0.00947,0.00775,0.0,Bloomberg Global Aggregate
2022-05-31,P-123,CLT-1009,724.75,-0.01769,0.00445,-15.63,Bloomberg Global Aggregate
2022-06-30,P-123,CLT-1009,728.295,0.00489,-0.00652,0.0,Bloomberg Global Aggregate
2022-07-31,P-123,CLT-1009,711.37,-0.02324,-0.03715,0.0,Bloomberg Global Aggregate
2022-08-31,P-123,CLT-1009,718.991,0.01071,-0.00085,0.0,Bloomberg Global Aggregate
2022-09-30,P-123,CLT-1009,720.619,0.00226,0.00155,0.0,Bloomberg Global Aggregate
2022-10-31,P-123,CLT-1009,703.194,-0.02418,-0.01095,0.0,Bloomberg Global Aggregate
2022-11-30,P-123,CLT-1009,688.302,-0.02118,0.01112,0.0,Bloomberg Global Aggregate
2022-12-31,P-123,CLT-1009,673.02,-0.0222,-0.02466,-41.25,Bloomberg Global Aggregate
2023-01-31,P-123,CLT-1009,679.136,0.00909,-0.0064,0.0,Bloomberg Global Aggregate
2023-02-28,P-123,CLT-1009,659.315,-0.02919,-0.04345,0.0,Bloomberg Global Aggregate
2023-03-31,P-123,CLT-1009,680.523,0.03217,0.02043,0.0,Bloomberg Global Aggregate
2023-04-30,P-123,CLT-1009,686.138,0.00825,0.00906,0.0,Bloomberg Global Aggregate
2023-05-31,P-123,CLT-1009,677.337,-0.01283,-0.02839,0.0,Bloomberg Global Aggregate
2023-06-30,P-123,CLT-1009,666.115,-0.01657,-0.02983,0.0,Bloomberg Global Aggregate
2023-07-31,P-123,CLT-1009,653.512,-0.01892,-0.01321,0.0,Bloomberg Global Aggregate
2023-08-31,P-123,CLT-1009,671.702,0.02783,0.01806,0.0,Bloomberg Global Aggregate
2023-09-30,P-123,CLT-1009,665.133,-0.00978,-0.00247,0.0,Bloomberg Global Aggregate
2023-10-31,P-123,CLT-1009,662.417,-0.00408,-0.01193,-50.03,Bloomberg Global Aggregate
2023-11-30,P-123,CLT-1009,640.044,-0.03377,-0.01571,0.0,Bloomberg Global Aggregate
2023-12-31,P-123,CLT-1009,618.582,-0.03353,-0.01655,0.0,Bloomberg Global Aggregate
2024-01-31,P-123,CLT-1009,607.47,-0.01796,-0.03312,0.0,Bloomberg Global Aggregate
2024-02-29,P-123,CLT-1009,603.803,-0.00604,-0.01949,0.0,Bloomberg Global Aggregate
2024-03-31,P-123,CLT-1009,599.122,-0.00775,-0.01692,0.0,Bloomberg Global Aggregate
2024-04-30,P-123,CLT-1009,609.581,0.01746,0.01598,0.0,Bloomberg Global Aggregate
2024-05-31,P-123,CLT-1009,589.224,-0.03339,6e-05,0.0,Bloomberg Global Aggregate
2024-06-30,P-123,CLT-1009,581.483,-0.01314,-0.01232,0.0,Bloomberg Global Aggregate
2024-07-31,P-123,CLT-1009,612.387,0.05315,0.04651,0.0,Bloomberg Global Aggregate
2024-08-31,P-123,CLT-1009,602.232,-0.01658,-0.00929,0.0,Bloomberg Global Aggregate
2024-09-30,P-123,CLT-1009,611.427,0.01527,0.02507,0.0,Bloomberg Global Aggregate
2024-10-31,P-123,CLT-1009,644.554,0.05418,0.03358,0.0,Bloomberg Global Aggregate
2024-11-30,P-123,CLT-1009,627.216,-0.0269,-0.02629,0.0,Bloomberg Global Aggregate
2024-12-31,P-123,CLT-1009,634.243,0.0112,0.00455,0.0,Bloomberg Global Aggregate
2025-01-31,P-123,CLT-1009,637.164,0.00461,-0.00654,0.0,Bloomberg Global Aggregate
2025-02-28,P-123,CLT-1009,623.185,-0.02194,-0.00807,0.0,Bloomberg Global Aggregate
2025-03-31,P-123,CLT-1009,633.499,0.01655,0.01359,0.0,Bloomberg Global Aggregate
2025-04-30,P-123,CLT-1009,640.034,0.01031,-0.00852,0.0,Bloomberg Global Aggregate
2025-05-31,P-123,CLT-1009,652.665,0.01974,-0.00614,0.0,Bloomberg Global Aggregate
2025-06-30,P-123,CLT-1009,653.198,0.00082,1e-05,0.0,Bloomberg Global Aggregate
2025-07-31,P-123,CLT-1009,648.658,-0.00695,-0.00384,0.0,Bloomberg Global Aggregate
2025-08-31,P-123,CLT-1009,639.044,-0.01482,-0.01885,0.0,Bloomberg Global Aggregate
2025-09-30,P-123,CLT-1009,652.959,0.02178,0.0181,0.0,Bloomberg Global Aggregate
2025-10-31,P-123,CLT-1009,680.79,0.04262,0.02284,-32.06,Bloomberg Global Aggregate
2025-11-30,P-123,CLT-1009,677.942,-0.00418,0.00961,0.0,Bloomberg Global Aggregate
2025-12-31,P-123,CLT-1009,672.79,-0.0076,-0.0039,-34.39,Bloomberg Global Aggregate
2026-01-31,P-123,CLT-1009,655.59,-0.02556,-0.01007,0.0,Bloomberg Global Aggregate
2026-02-28,P-123,CLT-1009,639.82,-0.02405,-0.01004,0.0,Bloomberg Global Aggregate
2021-01-31,P-124,CLT-1009,611.035,0.01593,0.01155,0.0,Bloomberg Global Aggregate
2021-02-28,P-124,CLT-1009,615.896,0.00795,-0.00084,28.56,Bloomberg Global Aggregate
2021-03-31,P-124,CLT-1009,627.176,0.01831,0.02435,0.0,Bloomberg Global Aggregate
2021-04-30,P-124,CLT-1009,633.488,0.01006,0.00166,0.0,Bloomberg Global Aggregate
2021-05-31,P-124,CLT-1009,637.472,0.00629,-0.00557,0.0,Bloomberg Global Aggregate
2021-06-30,P-124,CLT-1009,662.984,0.04002,0.0198,0.0,Bloomberg Global Aggregate
2021-07-31,P-124,CLT-1009,648.445,-0.02193,-0.0232,0.0,Bloomberg Global Aggregate
2021-08-31,P-124,CLT-1009,652.743,0.00663,0.01257,0.0,Bloomberg Global Aggregate
2021-09-30,P-124,CLT-1009,635.759,-0.02602,-0.01639,0.0,Bloomberg Global Aggregate
2021-10-31,P-124,CLT-1009,646.256,0.01651,0.02715,0.0,Bloomberg Global Aggregate
2021-11-30,P-124,CLT-1009,653.706,0.01153,-0.00173,0.0,Bloomberg Global Aggregate
2021-12-31,P-124,CLT-1009,647.735,-0.00913,0.0057,0.0,Bloomberg Global Aggregate
2022-01-31,P-124,CLT-1009,653.463,0.00884,-0.00409,-20.12,Bloomberg Global Aggregate
2022-02-28,P-124,CLT-1009,616.669,-0.05631,-0.04804,0.0,Bloomberg Global Aggregate
2022-03-31,P-124,CLT-1009,597.896,-0.03044,-0.02404,0.0,Bloomberg Global Aggregate
2022-04-30,P-124,CLT-1009,601.943,0.00677,0.00775,0.0,Bloomberg Global Aggregate
2022-05-31,P-124,CLT-1009,600.655,-0.00214,0.00445,0.0,Bloomberg Global Aggregate
2022-06-30,P-124,CLT-1009,602.763,0.00351,-0.00652,0.0,Bloomberg Global Aggregate
2022-07-31,P-124,CLT-1009,591.812,-0.01817,-0.03715,32.8,Bloomberg Global Aggregate
2022-08-31,P-124,CLT-1009,587.689,-0.00697,-0.00085,0.0,Bloomberg Global Aggregate
2022-09-30,P-124,CLT-1009,586.35,-0.00228,0.00155,0.0,Bloomberg Global Aggregate
2022-10-31,P-124,CLT-1009,579.285,-0.01205,-0.01095,0.0,Bloomberg Global Aggregate
2022-11-30,P-124,CLT-1009,589.235,0.01718,0.01112,0.0,Bloomberg Global Aggregate
2022-12-31,P-124,CLT-1009,574.118,-0.02566,-0.02466,0.0,Bloomberg Global Aggregate
2023-01-31,P-124,CLT-1009,578.858,0.00826,-0.0064,0.0,Bloomberg Global Aggregate
2023-02-28,P-124,CLT-1009,560.773,-0.03124,-0.04345,0.0,Bloomberg Global Aggregate
2023-03-31,P-124,CLT-1009,565.787,0.00894,0.02043,0.0,Bloomberg Global Aggregate
2023-04-30,P-124,CLT-1009,574.224,0.01491,0.00906,0.0,Bloomberg Global Aggregate
2023-05-31,P-124,CLT-1009,567.114,-0.01238,-0.02839,32.92,Bloomberg Global Aggregate
2023-06-30,P-124,CLT-1009,547.663,-0.0343,-0.02983,34.84,Bloomberg Global Aggregate
2023-07-31,P-124,CLT-1009,539.099,-0.01564,-0.01321,0.0,Bloomberg Global Aggregate
2023-08-31,P-124,CLT-1009,546.245,0.01325,0.01806,0.0,Bloomberg Global Aggregate
2023-09-30,P-124,CLT-1009,542.388,-0.00706,-0.00247,0.0,Bloomberg Global Aggregate
2023-10-31,P-124,CLT-1009,527.024,-0.02833,-0.01193,0.0,Bloomberg Global Aggregate
2023-11-30,P-124,CLT-1009,511.925,-0.02865,-0.01571,-38.26,Bloomberg Global Aggregate
2023-12-31,P-124,CLT-1009,504.142,-0.0152,-0.01655,0.0,Bloomberg Global Aggregate
2024-01-31,P-124,CLT-1009,495.483,-0.01718,-0.03312,0.0,Bloomberg Global Aggregate
2024-02-29,P-124,CLT-1009,483.016,-0.02516,-0.01949,0.0,Bloomberg Global Aggregate
2024-03-31,P-124,CLT-1009,471.959,-0.02289,-0.01692,0.0,Bloomberg Global Aggregate
2024-04-30,P-124,CLT-1009,487.924,0.03383,0.01598,0.0,Bloomberg Global Aggregate
2024-05-31,P-124,CLT-1009,482.73,-0.01064,6e-05,0.0,Bloomberg Global Aggregate
2024-06-30,P-124,CLT-1009,468.903,-0.02864,-0.01232,0.0,Bloomberg Global Aggregate
2024-07-31,P-124,CLT-1009,487.025,0.03865,0.04651,0.0,Bloomberg Global Aggregate
2024-08-31,P-124,CLT-1009,479.494,-0.01546,-0.00929,0.0,Bloomberg Global Aggregate
2024-09-30,P-124,CLT-1009,483.268,0.00787,0.02507,0.0,Bloomberg Global Aggregate
2024-10-31,P-124,CLT-1009,499.141,0.03284,0.03358,0.0,Bloomberg Global Aggregate
2024-11-30,P-124,CLT-1009,491.108,-0.01609,-0.02629,-38.12,Bloomberg Global Aggregate
2024-12-31,P-124,CLT-1009,487.203,-0.00795,0.00455,10.1,Bloomberg Global Aggregate
2025-01-31,P-124,CLT-1009,484.721,-0.00509,-0.00654,0.0,Bloomberg Global Aggregate
2025-02-28,P-124,CLT-1009,483.031,-0.00349,-0.00807,0.0,Bloomberg Global Aggregate
2025-03-31,P-124,CLT-1009,489.456,0.0133,0.01359,0.0,Bloomberg Global Aggregate
2025-04-30,P-124,CLT-1009,486.483,-0.00607,-0.00852,0.0,Bloomberg Global Aggregate
2025-05-31,P-124,CLT-1009,484.745,-0.00357,-0.00614,0.0,Bloomberg Global Aggregate
2025-06-30,P-124,CLT-1009,481.019,-0.00769,1e-05,0.0,Bloomberg Global Aggregate
2025-07-31,P-124,CLT-1009,486.767,0.01195,-0.00384,0.0,Bloomberg Global Aggregate
2025-08-31,P-124,CLT-1009,484.034,-0.00561,-0.01885,0.0,Bloomberg Global Aggregate
2025-09-30,P-124,CLT-1009,498.919,0.03075,0.0181,0.0,Bloomberg Global Aggregate
2025-10-31,P-124,CLT-1009,515.734,0.0337,0.02284,0.0,Bloomberg Global Aggregate
2025-11-30,P-124,CLT-1009,512.728,-0.00583,0.00961,29.32,Bloomberg Global Aggregate
2025-12-31,P-124,CLT-1009,515.841,0.00607,-0.0039,0.0,Bloomberg Global Aggregate
2026-01-31,P-124,CLT-1009,514.375,-0.00284,-0.01007,0.0,Bloomberg Global Aggregate
2026-02-28,P-124,CLT-1009,501.47,-0.02509,-0.01004,-11.69,Bloomberg Global Aggregate
2021-01-31,P-125,CLT-1009,46.339,0.06503,0.06903,1.85,S&P 500
2021-02-28,P-125,CLT-1009,45.794,-0.01177,-0.01095,-2.06,S&P 500
2021-03-31,P-125,CLT-1009,45.701,-0.00202,-0.01016,0.0,S&P 500
2021-04-30,P-125,CLT-1009,45.067,-0.01387,-0.01594,0.0,S&P 500
2021-05-31,P-125,CLT-1009,47.136,0.04592,0.0541,0.0,S&P 500
2021-06-30,P-125,CLT-1009,50.101,0.06289,0.05455,0.0,S&P 500
2021-07-31,P-125,CLT-1009,53.671,0.07127,0.0736,0.0,S&P 500
2021-08-31,P-125,CLT-1009,56.458,0.05191,0.05617,0.0,S&P 500
2021-09-30,P-125,CLT-1009,52.476,-0.07052,-0.06581,0.0,S&P 500
2021-10-31,P-125,CLT-1009,52.973,0.00948,0.02256,0.0,S&P 500
2021-11-30,P-125,CLT-1009,50.716,-0.04262,-0.0393,0.0,S&P 500
2021-12-31,P-125,CLT-1009,50.031,-0.0135,-0.01411,0.0,S&P 500
2022-01-31,P-125,CLT-1009,49.899,-0.00263,0.00246,1.96,S&P 500
2022-02-28,P-125,CLT-1009,51.56,0.03328,0.03318,0.0,S&P 500
2022-03-31,P-125,CLT-1009,48.737,-0.05475,-0.04656,0.0,S&P 500
2022-04-30,P-125,CLT-1009,43.069,-0.11631,-0.11279,0.0,S&P 500
2022-05-31,P-125,CLT-1009,43.17,0.00236,0.00292,0.0,S&P 500
2022-06-30,P-125,CLT-1009,48.148,0.1153,0.11668,1.35,S&P 500
2022-07-31,P-125,CLT-1009,46.812,-0.02775,-0.01479,0.0,S&P 500
2022-08-31,P-125,CLT-1009,46.405,-0.00869,-0.00325,0.0,S&P 500
2022-09-30,P-125,CLT-1009,50.355,0.08512,0.0769,0.0,S&P 500
2022-10-31,P-125,CLT-1009,51.164,0.01606,0.02185,0.0,S&P 500
2022-11-30,P-125,CLT-1009,51.271,0.0021,0.0046,0.0,S&P 500
2022-12-31,P-125,CLT-1009,51.878,0.01184,0.015,0.0,S&P 500
2023-01-31,P-125,CLT-1009,53.365,0.02866,0.02114,-2.62,S&P 500
2023-02-28,P-125,CLT-1009,51.372,-0.03734,-0.04306,0.0,S&P 500
2023-03-31,P-125,CLT-1009,48.815,-0.04977,-0.05238,0.0,S&P 500
2023-04-30,P-125,CLT-1009,53.103,0.08784,0.09673,0.0,S&P 500
2023-05-31,P-125,CLT-1009,54.048,0.01779,0.01808,0.0,S&P 500
2023-06-30,P-125,CLT-1009,54.873,0.01527,0.01421,0.0,S&P 500
2023-07-31,P-125,CLT-1009,54.78,-0.0017,0.00542,0.0,S&P 500
2023-08-31,P-125,CLT-1009,56.831,0.03744,0.04566,0.0,S&P 500
2023-09-30,P-125,CLT-1009,64.516,0.13524,0.12684,0.0,S&P 500
2023-10-31,P-125,CLT-1009,66.402,0.02924,0.03378,0.0,S&P 500
2023-11-30,P-125,CLT-1009,65.754,-0.00976,-0.01758,0.0,S&P 500
2023-12-31,P-125,CLT-1009,66.231,0.00725,0.00342,0.0,S&P 500
2024-01-31,P-125,CLT-1009,70.144,0.05908,0.05905,0.0,S&P 500
2024-02-29,P-125,CLT-1009,68.95,-0.01702,-0.01734,0.0,S&P 500
2024-03-31,P-125,CLT-1009,71.522,0.0373,0.04895,0.0,S&P 500
2024-04-30,P-125,CLT-1009,64.45,-0.09888,-0.09761,0.0,S&P 500
2024-05-31,P-125,CLT-1009,64.805,0.0055,-0.00103,0.0,S&P 500
2024-06-30,P-125,CLT-1009,67.422,0.04039,0.0386,0.0,S&P 500
2024-07-31,P-125,CLT-1009,71.915,0.06664,0.06825,0.0,S&P 500
2024-08-31,P-125,CLT-1009,70.492,-0.01978,-0.02822,-3.38,S&P 500
2024-09-30,P-125,CLT-1009,66.007,-0.06363,-0.05983,0.0,S&P 500
2024-10-31,P-125,CLT-1009,65.409,-0.00906,-0.00246,0.0,S&P 500
2024-11-30,P-125,CLT-1009,62.53,-0.04401,-0.0424,0.0,S&P 500
2024-12-31,P-125,CLT-1009,62.845,0.00504,0.0027,0.0,S&P 500
2025-01-31,P-125,CLT-1009,62.568,-0.00442,0.00928,0.0,S&P 500
2025-02-28,P-125,CLT-1009,59.307,-0.05211,-0.05135,3.18,S&P 500
2025-03-31,P-125,CLT-1009,62.235,0.04936,0.04674,0.0,S&P 500
2025-04-30,P-125,CLT-1009,62.109,-0.00202,0.00232,-3.81,S&P 500
2025-05-31,P-125,CLT-1009,66.085,0.06403,0.05949,0.0,S&P 500
2025-06-30,P-125,CLT-1009,61.188,-0.0741,-0.07563,3.08,S&P 500
2025-07-31,P-125,CLT-1009,59.586,-0.02619,-0.0374,0.0,S&P 500
2025-08-31,P-125,CLT-1009,61.135,0.026,0.03345,2.47,S&P 500
2025-09-30,P-125,CLT-1009,59.633,-0.02457,-0.02733,0.0,S&P 500
2025-10-31,P-125,CLT-1009,59.205,-0.00719,0.00198,0.0,S&P 500
2025-11-30,P-125,CLT-1009,59.002,-0.00342,0.00962,-1.87,S&P 500
2025-12-31,P-125,CLT-1009,59.07,0.00115,0.01689,0.0,S&P 500
2026-01-31,P-125,CLT-1009,57.839,-0.02084,-0.02171,0.0,S&P 500
2026-02-28,P-125,CLT-1009,58.71,0.01506,0.01648,0.0,S&P 500
2021-01-31,P-126,CLT-1010,301.766,-0.06226,-0.06004,0.0,MSCI World
2021-02-28,P-126,CLT-1010,308.442,0.02212,0.03127,0.0,MSCI World
2021-03-31,P-126,CLT-1010,335.822,0.08877,0.09212,0.0,MSCI World
2021-04-30,P-126,CLT-1010,348.778,0.03858,0.0382,0.0,MSCI World
2021-05-31,P-126,CLT-1010,346.382,-0.00687,-0.01147,0.0,MSCI World
2021-06-30,P-126,CLT-1010,356.942,0.03049,0.03022,0.0,MSCI World
2021-07-31,P-126,CLT-1010,384.677,0.0777,0.076,0.0,MSCI World
2021-08-31,P-126,CLT-1010,412.467,0.07224,0.0739,0.0,MSCI World
2021-09-30,P-126,CLT-1010,402.515,-0.02413,-0.03385,21.69,MSCI World
2021-10-31,P-126,CLT-1010,412.347,0.02443,0.02953,0.0,MSCI World
2021-11-30,P-126,CLT-1010,411.587,-0.00184,0.00155,0.0,MSCI World
2021-12-31,P-126,CLT-1010,427.905,0.03965,0.04193,29.09,MSCI World
2022-01-31,P-126,CLT-1010,433.246,0.01248,0.00922,0.0,MSCI World
2022-02-28,P-126,CLT-1010,385.054,-0.11124,-0.10602,0.0,MSCI World
2022-03-31,P-126,CLT-1010,377.229,-0.02032,-0.0214,0.0,MSCI World
2022-04-30,P-126,CLT-1010,378.253,0.00271,0.00148,0.0,MSCI World
2022-05-31,P-126,CLT-1010,351.685,-0.07024,-0.06687,20.25,MSCI World
2022-06-30,P-126,CLT-1010,358.581,0.01961,0.01749,0.0,MSCI World
2022-07-31,P-126,CLT-1010,331.447,-0.07567,-0.07063,0.0,MSCI World
2022-08-31,P-126,CLT-1010,316.239,-0.04588,-0.04025,0.0,MSCI World
2022-09-30,P-126,CLT-1010,332.113,0.0502,0.04931,0.0,MSCI World
2022-10-31,P-126,CLT-1010,314.723,-0.05236,-0.04383,0.0,MSCI World
2022-11-30,P-126,CLT-1010,316.629,0.00606,0.01719,0.0,MSCI World
2022-12-31,P-126,CLT-1010,292.24,-0.07703,-0.08023,0.0,MSCI World
2023-01-31,P-126,CLT-1010,321.832,0.10126,0.09529,0.0,MSCI World
2023-02-28,P-126,CLT-1010,319.666,-0.00673,-0.00458,8.06,MSCI World
2023-03-31,P-126,CLT-1010,322.521,0.00893,0.01216,0.0,MSCI World
2023-04-30,P-126,CLT-1010,329.423,0.0214,0.01566,0.0,MSCI World
2023-05-31,P-126,CLT-1010,338.586,0.02782,0.0336,0.0,MSCI World
2023-06-30,P-126,CLT-1010,317.468,-0.06237,-0.05542,0.0,MSCI World
2023-07-31,P-126,CLT-1010,321.305,0.01209,0.00794,0.0,MSCI World
2023-08-31,P-126,CLT-1010,315.198,-0.01901,-0.01941,0.0,MSCI World
2023-09-30,P-126,CLT-1010,297.39,-0.0565,-0.06255,0.0,MSCI World
2023-10-31,P-126,CLT-1010,308.802,0.03838,0.04949,-23.1,MSCI World
2023-11-30,P-126,CLT-1010,304.565,-0.01372,-0.00657,0.0,MSCI World
2023-12-31,P-126,CLT-1010,310.274,0.01875,0.01832,23.05,MSCI World
2024-01-31,P-126,CLT-1010,315.948,0.01828,0.01569,0.0,MSCI World
2024-02-29,P-126,CLT-1010,315.644,-0.00096,-0.00585,0.0,MSCI World
2024-03-31,P-126,CLT-1010,344.723,0.09213,0.09084,0.0,MSCI World
2024-04-30,P-126,CLT-1010,347.282,0.00742,0.00619,0.0,MSCI World
2024-05-31,P-126,CLT-1010,326.87,-0.05878,-0.05705,0.0,MSCI World
2024-06-30,P-126,CLT-1010,326.961,0.00028,-0.00859,0.0,MSCI World
2024-07-31,P-126,CLT-1010,334.655,0.02353,0.02908,0.0,MSCI World
2024-08-31,P-126,CLT-1010,345.61,0.03274,0.03046,-11.17,MSCI World
2024-09-30,P-126,CLT-1010,330.99,-0.0423,-0.03737,20.79,MSCI World
2024-10-31,P-126,CLT-1010,347.635,0.05029,0.04707,0.0,MSCI World
2024-11-30,P-126,CLT-1010,323.014,-0.07082,-0.06562,-19.78,MSCI World
2024-12-31,P-126,CLT-1010,342.522,0.06039,0.05606,0.0,MSCI World
2025-01-31,P-126,CLT-1010,326.73,-0.04611,-0.04706,23.97,MSCI World
2025-02-28,P-126,CLT-1010,329.472,0.00839,-0.0013,7.03,MSCI World
2025-03-31,P-126,CLT-1010,346.465,0.05158,0.05273,0.0,MSCI World
2025-04-30,P-126,CLT-1010,351.94,0.0158,0.01317,0.0,MSCI World
2025-05-31,P-126,CLT-1010,365.5,0.03853,0.04235,0.0,MSCI World
2025-06-30,P-126,CLT-1010,377.515,0.03287,0.03406,0.0,MSCI World
2025-07-31,P-126,CLT-1010,401.271,0.06293,0.06201,0.0,MSCI World
2025-08-31,P-126,CLT-1010,419.249,0.0448,0.05263,0.0,MSCI World
2025-09-30,P-126,CLT-1010,411.675,-0.01807,-0.01083,0.0,MSCI World
2025-10-31,P-126,CLT-1010,427.411,0.03823,0.03466,0.0,MSCI World
2025-11-30,P-126,CLT-1010,403.408,-0.05616,-0.05573,0.0,MSCI World
2025-12-31,P-126,CLT-1010,404.586,0.00292,0.00574,0.0,MSCI World
2026-01-31,P-126,CLT-1010,420.297,0.03883,0.04243,-13.62,MSCI World
2026-02-28,P-126,CLT-1010,424.66,0.01038,0.01377,0.0,MSCI World
2021-01-31,P-127,CLT-1010,762.303,0.01223,0.01155,0.0,Bloomberg Global Aggregate
2021-02-28,P-127,CLT-1010,763.815,0.00198,-0.00084,0.0,Bloomberg Global Aggregate
2021-03-31,P-127,CLT-1010,772.135,0.01089,0.02435,0.0,Bloomberg Global Aggregate
2021-04-30,P-127,CLT-1010,780.385,0.01068,0.00166,40.92,Bloomberg Global Aggregate
2021-05-31,P-127,CLT-1010,782.729,0.003,-0.00557,-37.76,Bloomberg Global Aggregate
2021-06-30,P-127,CLT-1010,786.495,0.00481,0.0198,0.0,Bloomberg Global Aggregate
2021-07-31,P-127,CLT-1010,773.699,-0.01627,-0.0232,-19.47,Bloomberg Global Aggregate
2021-08-31,P-127,CLT-1010,788.632,0.0193,0.01257,0.0,Bloomberg Global Aggregate
2021-09-30,P-127,CLT-1010,775.676,-0.01643,-0.01639,0.0,Bloomberg Global Aggregate
2021-10-31,P-127,CLT-1010,790.248,0.01879,0.02715,0.0,Bloomberg Global Aggregate
2021-11-30,P-127,CLT-1010,793.998,0.00474,-0.00173,0.0,Bloomberg Global Aggregate
2021-12-31,P-127,CLT-1010,797.265,0.00411,0.0057,0.0,Bloomberg Global Aggregate
2022-01-31,P-127,CLT-1010,796.78,-0.00061,-0.00409,0.0,Bloomberg Global Aggregate
2022-02-28,P-127,CLT-1010,769.816,-0.03384,-0.04804,0.0,Bloomberg Global Aggregate
2022-03-31,P-127,CLT-1010,752.524,-0.02246,-0.02404,0.0,Bloomberg Global Aggregate
2022-04-30,P-127,CLT-1010,753.9,0.00183,0.00775,0.0,Bloomberg Global Aggregate
2022-05-31,P-127,CLT-1010,755.603,0.00226,0.00445,0.0,Bloomberg Global Aggregate
2022-06-30,P-127,CLT-1010,746.819,-0.01162,-0.00652,0.0,Bloomberg Global Aggregate
2022-07-31,P-127,CLT-1010,721.121,-0.03441,-0.03715,38.99,Bloomberg Global Aggregate
2022-08-31,P-127,CLT-1010,716.754,-0.00606,-0.00085,18.52,Bloomberg Global Aggregate
2022-09-30,P-127,CLT-1010,715.666,-0.00152,0.00155,0.0,Bloomberg Global Aggregate
2022-10-31,P-127,CLT-1010,701.905,-0.01923,-0.01095,0.0,Bloomberg Global Aggregate
2022-11-30,P-127,CLT-1010,709.088,0.01023,0.01112,0.0,Bloomberg Global Aggregate
2022-12-31,P-127,CLT-1010,692.382,-0.02356,-0.02466,0.0,Bloomberg Global Aggregate
2023-01-31,P-127,CLT-1010,675.999,-0.02366,-0.0064,0.0,Bloomberg Global Aggregate
2023-02-28,P-127,CLT-1010,647.724,-0.04183,-0.04345,0.0,Bloomberg Global Aggregate
2023-03-31,P-127,CLT-1010,660.741,0.0201,0.02043,0.0,Bloomberg Global Aggregate
2023-04-30,P-127,CLT-1010,663.457,0.00411,0.00906,0.0,Bloomberg Global Aggregate
2023-05-31,P-127,CLT-1010,653.231,-0.01541,-0.02839,0.0,Bloomberg Global Aggregate
2023-06-30,P-127,CLT-1010,637.737,-0.02372,-0.02983,0.0,Bloomberg Global Aggregate
2023-07-31,P-127,CLT-1010,624.805,-0.02028,-0.01321,0.0,Bloomberg Global Aggregate
2023-08-31,P-127,CLT-1010,639.425,0.0234,0.01806,0.0,Bloomberg Global Aggregate
2023-09-30,P-127,CLT-1010,642.927,0.00548,-0.00247,0.0,Bloomberg Global Aggregate
2023-10-31,P-127,CLT-1010,635.775,-0.01112,-0.01193,0.0,Bloomberg Global Aggregate
2023-11-30,P-127,CLT-1010,627.236,-0.01343,-0.01571,0.0,Bloomberg Global Aggregate
2023-12-31,P-127,CLT-1010,618.192,-0.01442,-0.01655,-25.4,Bloomberg Global Aggregate
2024-01-31,P-127,CLT-1010,589.424,-0.04654,-0.03312,0.0,Bloomberg Global Aggregate
2024-02-29,P-127,CLT-1010,577.209,-0.02072,-0.01949,0.0,Bloomberg Global Aggregate
2024-03-31,P-127,CLT-1010,566.535,-0.01849,-0.01692,0.0,Bloomberg Global Aggregate
2024-04-30,P-127,CLT-1010,580.763,0.02511,0.01598,0.0,Bloomberg Global Aggregate
2024-05-31,P-127,CLT-1010,582.018,0.00216,6e-05,0.0,Bloomberg Global Aggregate
2024-06-30,P-127,CLT-1010,573.712,-0.01427,-0.01232,-22.69,Bloomberg Global Aggregate
2024-07-31,P-127,CLT-1010,600.04,0.04589,0.04651,0.0,Bloomberg Global Aggregate
2024-08-31,P-127,CLT-1010,598.383,-0.00276,-0.00929,0.0,Bloomberg Global Aggregate
2024-09-30,P-127,CLT-1010,612.651,0.02384,0.02507,0.0,Bloomberg Global Aggregate
2024-10-31,P-127,CLT-1010,630.46,0.02907,0.03358,0.0,Bloomberg Global Aggregate
2024-11-30,P-127,CLT-1010,612.745,-0.0281,-0.02629,0.0,Bloomberg Global Aggregate
2024-12-31,P-127,CLT-1010,619.211,0.01055,0.00455,0.0,Bloomberg Global Aggregate
2025-01-31,P-127,CLT-1010,617.107,-0.0034,-0.00654,0.0,Bloomberg Global Aggregate
2025-02-28,P-127,CLT-1010,612.278,-0.00782,-0.00807,0.0,Bloomberg Global Aggregate
2025-03-31,P-127,CLT-1010,621.328,0.01478,0.01359,0.0,Bloomberg Global Aggregate
2025-04-30,P-127,CLT-1010,613.779,-0.01215,-0.00852,0.0,Bloomberg Global Aggregate
2025-05-31,P-127,CLT-1010,609.224,-0.00742,-0.00614,0.0,Bloomberg Global Aggregate
2025-06-30,P-127,CLT-1010,606.616,-0.00428,1e-05,0.0,Bloomberg Global Aggregate
2025-07-31,P-127,CLT-1010,603.117,-0.00577,-0.00384,0.0,Bloomberg Global Aggregate
2025-08-31,P-127,CLT-1010,596.933,-0.01025,-0.01885,0.0,Bloomberg Global Aggregate
2025-09-30,P-127,CLT-1010,603.588,0.01115,0.0181,0.0,Bloomberg Global Aggregate
2025-10-31,P-127,CLT-1010,614.685,0.01839,0.02284,0.0,Bloomberg Global Aggregate
2025-11-30,P-127,CLT-1010,615.626,0.00153,0.00961,0.0,Bloomberg Global Aggregate
2025-12-31,P-127,CLT-1010,607.393,-0.01337,-0.0039,0.0,Bloomberg Global Aggregate
2026-01-31,P-127,CLT-1010,600.529,-0.0113,-0.01007,16.13,Bloomberg Global Aggregate
2026-02-28,P-127,CLT-1010,592.1,-0.01404,-0.01004,0.0,Bloomberg Global Aggregate
2021-01-31,P-128,CLT-1010,1527.289,0.07954,0.06903,0.0,S&P 500
2021-02-28,P-128,CLT-1010,1507.947,-0.01266,-0.01095,0.0,S&P 500
2021-03-31,P-128,CLT-1010,1504.22,-0.00247,-0.01016,0.0,S&P 500
2021-04-30,P-128,CLT-1010,1488.912,-0.01018,-0.01594,0.0,S&P 500
2021-05-31,P-128,CLT-1010,1567.576,0.05283,0.0541,0.0,S&P 500
2021-06-30,P-128,CLT-1010,1672.825,0.06714,0.05455,0.0,S&P 500
2021-07-31,P-128,CLT-1010,1798.589,0.07518,0.0736,0.0,S&P 500
2021-08-31,P-128,CLT-1010,1915.841,0.06519,0.05617,0.0,S&P 500
2021-09-30,P-128,CLT-1010,1805.721,-0.05748,-0.06581,0.0,S&P 500
2021-10-31,P-128,CLT-1010,1850.898,0.02502,0.02256,-127.75,S&P 500
2021-11-30,P-128,CLT-1010,1786.427,-0.03483,-0.0393,0.0,S&P 500
2021-12-31,P-128,CLT-1010,1767.853,-0.0104,-0.01411,0.0,S&P 500
2022-01-31,P-128,CLT-1010,1760.082,-0.0044,0.00246,0.0,S&P 500
2022-02-28,P-128,CLT-1010,1819.043,0.0335,0.03318,-108.51,S&P 500
2022-03-31,P-128,CLT-1010,1745.986,-0.04016,-0.04656,0.0,S&P 500
2022-04-30,P-128,CLT-1010,1564.945,-0.10369,-0.11279,0.0,S&P 500
2022-05-31,P-128,CLT-1010,1562.746,-0.00141,0.00292,0.0,S&P 500
2022-06-30,P-128,CLT-1010,1750.003,0.11983,0.11668,0.0,S&P 500
2022-07-31,P-128,CLT-1010,1725.671,-0.0139,-0.01479,0.0,S&P 500
2022-08-31,P-128,CLT-1010,1718.813,-0.00397,-0.00325,0.0,S&P 500
2022-09-30,P-128,CLT-1010,1854.609,0.07901,0.0769,0.0,S&P 500
2022-10-31,P-128,CLT-1010,1897.506,0.02313,0.02185,0.0,S&P 500
2022-11-30,P-128,CLT-1010,1912.336,0.00782,0.0046,0.0,S&P 500
2022-12-31,P-128,CLT-1010,1957.468,0.0236,0.015,0.0,S&P 500
2023-01-31,P-128,CLT-1010,2007.987,0.02581,0.02114,0.0,S&P 500
2023-02-28,P-128,CLT-1010,1925.211,-0.04122,-0.04306,0.0,S&P 500
2023-03-31,P-128,CLT-1010,1845.794,-0.04125,-0.05238,0.0,S&P 500
2023-04-30,P-128,CLT-1010,2036.549,0.10335,0.09673,0.0,S&P 500
2023-05-31,P-128,CLT-1010,2072.197,0.0175,0.01808,0.0,S&P 500
2023-06-30,P-128,CLT-1010,2086.521,0.00691,0.01421,0.0,S&P 500
2023-07-31,P-128,CLT-1010,2085.462,-0.00051,0.00542,0.0,S&P 500
2023-08-31,P-128,CLT-1010,2192.273,0.05122,0.04566,0.0,S&P 500
2023-09-30,P-128,CLT-1010,2462.04,0.12305,0.12684,0.0,S&P 500
2023-10-31,P-128,CLT-1010,2530.335,0.02774,0.03378,-50.73,S&P 500
2023-11-30,P-128,CLT-1010,2474.339,-0.02213,-0.01758,0.0,S&P 500
2023-12-31,P-128,CLT-1010,2472.591,-0.00071,0.00342,0.0,S&P 500
2024-01-31,P-128,CLT-1010,2631.12,0.06411,0.05905,189.28,S&P 500
2024-02-29,P-128,CLT-1010,2582.993,-0.01829,-0.01734,0.0,S&P 500
2024-03-31,P-128,CLT-1010,2688.185,0.04072,0.04895,0.0,S&P 500
2024-04-30,P-128,CLT-1010,2426.245,-0.09744,-0.09761,0.0,S&P 500
2024-05-31,P-128,CLT-1010,2426.91,0.00027,-0.00103,0.0,S&P 500
2024-06-30,P-128,CLT-1010,2513.578,0.03571,0.0386,0.0,S&P 500
2024-07-31,P-128,CLT-1010,2702.439,0.07514,0.06825,0.0,S&P 500
2024-08-31,P-128,CLT-1010,2619.322,-0.03076,-0.02822,0.0,S&P 500
2024-09-30,P-128,CLT-1010,2479.916,-0.05322,-0.05983,0.0,S&P 500
2024-10-31,P-128,CLT-1010,2482.613,0.00109,-0.00246,0.0,S&P 500
2024-11-30,P-128,CLT-1010,2391.055,-0.03688,-0.0424,0.0,S&P 500
2024-12-31,P-128,CLT-1010,2381.764,-0.00389,0.0027,0.0,S&P 500
2025-01-31,P-128,CLT-1010,2405.209,0.00984,0.00928,0.0,S&P 500
2025-02-28,P-128,CLT-1010,2280.906,-0.05168,-0.05135,0.0,S&P 500
2025-03-31,P-128,CLT-1010,2368.082,0.03822,0.04674,0.0,S&P 500
2025-04-30,P-128,CLT-1010,2389.174,0.00891,0.00232,0.0,S&P 500
2025-05-31,P-128,CLT-1010,2519.581,0.05458,0.05949,0.0,S&P 500
2025-06-30,P-128,CLT-1010,2319.798,-0.07929,-0.07563,0.0,S&P 500
2025-07-31,P-128,CLT-1010,2218.945,-0.04347,-0.0374,-63.55,S&P 500
2025-08-31,P-128,CLT-1010,2302.417,0.03762,0.03345,0.0,S&P 500
2025-09-30,P-128,CLT-1010,2218.458,-0.03647,-0.02733,0.0,S&P 500
2025-10-31,P-128,CLT-1010,2231.007,0.00566,0.00198,0.0,S&P 500
2025-11-30,P-128,CLT-1010,2266.342,0.01584,0.00962,0.0,S&P 500
2025-12-31,P-128,CLT-1010,2311.858,0.02008,0.01689,0.0,S&P 500
2026-01-31,P-128,CLT-1010,2271.463,-0.01747,-0.02171,0.0,S&P 500
2026-02-28,P-128,CLT-1010,2319.16,0.021,0.01648,0.0,S&P 500
2021-01-31,P-129,CLT-1010,443.995,0.0016,0.01155,0.0,Bloomberg Global Aggregate
2021-02-28,P-129,CLT-1010,451.861,0.01772,-0.00084,0.0,Bloomberg Global Aggregate
2021-03-31,P-129,CLT-1010,461.013,0.02025,0.02435,0.0,Bloomberg Global Aggregate
2021-04-30,P-129,CLT-1010,462.057,0.00226,0.00166,0.0,Bloomberg Global Aggregate
2021-05-31,P-129,CLT-1010,458.294,-0.00814,-0.00557,0.0,Bloomberg Global Aggregate
2021-06-30,P-129,CLT-1010,470.704,0.02708,0.0198,0.0,Bloomberg Global Aggregate
2021-07-31,P-129,CLT-1010,457.416,-0.02823,-0.0232,0.0,Bloomberg Global Aggregate
2021-08-31,P-129,CLT-1010,464.171,0.01477,0.01257,0.0,Bloomberg Global Aggregate
2021-09-30,P-129,CLT-1010,450.357,-0.02976,-0.01639,31.89,Bloomberg Global Aggregate
2021-10-31,P-129,CLT-1010,469.483,0.04247,0.02715,0.0,Bloomberg Global Aggregate
2021-11-30,P-129,CLT-1010,473.092,0.00769,-0.00173,0.0,Bloomberg Global Aggregate
2021-12-31,P-129,CLT-1010,474.798,0.00361,0.0057,0.0,Bloomberg Global Aggregate
2022-01-31,P-129,CLT-1010,470.858,-0.0083,-0.00409,0.0,Bloomberg Global Aggregate
2022-02-28,P-129,CLT-1010,452.525,-0.03894,-0.04804,0.0,Bloomberg Global Aggregate
2022-03-31,P-129,CLT-1010,438.453,-0.0311,-0.02404,0.0,Bloomberg Global Aggregate
2022-04-30,P-129,CLT-1010,443.121,0.01065,0.00775,0.0,Bloomberg Global Aggregate
2022-05-31,P-129,CLT-1010,451.866,0.01973,0.00445,0.0,Bloomberg Global Aggregate
2022-06-30,P-129,CLT-1010,445.169,-0.01482,-0.00652,34.59,Bloomberg Global Aggregate
2022-07-31,P-129,CLT-1010,431.214,-0.03135,-0.03715,20.65,Bloomberg Global Aggregate
2022-08-31,P-129,CLT-1010,433.08,0.00433,-0.00085,-15.03,Bloomberg Global Aggregate
2022-09-30,P-129,CLT-1010,433.856,0.00179,0.00155,0.0,Bloomberg Global Aggregate
2022-10-31,P-129,CLT-1010,427.099,-0.01557,-0.01095,0.0,Bloomberg Global Aggregate
2022-11-30,P-129,CLT-1010,438.648,0.02704,0.01112,0.0,Bloomberg Global Aggregate
2022-12-31,P-129,CLT-1010,425.313,-0.0304,-0.02466,0.0,Bloomberg Global Aggregate
2023-01-31,P-129,CLT-1010,413.974,-0.02666,-0.0064,0.0,Bloomberg Global Aggregate
2023-02-28,P-129,CLT-1010,399.735,-0.0344,-0.04345,0.0,Bloomberg Global Aggregate
2023-03-31,P-129,CLT-1010,402.719,0.00747,0.02043,0.0,Bloomberg Global Aggregate
2023-04-30,P-129,CLT-1010,410.261,0.01873,0.00906,0.0,Bloomberg Global Aggregate
2023-05-31,P-129,CLT-1010,405.735,-0.01103,-0.02839,0.0,Bloomberg Global Aggregate
2023-06-30,P-129,CLT-1010,397.254,-0.0209,-0.02983,20.16,Bloomberg Global Aggregate
2023-07-31,P-129,CLT-1010,397.651,0.001,-0.01321,0.0,Bloomberg Global Aggregate
2023-08-31,P-129,CLT-1010,414.992,0.04361,0.01806,0.0,Bloomberg Global Aggregate
2023-09-30,P-129,CLT-1010,419.344,0.01049,-0.00247,0.0,Bloomberg Global Aggregate
2023-10-31,P-129,CLT-1010,416.584,-0.00658,-0.01193,0.0,Bloomberg Global Aggregate
2023-11-30,P-129,CLT-1010,418.759,0.00522,-0.01571,0.0,Bloomberg Global Aggregate
2023-12-31,P-129,CLT-1010,421.198,0.00582,-0.01655,0.0,Bloomberg Global Aggregate
2024-01-31,P-129,CLT-1010,416.745,-0.01057,-0.03312,26.51,Bloomberg Global Aggregate
2024-02-29,P-129,CLT-1010,406.755,-0.02397,-0.01949,0.0,Bloomberg Global Aggregate
2024-03-31,P-129,CLT-1010,393.858,-0.03171,-0.01692,21.54,Bloomberg Global Aggregate
2024-04-30,P-129,CLT-1010,398.097,0.01076,0.01598,0.0,Bloomberg Global Aggregate
2024-05-31,P-129,CLT-1010,402.026,0.00987,6e-05,0.0,Bloomberg Global Aggregate
2024-06-30,P-129,CLT-1010,398.399,-0.00902,-0.01232,0.0,Bloomberg Global Aggregate
2024-07-31,P-129,CLT-1010,416.502,0.04544,0.04651,0.0,Bloomberg Global Aggregate
2024-08-31,P-129,CLT-1010,416.006,-0.00119,-0.00929,10.38,Bloomberg Global Aggregate
2024-09-30,P-129,CLT-1010,419.703,0.00888,0.02507,0.0,Bloomberg Global Aggregate
2024-10-31,P-129,CLT-1010,435.094,0.03667,0.03358,0.0,Bloomberg Global Aggregate
2024-11-30,P-129,CLT-1010,430.081,-0.01152,-0.02629,0.0,Bloomberg Global Aggregate
2024-12-31,P-129,CLT-1010,435.467,0.01252,0.00455,0.0,Bloomberg Global Aggregate
2025-01-31,P-129,CLT-1010,436.828,0.00313,-0.00654,0.0,Bloomberg Global Aggregate
2025-02-28,P-129,CLT-1010,442.255,0.01242,-0.00807,0.0,Bloomberg Global Aggregate
2025-03-31,P-129,CLT-1010,448.534,0.0142,0.01359,-25.22,Bloomberg Global Aggregate
2025-04-30,P-129,CLT-1010,441.839,-0.01493,-0.00852,0.0,Bloomberg Global Aggregate
2025-05-31,P-129,CLT-1010,446.028,0.00948,-0.00614,0.0,Bloomberg Global Aggregate
2025-06-30,P-129,CLT-1010,452.902,0.01541,1e-05,0.0,Bloomberg Global Aggregate
2025-07-31,P-129,CLT-1010,454.82,0.00423,-0.00384,0.0,Bloomberg Global Aggregate
2025-08-31,P-129,CLT-1010,446.01,-0.01937,-0.01885,0.0,Bloomberg Global Aggregate
2025-09-30,P-129,CLT-1010,454.715,0.01952,0.0181,0.0,Bloomberg Global Aggregate
2025-10-31,P-129,CLT-1010,458.798,0.00898,0.02284,0.0,Bloomberg Global Aggregate
2025-11-30,P-129,CLT-1010,469.956,0.02432,0.00961,0.0,Bloomberg Global Aggregate
2025-12-31,P-129,CLT-1010,474.835,0.01038,-0.0039,0.0,Bloomberg Global Aggregate
2026-01-31,P-129,CLT-1010,463.276,-0.02434,-0.01007,-36.15,Bloomberg Global Aggregate
2026-02-28,P-129,CLT-1010,464.08,0.00174,-0.01004,0.0,Bloomberg Global Aggregate
2021-01-31,P-130,CLT-1011,4524.508,0.01817,0.01155,0.0,Bloomberg Global Aggregate
2021-02-28,P-130,CLT-1011,4464.403,-0.01328,-0.00084,0.0,Bloomberg Global Aggregate
2021-03-31,P-130,CLT-1011,4506.555,0.00944,0.02435,0.0,Bloomberg Global Aggregate
2021-04-30,P-130,CLT-1011,4542.042,0.00787,0.00166,0.0,Bloomberg Global Aggregate
2021-05-31,P-130,CLT-1011,4498.14,-0.00967,-0.00557,0.0,Bloomberg Global Aggregate
2021-06-30,P-130,CLT-1011,4702.203,0.04537,0.0198,0.0,Bloomberg Global Aggregate
2021-07-31,P-130,CLT-1011,4658.771,-0.00924,-0.0232,0.0,Bloomberg Global Aggregate
2021-08-31,P-130,CLT-1011,4752.529,0.02013,0.01257,0.0,Bloomberg Global Aggregate
2021-09-30,P-130,CLT-1011,4713.67,-0.00818,-0.01639,307.94,Bloomberg Global Aggregate
2021-10-31,P-130,CLT-1011,4931.292,0.04617,0.02715,-235.92,Bloomberg Global Aggregate
2021-11-30,P-130,CLT-1011,4984.614,0.01081,-0.00173,0.0,Bloomberg Global Aggregate
2021-12-31,P-130,CLT-1011,5052.432,0.01361,0.0057,0.0,Bloomberg Global Aggregate
2022-01-31,P-130,CLT-1011,4971.678,-0.01598,-0.00409,0.0,Bloomberg Global Aggregate
2022-02-28,P-130,CLT-1011,4942.526,-0.00586,-0.04804,0.0,Bloomberg Global Aggregate
2022-03-31,P-130,CLT-1011,4756.805,-0.03758,-0.02404,0.0,Bloomberg Global Aggregate
2022-04-30,P-130,CLT-1011,4779.58,0.00479,0.00775,0.0,Bloomberg Global Aggregate
2022-05-31,P-130,CLT-1011,4700.891,-0.01646,0.00445,0.0,Bloomberg Global Aggregate
2022-06-30,P-130,CLT-1011,4709.849,0.00191,-0.00652,0.0,Bloomberg Global Aggregate
2022-07-31,P-130,CLT-1011,4550.127,-0.03391,-0.03715,0.0,Bloomberg Global Aggregate
2022-08-31,P-130,CLT-1011,4598.406,0.01061,-0.00085,0.0,Bloomberg Global Aggregate
2022-09-30,P-130,CLT-1011,4504.193,-0.02049,0.00155,0.0,Bloomberg Global Aggregate
2022-10-31,P-130,CLT-1011,4527.417,0.00516,-0.01095,0.0,Bloomberg Global Aggregate
2022-11-30,P-130,CLT-1011,4534.384,0.00154,0.01112,0.0,Bloomberg Global Aggregate
2022-12-31,P-130,CLT-1011,4419.077,-0.02543,-0.02466,0.0,Bloomberg Global Aggregate
2023-01-31,P-130,CLT-1011,4451.255,0.00728,-0.0064,0.0,Bloomberg Global Aggregate
2023-02-28,P-130,CLT-1011,4278.82,-0.03874,-0.04345,0.0,Bloomberg Global Aggregate
2023-03-31,P-130,CLT-1011,4390.443,0.02609,0.02043,339.69,Bloomberg Global Aggregate
2023-04-30,P-130,CLT-1011,4482.496,0.02097,0.00906,0.0,Bloomberg Global Aggregate
2023-05-31,P-130,CLT-1011,4386.417,-0.02143,-0.02839,0.0,Bloomberg Global Aggregate
2023-06-30,P-130,CLT-1011,4240.906,-0.03317,-0.02983,0.0,Bloomberg Global Aggregate
2023-07-31,P-130,CLT-1011,4180.63,-0.01421,-0.01321,0.0,Bloomberg Global Aggregate
2023-08-31,P-130,CLT-1011,4273.08,0.02211,0.01806,0.0,Bloomberg Global Aggregate
2023-09-30,P-130,CLT-1011,4216.558,-0.01323,-0.00247,200.99,Bloomberg Global Aggregate
2023-10-31,P-130,CLT-1011,4227.561,0.00261,-0.01193,0.0,Bloomberg Global Aggregate
2023-11-30,P-130,CLT-1011,4182.622,-0.01063,-0.01571,0.0,Bloomberg Global Aggregate
2023-12-31,P-130,CLT-1011,4122.68,-0.01433,-0.01655,0.0,Bloomberg Global Aggregate
2024-01-31,P-130,CLT-1011,4056.945,-0.01594,-0.03312,0.0,Bloomberg Global Aggregate
2024-02-29,P-130,CLT-1011,3976.316,-0.01987,-0.01949,0.0,Bloomberg Global Aggregate
2024-03-31,P-130,CLT-1011,3904.183,-0.01814,-0.01692,0.0,Bloomberg Global Aggregate
2024-04-30,P-130,CLT-1011,3946.011,0.01071,0.01598,0.0,Bloomberg Global Aggregate
2024-05-31,P-130,CLT-1011,3969.162,0.00587,6e-05,0.0,Bloomberg Global Aggregate
2024-06-30,P-130,CLT-1011,3941.467,-0.00698,-0.01232,-275.51,Bloomberg Global Aggregate
2024-07-31,P-130,CLT-1011,4094.454,0.03881,0.04651,-210.93,Bloomberg Global Aggregate
2024-08-31,P-130,CLT-1011,4051.681,-0.01045,-0.00929,0.0,Bloomberg Global Aggregate
2024-09-30,P-130,CLT-1011,4122.44,0.01746,0.02507,0.0,Bloomberg Global Aggregate
2024-10-31,P-130,CLT-1011,4227.057,0.02538,0.03358,0.0,Bloomberg Global Aggregate
2024-11-30,P-130,CLT-1011,4023.27,-0.04821,-0.02629,0.0,Bloomberg Global Aggregate
2024-12-31,P-130,CLT-1011,4034.079,0.00269,0.00455,-94.45,Bloomberg Global Aggregate
2025-01-31,P-130,CLT-1011,3920.753,-0.02809,-0.00654,0.0,Bloomberg Global Aggregate
2025-02-28,P-130,CLT-1011,3869.621,-0.01304,-0.00807,0.0,Bloomberg Global Aggregate
2025-03-31,P-130,CLT-1011,3895.212,0.00661,0.01359,0.0,Bloomberg Global Aggregate
2025-04-30,P-130,CLT-1011,3921.584,0.00677,-0.00852,0.0,Bloomberg Global Aggregate
2025-05-31,P-130,CLT-1011,3849.056,-0.01849,-0.00614,0.0,Bloomberg Global Aggregate
2025-06-30,P-130,CLT-1011,3814.613,-0.00895,1e-05,0.0,Bloomberg Global Aggregate
2025-07-31,P-130,CLT-1011,3785.156,-0.00772,-0.00384,-161.09,Bloomberg Global Aggregate
2025-08-31,P-130,CLT-1011,3689.039,-0.02539,-0.01885,0.0,Bloomberg Global Aggregate
2025-09-30,P-130,CLT-1011,3827.884,0.03764,0.0181,0.0,Bloomberg Global Aggregate
2025-10-31,P-130,CLT-1011,3861.694,0.00883,0.02284,0.0,Bloomberg Global Aggregate
2025-11-30,P-130,CLT-1011,3883.938,0.00576,0.00961,0.0,Bloomberg Global Aggregate
2025-12-31,P-130,CLT-1011,3890.789,0.00176,-0.0039,-136.96,Bloomberg Global Aggregate
2026-01-31,P-130,CLT-1011,3902.236,0.00294,-0.01007,0.0,Bloomberg Global Aggregate
2026-02-28,P-130,CLT-1011,3847.99,-0.0139,-0.01004,0.0,Bloomberg Global Aggregate
2021-01-31,P-131,CLT-1011,501.178,-0.01498,0.01155,0.0,Bloomberg Global Aggregate
2021-02-28,P-131,CLT-1011,500.072,-0.00221,-0.00084,0.0,Bloomberg Global Aggregate
2021-03-31,P-131,CLT-1011,522.251,0.04435,0.02435,0.0,Bloomberg Global Aggregate
2021-04-30,P-131,CLT-1011,525.612,0.00644,0.00166,0.0,Bloomberg Global Aggregate
2021-05-31,P-131,CLT-1011,524.855,-0.00144,-0.00557,0.0,Bloomberg Global Aggregate
2021-06-30,P-131,CLT-1011,527.711,0.00544,0.0198,0.0,Bloomberg Global Aggregate
2021-07-31,P-131,CLT-1011,507.12,-0.03902,-0.0232,-21.79,Bloomberg Global Aggregate
2021-08-31,P-131,CLT-1011,514.011,0.01359,0.01257,0.0,Bloomberg Global Aggregate
2021-09-30,P-131,CLT-1011,495.546,-0.03592,-0.01639,15.2,Bloomberg Global Aggregate
2021-10-31,P-131,CLT-1011,514.885,0.03903,0.02715,-29.15,Bloomberg Global Aggregate
2021-11-30,P-131,CLT-1011,508.185,-0.01301,-0.00173,0.0,Bloomberg Global Aggregate
2021-12-31,P-131,CLT-1011,511.291,0.00611,0.0057,0.0,Bloomberg Global Aggregate
2022-01-31,P-131,CLT-1011,495.872,-0.03016,-0.00409,0.0,Bloomberg Global Aggregate
2022-02-28,P-131,CLT-1011,469.65,-0.05288,-0.04804,0.0,Bloomberg Global Aggregate
2022-03-31,P-131,CLT-1011,450.794,-0.04015,-0.02404,0.0,Bloomberg Global Aggregate
2022-04-30,P-131,CLT-1011,439.739,-0.02452,0.00775,0.0,Bloomberg Global Aggregate
2022-05-31,P-131,CLT-1011,445.421,0.01292,0.00445,0.0,Bloomberg Global Aggregate
2022-06-30,P-131,CLT-1011,453.256,0.01759,-0.00652,0.0,Bloomberg Global Aggregate
2022-07-31,P-131,CLT-1011,444.045,-0.02032,-0.03715,-10.76,Bloomberg Global Aggregate
2022-08-31,P-131,CLT-1011,448.315,0.00961,-0.00085,0.0,Bloomberg Global Aggregate
2022-09-30,P-131,CLT-1011,446.712,-0.00358,0.00155,0.0,Bloomberg Global Aggregate
2022-10-31,P-131,CLT-1011,447.283,0.00128,-0.01095,12.94,Bloomberg Global Aggregate
2022-11-30,P-131,CLT-1011,460.385,0.02929,0.01112,0.0,Bloomberg Global Aggregate
2022-12-31,P-131,CLT-1011,450.281,-0.02195,-0.02466,0.0,Bloomberg Global Aggregate
2023-01-31,P-131,CLT-1011,440.156,-0.02249,-0.0064,0.0,Bloomberg Global Aggregate
2023-02-28,P-131,CLT-1011,418.238,-0.0498,-0.04345,0.0,Bloomberg Global Aggregate
2023-03-31,P-131,CLT-1011,437.232,0.04541,0.02043,0.0,Bloomberg Global Aggregate
2023-04-30,P-131,CLT-1011,441.06,0.00876,0.00906,0.0,Bloomberg Global Aggregate
2023-05-31,P-131,CLT-1011,408.012,-0.07493,-0.02839,0.0,Bloomberg Global Aggregate
2023-06-30,P-131,CLT-1011,387.626,-0.04997,-0.02983,0.0,Bloomberg Global Aggregate
2023-07-31,P-131,CLT-1011,380.461,-0.01848,-0.01321,0.0,Bloomberg Global Aggregate
2023-08-31,P-131,CLT-1011,393.229,0.03356,0.01806,0.0,Bloomberg Global Aggregate
2023-09-30,P-131,CLT-1011,391.031,-0.00559,-0.00247,0.0,Bloomberg Global Aggregate
2023-10-31,P-131,CLT-1011,392.529,0.00383,-0.01193,0.0,Bloomberg Global Aggregate
2023-11-30,P-131,CLT-1011,383.723,-0.02243,-0.01571,0.0,Bloomberg Global Aggregate
2023-12-31,P-131,CLT-1011,366.941,-0.04373,-0.01655,0.0,Bloomberg Global Aggregate
2024-01-31,P-131,CLT-1011,352.503,-0.03935,-0.03312,0.0,Bloomberg Global Aggregate
2024-02-29,P-131,CLT-1011,347.632,-0.01382,-0.01949,9.48,Bloomberg Global Aggregate
2024-03-31,P-131,CLT-1011,343.311,-0.01243,-0.01692,0.0,Bloomberg Global Aggregate
2024-04-30,P-131,CLT-1011,342.927,-0.00112,0.01598,0.0,Bloomberg Global Aggregate
2024-05-31,P-131,CLT-1011,341.495,-0.00418,6e-05,0.0,Bloomberg Global Aggregate
2024-06-30,P-131,CLT-1011,350.59,0.02663,-0.01232,0.0,Bloomberg Global Aggregate
2024-07-31,P-131,CLT-1011,361.011,0.02972,0.04651,-15.13,Bloomberg Global Aggregate
2024-08-31,P-131,CLT-1011,361.326,0.00087,-0.00929,0.0,Bloomberg Global Aggregate
2024-09-30,P-131,CLT-1011,359.881,-0.004,0.02507,0.0,Bloomberg Global Aggregate
2024-10-31,P-131,CLT-1011,376.665,0.04664,0.03358,0.0,Bloomberg Global Aggregate
2024-11-30,P-131,CLT-1011,362.268,-0.03822,-0.02629,0.0,Bloomberg Global Aggregate
2024-12-31,P-131,CLT-1011,366.267,0.01104,0.00455,0.0,Bloomberg Global Aggregate
2025-01-31,P-131,CLT-1011,357.42,-0.02416,-0.00654,0.0,Bloomberg Global Aggregate
2025-02-28,P-131,CLT-1011,356.287,-0.00317,-0.00807,0.0,Bloomberg Global Aggregate
2025-03-31,P-131,CLT-1011,356.794,0.00142,0.01359,0.0,Bloomberg Global Aggregate
2025-04-30,P-131,CLT-1011,350.397,-0.01793,-0.00852,0.0,Bloomberg Global Aggregate
2025-05-31,P-131,CLT-1011,350.716,0.00091,-0.00614,0.0,Bloomberg Global Aggregate
2025-06-30,P-131,CLT-1011,348.841,-0.00535,1e-05,0.0,Bloomberg Global Aggregate
2025-07-31,P-131,CLT-1011,349.655,0.00234,-0.00384,17.2,Bloomberg Global Aggregate
2025-08-31,P-131,CLT-1011,342.381,-0.02081,-0.01885,0.0,Bloomberg Global Aggregate
2025-09-30,P-131,CLT-1011,349.168,0.01982,0.0181,0.0,Bloomberg Global Aggregate
2025-10-31,P-131,CLT-1011,359.621,0.02994,0.02284,0.0,Bloomberg Global Aggregate
2025-11-30,P-131,CLT-1011,361.563,0.0054,0.00961,-22.85,Bloomberg Global Aggregate
2025-12-31,P-131,CLT-1011,355.305,-0.01731,-0.0039,0.0,Bloomberg Global Aggregate
2026-01-31,P-131,CLT-1011,349.31,-0.01688,-0.01007,0.0,Bloomberg Global Aggregate
2026-02-28,P-131,CLT-1011,352.01,0.00773,-0.01004,17.59,Bloomberg Global Aggregate
2021-01-31,P-132,CLT-1012,2348.205,0.01465,0.01155,0.0,Bloomberg Global Aggregate
2021-02-28,P-132,CLT-1012,2323.926,-0.01034,-0.00084,54.29,Bloomberg Global Aggregate
2021-03-31,P-132,CLT-1012,2396.43,0.0312,0.02435,0.0,Bloomberg Global Aggregate
2021-04-30,P-132,CLT-1012,2418.909,0.00938,0.00166,-79.1,Bloomberg Global Aggregate
2021-05-31,P-132,CLT-1012,2425.762,0.00283,-0.00557,0.0,Bloomberg Global Aggregate
2021-06-30,P-132,CLT-1012,2446.51,0.00855,0.0198,0.0,Bloomberg Global Aggregate
2021-07-31,P-132,CLT-1012,2371.715,-0.03057,-0.0232,0.0,Bloomberg Global Aggregate
2021-08-31,P-132,CLT-1012,2384.211,0.00527,0.01257,0.0,Bloomberg Global Aggregate
2021-09-30,P-132,CLT-1012,2337.609,-0.01955,-0.01639,0.0,Bloomberg Global Aggregate
2021-10-31,P-132,CLT-1012,2421.281,0.03579,0.02715,0.0,Bloomberg Global Aggregate
2021-11-30,P-132,CLT-1012,2430.32,0.00373,-0.00173,0.0,Bloomberg Global Aggregate
2021-12-31,P-132,CLT-1012,2459.971,0.0122,0.0057,-121.36,Bloomberg Global Aggregate
2022-01-31,P-132,CLT-1012,2497.483,0.01525,-0.00409,-86.32,Bloomberg Global Aggregate
2022-02-28,P-132,CLT-1012,2404.012,-0.03743,-0.04804,0.0,Bloomberg Global Aggregate
2022-03-31,P-132,CLT-1012,2345.542,-0.02432,-0.02404,-174.23,Bloomberg Global Aggregate
2022-04-30,P-132,CLT-1012,2330.992,-0.0062,0.00775,0.0,Bloomberg Global Aggregate
2022-05-31,P-132,CLT-1012,2323.195,-0.00334,0.00445,-162.91,Bloomberg Global Aggregate
2022-06-30,P-132,CLT-1012,2303.735,-0.00838,-0.00652,-61.86,Bloomberg Global Aggregate
2022-07-31,P-132,CLT-1012,2246.835,-0.0247,-0.03715,0.0,Bloomberg Global Aggregate
2022-08-31,P-132,CLT-1012,2247.674,0.00037,-0.00085,0.0,Bloomberg Global Aggregate
2022-09-30,P-132,CLT-1012,2235.366,-0.00548,0.00155,-101.87,Bloomberg Global Aggregate
2022-10-31,P-132,CLT-1012,2192.925,-0.01899,-0.01095,0.0,Bloomberg Global Aggregate
2022-11-30,P-132,CLT-1012,2218.768,0.01178,0.01112,0.0,Bloomberg Global Aggregate
2022-12-31,P-132,CLT-1012,2193.466,-0.0114,-0.02466,0.0,Bloomberg Global Aggregate
2023-01-31,P-132,CLT-1012,2228.67,0.01605,-0.0064,0.0,Bloomberg Global Aggregate
2023-02-28,P-132,CLT-1012,2129.328,-0.04457,-0.04345,0.0,Bloomberg Global Aggregate
2023-03-31,P-132,CLT-1012,2174.935,0.02142,0.02043,0.0,Bloomberg Global Aggregate
2023-04-30,P-132,CLT-1012,2163.431,-0.00529,0.00906,0.0,Bloomberg Global Aggregate
2023-05-31,P-132,CLT-1012,2160.459,-0.00137,-0.02839,0.0,Bloomberg Global Aggregate
2023-06-30,P-132,CLT-1012,2059.715,-0.04663,-0.02983,0.0,Bloomberg Global Aggregate
2023-07-31,P-132,CLT-1012,2067.422,0.00374,-0.01321,0.0,Bloomberg Global Aggregate
2023-08-31,P-132,CLT-1012,2098.113,0.01485,0.01806,0.0,Bloomberg Global Aggregate
2023-09-30,P-132,CLT-1012,2079.75,-0.00875,-0.00247,0.0,Bloomberg Global Aggregate
2023-10-31,P-132,CLT-1012,2027.931,-0.02492,-0.01193,0.0,Bloomberg Global Aggregate
2023-11-30,P-132,CLT-1012,2063.382,0.01748,-0.01571,0.0,Bloomberg Global Aggregate
2023-12-31,P-132,CLT-1012,2038.481,-0.01207,-0.01655,0.0,Bloomberg Global Aggregate
2024-01-31,P-132,CLT-1012,1974.761,-0.03126,-0.03312,0.0,Bloomberg Global Aggregate
2024-02-29,P-132,CLT-1012,1962.364,-0.00628,-0.01949,0.0,Bloomberg Global Aggregate
2024-03-31,P-132,CLT-1012,1915.503,-0.02388,-0.01692,0.0,Bloomberg Global Aggregate
2024-04-30,P-132,CLT-1012,1949.175,0.01758,0.01598,0.0,Bloomberg Global Aggregate
2024-05-31,P-132,CLT-1012,1953.804,0.00238,6e-05,-131.81,Bloomberg Global Aggregate
2024-06-30,P-132,CLT-1012,1919.684,-0.01746,-0.01232,0.0,Bloomberg Global Aggregate
2024-07-31,P-132,CLT-1012,2042.201,0.06382,0.04651,0.0,Bloomberg Global Aggregate
2024-08-31,P-132,CLT-1012,2020.595,-0.01058,-0.00929,0.0,Bloomberg Global Aggregate
2024-09-30,P-132,CLT-1012,2033.267,0.00627,0.02507,0.0,Bloomberg Global Aggregate
2024-10-31,P-132,CLT-1012,2096.723,0.03121,0.03358,-64.51,Bloomberg Global Aggregate
2024-11-30,P-132,CLT-1012,2051.761,-0.02144,-0.02629,92.27,Bloomberg Global Aggregate
2024-12-31,P-132,CLT-1012,2040.298,-0.00559,0.00455,0.0,Bloomberg Global Aggregate
2025-01-31,P-132,CLT-1012,2008.365,-0.01565,-0.00654,0.0,Bloomberg Global Aggregate
2025-02-28,P-132,CLT-1012,1980.935,-0.01366,-0.00807,0.0,Bloomberg Global Aggregate
2025-03-31,P-132,CLT-1012,2042.713,0.03119,0.01359,0.0,Bloomberg Global Aggregate
2025-04-30,P-132,CLT-1012,2015.479,-0.01333,-0.00852,0.0,Bloomberg Global Aggregate
2025-05-31,P-132,CLT-1012,2044.072,0.01419,-0.00614,0.0,Bloomberg Global Aggregate
2025-06-30,P-132,CLT-1012,2030.835,-0.00648,1e-05,0.0,Bloomberg Global Aggregate
2025-07-31,P-132,CLT-1012,2034.902,0.002,-0.00384,0.0,Bloomberg Global Aggregate
2025-08-31,P-132,CLT-1012,1987.838,-0.02313,-0.01885,0.0,Bloomberg Global Aggregate
2025-09-30,P-132,CLT-1012,2046.622,0.02957,0.0181,-129.0,Bloomberg Global Aggregate
2025-10-31,P-132,CLT-1012,2066.578,0.00975,0.02284,0.0,Bloomberg Global Aggregate
2025-11-30,P-132,CLT-1012,2109.848,0.02094,0.00961,86.23,Bloomberg Global Aggregate
2025-12-31,P-132,CLT-1012,2108.105,-0.00083,-0.0039,-66.44,Bloomberg Global Aggregate
2026-01-31,P-132,CLT-1012,2072.516,-0.01688,-0.01007,0.0,Bloomberg Global Aggregate
2026-02-28,P-132,CLT-1012,2050.47,-0.01064,-0.01004,0.0,Bloomberg Global Aggregate
2021-01-31,P-133,CLT-1012,4715.963,0.03316,0.01155,0.0,Bloomberg Global Aggregate
2021-02-28,P-133,CLT-1012,4724.25,0.00176,-0.00084,0.0,Bloomberg Global Aggregate
2021-03-31,P-133,CLT-1012,4797.429,0.01549,0.02435,0.0,Bloomberg Global Aggregate
2021-04-30,P-133,CLT-1012,4730.049,-0.01405,0.00166,0.0,Bloomberg Global Aggregate
2021-05-31,P-133,CLT-1012,4739.672,0.00203,-0.00557,0.0,Bloomberg Global Aggregate
2021-06-30,P-133,CLT-1012,4849.556,0.02318,0.0198,-328.78,Bloomberg Global Aggregate
2021-07-31,P-133,CLT-1012,4786.442,-0.01301,-0.0232,0.0,Bloomberg Global Aggregate
2021-08-31,P-133,CLT-1012,4754.64,-0.00664,0.01257,0.0,Bloomberg Global Aggregate
2021-09-30,P-133,CLT-1012,4604.131,-0.03166,-0.01639,0.0,Bloomberg Global Aggregate
2021-10-31,P-133,CLT-1012,4804.357,0.04349,0.02715,0.0,Bloomberg Global Aggregate
2021-11-30,P-133,CLT-1012,4821.163,0.0035,-0.00173,0.0,Bloomberg Global Aggregate
2021-12-31,P-133,CLT-1012,4887.128,0.01368,0.0057,181.33,Bloomberg Global Aggregate
2022-01-31,P-133,CLT-1012,4806.506,-0.0165,-0.00409,0.0,Bloomberg Global Aggregate
2022-02-28,P-133,CLT-1012,4514.77,-0.0607,-0.04804,0.0,Bloomberg Global Aggregate
2022-03-31,P-133,CLT-1012,4470.441,-0.00982,-0.02404,0.0,Bloomberg Global Aggregate
2022-04-30,P-133,CLT-1012,4571.527,0.02261,0.00775,0.0,Bloomberg Global Aggregate
2022-05-31,P-133,CLT-1012,4527.331,-0.00967,0.00445,-341.78,Bloomberg Global Aggregate
2022-06-30,P-133,CLT-1012,4422.102,-0.02324,-0.00652,0.0,Bloomberg Global Aggregate
2022-07-31,P-133,CLT-1012,4254.415,-0.03792,-0.03715,0.0,Bloomberg Global Aggregate
2022-08-31,P-133,CLT-1012,4207.505,-0.01103,-0.00085,0.0,Bloomberg Global Aggregate
2022-09-30,P-133,CLT-1012,4170.016,-0.00891,0.00155,-263.9,Bloomberg Global Aggregate
2022-10-31,P-133,CLT-1012,4056.216,-0.02729,-0.01095,0.0,Bloomberg Global Aggregate
2022-11-30,P-133,CLT-1012,4078.317,0.00545,0.01112,0.0,Bloomberg Global Aggregate
2022-12-31,P-133,CLT-1012,3916.495,-0.03968,-0.02466,0.0,Bloomberg Global Aggregate
2023-01-31,P-133,CLT-1012,3835.762,-0.02061,-0.0064,0.0,Bloomberg Global Aggregate
2023-02-28,P-133,CLT-1012,3687.417,-0.03867,-0.04345,0.0,Bloomberg Global Aggregate
2023-03-31,P-133,CLT-1012,3762.596,0.02039,0.02043,0.0,Bloomberg Global Aggregate
2023-04-30,P-133,CLT-1012,3824.218,0.01638,0.00906,0.0,Bloomberg Global Aggregate
2023-05-31,P-133,CLT-1012,3632.439,-0.05015,-0.02839,262.24,Bloomberg Global Aggregate
2023-06-30,P-133,CLT-1012,3527.16,-0.02898,-0.02983,0.0,Bloomberg Global Aggregate
2023-07-31,P-133,CLT-1012,3582.861,0.01579,-0.01321,0.0,Bloomberg Global Aggregate
2023-08-31,P-133,CLT-1012,3631.945,0.0137,0.01806,0.0,Bloomberg Global Aggregate
2023-09-30,P-133,CLT-1012,3666.39,0.00948,-0.00247,0.0,Bloomberg Global Aggregate
2023-10-31,P-133,CLT-1012,3666.022,-0.0001,-0.01193,0.0,Bloomberg Global Aggregate
2023-11-30,P-133,CLT-1012,3654.263,-0.00321,-0.01571,0.0,Bloomberg Global Aggregate
2023-12-31,P-133,CLT-1012,3604.684,-0.01357,-0.01655,0.0,Bloomberg Global Aggregate
2024-01-31,P-133,CLT-1012,3515.69,-0.02469,-0.03312,0.0,Bloomberg Global Aggregate
2024-02-29,P-133,CLT-1012,3483.173,-0.00925,-0.01949,0.0,Bloomberg Global Aggregate
2024-03-31,P-133,CLT-1012,3456.881,-0.00755,-0.01692,0.0,Bloomberg Global Aggregate
2024-04-30,P-133,CLT-1012,3461.935,0.00146,0.01598,0.0,Bloomberg Global Aggregate
2024-05-31,P-133,CLT-1012,3384.055,-0.0225,6e-05,0.0,Bloomberg Global Aggregate
2024-06-30,P-133,CLT-1012,3273.12,-0.03278,-0.01232,0.0,Bloomberg Global Aggregate
2024-07-31,P-133,CLT-1012,3415.627,0.04354,0.04651,0.0,Bloomberg Global Aggregate
2024-08-31,P-133,CLT-1012,3413.977,-0.00048,-0.00929,0.0,Bloomberg Global Aggregate
2024-09-30,P-133,CLT-1012,3450.608,0.01073,0.02507,0.0,Bloomberg Global Aggregate
2024-10-31,P-133,CLT-1012,3612.408,0.04689,0.03358,-96.33,Bloomberg Global Aggregate
2024-11-30,P-133,CLT-1012,3495.284,-0.03242,-0.02629,0.0,Bloomberg Global Aggregate
2024-12-31,P-133,CLT-1012,3490.228,-0.00145,0.00455,0.0,Bloomberg Global Aggregate
2025-01-31,P-133,CLT-1012,3430.112,-0.01722,-0.00654,0.0,Bloomberg Global Aggregate
2025-02-28,P-133,CLT-1012,3316.774,-0.03304,-0.00807,0.0,Bloomberg Global Aggregate
2025-03-31,P-133,CLT-1012,3374.574,0.01743,0.01359,0.0,Bloomberg Global Aggregate
2025-04-30,P-133,CLT-1012,3426.989,0.01553,-0.00852,0.0,Bloomberg Global Aggregate
2025-05-31,P-133,CLT-1012,3405.469,-0.00628,-0.00614,0.0,Bloomberg Global Aggregate
2025-06-30,P-133,CLT-1012,3322.058,-0.02449,1e-05,0.0,Bloomberg Global Aggregate
2025-07-31,P-133,CLT-1012,3347.001,0.00751,-0.00384,0.0,Bloomberg Global Aggregate
2025-08-31,P-133,CLT-1012,3212.178,-0.04028,-0.01885,0.0,Bloomberg Global Aggregate
2025-09-30,P-133,CLT-1012,3219.692,0.00234,0.0181,0.0,Bloomberg Global Aggregate
2025-10-31,P-133,CLT-1012,3285.075,0.02031,0.02284,0.0,Bloomberg Global Aggregate
2025-11-30,P-133,CLT-1012,3324.503,0.012,0.00961,0.0,Bloomberg Global Aggregate
2025-12-31,P-133,CLT-1012,3268.218,-0.01693,-0.0039,0.0,Bloomberg Global Aggregate
2026-01-31,P-133,CLT-1012,3225.303,-0.01313,-0.01007,0.0,Bloomberg Global Aggregate
2026-02-28,P-133,CLT-1012,3226.67,0.00042,-0.01004,0.0,Bloomberg Global Aggregate
2021-01-31,P-134,CLT-1012,1898.859,-0.05149,-0.06004,121.85,MSCI World
2021-02-28,P-134,CLT-1012,1981.773,0.04367,0.03127,0.0,MSCI World
2021-03-31,P-134,CLT-1012,2201.452,0.11085,0.09212,0.0,MSCI World
2021-04-30,P-134,CLT-1012,2303.492,0.04635,0.0382,0.0,MSCI World
2021-05-31,P-134,CLT-1012,2273.069,-0.01321,-0.01147,0.0,MSCI World
2021-06-30,P-134,CLT-1012,2361.37,0.03885,0.03022,0.0,MSCI World
2021-07-31,P-134,CLT-1012,2552.269,0.08084,0.076,0.0,MSCI World
2021-08-31,P-134,CLT-1012,2754.23,0.07913,0.0739,0.0,MSCI World
2021-09-30,P-134,CLT-1012,2666.668,-0.03179,-0.03385,-59.74,MSCI World
2021-10-31,P-134,CLT-1012,2722.924,0.0211,0.02953,0.0,MSCI World
2021-11-30,P-134,CLT-1012,2701.143,-0.008,0.00155,0.0,MSCI World
2021-12-31,P-134,CLT-1012,2812.82,0.04134,0.04193,137.14,MSCI World
2022-01-31,P-134,CLT-1012,2843.784,0.01101,0.00922,0.0,MSCI World
2022-02-28,P-134,CLT-1012,2524.666,-0.11222,-0.10602,0.0,MSCI World
2022-03-31,P-134,CLT-1012,2481.812,-0.01697,-0.0214,0.0,MSCI World
2022-04-30,P-134,CLT-1012,2536.067,0.02186,0.00148,0.0,MSCI World
2022-05-31,P-134,CLT-1012,2324.772,-0.08332,-0.06687,0.0,MSCI World
2022-06-30,P-134,CLT-1012,2379.271,0.02344,0.01749,183.19,MSCI World
2022-07-31,P-134,CLT-1012,2210.557,-0.07091,-0.07063,0.0,MSCI World
2022-08-31,P-134,CLT-1012,2131.938,-0.03557,-0.04025,0.0,MSCI World
2022-09-30,P-134,CLT-1012,2228.973,0.04551,0.04931,0.0,MSCI World
2022-10-31,P-134,CLT-1012,2128.931,-0.04488,-0.04383,128.04,MSCI World
2022-11-30,P-134,CLT-1012,2168.932,0.01879,0.01719,0.0,MSCI World
2022-12-31,P-134,CLT-1012,1989.37,-0.08279,-0.08023,0.0,MSCI World
2023-01-31,P-134,CLT-1012,2150.504,0.081,0.09529,0.0,MSCI World
2023-02-28,P-134,CLT-1012,2136.562,-0.00648,-0.00458,0.0,MSCI World
2023-03-31,P-134,CLT-1012,2134.148,-0.00113,0.01216,0.0,MSCI World
2023-04-30,P-134,CLT-1012,2181.739,0.0223,0.01566,0.0,MSCI World
2023-05-31,P-134,CLT-1012,2216.62,0.01599,0.0336,0.0,MSCI World
2023-06-30,P-134,CLT-1012,2116.498,-0.04517,-0.05542,0.0,MSCI World
2023-07-31,P-134,CLT-1012,2142.804,0.01243,0.00794,0.0,MSCI World
2023-08-31,P-134,CLT-1012,2110.908,-0.01489,-0.01941,0.0,MSCI World
2023-09-30,P-134,CLT-1012,1935.616,-0.08304,-0.06255,0.0,MSCI World
2023-10-31,P-134,CLT-1012,2025.955,0.04667,0.04949,0.0,MSCI World
2023-11-30,P-134,CLT-1012,2035.846,0.00488,-0.00657,-87.73,MSCI World
2023-12-31,P-134,CLT-1012,2063.687,0.01368,0.01832,0.0,MSCI World
2024-01-31,P-134,CLT-1012,2075.379,0.00567,0.01569,0.0,MSCI World
2024-02-29,P-134,CLT-1012,2051.245,-0.01163,-0.00585,0.0,MSCI World
2024-03-31,P-134,CLT-1012,2236.945,0.09053,0.09084,0.0,MSCI World
2024-04-30,P-134,CLT-1012,2233.236,-0.00166,0.00619,0.0,MSCI World
2024-05-31,P-134,CLT-1012,2133.15,-0.04482,-0.05705,0.0,MSCI World
2024-06-30,P-134,CLT-1012,2114.24,-0.00886,-0.00859,0.0,MSCI World
2024-07-31,P-134,CLT-1012,2165.164,0.02409,0.02908,0.0,MSCI World
2024-08-31,P-134,CLT-1012,2204.746,0.01828,0.03046,0.0,MSCI World
2024-09-30,P-134,CLT-1012,2133.42,-0.03235,-0.03737,0.0,MSCI World
2024-10-31,P-134,CLT-1012,2244.077,0.05187,0.04707,0.0,MSCI World
2024-11-30,P-134,CLT-1012,2080.484,-0.0729,-0.06562,0.0,MSCI World
2024-12-31,P-134,CLT-1012,2153.046,0.03488,0.05606,0.0,MSCI World
2025-01-31,P-134,CLT-1012,2060.996,-0.04275,-0.04706,0.0,MSCI World
2025-02-28,P-134,CLT-1012,2055.325,-0.00275,-0.0013,0.0,MSCI World
2025-03-31,P-134,CLT-1012,2171.067,0.05631,0.05273,91.04,MSCI World
2025-04-30,P-134,CLT-1012,2241.337,0.03237,0.01317,0.0,MSCI World
2025-05-31,P-134,CLT-1012,2336.468,0.04244,0.04235,0.0,MSCI World
2025-06-30,P-134,CLT-1012,2405.314,0.02947,0.03406,0.0,MSCI World
2025-07-31,P-134,CLT-1012,2528.734,0.05131,0.06201,0.0,MSCI World
2025-08-31,P-134,CLT-1012,2655.098,0.04997,0.05263,-75.15,MSCI World
2025-09-30,P-134,CLT-1012,2631.389,-0.00893,-0.01083,0.0,MSCI World
2025-10-31,P-134,CLT-1012,2724.866,0.03552,0.03466,0.0,MSCI World
2025-11-30,P-134,CLT-1012,2619.173,-0.03879,-0.05573,0.0,MSCI World
2025-12-31,P-134,CLT-1012,2647.717,0.0109,0.00574,0.0,MSCI World
2026-01-31,P-134,CLT-1012,2757.543,0.04148,0.04243,0.0,MSCI World
2026-02-28,P-134,CLT-1012,2777.72,0.00732,0.01377,0.0,MSCI World
2021-01-31,P-135,CLT-1012,954.203,0.01581,0.01155,0.0,Bloomberg Global Aggregate
2021-02-28,P-135,CLT-1012,943.442,-0.01128,-0.00084,0.0,Bloomberg Global Aggregate
2021-03-31,P-135,CLT-1012,969.415,0.02753,0.02435,0.0,Bloomberg Global Aggregate
2021-04-30,P-135,CLT-1012,977.839,0.00869,0.00166,0.0,Bloomberg Global Aggregate
2021-05-31,P-135,CLT-1012,970.646,-0.00736,-0.00557,0.0,Bloomberg Global Aggregate
2021-06-30,P-135,CLT-1012,983.096,0.01283,0.0198,40.03,Bloomberg Global Aggregate
2021-07-31,P-135,CLT-1012,934.274,-0.04966,-0.0232,0.0,Bloomberg Global Aggregate
2021-08-31,P-135,CLT-1012,960.271,0.02783,0.01257,0.0,Bloomberg Global Aggregate
2021-09-30,P-135,CLT-1012,950.268,-0.01042,-0.01639,0.0,Bloomberg Global Aggregate
2021-10-31,P-135,CLT-1012,982.034,0.03343,0.02715,0.0,Bloomberg Global Aggregate
2021-11-30,P-135,CLT-1012,962.026,-0.02037,-0.00173,0.0,Bloomberg Global Aggregate
2021-12-31,P-135,CLT-1012,985.033,0.02392,0.0057,0.0,Bloomberg Global Aggregate
2022-01-31,P-135,CLT-1012,976.169,-0.009,-0.00409,0.0,Bloomberg Global Aggregate
2022-02-28,P-135,CLT-1012,926.642,-0.05074,-0.04804,0.0,Bloomberg Global Aggregate
2022-03-31,P-135,CLT-1012,892.803,-0.03652,-0.02404,0.0,Bloomberg Global Aggregate
2022-04-30,P-135,CLT-1012,880.552,-0.01372,0.00775,0.0,Bloomberg Global Aggregate
2022-05-31,P-135,CLT-1012,898.055,0.01988,0.00445,0.0,Bloomberg Global Aggregate
2022-06-30,P-135,CLT-1012,907.506,0.01052,-0.00652,0.0,Bloomberg Global Aggregate
2022-07-31,P-135,CLT-1012,872.744,-0.03831,-0.03715,22.03,Bloomberg Global Aggregate
2022-08-31,P-135,CLT-1012,865.381,-0.00844,-0.00085,0.0,Bloomberg Global Aggregate
2022-09-30,P-135,CLT-1012,863.435,-0.00225,0.00155,0.0,Bloomberg Global Aggregate
2022-10-31,P-135,CLT-1012,850.994,-0.01441,-0.01095,0.0,Bloomberg Global Aggregate
2022-11-30,P-135,CLT-1012,848.446,-0.00299,0.01112,-31.02,Bloomberg Global Aggregate
2022-12-31,P-135,CLT-1012,825.202,-0.0274,-0.02466,0.0,Bloomberg Global Aggregate
2023-01-31,P-135,CLT-1012,822.266,-0.00356,-0.0064,0.0,Bloomberg Global Aggregate
2023-02-28,P-135,CLT-1012,797.786,-0.02977,-0.04345,0.0,Bloomberg Global Aggregate
2023-03-31,P-135,CLT-1012,814.961,0.02153,0.02043,0.0,Bloomberg Global Aggregate
2023-04-30,P-135,CLT-1012,806.995,-0.00977,0.00906,0.0,Bloomberg Global Aggregate
2023-05-31,P-135,CLT-1012,788.405,-0.02304,-0.02839,0.0,Bloomberg Global Aggregate
2023-06-30,P-135,CLT-1012,763.085,-0.03211,-0.02983,0.0,Bloomberg Global Aggregate
2023-07-31,P-135,CLT-1012,766.817,0.00489,-0.01321,0.0,Bloomberg Global Aggregate
2023-08-31,P-135,CLT-1012,795.109,0.0369,0.01806,0.0,Bloomberg Global Aggregate
2023-09-30,P-135,CLT-1012,808.472,0.01681,-0.00247,0.0,Bloomberg Global Aggregate
2023-10-31,P-135,CLT-1012,793.881,-0.01805,-0.01193,0.0,Bloomberg Global Aggregate
2023-11-30,P-135,CLT-1012,801.937,0.01015,-0.01571,0.0,Bloomberg Global Aggregate
2023-12-31,P-135,CLT-1012,792.931,-0.01123,-0.01655,0.0,Bloomberg Global Aggregate
2024-01-31,P-135,CLT-1012,783.565,-0.01181,-0.03312,-54.93,Bloomberg Global Aggregate
2024-02-29,P-135,CLT-1012,764.083,-0.02486,-0.01949,0.0,Bloomberg Global Aggregate
2024-03-31,P-135,CLT-1012,749.0,-0.01974,-0.01692,0.0,Bloomberg Global Aggregate
2024-04-30,P-135,CLT-1012,764.23,0.02033,0.01598,0.0,Bloomberg Global Aggregate
2024-05-31,P-135,CLT-1012,766.434,0.00288,6e-05,0.0,Bloomberg Global Aggregate
2024-06-30,P-135,CLT-1012,769.748,0.00432,-0.01232,0.0,Bloomberg Global Aggregate
2024-07-31,P-135,CLT-1012,804.018,0.04452,0.04651,0.0,Bloomberg Global Aggregate
2024-08-31,P-135,CLT-1012,809.025,0.00623,-0.00929,0.0,Bloomberg Global Aggregate
2024-09-30,P-135,CLT-1012,837.475,0.03517,0.02507,0.0,Bloomberg Global Aggregate
2024-10-31,P-135,CLT-1012,864.136,0.03183,0.03358,0.0,Bloomberg Global Aggregate
2024-11-30,P-135,CLT-1012,849.304,-0.01716,-0.02629,0.0,Bloomberg Global Aggregate
2024-12-31,P-135,CLT-1012,848.92,-0.00045,0.00455,0.0,Bloomberg Global Aggregate
2025-01-31,P-135,CLT-1012,869.151,0.02383,-0.00654,0.0,Bloomberg Global Aggregate
2025-02-28,P-135,CLT-1012,833.919,-0.04054,-0.00807,0.0,Bloomberg Global Aggregate
2025-03-31,P-135,CLT-1012,853.053,0.02294,0.01359,0.0,Bloomberg Global Aggregate
2025-04-30,P-135,CLT-1012,827.708,-0.02971,-0.00852,0.0,Bloomberg Global Aggregate
2025-05-31,P-135,CLT-1012,821.05,-0.00804,-0.00614,0.0,Bloomberg Global Aggregate
2025-06-30,P-135,CLT-1012,820.938,-0.00014,1e-05,0.0,Bloomberg Global Aggregate
2025-07-31,P-135,CLT-1012,834.054,0.01598,-0.00384,0.0,Bloomberg Global Aggregate
2025-08-31,P-135,CLT-1012,811.865,-0.0266,-0.01885,0.0,Bloomberg Global Aggregate
2025-09-30,P-135,CLT-1012,840.618,0.03542,0.0181,0.0,Bloomberg Global Aggregate
2025-10-31,P-135,CLT-1012,848.177,0.00899,0.02284,0.0,Bloomberg Global Aggregate
2025-11-30,P-135,CLT-1012,871.429,0.02741,0.00961,0.0,Bloomberg Global Aggregate
2025-12-31,P-135,CLT-1012,863.657,-0.00892,-0.0039,0.0,Bloomberg Global Aggregate
2026-01-31,P-135,CLT-1012,856.556,-0.00822,-0.01007,0.0,Bloomberg Global Aggregate
2026-02-28,P-135,CLT-1012,845.14,-0.01333,-0.01004,0.0,Bloomberg Global Aggregate
2021-01-31,P-136,CLT-1013,2116.281,0.02664,0.01155,0.0,Bloomberg Global Aggregate
2021-02-28,P-136,CLT-1013,2141.488,0.01191,-0.00084,0.0,Bloomberg Global Aggregate
2021-03-31,P-136,CLT-1013,2204.267,0.02932,0.02435,0.0,Bloomberg Global Aggregate
2021-04-30,P-136,CLT-1013,2176.376,-0.01265,0.00166,118.55,Bloomberg Global Aggregate
2021-05-31,P-136,CLT-1013,2144.601,-0.0146,-0.00557,0.0,Bloomberg Global Aggregate
2021-06-30,P-136,CLT-1013,2159.57,0.00698,0.0198,0.0,Bloomberg Global Aggregate
2021-07-31,P-136,CLT-1013,2049.962,-0.05075,-0.0232,0.0,Bloomberg Global Aggregate
2021-08-31,P-136,CLT-1013,2106.154,0.02741,0.01257,0.0,Bloomberg Global Aggregate
2021-09-30,P-136,CLT-1013,2062.452,-0.02075,-0.01639,0.0,Bloomberg Global Aggregate
2021-10-31,P-136,CLT-1013,2109.189,0.02266,0.02715,0.0,Bloomberg Global Aggregate
2021-11-30,P-136,CLT-1013,2142.828,0.01595,-0.00173,0.0,Bloomberg Global Aggregate
2021-12-31,P-136,CLT-1013,2141.872,-0.00045,0.0057,0.0,Bloomberg Global Aggregate
2022-01-31,P-136,CLT-1013,2110.514,-0.01464,-0.00409,0.0,Bloomberg Global Aggregate
2022-02-28,P-136,CLT-1013,2002.557,-0.05115,-0.04804,0.0,Bloomberg Global Aggregate
2022-03-31,P-136,CLT-1013,1926.22,-0.03812,-0.02404,0.0,Bloomberg Global Aggregate
2022-04-30,P-136,CLT-1013,1948.397,0.01151,0.00775,128.81,Bloomberg Global Aggregate
2022-05-31,P-136,CLT-1013,1947.501,-0.00046,0.00445,0.0,Bloomberg Global Aggregate
2022-06-30,P-136,CLT-1013,1922.094,-0.01305,-0.00652,0.0,Bloomberg Global Aggregate
2022-07-31,P-136,CLT-1013,1836.129,-0.04472,-0.03715,0.0,Bloomberg Global Aggregate
2022-08-31,P-136,CLT-1013,1831.492,-0.00253,-0.00085,0.0,Bloomberg Global Aggregate
2022-09-30,P-136,CLT-1013,1835.46,0.00217,0.00155,0.0,Bloomberg Global Aggregate
2022-10-31,P-136,CLT-1013,1803.105,-0.01763,-0.01095,0.0,Bloomberg Global Aggregate
2022-11-30,P-136,CLT-1013,1814.625,0.00639,0.01112,0.0,Bloomberg Global Aggregate
2022-12-31,P-136,CLT-1013,1767.377,-0.02604,-0.02466,0.0,Bloomberg Global Aggregate
2023-01-31,P-136,CLT-1013,1751.473,-0.009,-0.0064,0.0,Bloomberg Global Aggregate
2023-02-28,P-136,CLT-1013,1675.33,-0.04347,-0.04345,0.0,Bloomberg Global Aggregate
2023-03-31,P-136,CLT-1013,1695.193,0.01186,0.02043,0.0,Bloomberg Global Aggregate
2023-04-30,P-136,CLT-1013,1730.449,0.0208,0.00906,0.0,Bloomberg Global Aggregate
2023-05-31,P-136,CLT-1013,1682.661,-0.02762,-0.02839,0.0,Bloomberg Global Aggregate
2023-06-30,P-136,CLT-1013,1621.558,-0.03631,-0.02983,0.0,Bloomberg Global Aggregate
2023-07-31,P-136,CLT-1013,1606.247,-0.00944,-0.01321,0.0,Bloomberg Global Aggregate
2023-08-31,P-136,CLT-1013,1633.177,0.01677,0.01806,0.0,Bloomberg Global Aggregate
2023-09-30,P-136,CLT-1013,1594.29,-0.02381,-0.00247,0.0,Bloomberg Global Aggregate
2023-10-31,P-136,CLT-1013,1581.2,-0.00821,-0.01193,117.03,Bloomberg Global Aggregate
2023-11-30,P-136,CLT-1013,1536.257,-0.02842,-0.01571,0.0,Bloomberg Global Aggregate
2023-12-31,P-136,CLT-1013,1527.564,-0.00566,-0.01655,0.0,Bloomberg Global Aggregate
2024-01-31,P-136,CLT-1013,1471.911,-0.03643,-0.03312,0.0,Bloomberg Global Aggregate
2024-02-29,P-136,CLT-1013,1456.516,-0.01046,-0.01949,0.0,Bloomberg Global Aggregate
2024-03-31,P-136,CLT-1013,1420.204,-0.02493,-0.01692,0.0,Bloomberg Global Aggregate
2024-04-30,P-136,CLT-1013,1443.532,0.01643,0.01598,0.0,Bloomberg Global Aggregate
2024-05-31,P-136,CLT-1013,1464.15,0.01428,6e-05,-82.71,Bloomberg Global Aggregate
2024-06-30,P-136,CLT-1013,1440.768,-0.01597,-0.01232,0.0,Bloomberg Global Aggregate
2024-07-31,P-136,CLT-1013,1496.92,0.03897,0.04651,0.0,Bloomberg Global Aggregate
2024-08-31,P-136,CLT-1013,1494.267,-0.00177,-0.00929,0.0,Bloomberg Global Aggregate
2024-09-30,P-136,CLT-1013,1542.608,0.03235,0.02507,0.0,Bloomberg Global Aggregate
2024-10-31,P-136,CLT-1013,1583.58,0.02656,0.03358,0.0,Bloomberg Global Aggregate
2024-11-30,P-136,CLT-1013,1503.335,-0.05067,-0.02629,91.14,Bloomberg Global Aggregate
2024-12-31,P-136,CLT-1013,1498.509,-0.00321,0.00455,0.0,Bloomberg Global Aggregate
2025-01-31,P-136,CLT-1013,1500.373,0.00124,-0.00654,0.0,Bloomberg Global Aggregate
2025-02-28,P-136,CLT-1013,1473.622,-0.01783,-0.00807,0.0,Bloomberg Global Aggregate
2025-03-31,P-136,CLT-1013,1492.868,0.01306,0.01359,0.0,Bloomberg Global Aggregate
2025-04-30,P-136,CLT-1013,1467.7,-0.01686,-0.00852,0.0,Bloomberg Global Aggregate
2025-05-31,P-136,CLT-1013,1423.849,-0.02988,-0.00614,0.0,Bloomberg Global Aggregate
2025-06-30,P-136,CLT-1013,1411.685,-0.00854,1e-05,61.91,Bloomberg Global Aggregate
2025-07-31,P-136,CLT-1013,1417.187,0.0039,-0.00384,0.0,Bloomberg Global Aggregate
2025-08-31,P-136,CLT-1013,1349.326,-0.04788,-0.01885,0.0,Bloomberg Global Aggregate
2025-09-30,P-136,CLT-1013,1377.328,0.02075,0.0181,0.0,Bloomberg Global Aggregate
2025-10-31,P-136,CLT-1013,1388.508,0.00812,0.02284,57.04,Bloomberg Global Aggregate
2025-11-30,P-136,CLT-1013,1411.515,0.01657,0.00961,0.0,Bloomberg Global Aggregate
2025-12-31,P-136,CLT-1013,1417.636,0.00434,-0.0039,0.0,Bloomberg Global Aggregate
2026-01-31,P-136,CLT-1013,1399.861,-0.01254,-0.01007,90.28,Bloomberg Global Aggregate
2026-02-28,P-136,CLT-1013,1382.39,-0.01248,-0.01004,0.0,Bloomberg Global Aggregate
2021-01-31,P-137,CLT-1013,927.503,0.00647,0.01155,0.0,Bloomberg Global Aggregate
2021-02-28,P-137,CLT-1013,918.697,-0.00949,-0.00084,0.0,Bloomberg Global Aggregate
2021-03-31,P-137,CLT-1013,951.676,0.0359,0.02435,0.0,Bloomberg Global Aggregate
2021-04-30,P-137,CLT-1013,948.048,-0.00381,0.00166,0.0,Bloomberg Global Aggregate
2021-05-31,P-137,CLT-1013,952.895,0.00511,-0.00557,0.0,Bloomberg Global Aggregate
2021-06-30,P-137,CLT-1013,966.587,0.01437,0.0198,0.0,Bloomberg Global Aggregate
2021-07-31,P-137,CLT-1013,947.797,-0.01944,-0.0232,0.0,Bloomberg Global Aggregate
2021-08-31,P-137,CLT-1013,952.809,0.00529,0.01257,0.0,Bloomberg Global Aggregate
2021-09-30,P-137,CLT-1013,940.758,-0.01265,-0.01639,0.0,Bloomberg Global Aggregate
2021-10-31,P-137,CLT-1013,964.519,0.02526,0.02715,0.0,Bloomberg Global Aggregate
2021-11-30,P-137,CLT-1013,961.112,-0.00353,-0.00173,0.0,Bloomberg Global Aggregate
2021-12-31,P-137,CLT-1013,970.744,0.01002,0.0057,0.0,Bloomberg Global Aggregate
2022-01-31,P-137,CLT-1013,964.014,-0.00693,-0.00409,0.0,Bloomberg Global Aggregate
2022-02-28,P-137,CLT-1013,908.825,-0.05725,-0.04804,0.0,Bloomberg Global Aggregate
2022-03-31,P-137,CLT-1013,891.817,-0.01871,-0.02404,40.02,Bloomberg Global Aggregate
2022-04-30,P-137,CLT-1013,892.186,0.00041,0.00775,0.0,Bloomberg Global Aggregate
2022-05-31,P-137,CLT-1013,899.458,0.00815,0.00445,0.0,Bloomberg Global Aggregate
2022-06-30,P-137,CLT-1013,899.646,0.00021,-0.00652,0.0,Bloomberg Global Aggregate
2022-07-31,P-137,CLT-1013,864.224,-0.03937,-0.03715,0.0,Bloomberg Global Aggregate
2022-08-31,P-137,CLT-1013,870.51,0.00727,-0.00085,0.0,Bloomberg Global Aggregate
2022-09-30,P-137,CLT-1013,874.884,0.00502,0.00155,0.0,Bloomberg Global Aggregate
2022-10-31,P-137,CLT-1013,861.5,-0.0153,-0.01095,0.0,Bloomberg Global Aggregate
2022-11-30,P-137,CLT-1013,879.328,0.02069,0.01112,61.62,Bloomberg Global Aggregate
2022-12-31,P-137,CLT-1013,851.222,-0.03196,-0.02466,0.0,Bloomberg Global Aggregate
2023-01-31,P-137,CLT-1013,843.878,-0.00863,-0.0064,0.0,Bloomberg Global Aggregate
2023-02-28,P-137,CLT-1013,806.283,-0.04455,-0.04345,0.0,Bloomberg Global Aggregate
2023-03-31,P-137,CLT-1013,826.211,0.02472,0.02043,-24.16,Bloomberg Global Aggregate
2023-04-30,P-137,CLT-1013,840.036,0.01673,0.00906,0.0,Bloomberg Global Aggregate
2023-05-31,P-137,CLT-1013,822.286,-0.02113,-0.02839,0.0,Bloomberg Global Aggregate
2023-06-30,P-137,CLT-1013,799.202,-0.02807,-0.02983,0.0,Bloomberg Global Aggregate
2023-07-31,P-137,CLT-1013,787.378,-0.01479,-0.01321,0.0,Bloomberg Global Aggregate
2023-08-31,P-137,CLT-1013,792.269,0.00621,0.01806,0.0,Bloomberg Global Aggregate
2023-09-30,P-137,CLT-1013,783.617,-0.01092,-0.00247,0.0,Bloomberg Global Aggregate
2023-10-31,P-137,CLT-1013,783.669,7e-05,-0.01193,0.0,Bloomberg Global Aggregate
2023-11-30,P-137,CLT-1013,762.019,-0.02763,-0.01571,0.0,Bloomberg Global Aggregate
2023-12-31,P-137,CLT-1013,745.645,-0.02149,-0.01655,0.0,Bloomberg Global Aggregate
2024-01-31,P-137,CLT-1013,726.821,-0.02525,-0.03312,36.04,Bloomberg Global Aggregate
2024-02-29,P-137,CLT-1013,713.866,-0.01782,-0.01949,0.0,Bloomberg Global Aggregate
2024-03-31,P-137,CLT-1013,706.379,-0.01049,-0.01692,0.0,Bloomberg Global Aggregate
2024-04-30,P-137,CLT-1013,720.401,0.01985,0.01598,0.0,Bloomberg Global Aggregate
2024-05-31,P-137,CLT-1013,727.666,0.01008,6e-05,0.0,Bloomberg Global Aggregate
2024-06-30,P-137,CLT-1013,720.324,-0.01009,-0.01232,0.0,Bloomberg Global Aggregate
2024-07-31,P-137,CLT-1013,757.192,0.05118,0.04651,0.0,Bloomberg Global Aggregate
2024-08-31,P-137,CLT-1013,746.724,-0.01383,-0.00929,0.0,Bloomberg Global Aggregate
2024-09-30,P-137,CLT-1013,768.551,0.02923,0.02507,0.0,Bloomberg Global Aggregate
2024-10-31,P-137,CLT-1013,792.552,0.03123,0.03358,0.0,Bloomberg Global Aggregate
2024-11-30,P-137,CLT-1013,769.547,-0.02903,-0.02629,0.0,Bloomberg Global Aggregate
2024-12-31,P-137,CLT-1013,777.832,0.01077,0.00455,0.0,Bloomberg Global Aggregate
2025-01-31,P-137,CLT-1013,777.609,-0.00029,-0.00654,23.15,Bloomberg Global Aggregate
2025-02-28,P-137,CLT-1013,780.26,0.00341,-0.00807,37.19,Bloomberg Global Aggregate
2025-03-31,P-137,CLT-1013,799.483,0.02464,0.01359,0.0,Bloomberg Global Aggregate
2025-04-30,P-137,CLT-1013,797.757,-0.00216,-0.00852,0.0,Bloomberg Global Aggregate
2025-05-31,P-137,CLT-1013,783.966,-0.01729,-0.00614,35.41,Bloomberg Global Aggregate
2025-06-30,P-137,CLT-1013,793.701,0.01242,1e-05,0.0,Bloomberg Global Aggregate
2025-07-31,P-137,CLT-1013,795.706,0.00253,-0.00384,0.0,Bloomberg Global Aggregate
2025-08-31,P-137,CLT-1013,776.876,-0.02366,-0.01885,0.0,Bloomberg Global Aggregate
2025-09-30,P-137,CLT-1013,794.909,0.02321,0.0181,0.0,Bloomberg Global Aggregate
2025-10-31,P-137,CLT-1013,807.809,0.01623,0.02284,0.0,Bloomberg Global Aggregate
2025-11-30,P-137,CLT-1013,819.113,0.01399,0.00961,0.0,Bloomberg Global Aggregate
2025-12-31,P-137,CLT-1013,808.986,-0.01236,-0.0039,0.0,Bloomberg Global Aggregate
2026-01-31,P-137,CLT-1013,796.724,-0.01516,-0.01007,0.0,Bloomberg Global Aggregate
2026-02-28,P-137,CLT-1013,792.7,-0.00505,-0.01004,-41.71,Bloomberg Global Aggregate
2021-01-31,P-138,CLT-1013,998.126,-0.04446,-0.06004,0.0,MSCI World
2021-02-28,P-138,CLT-1013,1034.989,0.03693,0.03127,0.0,MSCI World
2021-03-31,P-138,CLT-1013,1127.793,0.08967,0.09212,0.0,MSCI World
2021-04-30,P-138,CLT-1013,1140.752,0.01149,0.0382,0.0,MSCI World
2021-05-31,P-138,CLT-1013,1126.041,-0.0129,-0.01147,78.15,MSCI World
2021-06-30,P-138,CLT-1013,1169.562,0.03865,0.03022,49.57,MSCI World
2021-07-31,P-138,CLT-1013,1255.108,0.07314,0.076,0.0,MSCI World
2021-08-31,P-138,CLT-1013,1349.181,0.07495,0.0739,0.0,MSCI World
2021-09-30,P-138,CLT-1013,1302.009,-0.03496,-0.03385,0.0,MSCI World
2021-10-31,P-138,CLT-1013,1336.65,0.02661,0.02953,-67.1,MSCI World
2021-11-30,P-138,CLT-1013,1341.867,0.0039,0.00155,0.0,MSCI World
2021-12-31,P-138,CLT-1013,1395.084,0.03966,0.04193,0.0,MSCI World
2022-01-31,P-138,CLT-1013,1436.548,0.02972,0.00922,0.0,MSCI World
2022-02-28,P-138,CLT-1013,1244.119,-0.13395,-0.10602,0.0,MSCI World
2022-03-31,P-138,CLT-1013,1210.161,-0.0273,-0.0214,0.0,MSCI World
2022-04-30,P-138,CLT-1013,1199.607,-0.00872,0.00148,0.0,MSCI World
2022-05-31,P-138,CLT-1013,1124.49,-0.06262,-0.06687,0.0,MSCI World
2022-06-30,P-138,CLT-1013,1146.821,0.01986,0.01749,0.0,MSCI World
2022-07-31,P-138,CLT-1013,1092.055,-0.04775,-0.07063,0.0,MSCI World
2022-08-31,P-138,CLT-1013,1077.839,-0.01302,-0.04025,0.0,MSCI World
2022-09-30,P-138,CLT-1013,1121.385,0.0404,0.04931,0.0,MSCI World
2022-10-31,P-138,CLT-1013,1073.757,-0.04247,-0.04383,-80.97,MSCI World
2022-11-30,P-138,CLT-1013,1096.461,0.02114,0.01719,0.0,MSCI World
2022-12-31,P-138,CLT-1013,998.358,-0.08947,-0.08023,0.0,MSCI World
2023-01-31,P-138,CLT-1013,1103.158,0.10497,0.09529,0.0,MSCI World
2023-02-28,P-138,CLT-1013,1096.085,-0.00641,-0.00458,0.0,MSCI World
2023-03-31,P-138,CLT-1013,1095.36,-0.00066,0.01216,0.0,MSCI World
2023-04-30,P-138,CLT-1013,1109.927,0.0133,0.01566,0.0,MSCI World
2023-05-31,P-138,CLT-1013,1134.022,0.02171,0.0336,0.0,MSCI World
2023-06-30,P-138,CLT-1013,1088.298,-0.04032,-0.05542,0.0,MSCI World
2023-07-31,P-138,CLT-1013,1125.867,0.03452,0.00794,0.0,MSCI World
2023-08-31,P-138,CLT-1013,1109.191,-0.01481,-0.01941,-36.98,MSCI World
2023-09-30,P-138,CLT-1013,1042.938,-0.05973,-0.06255,0.0,MSCI World
2023-10-31,P-138,CLT-1013,1098.064,0.05286,0.04949,0.0,MSCI World
2023-11-30,P-138,CLT-1013,1109.549,0.01046,-0.00657,0.0,MSCI World
2023-12-31,P-138,CLT-1013,1148.457,0.03507,0.01832,0.0,MSCI World
2024-01-31,P-138,CLT-1013,1166.267,0.01551,0.01569,0.0,MSCI World
2024-02-29,P-138,CLT-1013,1164.925,-0.00115,-0.00585,-28.73,MSCI World
2024-03-31,P-138,CLT-1013,1282.401,0.10084,0.09084,0.0,MSCI World
2024-04-30,P-138,CLT-1013,1272.708,-0.00756,0.00619,0.0,MSCI World
2024-05-31,P-138,CLT-1013,1222.297,-0.03961,-0.05705,-26.85,MSCI World
2024-06-30,P-138,CLT-1013,1241.577,0.01577,-0.00859,0.0,MSCI World
2024-07-31,P-138,CLT-1013,1298.553,0.04589,0.02908,0.0,MSCI World
2024-08-31,P-138,CLT-1013,1318.396,0.01528,0.03046,0.0,MSCI World
2024-09-30,P-138,CLT-1013,1236.45,-0.06216,-0.03737,0.0,MSCI World
2024-10-31,P-138,CLT-1013,1307.946,0.05782,0.04707,78.55,MSCI World
2024-11-30,P-138,CLT-1013,1210.685,-0.07436,-0.06562,0.0,MSCI World
2024-12-31,P-138,CLT-1013,1284.797,0.06122,0.05606,0.0,MSCI World
2025-01-31,P-138,CLT-1013,1252.238,-0.02534,-0.04706,0.0,MSCI World
2025-02-28,P-138,CLT-1013,1241.378,-0.00867,-0.0013,0.0,MSCI World
2025-03-31,P-138,CLT-1013,1302.287,0.04907,0.05273,0.0,MSCI World
2025-04-30,P-138,CLT-1013,1325.979,0.01819,0.01317,0.0,MSCI World
2025-05-31,P-138,CLT-1013,1361.096,0.02648,0.04235,0.0,MSCI World
2025-06-30,P-138,CLT-1013,1395.607,0.02535,0.03406,107.36,MSCI World
2025-07-31,P-138,CLT-1013,1484.486,0.06368,0.06201,0.0,MSCI World
2025-08-31,P-138,CLT-1013,1558.695,0.04999,0.05263,0.0,MSCI World
2025-09-30,P-138,CLT-1013,1556.504,-0.00141,-0.01083,0.0,MSCI World
2025-10-31,P-138,CLT-1013,1669.673,0.07271,0.03466,0.0,MSCI World
2025-11-30,P-138,CLT-1013,1581.066,-0.05307,-0.05573,0.0,MSCI World
2025-12-31,P-138,CLT-1013,1574.62,-0.00408,0.00574,0.0,MSCI World
2026-01-31,P-138,CLT-1013,1673.178,0.06259,0.04243,-86.55,MSCI World
2026-02-28,P-138,CLT-1013,1663.2,-0.00596,0.01377,0.0,MSCI World
2021-01-31,P-139,CLT-1013,1024.437,0.00379,0.01155,0.0,Bloomberg Global Aggregate
2021-02-28,P-139,CLT-1013,1021.102,-0.00326,-0.00084,-77.05,Bloomberg Global Aggregate
2021-03-31,P-139,CLT-1013,1045.638,0.02403,0.02435,0.0,Bloomberg Global Aggregate
2021-04-30,P-139,CLT-1013,1044.672,-0.00092,0.00166,0.0,Bloomberg Global Aggregate
2021-05-31,P-139,CLT-1013,1040.283,-0.0042,-0.00557,0.0,Bloomberg Global Aggregate
2021-06-30,P-139,CLT-1013,1064.443,0.02322,0.0198,0.0,Bloomberg Global Aggregate
2021-07-31,P-139,CLT-1013,1049.071,-0.01444,-0.0232,0.0,Bloomberg Global Aggregate
2021-08-31,P-139,CLT-1013,1064.553,0.01476,0.01257,0.0,Bloomberg Global Aggregate
2021-09-30,P-139,CLT-1013,1044.761,-0.01859,-0.01639,82.41,Bloomberg Global Aggregate
2021-10-31,P-139,CLT-1013,1081.891,0.03554,0.02715,0.0,Bloomberg Global Aggregate
2021-11-30,P-139,CLT-1013,1075.781,-0.00565,-0.00173,0.0,Bloomberg Global Aggregate
2021-12-31,P-139,CLT-1013,1071.811,-0.00369,0.0057,0.0,Bloomberg Global Aggregate
2022-01-31,P-139,CLT-1013,1077.799,0.00559,-0.00409,0.0,Bloomberg Global Aggregate
2022-02-28,P-139,CLT-1013,1035.987,-0.03879,-0.04804,0.0,Bloomberg Global Aggregate
2022-03-31,P-139,CLT-1013,1007.201,-0.02779,-0.02404,0.0,Bloomberg Global Aggregate
2022-04-30,P-139,CLT-1013,1013.893,0.00664,0.00775,0.0,Bloomberg Global Aggregate
2022-05-31,P-139,CLT-1013,1013.758,-0.00013,0.00445,0.0,Bloomberg Global Aggregate
2022-06-30,P-139,CLT-1013,1010.969,-0.00275,-0.00652,0.0,Bloomberg Global Aggregate
2022-07-31,P-139,CLT-1013,986.765,-0.02394,-0.03715,0.0,Bloomberg Global Aggregate
2022-08-31,P-139,CLT-1013,992.145,0.00545,-0.00085,0.0,Bloomberg Global Aggregate
2022-09-30,P-139,CLT-1013,1002.153,0.01009,0.00155,27.0,Bloomberg Global Aggregate
2022-10-31,P-139,CLT-1013,998.278,-0.00387,-0.01095,0.0,Bloomberg Global Aggregate
2022-11-30,P-139,CLT-1013,1010.951,0.01269,0.01112,0.0,Bloomberg Global Aggregate
2022-12-31,P-139,CLT-1013,994.975,-0.0158,-0.02466,0.0,Bloomberg Global Aggregate
2023-01-31,P-139,CLT-1013,995.156,0.00018,-0.0064,0.0,Bloomberg Global Aggregate
2023-02-28,P-139,CLT-1013,963.105,-0.03221,-0.04345,0.0,Bloomberg Global Aggregate
2023-03-31,P-139,CLT-1013,981.324,0.01892,0.02043,0.0,Bloomberg Global Aggregate
2023-04-30,P-139,CLT-1013,980.3,-0.00104,0.00906,0.0,Bloomberg Global Aggregate
2023-05-31,P-139,CLT-1013,960.899,-0.01979,-0.02839,0.0,Bloomberg Global Aggregate
2023-06-30,P-139,CLT-1013,936.007,-0.0259,-0.02983,0.0,Bloomberg Global Aggregate
2023-07-31,P-139,CLT-1013,923.26,-0.01362,-0.01321,70.49,Bloomberg Global Aggregate
2023-08-31,P-139,CLT-1013,939.899,0.01802,0.01806,0.0,Bloomberg Global Aggregate
2023-09-30,P-139,CLT-1013,955.191,0.01627,-0.00247,57.62,Bloomberg Global Aggregate
2023-10-31,P-139,CLT-1013,941.178,-0.01467,-0.01193,0.0,Bloomberg Global Aggregate
2023-11-30,P-139,CLT-1013,922.479,-0.01987,-0.01571,0.0,Bloomberg Global Aggregate
2023-12-31,P-139,CLT-1013,909.194,-0.0144,-0.01655,0.0,Bloomberg Global Aggregate
2024-01-31,P-139,CLT-1013,887.728,-0.02361,-0.03312,39.09,Bloomberg Global Aggregate
2024-02-29,P-139,CLT-1013,885.415,-0.00261,-0.01949,0.0,Bloomberg Global Aggregate
2024-03-31,P-139,CLT-1013,875.739,-0.01093,-0.01692,-20.91,Bloomberg Global Aggregate
2024-04-30,P-139,CLT-1013,883.637,0.00902,0.01598,0.0,Bloomberg Global Aggregate
2024-05-31,P-139,CLT-1013,896.78,0.01487,6e-05,0.0,Bloomberg Global Aggregate
2024-06-30,P-139,CLT-1013,887.025,-0.01088,-0.01232,0.0,Bloomberg Global Aggregate
2024-07-31,P-139,CLT-1013,924.685,0.04246,0.04651,0.0,Bloomberg Global Aggregate
2024-08-31,P-139,CLT-1013,910.847,-0.01496,-0.00929,0.0,Bloomberg Global Aggregate
2024-09-30,P-139,CLT-1013,940.233,0.03226,0.02507,0.0,Bloomberg Global Aggregate
2024-10-31,P-139,CLT-1013,974.802,0.03677,0.03358,0.0,Bloomberg Global Aggregate
2024-11-30,P-139,CLT-1013,952.97,-0.0224,-0.02629,0.0,Bloomberg Global Aggregate
2024-12-31,P-139,CLT-1013,967.049,0.01477,0.00455,0.0,Bloomberg Global Aggregate
2025-01-31,P-139,CLT-1013,957.035,-0.01036,-0.00654,0.0,Bloomberg Global Aggregate
2025-02-28,P-139,CLT-1013,959.603,0.00268,-0.00807,0.0,Bloomberg Global Aggregate
2025-03-31,P-139,CLT-1013,970.809,0.01168,0.01359,0.0,Bloomberg Global Aggregate
2025-04-30,P-139,CLT-1013,978.181,0.00759,-0.00852,0.0,Bloomberg Global Aggregate
2025-05-31,P-139,CLT-1013,977.652,-0.00054,-0.00614,0.0,Bloomberg Global Aggregate
2025-06-30,P-139,CLT-1013,973.162,-0.00459,1e-05,0.0,Bloomberg Global Aggregate
2025-07-31,P-139,CLT-1013,957.72,-0.01587,-0.00384,0.0,Bloomberg Global Aggregate
2025-08-31,P-139,CLT-1013,946.378,-0.01184,-0.01885,0.0,Bloomberg Global Aggregate
2025-09-30,P-139,CLT-1013,962.622,0.01716,0.0181,0.0,Bloomberg Global Aggregate
2025-10-31,P-139,CLT-1013,985.122,0.02337,0.02284,0.0,Bloomberg Global Aggregate
2025-11-30,P-139,CLT-1013,1001.217,0.01634,0.00961,0.0,Bloomberg Global Aggregate
2025-12-31,P-139,CLT-1013,1005.689,0.00447,-0.0039,49.64,Bloomberg Global Aggregate
2026-01-31,P-139,CLT-1013,1005.42,-0.00027,-0.01007,0.0,Bloomberg Global Aggregate
2026-02-28,P-139,CLT-1013,988.98,-0.01635,-0.01004,0.0,Bloomberg Global Aggregate
2021-01-31,P-140,CLT-1013,1321.532,0.02989,0.013,0.0,Crisil Liquid / MMF
2021-02-28,P-140,CLT-1013,1321.738,0.00016,0.00808,0.0,Crisil Liquid / MMF
2021-03-31,P-140,CLT-1013,1286.363,-0.02676,0.00192,-55.26,Crisil Liquid / MMF
2021-04-30,P-140,CLT-1013,1273.574,-0.00994,0.0054,0.0,Crisil Liquid / MMF
2021-05-31,P-140,CLT-1013,1280.601,0.00552,0.00358,0.0,Crisil Liquid / MMF
2021-06-30,P-140,CLT-1013,1272.893,-0.00602,0.00686,0.0,Crisil Liquid / MMF
2021-07-31,P-140,CLT-1013,1279.088,0.00487,0.00672,-76.32,Crisil Liquid / MMF
2021-08-31,P-140,CLT-1013,1294.456,0.01201,0.00859,0.0,Crisil Liquid / MMF
2021-09-30,P-140,CLT-1013,1293.01,-0.00112,0.00189,0.0,Crisil Liquid / MMF
2021-10-31,P-140,CLT-1013,1290.835,-0.00168,0.0052,0.0,Crisil Liquid / MMF
2021-11-30,P-140,CLT-1013,1268.292,-0.01746,-0.00122,0.0,Crisil Liquid / MMF
2021-12-31,P-140,CLT-1013,1268.28,-1e-05,0.00048,0.0,Crisil Liquid / MMF
2022-01-31,P-140,CLT-1013,1225.89,-0.03342,-0.0071,0.0,Crisil Liquid / MMF
2022-02-28,P-140,CLT-1013,1198.05,-0.02271,-0.01346,0.0,Crisil Liquid / MMF
2022-03-31,P-140,CLT-1013,1167.712,-0.02532,-0.01308,0.0,Crisil Liquid / MMF
2022-04-30,P-140,CLT-1013,1151.461,-0.01392,-0.0102,0.0,Crisil Liquid / MMF
2022-05-31,P-140,CLT-1013,1138.611,-0.01116,-0.00776,-90.45,Crisil Liquid / MMF
2022-06-30,P-140,CLT-1013,1135.516,-0.00272,-0.01384,0.0,Crisil Liquid / MMF
2022-07-31,P-140,CLT-1013,1131.674,-0.00338,-0.02222,43.99,Crisil Liquid / MMF
2022-08-31,P-140,CLT-1013,1100.241,-0.02778,-0.01318,0.0,Crisil Liquid / MMF
2022-09-30,P-140,CLT-1013,1119.955,0.01792,-0.00599,0.0,Crisil Liquid / MMF
2022-10-31,P-140,CLT-1013,1098.246,-0.01938,-0.00898,80.26,Crisil Liquid / MMF
2022-11-30,P-140,CLT-1013,1093.629,-0.0042,-0.00558,0.0,Crisil Liquid / MMF
2022-12-31,P-140,CLT-1013,1084.308,-0.00852,-0.01409,0.0,Crisil Liquid / MMF
2023-01-31,P-140,CLT-1013,1115.378,0.02865,-0.00085,0.0,Crisil Liquid / MMF
2023-02-28,P-140,CLT-1013,1114.223,-0.00104,0.00644,0.0,Crisil Liquid / MMF
2023-03-31,P-140,CLT-1013,1094.909,-0.01733,0.00566,0.0,Crisil Liquid / MMF
2023-04-30,P-140,CLT-1013,1120.728,0.02358,0.00589,0.0,Crisil Liquid / MMF
2023-05-31,P-140,CLT-1013,1117.355,-0.00301,0.00807,0.0,Crisil Liquid / MMF
2023-06-30,P-140,CLT-1013,1118.539,0.00106,0.00629,0.0,Crisil Liquid / MMF
2023-07-31,P-140,CLT-1013,1109.192,-0.00836,0.00624,0.0,Crisil Liquid / MMF
2023-08-31,P-140,CLT-1013,1111.534,0.00211,0.00731,0.0,Crisil Liquid / MMF
2023-09-30,P-140,CLT-1013,1106.435,-0.00459,0.00657,0.0,Crisil Liquid / MMF
2023-10-31,P-140,CLT-1013,1123.493,0.01542,0.0078,0.0,Crisil Liquid / MMF
2023-11-30,P-140,CLT-1013,1133.119,0.00857,0.00833,56.3,Crisil Liquid / MMF
2023-12-31,P-140,CLT-1013,1134.196,0.00095,0.01014,0.0,Crisil Liquid / MMF
2024-01-31,P-140,CLT-1013,1150.247,0.01415,0.00258,0.0,Crisil Liquid / MMF
2024-02-29,P-140,CLT-1013,1160.479,0.0089,0.0065,0.0,Crisil Liquid / MMF
2024-03-31,P-140,CLT-1013,1137.201,-0.02006,0.00355,0.0,Crisil Liquid / MMF
2024-04-30,P-140,CLT-1013,1151.497,0.01257,0.00195,0.0,Crisil Liquid / MMF
2024-05-31,P-140,CLT-1013,1156.073,0.00397,0.00244,-32.01,Crisil Liquid / MMF
2024-06-30,P-140,CLT-1013,1182.666,0.023,0.00655,0.0,Crisil Liquid / MMF
2024-07-31,P-140,CLT-1013,1191.012,0.00706,0.00628,0.0,Crisil Liquid / MMF
2024-08-31,P-140,CLT-1013,1185.845,-0.00434,0.00622,0.0,Crisil Liquid / MMF
2024-09-30,P-140,CLT-1013,1186.751,0.00076,0.00405,0.0,Crisil Liquid / MMF
2024-10-31,P-140,CLT-1013,1203.409,0.01404,0.00485,0.0,Crisil Liquid / MMF
2024-11-30,P-140,CLT-1013,1200.241,-0.00263,0.00767,0.0,Crisil Liquid / MMF
2024-12-31,P-140,CLT-1013,1192.397,-0.00654,-0.00033,0.0,Crisil Liquid / MMF
2025-01-31,P-140,CLT-1013,1194.085,0.00142,0.00492,0.0,Crisil Liquid / MMF
2025-02-28,P-140,CLT-1013,1182.334,-0.00984,0.00514,0.0,Crisil Liquid / MMF
2025-03-31,P-140,CLT-1013,1179.168,-0.00268,0.00744,-41.1,Crisil Liquid / MMF
2025-04-30,P-140,CLT-1013,1180.975,0.00153,0.00016,0.0,Crisil Liquid / MMF
2025-05-31,P-140,CLT-1013,1209.481,0.02414,0.01001,0.0,Crisil Liquid / MMF
2025-06-30,P-140,CLT-1013,1220.052,0.00874,0.00557,0.0,Crisil Liquid / MMF
2025-07-31,P-140,CLT-1013,1225.457,0.00443,0.00576,32.93,Crisil Liquid / MMF
2025-08-31,P-140,CLT-1013,1216.137,-0.00761,0.00344,0.0,Crisil Liquid / MMF
2025-09-30,P-140,CLT-1013,1239.844,0.01949,0.0067,0.0,Crisil Liquid / MMF
2025-10-31,P-140,CLT-1013,1251.755,0.00961,0.005,67.7,Crisil Liquid / MMF
2025-11-30,P-140,CLT-1013,1251.147,-0.00049,0.00902,0.0,Crisil Liquid / MMF
2025-12-31,P-140,CLT-1013,1263.914,0.0102,-0.00016,0.0,Crisil Liquid / MMF
2026-01-31,P-140,CLT-1013,1278.586,0.01161,0.00544,0.0,Crisil Liquid / MMF
2026-02-28,P-140,CLT-1013,1272.73,-0.00458,0.00625,0.0,Crisil Liquid / MMF
2021-01-31,P-141,CLT-1014,1585.246,0.01229,0.01155,0.0,Bloomberg Global Aggregate
2021-02-28,P-141,CLT-1014,1579.651,-0.00353,-0.00084,0.0,Bloomberg Global Aggregate
2021-03-31,P-141,CLT-1014,1657.21,0.0491,0.02435,0.0,Bloomberg Global Aggregate
2021-04-30,P-141,CLT-1014,1670.395,0.00796,0.00166,-67.08,Bloomberg Global Aggregate
2021-05-31,P-141,CLT-1014,1666.559,-0.0023,-0.00557,0.0,Bloomberg Global Aggregate
2021-06-30,P-141,CLT-1014,1709.191,0.02558,0.0198,0.0,Bloomberg Global Aggregate
2021-07-31,P-141,CLT-1014,1693.017,-0.00946,-0.0232,0.0,Bloomberg Global Aggregate
2021-08-31,P-141,CLT-1014,1715.817,0.01347,0.01257,0.0,Bloomberg Global Aggregate
2021-09-30,P-141,CLT-1014,1681.602,-0.01994,-0.01639,0.0,Bloomberg Global Aggregate
2021-10-31,P-141,CLT-1014,1742.454,0.03619,0.02715,0.0,Bloomberg Global Aggregate
2021-11-30,P-141,CLT-1014,1739.604,-0.00164,-0.00173,0.0,Bloomberg Global Aggregate
2021-12-31,P-141,CLT-1014,1736.02,-0.00206,0.0057,0.0,Bloomberg Global Aggregate
2022-01-31,P-141,CLT-1014,1712.477,-0.01356,-0.00409,0.0,Bloomberg Global Aggregate
2022-02-28,P-141,CLT-1014,1655.987,-0.03299,-0.04804,0.0,Bloomberg Global Aggregate
2022-03-31,P-141,CLT-1014,1620.79,-0.02125,-0.02404,0.0,Bloomberg Global Aggregate
2022-04-30,P-141,CLT-1014,1627.604,0.0042,0.00775,0.0,Bloomberg Global Aggregate
2022-05-31,P-141,CLT-1014,1634.152,0.00402,0.00445,111.57,Bloomberg Global Aggregate
2022-06-30,P-141,CLT-1014,1637.74,0.0022,-0.00652,0.0,Bloomberg Global Aggregate
2022-07-31,P-141,CLT-1014,1575.345,-0.0381,-0.03715,0.0,Bloomberg Global Aggregate
2022-08-31,P-141,CLT-1014,1556.538,-0.01194,-0.00085,0.0,Bloomberg Global Aggregate
2022-09-30,P-141,CLT-1014,1565.946,0.00604,0.00155,0.0,Bloomberg Global Aggregate
2022-10-31,P-141,CLT-1014,1567.96,0.00129,-0.01095,0.0,Bloomberg Global Aggregate
2022-11-30,P-141,CLT-1014,1603.659,0.02277,0.01112,0.0,Bloomberg Global Aggregate
2022-12-31,P-141,CLT-1014,1558.86,-0.02794,-0.02466,0.0,Bloomberg Global Aggregate
2023-01-31,P-141,CLT-1014,1568.791,0.00637,-0.0064,0.0,Bloomberg Global Aggregate
2023-02-28,P-141,CLT-1014,1506.112,-0.03995,-0.04345,0.0,Bloomberg Global Aggregate
2023-03-31,P-141,CLT-1014,1555.74,0.03295,0.02043,0.0,Bloomberg Global Aggregate
2023-04-30,P-141,CLT-1014,1580.2,0.01572,0.00906,79.45,Bloomberg Global Aggregate
2023-05-31,P-141,CLT-1014,1516.81,-0.04012,-0.02839,0.0,Bloomberg Global Aggregate
2023-06-30,P-141,CLT-1014,1497.291,-0.01287,-0.02983,0.0,Bloomberg Global Aggregate
2023-07-31,P-141,CLT-1014,1480.638,-0.01112,-0.01321,0.0,Bloomberg Global Aggregate
2023-08-31,P-141,CLT-1014,1517.288,0.02475,0.01806,0.0,Bloomberg Global Aggregate
2023-09-30,P-141,CLT-1014,1498.117,-0.01264,-0.00247,0.0,Bloomberg Global Aggregate
2023-10-31,P-141,CLT-1014,1489.326,-0.00587,-0.01193,0.0,Bloomberg Global Aggregate
2023-11-30,P-141,CLT-1014,1482.773,-0.0044,-0.01571,0.0,Bloomberg Global Aggregate
2023-12-31,P-141,CLT-1014,1485.836,0.00207,-0.01655,0.0,Bloomberg Global Aggregate
2024-01-31,P-141,CLT-1014,1457.317,-0.01919,-0.03312,0.0,Bloomberg Global Aggregate
2024-02-29,P-141,CLT-1014,1438.382,-0.01299,-0.01949,0.0,Bloomberg Global Aggregate
2024-03-31,P-141,CLT-1014,1396.89,-0.02885,-0.01692,0.0,Bloomberg Global Aggregate
2024-04-30,P-141,CLT-1014,1423.106,0.01877,0.01598,0.0,Bloomberg Global Aggregate
2024-05-31,P-141,CLT-1014,1418.108,-0.00351,6e-05,0.0,Bloomberg Global Aggregate
2024-06-30,P-141,CLT-1014,1405.868,-0.00863,-0.01232,0.0,Bloomberg Global Aggregate
2024-07-31,P-141,CLT-1014,1458.533,0.03746,0.04651,0.0,Bloomberg Global Aggregate
2024-08-31,P-141,CLT-1014,1444.671,-0.0095,-0.00929,0.0,Bloomberg Global Aggregate
2024-09-30,P-141,CLT-1014,1476.681,0.02216,0.02507,0.0,Bloomberg Global Aggregate
2024-10-31,P-141,CLT-1014,1521.579,0.0304,0.03358,0.0,Bloomberg Global Aggregate
2024-11-30,P-141,CLT-1014,1476.867,-0.02939,-0.02629,0.0,Bloomberg Global Aggregate
2024-12-31,P-141,CLT-1014,1484.242,0.00499,0.00455,0.0,Bloomberg Global Aggregate
2025-01-31,P-141,CLT-1014,1480.678,-0.0024,-0.00654,0.0,Bloomberg Global Aggregate
2025-02-28,P-141,CLT-1014,1438.67,-0.02837,-0.00807,0.0,Bloomberg Global Aggregate
2025-03-31,P-141,CLT-1014,1430.556,-0.00564,0.01359,0.0,Bloomberg Global Aggregate
2025-04-30,P-141,CLT-1014,1416.447,-0.00986,-0.00852,-59.29,Bloomberg Global Aggregate
2025-05-31,P-141,CLT-1014,1407.602,-0.00624,-0.00614,0.0,Bloomberg Global Aggregate
2025-06-30,P-141,CLT-1014,1412.251,0.0033,1e-05,0.0,Bloomberg Global Aggregate
2025-07-31,P-141,CLT-1014,1400.112,-0.0086,-0.00384,0.0,Bloomberg Global Aggregate
2025-08-31,P-141,CLT-1014,1376.114,-0.01714,-0.01885,0.0,Bloomberg Global Aggregate
2025-09-30,P-141,CLT-1014,1404.796,0.02084,0.0181,0.0,Bloomberg Global Aggregate
2025-10-31,P-141,CLT-1014,1430.117,0.01802,0.02284,0.0,Bloomberg Global Aggregate
2025-11-30,P-141,CLT-1014,1458.921,0.02014,0.00961,0.0,Bloomberg Global Aggregate
2025-12-31,P-141,CLT-1014,1457.879,-0.00071,-0.0039,-103.16,Bloomberg Global Aggregate
2026-01-31,P-141,CLT-1014,1452.581,-0.00363,-0.01007,0.0,Bloomberg Global Aggregate
2026-02-28,P-141,CLT-1014,1441.25,-0.0078,-0.01004,0.0,Bloomberg Global Aggregate
2021-01-31,P-142,CLT-1014,1288.282,0.03608,0.01155,0.0,Bloomberg Global Aggregate
2021-02-28,P-142,CLT-1014,1295.769,0.00581,-0.00084,0.0,Bloomberg Global Aggregate
2021-03-31,P-142,CLT-1014,1319.259,0.01813,0.02435,0.0,Bloomberg Global Aggregate
2021-04-30,P-142,CLT-1014,1333.731,0.01097,0.00166,63.82,Bloomberg Global Aggregate
2021-05-31,P-142,CLT-1014,1299.808,-0.02543,-0.00557,0.0,Bloomberg Global Aggregate
2021-06-30,P-142,CLT-1014,1326.829,0.02079,0.0198,0.0,Bloomberg Global Aggregate
2021-07-31,P-142,CLT-1014,1300.5,-0.01984,-0.0232,0.0,Bloomberg Global Aggregate
2021-08-31,P-142,CLT-1014,1318.306,0.01369,0.01257,-47.94,Bloomberg Global Aggregate
2021-09-30,P-142,CLT-1014,1290.901,-0.02079,-0.01639,76.83,Bloomberg Global Aggregate
2021-10-31,P-142,CLT-1014,1309.876,0.0147,0.02715,0.0,Bloomberg Global Aggregate
2021-11-30,P-142,CLT-1014,1294.772,-0.01153,-0.00173,0.0,Bloomberg Global Aggregate
2021-12-31,P-142,CLT-1014,1303.161,0.00648,0.0057,0.0,Bloomberg Global Aggregate
2022-01-31,P-142,CLT-1014,1280.043,-0.01774,-0.00409,0.0,Bloomberg Global Aggregate
2022-02-28,P-142,CLT-1014,1244.888,-0.02746,-0.04804,-48.34,Bloomberg Global Aggregate
2022-03-31,P-142,CLT-1014,1175.403,-0.05582,-0.02404,0.0,Bloomberg Global Aggregate
2022-04-30,P-142,CLT-1014,1179.489,0.00348,0.00775,87.05,Bloomberg Global Aggregate
2022-05-31,P-142,CLT-1014,1185.773,0.00533,0.00445,0.0,Bloomberg Global Aggregate
2022-06-30,P-142,CLT-1014,1184.668,-0.00093,-0.00652,0.0,Bloomberg Global Aggregate
2022-07-31,P-142,CLT-1014,1127.262,-0.04846,-0.03715,0.0,Bloomberg Global Aggregate
2022-08-31,P-142,CLT-1014,1140.997,0.01218,-0.00085,0.0,Bloomberg Global Aggregate
2022-09-30,P-142,CLT-1014,1123.4,-0.01542,0.00155,0.0,Bloomberg Global Aggregate
2022-10-31,P-142,CLT-1014,1103.064,-0.0181,-0.01095,0.0,Bloomberg Global Aggregate
2022-11-30,P-142,CLT-1014,1122.979,0.01805,0.01112,0.0,Bloomberg Global Aggregate
2022-12-31,P-142,CLT-1014,1108.668,-0.01274,-0.02466,0.0,Bloomberg Global Aggregate
2023-01-31,P-142,CLT-1014,1082.619,-0.0235,-0.0064,0.0,Bloomberg Global Aggregate
2023-02-28,P-142,CLT-1014,1069.094,-0.01249,-0.04345,0.0,Bloomberg Global Aggregate
2023-03-31,P-142,CLT-1014,1079.082,0.00934,0.02043,0.0,Bloomberg Global Aggregate
2023-04-30,P-142,CLT-1014,1071.582,-0.00695,0.00906,0.0,Bloomberg Global Aggregate
2023-05-31,P-142,CLT-1014,1047.09,-0.02286,-0.02839,0.0,Bloomberg Global Aggregate
2023-06-30,P-142,CLT-1014,1011.073,-0.0344,-0.02983,0.0,Bloomberg Global Aggregate
2023-07-31,P-142,CLT-1014,991.33,-0.01953,-0.01321,-65.82,Bloomberg Global Aggregate
2023-08-31,P-142,CLT-1014,1015.813,0.0247,0.01806,0.0,Bloomberg Global Aggregate
2023-09-30,P-142,CLT-1014,994.452,-0.02103,-0.00247,0.0,Bloomberg Global Aggregate
2023-10-31,P-142,CLT-1014,962.065,-0.03257,-0.01193,0.0,Bloomberg Global Aggregate
2023-11-30,P-142,CLT-1014,939.712,-0.02323,-0.01571,0.0,Bloomberg Global Aggregate
2023-12-31,P-142,CLT-1014,935.773,-0.00419,-0.01655,0.0,Bloomberg Global Aggregate
2024-01-31,P-142,CLT-1014,898.226,-0.04012,-0.03312,0.0,Bloomberg Global Aggregate
2024-02-29,P-142,CLT-1014,897.381,-0.00094,-0.01949,0.0,Bloomberg Global Aggregate
2024-03-31,P-142,CLT-1014,894.6,-0.0031,-0.01692,-69.95,Bloomberg Global Aggregate
2024-04-30,P-142,CLT-1014,911.509,0.0189,0.01598,0.0,Bloomberg Global Aggregate
2024-05-31,P-142,CLT-1014,914.843,0.00366,6e-05,0.0,Bloomberg Global Aggregate
2024-06-30,P-142,CLT-1014,906.234,-0.00941,-0.01232,0.0,Bloomberg Global Aggregate
2024-07-31,P-142,CLT-1014,949.706,0.04797,0.04651,0.0,Bloomberg Global Aggregate
2024-08-31,P-142,CLT-1014,936.345,-0.01407,-0.00929,0.0,Bloomberg Global Aggregate
2024-09-30,P-142,CLT-1014,956.63,0.02166,0.02507,0.0,Bloomberg Global Aggregate
2024-10-31,P-142,CLT-1014,976.198,0.02045,0.03358,0.0,Bloomberg Global Aggregate
2024-11-30,P-142,CLT-1014,924.504,-0.05295,-0.02629,0.0,Bloomberg Global Aggregate
2024-12-31,P-142,CLT-1014,940.43,0.01723,0.00455,0.0,Bloomberg Global Aggregate
2025-01-31,P-142,CLT-1014,935.625,-0.00511,-0.00654,0.0,Bloomberg Global Aggregate
2025-02-28,P-142,CLT-1014,927.738,-0.00843,-0.00807,0.0,Bloomberg Global Aggregate
2025-03-31,P-142,CLT-1014,944.33,0.01788,0.01359,0.0,Bloomberg Global Aggregate
2025-04-30,P-142,CLT-1014,926.591,-0.01878,-0.00852,0.0,Bloomberg Global Aggregate
2025-05-31,P-142,CLT-1014,909.493,-0.01845,-0.00614,0.0,Bloomberg Global Aggregate
2025-06-30,P-142,CLT-1014,906.049,-0.00379,1e-05,0.0,Bloomberg Global Aggregate
2025-07-31,P-142,CLT-1014,916.891,0.01197,-0.00384,-64.63,Bloomberg Global Aggregate
2025-08-31,P-142,CLT-1014,886.489,-0.03316,-0.01885,0.0,Bloomberg Global Aggregate
2025-09-30,P-142,CLT-1014,874.513,-0.01351,0.0181,0.0,Bloomberg Global Aggregate
2025-10-31,P-142,CLT-1014,888.698,0.01622,0.02284,0.0,Bloomberg Global Aggregate
2025-11-30,P-142,CLT-1014,908.911,0.02274,0.00961,0.0,Bloomberg Global Aggregate
2025-12-31,P-142,CLT-1014,886.285,-0.02489,-0.0039,0.0,Bloomberg Global Aggregate
2026-01-31,P-142,CLT-1014,864.566,-0.02451,-0.01007,0.0,Bloomberg Global Aggregate
2026-02-28,P-142,CLT-1014,858.22,-0.00734,-0.01004,0.0,Bloomberg Global Aggregate
2021-01-31,P-143,CLT-1014,297.883,-0.03631,-0.06004,0.0,MSCI World
2021-02-28,P-143,CLT-1014,304.172,0.02111,0.03127,0.0,MSCI World
2021-03-31,P-143,CLT-1014,329.0,0.08163,0.09212,0.0,MSCI World
2021-04-30,P-143,CLT-1014,343.044,0.04269,0.0382,0.0,MSCI World
2021-05-31,P-143,CLT-1014,343.211,0.00049,-0.01147,0.0,MSCI World
2021-06-30,P-143,CLT-1014,352.272,0.0264,0.03022,0.0,MSCI World
2021-07-31,P-143,CLT-1014,374.667,0.06357,0.076,0.0,MSCI World
2021-08-31,P-143,CLT-1014,404.344,0.07921,0.0739,0.0,MSCI World
2021-09-30,P-143,CLT-1014,393.435,-0.02698,-0.03385,0.0,MSCI World
2021-10-31,P-143,CLT-1014,411.704,0.04644,0.02953,-15.58,MSCI World
2021-11-30,P-143,CLT-1014,415.319,0.00878,0.00155,0.0,MSCI World
2021-12-31,P-143,CLT-1014,436.35,0.05064,0.04193,0.0,MSCI World
2022-01-31,P-143,CLT-1014,440.07,0.00852,0.00922,0.0,MSCI World
2022-02-28,P-143,CLT-1014,403.37,-0.0834,-0.10602,0.0,MSCI World
2022-03-31,P-143,CLT-1014,393.982,-0.02327,-0.0214,0.0,MSCI World
2022-04-30,P-143,CLT-1014,393.1,-0.00224,0.00148,0.0,MSCI World
2022-05-31,P-143,CLT-1014,373.564,-0.0497,-0.06687,0.0,MSCI World
2022-06-30,P-143,CLT-1014,375.929,0.00633,0.01749,0.0,MSCI World
2022-07-31,P-143,CLT-1014,343.974,-0.085,-0.07063,16.6,MSCI World
2022-08-31,P-143,CLT-1014,331.02,-0.03766,-0.04025,0.0,MSCI World
2022-09-30,P-143,CLT-1014,347.855,0.05086,0.04931,0.0,MSCI World
2022-10-31,P-143,CLT-1014,332.469,-0.04423,-0.04383,0.0,MSCI World
2022-11-30,P-143,CLT-1014,341.556,0.02733,0.01719,0.0,MSCI World
2022-12-31,P-143,CLT-1014,312.009,-0.08651,-0.08023,0.0,MSCI World
2023-01-31,P-143,CLT-1014,342.399,0.0974,0.09529,0.0,MSCI World
2023-02-28,P-143,CLT-1014,340.302,-0.00613,-0.00458,0.0,MSCI World
2023-03-31,P-143,CLT-1014,342.354,0.00603,0.01216,0.0,MSCI World
2023-04-30,P-143,CLT-1014,348.068,0.01669,0.01566,0.0,MSCI World
2023-05-31,P-143,CLT-1014,362.867,0.04252,0.0336,0.0,MSCI World
2023-06-30,P-143,CLT-1014,349.962,-0.03556,-0.05542,0.0,MSCI World
2023-07-31,P-143,CLT-1014,355.039,0.01451,0.00794,0.0,MSCI World
2023-08-31,P-143,CLT-1014,341.011,-0.03951,-0.01941,0.0,MSCI World
2023-09-30,P-143,CLT-1014,320.1,-0.06132,-0.06255,-18.72,MSCI World
2023-10-31,P-143,CLT-1014,336.578,0.05148,0.04949,0.0,MSCI World
2023-11-30,P-143,CLT-1014,337.61,0.00307,-0.00657,0.0,MSCI World
2023-12-31,P-143,CLT-1014,344.861,0.02148,0.01832,0.0,MSCI World
2024-01-31,P-143,CLT-1014,354.541,0.02807,0.01569,-20.46,MSCI World
2024-02-29,P-143,CLT-1014,354.219,-0.00091,-0.00585,0.0,MSCI World
2024-03-31,P-143,CLT-1014,391.713,0.10585,0.09084,-13.7,MSCI World
2024-04-30,P-143,CLT-1014,393.267,0.00397,0.00619,0.0,MSCI World
2024-05-31,P-143,CLT-1014,371.937,-0.05424,-0.05705,0.0,MSCI World
2024-06-30,P-143,CLT-1014,371.975,0.0001,-0.00859,0.0,MSCI World
2024-07-31,P-143,CLT-1014,381.539,0.02571,0.02908,0.0,MSCI World
2024-08-31,P-143,CLT-1014,391.156,0.02521,0.03046,0.0,MSCI World
2024-09-30,P-143,CLT-1014,375.027,-0.04123,-0.03737,0.0,MSCI World
2024-10-31,P-143,CLT-1014,390.843,0.04217,0.04707,0.0,MSCI World
2024-11-30,P-143,CLT-1014,367.567,-0.05955,-0.06562,0.0,MSCI World
2024-12-31,P-143,CLT-1014,382.928,0.04179,0.05606,0.0,MSCI World
2025-01-31,P-143,CLT-1014,360.365,-0.05892,-0.04706,0.0,MSCI World
2025-02-28,P-143,CLT-1014,366.251,0.01633,-0.0013,0.0,MSCI World
2025-03-31,P-143,CLT-1014,383.843,0.04803,0.05273,0.0,MSCI World
2025-04-30,P-143,CLT-1014,390.162,0.01646,0.01317,0.0,MSCI World
2025-05-31,P-143,CLT-1014,402.282,0.03107,0.04235,0.0,MSCI World
2025-06-30,P-143,CLT-1014,416.94,0.03644,0.03406,12.89,MSCI World
2025-07-31,P-143,CLT-1014,440.859,0.05737,0.06201,0.0,MSCI World
2025-08-31,P-143,CLT-1014,458.803,0.0407,0.05263,0.0,MSCI World
2025-09-30,P-143,CLT-1014,459.846,0.00227,-0.01083,0.0,MSCI World
2025-10-31,P-143,CLT-1014,481.195,0.04643,0.03466,0.0,MSCI World
2025-11-30,P-143,CLT-1014,454.684,-0.0551,-0.05573,0.0,MSCI World
2025-12-31,P-143,CLT-1014,461.927,0.01593,0.00574,0.0,MSCI World
2026-01-31,P-143,CLT-1014,489.833,0.06041,0.04243,0.0,MSCI World
2026-02-28,P-143,CLT-1014,500.53,0.02184,0.01377,0.0,MSCI World
2021-01-31,P-144,CLT-1015,1149.194,0.02005,0.01155,0.0,Bloomberg Global Aggregate
2021-02-28,P-144,CLT-1015,1153.252,0.00353,-0.00084,0.0,Bloomberg Global Aggregate
2021-03-31,P-144,CLT-1015,1194.032,0.03536,0.02435,0.0,Bloomberg Global Aggregate
2021-04-30,P-144,CLT-1015,1191.317,-0.00227,0.00166,0.0,Bloomberg Global Aggregate
2021-05-31,P-144,CLT-1015,1181.535,-0.00821,-0.00557,0.0,Bloomberg Global Aggregate
2021-06-30,P-144,CLT-1015,1214.478,0.02788,0.0198,0.0,Bloomberg Global Aggregate
2021-07-31,P-144,CLT-1015,1179.561,-0.02875,-0.0232,35.63,Bloomberg Global Aggregate
2021-08-31,P-144,CLT-1015,1189.716,0.00861,0.01257,0.0,Bloomberg Global Aggregate
2021-09-30,P-144,CLT-1015,1171.92,-0.01496,-0.01639,77.82,Bloomberg Global Aggregate
2021-10-31,P-144,CLT-1015,1225.291,0.04554,0.02715,0.0,Bloomberg Global Aggregate
2021-11-30,P-144,CLT-1015,1204.468,-0.01699,-0.00173,0.0,Bloomberg Global Aggregate
2021-12-31,P-144,CLT-1015,1226.539,0.01832,0.0057,0.0,Bloomberg Global Aggregate
2022-01-31,P-144,CLT-1015,1237.595,0.00901,-0.00409,0.0,Bloomberg Global Aggregate
2022-02-28,P-144,CLT-1015,1194.249,-0.03502,-0.04804,0.0,Bloomberg Global Aggregate
2022-03-31,P-144,CLT-1015,1153.048,-0.0345,-0.02404,0.0,Bloomberg Global Aggregate
2022-04-30,P-144,CLT-1015,1134.864,-0.01577,0.00775,0.0,Bloomberg Global Aggregate
2022-05-31,P-144,CLT-1015,1150.904,0.01413,0.00445,0.0,Bloomberg Global Aggregate
2022-06-30,P-144,CLT-1015,1148.229,-0.00232,-0.00652,0.0,Bloomberg Global Aggregate
2022-07-31,P-144,CLT-1015,1124.214,-0.02091,-0.03715,0.0,Bloomberg Global Aggregate
2022-08-31,P-144,CLT-1015,1113.264,-0.00974,-0.00085,0.0,Bloomberg Global Aggregate
2022-09-30,P-144,CLT-1015,1129.063,0.01419,0.00155,0.0,Bloomberg Global Aggregate
2022-10-31,P-144,CLT-1015,1135.867,0.00603,-0.01095,0.0,Bloomberg Global Aggregate
2022-11-30,P-144,CLT-1015,1148.528,0.01115,0.01112,0.0,Bloomberg Global Aggregate
2022-12-31,P-144,CLT-1015,1128.914,-0.01708,-0.02466,0.0,Bloomberg Global Aggregate
2023-01-31,P-144,CLT-1015,1129.664,0.00066,-0.0064,0.0,Bloomberg Global Aggregate
2023-02-28,P-144,CLT-1015,1068.515,-0.05413,-0.04345,0.0,Bloomberg Global Aggregate
2023-03-31,P-144,CLT-1015,1100.238,0.02969,0.02043,0.0,Bloomberg Global Aggregate
2023-04-30,P-144,CLT-1015,1138.095,0.03441,0.00906,38.84,Bloomberg Global Aggregate
2023-05-31,P-144,CLT-1015,1107.788,-0.02663,-0.02839,0.0,Bloomberg Global Aggregate
2023-06-30,P-144,CLT-1015,1052.472,-0.04993,-0.02983,0.0,Bloomberg Global Aggregate
2023-07-31,P-144,CLT-1015,1029.418,-0.0219,-0.01321,0.0,Bloomberg Global Aggregate
2023-08-31,P-144,CLT-1015,1022.482,-0.00674,0.01806,0.0,Bloomberg Global Aggregate
2023-09-30,P-144,CLT-1015,1040.871,0.01798,-0.00247,29.14,Bloomberg Global Aggregate
2023-10-31,P-144,CLT-1015,1041.665,0.00076,-0.01193,0.0,Bloomberg Global Aggregate
2023-11-30,P-144,CLT-1015,1019.093,-0.02167,-0.01571,0.0,Bloomberg Global Aggregate
2023-12-31,P-144,CLT-1015,982.383,-0.03602,-0.01655,0.0,Bloomberg Global Aggregate
2024-01-31,P-144,CLT-1015,939.191,-0.04397,-0.03312,0.0,Bloomberg Global Aggregate
2024-02-29,P-144,CLT-1015,913.397,-0.02746,-0.01949,0.0,Bloomberg Global Aggregate
2024-03-31,P-144,CLT-1015,900.723,-0.01387,-0.01692,0.0,Bloomberg Global Aggregate
2024-04-30,P-144,CLT-1015,917.41,0.01853,0.01598,0.0,Bloomberg Global Aggregate
2024-05-31,P-144,CLT-1015,936.919,0.02127,6e-05,-21.67,Bloomberg Global Aggregate
2024-06-30,P-144,CLT-1015,917.147,-0.0211,-0.01232,0.0,Bloomberg Global Aggregate
2024-07-31,P-144,CLT-1015,940.725,0.02571,0.04651,0.0,Bloomberg Global Aggregate
2024-08-31,P-144,CLT-1015,917.289,-0.02491,-0.00929,0.0,Bloomberg Global Aggregate
2024-09-30,P-144,CLT-1015,941.286,0.02616,0.02507,0.0,Bloomberg Global Aggregate
2024-10-31,P-144,CLT-1015,964.137,0.02428,0.03358,0.0,Bloomberg Global Aggregate
2024-11-30,P-144,CLT-1015,936.021,-0.02916,-0.02629,0.0,Bloomberg Global Aggregate
2024-12-31,P-144,CLT-1015,935.361,-0.0007,0.00455,0.0,Bloomberg Global Aggregate
2025-01-31,P-144,CLT-1015,944.235,0.00949,-0.00654,0.0,Bloomberg Global Aggregate
2025-02-28,P-144,CLT-1015,929.797,-0.01529,-0.00807,35.47,Bloomberg Global Aggregate
2025-03-31,P-144,CLT-1015,938.592,0.00946,0.01359,0.0,Bloomberg Global Aggregate
2025-04-30,P-144,CLT-1015,941.864,0.00349,-0.00852,0.0,Bloomberg Global Aggregate
2025-05-31,P-144,CLT-1015,929.588,-0.01303,-0.00614,0.0,Bloomberg Global Aggregate
2025-06-30,P-144,CLT-1015,936.731,0.00768,1e-05,0.0,Bloomberg Global Aggregate
2025-07-31,P-144,CLT-1015,939.055,0.00248,-0.00384,0.0,Bloomberg Global Aggregate
2025-08-31,P-144,CLT-1015,924.659,-0.01533,-0.01885,0.0,Bloomberg Global Aggregate
2025-09-30,P-144,CLT-1015,927.259,0.00281,0.0181,0.0,Bloomberg Global Aggregate
2025-10-31,P-144,CLT-1015,966.578,0.0424,0.02284,0.0,Bloomberg Global Aggregate
2025-11-30,P-144,CLT-1015,1008.899,0.04378,0.00961,0.0,Bloomberg Global Aggregate
2025-12-31,P-144,CLT-1015,1006.543,-0.00234,-0.0039,0.0,Bloomberg Global Aggregate
2026-01-31,P-144,CLT-1015,982.329,-0.02406,-0.01007,0.0,Bloomberg Global Aggregate
2026-02-28,P-144,CLT-1015,974.3,-0.00817,-0.01004,0.0,Bloomberg Global Aggregate
2021-01-31,P-145,CLT-1015,664.425,0.01717,0.01155,-33.19,Bloomberg Global Aggregate
2021-02-28,P-145,CLT-1015,661.03,-0.00511,-0.00084,0.0,Bloomberg Global Aggregate
2021-03-31,P-145,CLT-1015,676.286,0.02308,0.02435,0.0,Bloomberg Global Aggregate
2021-04-30,P-145,CLT-1015,678.504,0.00328,0.00166,0.0,Bloomberg Global Aggregate
2021-05-31,P-145,CLT-1015,679.437,0.00138,-0.00557,0.0,Bloomberg Global Aggregate
2021-06-30,P-145,CLT-1015,695.815,0.02411,0.0198,0.0,Bloomberg Global Aggregate
2021-07-31,P-145,CLT-1015,682.845,-0.01864,-0.0232,0.0,Bloomberg Global Aggregate
2021-08-31,P-145,CLT-1015,689.305,0.00946,0.01257,0.0,Bloomberg Global Aggregate
2021-09-30,P-145,CLT-1015,679.383,-0.01439,-0.01639,0.0,Bloomberg Global Aggregate
2021-10-31,P-145,CLT-1015,694.474,0.02221,0.02715,0.0,Bloomberg Global Aggregate
2021-11-30,P-145,CLT-1015,696.562,0.00301,-0.00173,0.0,Bloomberg Global Aggregate
2021-12-31,P-145,CLT-1015,705.145,0.01232,0.0057,0.0,Bloomberg Global Aggregate
2022-01-31,P-145,CLT-1015,704.329,-0.00116,-0.00409,0.0,Bloomberg Global Aggregate
2022-02-28,P-145,CLT-1015,668.558,-0.05079,-0.04804,0.0,Bloomberg Global Aggregate
2022-03-31,P-145,CLT-1015,651.325,-0.02578,-0.02404,0.0,Bloomberg Global Aggregate
2022-04-30,P-145,CLT-1015,663.317,0.01841,0.00775,0.0,Bloomberg Global Aggregate
2022-05-31,P-145,CLT-1015,664.516,0.00181,0.00445,0.0,Bloomberg Global Aggregate
2022-06-30,P-145,CLT-1015,664.167,-0.00052,-0.00652,0.0,Bloomberg Global Aggregate
2022-07-31,P-145,CLT-1015,640.561,-0.03554,-0.03715,0.0,Bloomberg Global Aggregate
2022-08-31,P-145,CLT-1015,638.391,-0.00339,-0.00085,0.0,Bloomberg Global Aggregate
2022-09-30,P-145,CLT-1015,633.782,-0.00722,0.00155,-14.04,Bloomberg Global Aggregate
2022-10-31,P-145,CLT-1015,627.365,-0.01012,-0.01095,0.0,Bloomberg Global Aggregate
2022-11-30,P-145,CLT-1015,634.392,0.0112,0.01112,0.0,Bloomberg Global Aggregate
2022-12-31,P-145,CLT-1015,625.515,-0.01399,-0.02466,0.0,Bloomberg Global Aggregate
2023-01-31,P-145,CLT-1015,617.894,-0.01219,-0.0064,0.0,Bloomberg Global Aggregate
2023-02-28,P-145,CLT-1015,599.494,-0.02978,-0.04345,0.0,Bloomberg Global Aggregate
2023-03-31,P-145,CLT-1015,612.853,0.02228,0.02043,48.62,Bloomberg Global Aggregate
2023-04-30,P-145,CLT-1015,619.538,0.01091,0.00906,0.0,Bloomberg Global Aggregate
2023-05-31,P-145,CLT-1015,599.385,-0.03253,-0.02839,0.0,Bloomberg Global Aggregate
2023-06-30,P-145,CLT-1015,582.381,-0.02837,-0.02983,-15.97,Bloomberg Global Aggregate
2023-07-31,P-145,CLT-1015,576.11,-0.01077,-0.01321,17.77,Bloomberg Global Aggregate
2023-08-31,P-145,CLT-1015,589.569,0.02336,0.01806,0.0,Bloomberg Global Aggregate
2023-09-30,P-145,CLT-1015,584.273,-0.00898,-0.00247,0.0,Bloomberg Global Aggregate
2023-10-31,P-145,CLT-1015,582.091,-0.00374,-0.01193,0.0,Bloomberg Global Aggregate
2023-11-30,P-145,CLT-1015,573.964,-0.01396,-0.01571,0.0,Bloomberg Global Aggregate
2023-12-31,P-145,CLT-1015,566.342,-0.01328,-0.01655,0.0,Bloomberg Global Aggregate
2024-01-31,P-145,CLT-1015,546.544,-0.03496,-0.03312,0.0,Bloomberg Global Aggregate
2024-02-29,P-145,CLT-1015,532.501,-0.02569,-0.01949,0.0,Bloomberg Global Aggregate
2024-03-31,P-145,CLT-1015,523.474,-0.01695,-0.01692,0.0,Bloomberg Global Aggregate
2024-04-30,P-145,CLT-1015,532.191,0.01665,0.01598,0.0,Bloomberg Global Aggregate
2024-05-31,P-145,CLT-1015,527.419,-0.00897,6e-05,0.0,Bloomberg Global Aggregate
2024-06-30,P-145,CLT-1015,523.247,-0.00791,-0.01232,31.72,Bloomberg Global Aggregate
2024-07-31,P-145,CLT-1015,550.547,0.05217,0.04651,0.0,Bloomberg Global Aggregate
2024-08-31,P-145,CLT-1015,542.69,-0.01427,-0.00929,-23.69,Bloomberg Global Aggregate
2024-09-30,P-145,CLT-1015,552.61,0.01828,0.02507,0.0,Bloomberg Global Aggregate
2024-10-31,P-145,CLT-1015,569.872,0.03124,0.03358,0.0,Bloomberg Global Aggregate
2024-11-30,P-145,CLT-1015,554.701,-0.02662,-0.02629,0.0,Bloomberg Global Aggregate
2024-12-31,P-145,CLT-1015,556.057,0.00245,0.00455,0.0,Bloomberg Global Aggregate
2025-01-31,P-145,CLT-1015,551.943,-0.0074,-0.00654,26.08,Bloomberg Global Aggregate
2025-02-28,P-145,CLT-1015,547.978,-0.00718,-0.00807,0.0,Bloomberg Global Aggregate
2025-03-31,P-145,CLT-1015,550.536,0.00467,0.01359,0.0,Bloomberg Global Aggregate
2025-04-30,P-145,CLT-1015,541.326,-0.01673,-0.00852,-32.14,Bloomberg Global Aggregate
2025-05-31,P-145,CLT-1015,528.653,-0.02341,-0.00614,0.0,Bloomberg Global Aggregate
2025-06-30,P-145,CLT-1015,531.48,0.00535,1e-05,0.0,Bloomberg Global Aggregate
2025-07-31,P-145,CLT-1015,529.234,-0.00422,-0.00384,0.0,Bloomberg Global Aggregate
2025-08-31,P-145,CLT-1015,522.424,-0.01287,-0.01885,0.0,Bloomberg Global Aggregate
2025-09-30,P-145,CLT-1015,527.963,0.0106,0.0181,0.0,Bloomberg Global Aggregate
2025-10-31,P-145,CLT-1015,539.849,0.02251,0.02284,0.0,Bloomberg Global Aggregate
2025-11-30,P-145,CLT-1015,545.496,0.01046,0.00961,0.0,Bloomberg Global Aggregate
2025-12-31,P-145,CLT-1015,541.218,-0.00784,-0.0039,21.32,Bloomberg Global Aggregate
2026-01-31,P-145,CLT-1015,530.325,-0.02013,-0.01007,-28.02,Bloomberg Global Aggregate
2026-02-28,P-145,CLT-1015,530.46,0.00025,-0.01004,0.0,Bloomberg Global Aggregate
2021-01-31,P-146,CLT-1015,261.109,-0.05008,-0.06004,0.0,MSCI World
2021-02-28,P-146,CLT-1015,268.363,0.02778,0.03127,0.0,MSCI World
2021-03-31,P-146,CLT-1015,293.956,0.09537,0.09212,0.0,MSCI World
2021-04-30,P-146,CLT-1015,303.933,0.03394,0.0382,-9.05,MSCI World
2021-05-31,P-146,CLT-1015,297.979,-0.01959,-0.01147,0.0,MSCI World
2021-06-30,P-146,CLT-1015,310.917,0.04342,0.03022,0.0,MSCI World
2021-07-31,P-146,CLT-1015,330.473,0.0629,0.076,0.0,MSCI World
2021-08-31,P-146,CLT-1015,353.984,0.07115,0.0739,0.0,MSCI World
2021-09-30,P-146,CLT-1015,342.015,-0.03381,-0.03385,0.0,MSCI World
2021-10-31,P-146,CLT-1015,356.172,0.04139,0.02953,0.0,MSCI World
2021-11-30,P-146,CLT-1015,358.921,0.00772,0.00155,0.0,MSCI World
2021-12-31,P-146,CLT-1015,369.222,0.0287,0.04193,0.0,MSCI World
2022-01-31,P-146,CLT-1015,372.398,0.0086,0.00922,0.0,MSCI World
2022-02-28,P-146,CLT-1015,332.749,-0.10647,-0.10602,0.0,MSCI World
2022-03-31,P-146,CLT-1015,324.854,-0.02373,-0.0214,0.0,MSCI World
2022-04-30,P-146,CLT-1015,326.659,0.00556,0.00148,0.0,MSCI World
2022-05-31,P-146,CLT-1015,301.142,-0.07812,-0.06687,0.0,MSCI World
2022-06-30,P-146,CLT-1015,305.297,0.0138,0.01749,0.0,MSCI World
2022-07-31,P-146,CLT-1015,284.656,-0.06761,-0.07063,0.0,MSCI World
2022-08-31,P-146,CLT-1015,274.487,-0.03572,-0.04025,0.0,MSCI World
2022-09-30,P-146,CLT-1015,288.166,0.04984,0.04931,0.0,MSCI World
2022-10-31,P-146,CLT-1015,274.736,-0.04661,-0.04383,0.0,MSCI World
2022-11-30,P-146,CLT-1015,279.045,0.01568,0.01719,0.0,MSCI World
2022-12-31,P-146,CLT-1015,258.048,-0.07524,-0.08023,0.0,MSCI World
2023-01-31,P-146,CLT-1015,282.547,0.09494,0.09529,0.0,MSCI World
2023-02-28,P-146,CLT-1015,278.86,-0.01305,-0.00458,0.0,MSCI World
2023-03-31,P-146,CLT-1015,279.485,0.00224,0.01216,0.0,MSCI World
2023-04-30,P-146,CLT-1015,280.549,0.00381,0.01566,0.0,MSCI World
2023-05-31,P-146,CLT-1015,292.89,0.04399,0.0336,22.96,MSCI World
2023-06-30,P-146,CLT-1015,278.267,-0.04993,-0.05542,0.0,MSCI World
2023-07-31,P-146,CLT-1015,280.086,0.00654,0.00794,0.0,MSCI World
2023-08-31,P-146,CLT-1015,273.522,-0.02344,-0.01941,0.0,MSCI World
2023-09-30,P-146,CLT-1015,255.061,-0.06749,-0.06255,0.0,MSCI World
2023-10-31,P-146,CLT-1015,269.636,0.05714,0.04949,0.0,MSCI World
2023-11-30,P-146,CLT-1015,271.578,0.00721,-0.00657,0.0,MSCI World
2023-12-31,P-146,CLT-1015,275.148,0.01314,0.01832,12.72,MSCI World
2024-01-31,P-146,CLT-1015,281.666,0.02369,0.01569,0.0,MSCI World
2024-02-29,P-146,CLT-1015,279.909,-0.00624,-0.00585,0.0,MSCI World
2024-03-31,P-146,CLT-1015,304.717,0.08863,0.09084,0.0,MSCI World
2024-04-30,P-146,CLT-1015,309.881,0.01695,0.00619,0.0,MSCI World
2024-05-31,P-146,CLT-1015,291.993,-0.05772,-0.05705,0.0,MSCI World
2024-06-30,P-146,CLT-1015,289.962,-0.00696,-0.00859,0.0,MSCI World
2024-07-31,P-146,CLT-1015,298.764,0.03036,0.02908,0.0,MSCI World
2024-08-31,P-146,CLT-1015,304.017,0.01758,0.03046,0.0,MSCI World
2024-09-30,P-146,CLT-1015,293.137,-0.03579,-0.03737,-22.0,MSCI World
2024-10-31,P-146,CLT-1015,305.513,0.04222,0.04707,0.0,MSCI World
2024-11-30,P-146,CLT-1015,282.002,-0.07696,-0.06562,0.0,MSCI World
2024-12-31,P-146,CLT-1015,296.539,0.05155,0.05606,0.0,MSCI World
2025-01-31,P-146,CLT-1015,281.229,-0.05163,-0.04706,0.0,MSCI World
2025-02-28,P-146,CLT-1015,282.881,0.00587,-0.0013,0.0,MSCI World
2025-03-31,P-146,CLT-1015,295.354,0.04409,0.05273,0.0,MSCI World
2025-04-30,P-146,CLT-1015,297.305,0.00661,0.01317,0.0,MSCI World
2025-05-31,P-146,CLT-1015,310.246,0.04353,0.04235,0.0,MSCI World
2025-06-30,P-146,CLT-1015,317.521,0.02345,0.03406,0.0,MSCI World
2025-07-31,P-146,CLT-1015,335.438,0.05643,0.06201,10.32,MSCI World
2025-08-31,P-146,CLT-1015,348.673,0.03946,0.05263,0.0,MSCI World
2025-09-30,P-146,CLT-1015,347.111,-0.00448,-0.01083,0.0,MSCI World
2025-10-31,P-146,CLT-1015,358.143,0.03178,0.03466,13.91,MSCI World
2025-11-30,P-146,CLT-1015,337.925,-0.05645,-0.05573,0.0,MSCI World
2025-12-31,P-146,CLT-1015,341.999,0.01206,0.00574,0.0,MSCI World
2026-01-31,P-146,CLT-1015,354.438,0.03637,0.04243,0.0,MSCI World
2026-02-28,P-146,CLT-1015,358.27,0.01081,0.01377,0.0,MSCI World
2021-01-31,P-147,CLT-1015,2276.683,-0.00341,0.01155,0.0,Bloomberg Global Aggregate
2021-02-28,P-147,CLT-1015,2240.652,-0.01583,-0.00084,0.0,Bloomberg Global Aggregate
2021-03-31,P-147,CLT-1015,2266.011,0.01132,0.02435,163.83,Bloomberg Global Aggregate
2021-04-30,P-147,CLT-1015,2253.987,-0.00531,0.00166,-45.87,Bloomberg Global Aggregate
2021-05-31,P-147,CLT-1015,2229.184,-0.011,-0.00557,-132.3,Bloomberg Global Aggregate
2021-06-30,P-147,CLT-1015,2282.494,0.02391,0.0198,0.0,Bloomberg Global Aggregate
2021-07-31,P-147,CLT-1015,2200.739,-0.03582,-0.0232,0.0,Bloomberg Global Aggregate
2021-08-31,P-147,CLT-1015,2238.417,0.01712,0.01257,0.0,Bloomberg Global Aggregate
2021-09-30,P-147,CLT-1015,2217.16,-0.0095,-0.01639,0.0,Bloomberg Global Aggregate
2021-10-31,P-147,CLT-1015,2262.681,0.02053,0.02715,0.0,Bloomberg Global Aggregate
2021-11-30,P-147,CLT-1015,2232.988,-0.01312,-0.00173,0.0,Bloomberg Global Aggregate
2021-12-31,P-147,CLT-1015,2248.454,0.00693,0.0057,0.0,Bloomberg Global Aggregate
2022-01-31,P-147,CLT-1015,2232.828,-0.00695,-0.00409,0.0,Bloomberg Global Aggregate
2022-02-28,P-147,CLT-1015,2132.581,-0.0449,-0.04804,0.0,Bloomberg Global Aggregate
2022-03-31,P-147,CLT-1015,2128.831,-0.00176,-0.02404,0.0,Bloomberg Global Aggregate
2022-04-30,P-147,CLT-1015,2147.439,0.00874,0.00775,0.0,Bloomberg Global Aggregate
2022-05-31,P-147,CLT-1015,2137.57,-0.0046,0.00445,0.0,Bloomberg Global Aggregate
2022-06-30,P-147,CLT-1015,2096.665,-0.01914,-0.00652,-43.68,Bloomberg Global Aggregate
2022-07-31,P-147,CLT-1015,1993.468,-0.04922,-0.03715,-123.12,Bloomberg Global Aggregate
2022-08-31,P-147,CLT-1015,1950.467,-0.02157,-0.00085,0.0,Bloomberg Global Aggregate
2022-09-30,P-147,CLT-1015,1979.335,0.0148,0.00155,116.62,Bloomberg Global Aggregate
2022-10-31,P-147,CLT-1015,1895.012,-0.0426,-0.01095,0.0,Bloomberg Global Aggregate
2022-11-30,P-147,CLT-1015,1929.236,0.01806,0.01112,0.0,Bloomberg Global Aggregate
2022-12-31,P-147,CLT-1015,1857.956,-0.03695,-0.02466,0.0,Bloomberg Global Aggregate
2023-01-31,P-147,CLT-1015,1832.601,-0.01365,-0.0064,0.0,Bloomberg Global Aggregate
2023-02-28,P-147,CLT-1015,1729.666,-0.05617,-0.04345,0.0,Bloomberg Global Aggregate
2023-03-31,P-147,CLT-1015,1800.496,0.04095,0.02043,0.0,Bloomberg Global Aggregate
2023-04-30,P-147,CLT-1015,1817.254,0.00931,0.00906,0.0,Bloomberg Global Aggregate
2023-05-31,P-147,CLT-1015,1786.065,-0.01716,-0.02839,0.0,Bloomberg Global Aggregate
2023-06-30,P-147,CLT-1015,1765.76,-0.01137,-0.02983,-130.92,Bloomberg Global Aggregate
2023-07-31,P-147,CLT-1015,1746.567,-0.01087,-0.01321,0.0,Bloomberg Global Aggregate
2023-08-31,P-147,CLT-1015,1748.529,0.00112,0.01806,0.0,Bloomberg Global Aggregate
2023-09-30,P-147,CLT-1015,1738.775,-0.00558,-0.00247,0.0,Bloomberg Global Aggregate
2023-10-31,P-147,CLT-1015,1699.757,-0.02244,-0.01193,93.68,Bloomberg Global Aggregate
2023-11-30,P-147,CLT-1015,1660.948,-0.02283,-0.01571,0.0,Bloomberg Global Aggregate
2023-12-31,P-147,CLT-1015,1631.259,-0.01787,-0.01655,0.0,Bloomberg Global Aggregate
2024-01-31,P-147,CLT-1015,1574.167,-0.035,-0.03312,0.0,Bloomberg Global Aggregate
2024-02-29,P-147,CLT-1015,1552.719,-0.01362,-0.01949,-40.62,Bloomberg Global Aggregate
2024-03-31,P-147,CLT-1015,1538.747,-0.009,-0.01692,0.0,Bloomberg Global Aggregate
2024-04-30,P-147,CLT-1015,1560.433,0.01409,0.01598,0.0,Bloomberg Global Aggregate
2024-05-31,P-147,CLT-1015,1569.481,0.0058,6e-05,0.0,Bloomberg Global Aggregate
2024-06-30,P-147,CLT-1015,1537.943,-0.0201,-0.01232,0.0,Bloomberg Global Aggregate
2024-07-31,P-147,CLT-1015,1638.172,0.06517,0.04651,0.0,Bloomberg Global Aggregate
2024-08-31,P-147,CLT-1015,1609.848,-0.01729,-0.00929,0.0,Bloomberg Global Aggregate
2024-09-30,P-147,CLT-1015,1677.563,0.04206,0.02507,0.0,Bloomberg Global Aggregate
2024-10-31,P-147,CLT-1015,1698.823,0.01267,0.03358,83.52,Bloomberg Global Aggregate
2024-11-30,P-147,CLT-1015,1645.027,-0.03167,-0.02629,0.0,Bloomberg Global Aggregate
2024-12-31,P-147,CLT-1015,1644.831,-0.00012,0.00455,0.0,Bloomberg Global Aggregate
2025-01-31,P-147,CLT-1015,1640.607,-0.00257,-0.00654,0.0,Bloomberg Global Aggregate
2025-02-28,P-147,CLT-1015,1647.449,0.00417,-0.00807,0.0,Bloomberg Global Aggregate
2025-03-31,P-147,CLT-1015,1640.677,-0.00411,0.01359,0.0,Bloomberg Global Aggregate
2025-04-30,P-147,CLT-1015,1600.951,-0.02421,-0.00852,0.0,Bloomberg Global Aggregate
2025-05-31,P-147,CLT-1015,1559.326,-0.026,-0.00614,0.0,Bloomberg Global Aggregate
2025-06-30,P-147,CLT-1015,1588.57,0.01875,1e-05,0.0,Bloomberg Global Aggregate
2025-07-31,P-147,CLT-1015,1589.206,0.0004,-0.00384,0.0,Bloomberg Global Aggregate
2025-08-31,P-147,CLT-1015,1534.837,-0.03421,-0.01885,112.58,Bloomberg Global Aggregate
2025-09-30,P-147,CLT-1015,1553.005,0.01184,0.0181,72.84,Bloomberg Global Aggregate
2025-10-31,P-147,CLT-1015,1614.535,0.03962,0.02284,0.0,Bloomberg Global Aggregate
2025-11-30,P-147,CLT-1015,1623.722,0.00569,0.00961,0.0,Bloomberg Global Aggregate
2025-12-31,P-147,CLT-1015,1609.66,-0.00866,-0.0039,0.0,Bloomberg Global Aggregate
2026-01-31,P-147,CLT-1015,1575.655,-0.02113,-0.01007,0.0,Bloomberg Global Aggregate
2026-02-28,P-147,CLT-1015,1536.97,-0.02455,-0.01004,0.0,Bloomberg Global Aggregate
2021-01-31,P-148,CLT-1016,1603.123,0.02485,0.01155,0.0,Bloomberg Global Aggregate
2021-02-28,P-148,CLT-1016,1631.67,0.01781,-0.00084,0.0,Bloomberg Global Aggregate
2021-03-31,P-148,CLT-1016,1654.631,0.01407,0.02435,0.0,Bloomberg Global Aggregate
2021-04-30,P-148,CLT-1016,1683.38,0.01737,0.00166,0.0,Bloomberg Global Aggregate
2021-05-31,P-148,CLT-1016,1665.818,-0.01043,-0.00557,0.0,Bloomberg Global Aggregate
2021-06-30,P-148,CLT-1016,1709.198,0.02604,0.0198,0.0,Bloomberg Global Aggregate
2021-07-31,P-148,CLT-1016,1696.506,-0.00743,-0.0232,0.0,Bloomberg Global Aggregate
2021-08-31,P-148,CLT-1016,1715.89,0.01143,0.01257,0.0,Bloomberg Global Aggregate
2021-09-30,P-148,CLT-1016,1682.387,-0.01953,-0.01639,0.0,Bloomberg Global Aggregate
2021-10-31,P-148,CLT-1016,1743.448,0.03629,0.02715,0.0,Bloomberg Global Aggregate
2021-11-30,P-148,CLT-1016,1720.141,-0.01337,-0.00173,0.0,Bloomberg Global Aggregate
2021-12-31,P-148,CLT-1016,1752.156,0.01861,0.0057,0.0,Bloomberg Global Aggregate
2022-01-31,P-148,CLT-1016,1748.471,-0.0021,-0.00409,0.0,Bloomberg Global Aggregate
2022-02-28,P-148,CLT-1016,1654.246,-0.05389,-0.04804,0.0,Bloomberg Global Aggregate
2022-03-31,P-148,CLT-1016,1604.327,-0.03018,-0.02404,0.0,Bloomberg Global Aggregate
2022-04-30,P-148,CLT-1016,1593.315,-0.00686,0.00775,0.0,Bloomberg Global Aggregate
2022-05-31,P-148,CLT-1016,1591.807,-0.00095,0.00445,0.0,Bloomberg Global Aggregate
2022-06-30,P-148,CLT-1016,1577.546,-0.00896,-0.00652,43.77,Bloomberg Global Aggregate
2022-07-31,P-148,CLT-1016,1501.411,-0.04826,-0.03715,0.0,Bloomberg Global Aggregate
2022-08-31,P-148,CLT-1016,1500.051,-0.00091,-0.00085,0.0,Bloomberg Global Aggregate
2022-09-30,P-148,CLT-1016,1510.75,0.00713,0.00155,115.7,Bloomberg Global Aggregate
2022-10-31,P-148,CLT-1016,1491.356,-0.01284,-0.01095,0.0,Bloomberg Global Aggregate
2022-11-30,P-148,CLT-1016,1519.337,0.01876,0.01112,0.0,Bloomberg Global Aggregate
2022-12-31,P-148,CLT-1016,1469.198,-0.033,-0.02466,0.0,Bloomberg Global Aggregate
2023-01-31,P-148,CLT-1016,1476.469,0.00495,-0.0064,0.0,Bloomberg Global Aggregate
2023-02-28,P-148,CLT-1016,1414.91,-0.04169,-0.04345,0.0,Bloomberg Global Aggregate
2023-03-31,P-148,CLT-1016,1468.208,0.03767,0.02043,0.0,Bloomberg Global Aggregate
2023-04-30,P-148,CLT-1016,1520.697,0.03575,0.00906,0.0,Bloomberg Global Aggregate
2023-05-31,P-148,CLT-1016,1470.408,-0.03307,-0.02839,0.0,Bloomberg Global Aggregate
2023-06-30,P-148,CLT-1016,1420.322,-0.03406,-0.02983,0.0,Bloomberg Global Aggregate
2023-07-31,P-148,CLT-1016,1398.378,-0.01545,-0.01321,0.0,Bloomberg Global Aggregate
2023-08-31,P-148,CLT-1016,1433.301,0.02497,0.01806,0.0,Bloomberg Global Aggregate
2023-09-30,P-148,CLT-1016,1451.058,0.01239,-0.00247,0.0,Bloomberg Global Aggregate
2023-10-31,P-148,CLT-1016,1424.07,-0.0186,-0.01193,-38.79,Bloomberg Global Aggregate
2023-11-30,P-148,CLT-1016,1408.22,-0.01113,-0.01571,0.0,Bloomberg Global Aggregate
2023-12-31,P-148,CLT-1016,1383.442,-0.0176,-0.01655,0.0,Bloomberg Global Aggregate
2024-01-31,P-148,CLT-1016,1347.531,-0.02596,-0.03312,0.0,Bloomberg Global Aggregate
2024-02-29,P-148,CLT-1016,1343.98,-0.00264,-0.01949,0.0,Bloomberg Global Aggregate
2024-03-31,P-148,CLT-1016,1318.31,-0.0191,-0.01692,97.26,Bloomberg Global Aggregate
2024-04-30,P-148,CLT-1016,1316.001,-0.00175,0.01598,0.0,Bloomberg Global Aggregate
2024-05-31,P-148,CLT-1016,1327.298,0.00858,6e-05,0.0,Bloomberg Global Aggregate
2024-06-30,P-148,CLT-1016,1299.497,-0.02095,-0.01232,0.0,Bloomberg Global Aggregate
2024-07-31,P-148,CLT-1016,1358.474,0.04539,0.04651,-102.7,Bloomberg Global Aggregate
2024-08-31,P-148,CLT-1016,1358.074,-0.00029,-0.00929,0.0,Bloomberg Global Aggregate
2024-09-30,P-148,CLT-1016,1397.1,0.02874,0.02507,0.0,Bloomberg Global Aggregate
2024-10-31,P-148,CLT-1016,1443.085,0.03291,0.03358,0.0,Bloomberg Global Aggregate
2024-11-30,P-148,CLT-1016,1396.734,-0.03212,-0.02629,-93.44,Bloomberg Global Aggregate
2024-12-31,P-148,CLT-1016,1359.649,-0.02655,0.00455,0.0,Bloomberg Global Aggregate
2025-01-31,P-148,CLT-1016,1361.671,0.00149,-0.00654,0.0,Bloomberg Global Aggregate
2025-02-28,P-148,CLT-1016,1347.527,-0.01039,-0.00807,-67.97,Bloomberg Global Aggregate
2025-03-31,P-148,CLT-1016,1388.604,0.03048,0.01359,0.0,Bloomberg Global Aggregate
2025-04-30,P-148,CLT-1016,1383.389,-0.00376,-0.00852,-103.28,Bloomberg Global Aggregate
2025-05-31,P-148,CLT-1016,1367.356,-0.01159,-0.00614,0.0,Bloomberg Global Aggregate
2025-06-30,P-148,CLT-1016,1383.835,0.01205,1e-05,0.0,Bloomberg Global Aggregate
2025-07-31,P-148,CLT-1016,1396.451,0.00912,-0.00384,0.0,Bloomberg Global Aggregate
2025-08-31,P-148,CLT-1016,1367.404,-0.0208,-0.01885,0.0,Bloomberg Global Aggregate
2025-09-30,P-148,CLT-1016,1410.504,0.03152,0.0181,0.0,Bloomberg Global Aggregate
2025-10-31,P-148,CLT-1016,1434.817,0.01724,0.02284,57.5,Bloomberg Global Aggregate
2025-11-30,P-148,CLT-1016,1451.728,0.01179,0.00961,0.0,Bloomberg Global Aggregate
2025-12-31,P-148,CLT-1016,1455.723,0.00275,-0.0039,0.0,Bloomberg Global Aggregate
2026-01-31,P-148,CLT-1016,1454.13,-0.00109,-0.01007,0.0,Bloomberg Global Aggregate
2026-02-28,P-148,CLT-1016,1450.0,-0.00284,-0.01004,0.0,Bloomberg Global Aggregate
2021-01-31,P-149,CLT-1017,1283.578,0.01016,0.01155,0.0,Bloomberg Global Aggregate
2021-02-28,P-149,CLT-1017,1294.368,0.00841,-0.00084,0.0,Bloomberg Global Aggregate
2021-03-31,P-149,CLT-1017,1326.098,0.02451,0.02435,0.0,Bloomberg Global Aggregate
2021-04-30,P-149,CLT-1017,1324.117,-0.00149,0.00166,83.3,Bloomberg Global Aggregate
2021-05-31,P-149,CLT-1017,1312.717,-0.00861,-0.00557,0.0,Bloomberg Global Aggregate
2021-06-30,P-149,CLT-1017,1359.121,0.03535,0.0198,0.0,Bloomberg Global Aggregate
2021-07-31,P-149,CLT-1017,1321.554,-0.02764,-0.0232,0.0,Bloomberg Global Aggregate
2021-08-31,P-149,CLT-1017,1352.325,0.02328,0.01257,0.0,Bloomberg Global Aggregate
2021-09-30,P-149,CLT-1017,1320.183,-0.02377,-0.01639,0.0,Bloomberg Global Aggregate
2021-10-31,P-149,CLT-1017,1362.259,0.03187,0.02715,0.0,Bloomberg Global Aggregate
2021-11-30,P-149,CLT-1017,1364.401,0.00157,-0.00173,0.0,Bloomberg Global Aggregate
2021-12-31,P-149,CLT-1017,1390.15,0.01887,0.0057,0.0,Bloomberg Global Aggregate
2022-01-31,P-149,CLT-1017,1379.196,-0.00788,-0.00409,0.0,Bloomberg Global Aggregate
2022-02-28,P-149,CLT-1017,1304.872,-0.05389,-0.04804,0.0,Bloomberg Global Aggregate
2022-03-31,P-149,CLT-1017,1273.79,-0.02382,-0.02404,0.0,Bloomberg Global Aggregate
2022-04-30,P-149,CLT-1017,1300.852,0.02124,0.00775,0.0,Bloomberg Global Aggregate
2022-05-31,P-149,CLT-1017,1299.484,-0.00105,0.00445,0.0,Bloomberg Global Aggregate
2022-06-30,P-149,CLT-1017,1267.354,-0.02473,-0.00652,0.0,Bloomberg Global Aggregate
2022-07-31,P-149,CLT-1017,1222.212,-0.03562,-0.03715,0.0,Bloomberg Global Aggregate
2022-08-31,P-149,CLT-1017,1231.157,0.00732,-0.00085,0.0,Bloomberg Global Aggregate
2022-09-30,P-149,CLT-1017,1225.107,-0.00491,0.00155,0.0,Bloomberg Global Aggregate
2022-10-31,P-149,CLT-1017,1220.768,-0.00354,-0.01095,0.0,Bloomberg Global Aggregate
2022-11-30,P-149,CLT-1017,1226.245,0.00449,0.01112,47.69,Bloomberg Global Aggregate
2022-12-31,P-149,CLT-1017,1196.005,-0.02466,-0.02466,0.0,Bloomberg Global Aggregate
2023-01-31,P-149,CLT-1017,1196.363,0.0003,-0.0064,0.0,Bloomberg Global Aggregate
2023-02-28,P-149,CLT-1017,1135.091,-0.05122,-0.04345,-67.66,Bloomberg Global Aggregate
2023-03-31,P-149,CLT-1017,1161.048,0.02287,0.02043,0.0,Bloomberg Global Aggregate
2023-04-30,P-149,CLT-1017,1183.341,0.0192,0.00906,0.0,Bloomberg Global Aggregate
2023-05-31,P-149,CLT-1017,1155.214,-0.02377,-0.02839,52.17,Bloomberg Global Aggregate
2023-06-30,P-149,CLT-1017,1115.806,-0.03411,-0.02983,0.0,Bloomberg Global Aggregate
2023-07-31,P-149,CLT-1017,1114.914,-0.0008,-0.01321,0.0,Bloomberg Global Aggregate
2023-08-31,P-149,CLT-1017,1141.734,0.02406,0.01806,0.0,Bloomberg Global Aggregate
2023-09-30,P-149,CLT-1017,1124.327,-0.01525,-0.00247,0.0,Bloomberg Global Aggregate
2023-10-31,P-149,CLT-1017,1119.376,-0.0044,-0.01193,0.0,Bloomberg Global Aggregate
2023-11-30,P-149,CLT-1017,1098.24,-0.01888,-0.01571,0.0,Bloomberg Global Aggregate
2023-12-31,P-149,CLT-1017,1082.867,-0.014,-0.01655,0.0,Bloomberg Global Aggregate
2024-01-31,P-149,CLT-1017,1056.321,-0.02451,-0.03312,0.0,Bloomberg Global Aggregate
2024-02-29,P-149,CLT-1017,1032.558,-0.0225,-0.01949,0.0,Bloomberg Global Aggregate
2024-03-31,P-149,CLT-1017,1003.546,-0.0281,-0.01692,0.0,Bloomberg Global Aggregate
2024-04-30,P-149,CLT-1017,1031.932,0.02829,0.01598,0.0,Bloomberg Global Aggregate
2024-05-31,P-149,CLT-1017,1042.072,0.00983,6e-05,0.0,Bloomberg Global Aggregate
2024-06-30,P-149,CLT-1017,1029.686,-0.01189,-0.01232,0.0,Bloomberg Global Aggregate
2024-07-31,P-149,CLT-1017,1085.244,0.05396,0.04651,0.0,Bloomberg Global Aggregate
2024-08-31,P-149,CLT-1017,1073.356,-0.01095,-0.00929,0.0,Bloomberg Global Aggregate
2024-09-30,P-149,CLT-1017,1102.206,0.02688,0.02507,0.0,Bloomberg Global Aggregate
2024-10-31,P-149,CLT-1017,1139.238,0.0336,0.03358,0.0,Bloomberg Global Aggregate
2024-11-30,P-149,CLT-1017,1107.733,-0.02765,-0.02629,0.0,Bloomberg Global Aggregate
2024-12-31,P-149,CLT-1017,1116.952,0.00832,0.00455,0.0,Bloomberg Global Aggregate
2025-01-31,P-149,CLT-1017,1100.801,-0.01446,-0.00654,0.0,Bloomberg Global Aggregate
2025-02-28,P-149,CLT-1017,1091.051,-0.00886,-0.00807,0.0,Bloomberg Global Aggregate
2025-03-31,P-149,CLT-1017,1109.621,0.01702,0.01359,48.16,Bloomberg Global Aggregate
2025-04-30,P-149,CLT-1017,1116.576,0.00627,-0.00852,0.0,Bloomberg Global Aggregate
2025-05-31,P-149,CLT-1017,1101.221,-0.01375,-0.00614,0.0,Bloomberg Global Aggregate
2025-06-30,P-149,CLT-1017,1106.706,0.00498,1e-05,0.0,Bloomberg Global Aggregate
2025-07-31,P-149,CLT-1017,1108.86,0.00195,-0.00384,0.0,Bloomberg Global Aggregate
2025-08-31,P-149,CLT-1017,1073.651,-0.03175,-0.01885,0.0,Bloomberg Global Aggregate
2025-09-30,P-149,CLT-1017,1097.54,0.02225,0.0181,0.0,Bloomberg Global Aggregate
2025-10-31,P-149,CLT-1017,1131.006,0.03049,0.02284,0.0,Bloomberg Global Aggregate
2025-11-30,P-149,CLT-1017,1148.073,0.01509,0.00961,0.0,Bloomberg Global Aggregate
2025-12-31,P-149,CLT-1017,1144.13,-0.00344,-0.0039,0.0,Bloomberg Global Aggregate
2026-01-31,P-149,CLT-1017,1136.701,-0.00649,-0.01007,39.19,Bloomberg Global Aggregate
2026-02-28,P-149,CLT-1017,1127.97,-0.00768,-0.01004,0.0,Bloomberg Global Aggregate
2021-01-31,P-150,CLT-1017,822.098,-0.01259,0.01155,-57.95,Bloomberg Global Aggregate
2021-02-28,P-150,CLT-1017,824.582,0.00302,-0.00084,0.0,Bloomberg Global Aggregate
2021-03-31,P-150,CLT-1017,840.973,0.01988,0.02435,0.0,Bloomberg Global Aggregate
2021-04-30,P-150,CLT-1017,834.38,-0.00784,0.00166,0.0,Bloomberg Global Aggregate
2021-05-31,P-150,CLT-1017,861.386,0.03237,-0.00557,0.0,Bloomberg Global Aggregate
2021-06-30,P-150,CLT-1017,895.333,0.03941,0.0198,0.0,Bloomberg Global Aggregate
2021-07-31,P-150,CLT-1017,860.129,-0.03932,-0.0232,0.0,Bloomberg Global Aggregate
2021-08-31,P-150,CLT-1017,876.218,0.01871,0.01257,0.0,Bloomberg Global Aggregate
2021-09-30,P-150,CLT-1017,881.711,0.00627,-0.01639,69.63,Bloomberg Global Aggregate
2021-10-31,P-150,CLT-1017,886.896,0.00588,0.02715,0.0,Bloomberg Global Aggregate
2021-11-30,P-150,CLT-1017,887.247,0.0004,-0.00173,0.0,Bloomberg Global Aggregate
2021-12-31,P-150,CLT-1017,894.813,0.00853,0.0057,0.0,Bloomberg Global Aggregate
2022-01-31,P-150,CLT-1017,875.074,-0.02206,-0.00409,0.0,Bloomberg Global Aggregate
2022-02-28,P-150,CLT-1017,838.832,-0.04142,-0.04804,0.0,Bloomberg Global Aggregate
2022-03-31,P-150,CLT-1017,833.414,-0.00646,-0.02404,0.0,Bloomberg Global Aggregate
2022-04-30,P-150,CLT-1017,859.378,0.03115,0.00775,0.0,Bloomberg Global Aggregate
2022-05-31,P-150,CLT-1017,860.86,0.00172,0.00445,0.0,Bloomberg Global Aggregate
2022-06-30,P-150,CLT-1017,888.114,0.03166,-0.00652,0.0,Bloomberg Global Aggregate
2022-07-31,P-150,CLT-1017,828.812,-0.06677,-0.03715,0.0,Bloomberg Global Aggregate
2022-08-31,P-150,CLT-1017,833.315,0.00543,-0.00085,0.0,Bloomberg Global Aggregate
2022-09-30,P-150,CLT-1017,817.928,-0.01846,0.00155,0.0,Bloomberg Global Aggregate
2022-10-31,P-150,CLT-1017,810.872,-0.00863,-0.01095,0.0,Bloomberg Global Aggregate
2022-11-30,P-150,CLT-1017,814.391,0.00434,0.01112,0.0,Bloomberg Global Aggregate
2022-12-31,P-150,CLT-1017,801.249,-0.01614,-0.02466,0.0,Bloomberg Global Aggregate
2023-01-31,P-150,CLT-1017,795.397,-0.0073,-0.0064,0.0,Bloomberg Global Aggregate
2023-02-28,P-150,CLT-1017,751.846,-0.05475,-0.04345,0.0,Bloomberg Global Aggregate
2023-03-31,P-150,CLT-1017,759.443,0.0101,0.02043,0.0,Bloomberg Global Aggregate
2023-04-30,P-150,CLT-1017,788.889,0.03877,0.00906,0.0,Bloomberg Global Aggregate
2023-05-31,P-150,CLT-1017,772.47,-0.02081,-0.02839,53.85,Bloomberg Global Aggregate
2023-06-30,P-150,CLT-1017,730.635,-0.05416,-0.02983,-33.24,Bloomberg Global Aggregate
2023-07-31,P-150,CLT-1017,727.687,-0.00403,-0.01321,0.0,Bloomberg Global Aggregate
2023-08-31,P-150,CLT-1017,739.437,0.01615,0.01806,0.0,Bloomberg Global Aggregate
2023-09-30,P-150,CLT-1017,738.388,-0.00142,-0.00247,40.83,Bloomberg Global Aggregate
2023-10-31,P-150,CLT-1017,739.304,0.00124,-0.01193,0.0,Bloomberg Global Aggregate
2023-11-30,P-150,CLT-1017,741.422,0.00287,-0.01571,0.0,Bloomberg Global Aggregate
2023-12-31,P-150,CLT-1017,720.411,-0.02834,-0.01655,0.0,Bloomberg Global Aggregate
2024-01-31,P-150,CLT-1017,696.942,-0.03258,-0.03312,0.0,Bloomberg Global Aggregate
2024-02-29,P-150,CLT-1017,678.385,-0.02663,-0.01949,0.0,Bloomberg Global Aggregate
2024-03-31,P-150,CLT-1017,673.594,-0.00706,-0.01692,0.0,Bloomberg Global Aggregate
2024-04-30,P-150,CLT-1017,682.69,0.0135,0.01598,0.0,Bloomberg Global Aggregate
2024-05-31,P-150,CLT-1017,683.697,0.00147,6e-05,0.0,Bloomberg Global Aggregate
2024-06-30,P-150,CLT-1017,673.195,-0.01536,-0.01232,0.0,Bloomberg Global Aggregate
2024-07-31,P-150,CLT-1017,704.102,0.04591,0.04651,0.0,Bloomberg Global Aggregate
2024-08-31,P-150,CLT-1017,716.1,0.01704,-0.00929,0.0,Bloomberg Global Aggregate
2024-09-30,P-150,CLT-1017,760.21,0.0616,0.02507,0.0,Bloomberg Global Aggregate
2024-10-31,P-150,CLT-1017,790.752,0.04018,0.03358,0.0,Bloomberg Global Aggregate
2024-11-30,P-150,CLT-1017,769.563,-0.0268,-0.02629,0.0,Bloomberg Global Aggregate
2024-12-31,P-150,CLT-1017,755.566,-0.01819,0.00455,0.0,Bloomberg Global Aggregate
2025-01-31,P-150,CLT-1017,742.821,-0.01687,-0.00654,0.0,Bloomberg Global Aggregate
2025-02-28,P-150,CLT-1017,736.155,-0.00897,-0.00807,-34.84,Bloomberg Global Aggregate
2025-03-31,P-150,CLT-1017,739.054,0.00394,0.01359,-56.64,Bloomberg Global Aggregate
2025-04-30,P-150,CLT-1017,726.781,-0.01661,-0.00852,0.0,Bloomberg Global Aggregate
2025-05-31,P-150,CLT-1017,740.058,0.01827,-0.00614,0.0,Bloomberg Global Aggregate
2025-06-30,P-150,CLT-1017,741.111,0.00142,1e-05,0.0,Bloomberg Global Aggregate
2025-07-31,P-150,CLT-1017,740.297,-0.0011,-0.00384,0.0,Bloomberg Global Aggregate
2025-08-31,P-150,CLT-1017,719.646,-0.0279,-0.01885,0.0,Bloomberg Global Aggregate
2025-09-30,P-150,CLT-1017,745.98,0.03659,0.0181,0.0,Bloomberg Global Aggregate
2025-10-31,P-150,CLT-1017,761.394,0.02066,0.02284,-20.61,Bloomberg Global Aggregate
2025-11-30,P-150,CLT-1017,763.566,0.00285,0.00961,0.0,Bloomberg Global Aggregate
2025-12-31,P-150,CLT-1017,743.392,-0.02642,-0.0039,0.0,Bloomberg Global Aggregate
2026-01-31,P-150,CLT-1017,735.964,-0.00999,-0.01007,0.0,Bloomberg Global Aggregate
2026-02-28,P-150,CLT-1017,723.26,-0.01726,-0.01004,-20.63,Bloomberg Global Aggregate
2021-01-31,P-151,CLT-1017,337.729,-0.0125,-0.02239,0.0,NIFTY 50
2021-02-28,P-151,CLT-1017,355.107,0.05145,0.0407,0.0,NIFTY 50
2021-03-31,P-151,CLT-1017,355.246,0.00039,0.00653,0.0,NIFTY 50
2021-04-30,P-151,CLT-1017,359.756,0.0127,0.01821,0.0,NIFTY 50
2021-05-31,P-151,CLT-1017,403.613,0.12191,0.12278,0.0,NIFTY 50
2021-06-30,P-151,CLT-1017,387.357,-0.04028,-0.03644,0.0,NIFTY 50
2021-07-31,P-151,CLT-1017,415.812,0.07346,0.07163,0.0,NIFTY 50
2021-08-31,P-151,CLT-1017,372.233,-0.1048,-0.10365,0.0,NIFTY 50
2021-09-30,P-151,CLT-1017,343.826,-0.07632,-0.0785,0.0,NIFTY 50
2021-10-31,P-151,CLT-1017,331.446,-0.03601,-0.04222,0.0,NIFTY 50
2021-11-30,P-151,CLT-1017,316.635,-0.04469,-0.03949,0.0,NIFTY 50
2021-12-31,P-151,CLT-1017,325.001,0.02642,0.02032,0.0,NIFTY 50
2022-01-31,P-151,CLT-1017,326.851,0.00569,0.00905,0.0,NIFTY 50
2022-02-28,P-151,CLT-1017,326.163,-0.00211,-0.01453,0.0,NIFTY 50
2022-03-31,P-151,CLT-1017,326.014,-0.00046,-0.00999,0.0,NIFTY 50
2022-04-30,P-151,CLT-1017,332.33,0.01937,0.01935,0.0,NIFTY 50
2022-05-31,P-151,CLT-1017,341.614,0.02793,0.03258,0.0,NIFTY 50
2022-06-30,P-151,CLT-1017,318.85,-0.06664,-0.06094,0.0,NIFTY 50
2022-07-31,P-151,CLT-1017,314.47,-0.01374,-0.01917,0.0,NIFTY 50
2022-08-31,P-151,CLT-1017,312.571,-0.00604,-0.00651,0.0,NIFTY 50
2022-09-30,P-151,CLT-1017,319.835,0.02324,0.01751,0.0,NIFTY 50
2022-10-31,P-151,CLT-1017,312.088,-0.02422,-0.03696,0.0,NIFTY 50
2022-11-30,P-151,CLT-1017,308.67,-0.01095,-0.00736,0.0,NIFTY 50
2022-12-31,P-151,CLT-1017,306.105,-0.00831,-0.0022,0.0,NIFTY 50
2023-01-31,P-151,CLT-1017,300.808,-0.01731,-0.019,0.0,NIFTY 50
2023-02-28,P-151,CLT-1017,296.862,-0.01312,-0.02004,0.0,NIFTY 50
2023-03-31,P-151,CLT-1017,300.204,0.01126,0.01578,0.0,NIFTY 50
2023-04-30,P-151,CLT-1017,302.211,0.00669,0.00586,0.0,NIFTY 50
2023-05-31,P-151,CLT-1017,314.701,0.04133,0.03317,0.0,NIFTY 50
2023-06-30,P-151,CLT-1017,301.35,-0.04243,-0.03411,0.0,NIFTY 50
2023-07-31,P-151,CLT-1017,300.822,-0.00175,-0.00368,0.0,NIFTY 50
2023-08-31,P-151,CLT-1017,300.597,-0.00075,0.00157,0.0,NIFTY 50
2023-09-30,P-151,CLT-1017,315.044,0.04806,0.04674,0.0,NIFTY 50
2023-10-31,P-151,CLT-1017,307.267,-0.02469,-0.02922,0.0,NIFTY 50
2023-11-30,P-151,CLT-1017,314.492,0.02351,0.02166,0.0,NIFTY 50
2023-12-31,P-151,CLT-1017,320.009,0.01754,0.02244,0.0,NIFTY 50
2024-01-31,P-151,CLT-1017,345.828,0.08068,0.08279,0.0,NIFTY 50
2024-02-29,P-151,CLT-1017,337.652,-0.02364,-0.03211,0.0,NIFTY 50
2024-03-31,P-151,CLT-1017,332.752,-0.01451,-0.01696,0.0,NIFTY 50
2024-04-30,P-151,CLT-1017,324.82,-0.02384,-0.02909,0.0,NIFTY 50
2024-05-31,P-151,CLT-1017,305.724,-0.05879,-0.0608,0.0,NIFTY 50
2024-06-30,P-151,CLT-1017,334.154,0.09299,0.08791,0.0,NIFTY 50
2024-07-31,P-151,CLT-1017,319.521,-0.04379,-0.04226,0.0,NIFTY 50
2024-08-31,P-151,CLT-1017,310.76,-0.02742,-0.02385,0.0,NIFTY 50
2024-09-30,P-151,CLT-1017,333.541,0.07331,0.06847,-21.69,NIFTY 50
2024-10-31,P-151,CLT-1017,314.334,-0.05759,-0.06441,0.0,NIFTY 50
2024-11-30,P-151,CLT-1017,326.868,0.03988,0.04425,-25.41,NIFTY 50
2024-12-31,P-151,CLT-1017,309.804,-0.0522,-0.04969,0.0,NIFTY 50
2025-01-31,P-151,CLT-1017,330.012,0.06523,0.06548,0.0,NIFTY 50
2025-02-28,P-151,CLT-1017,305.944,-0.07293,-0.08246,0.0,NIFTY 50
2025-03-31,P-151,CLT-1017,287.374,-0.0607,-0.06443,0.0,NIFTY 50
2025-04-30,P-151,CLT-1017,281.994,-0.01872,-0.0121,0.0,NIFTY 50
2025-05-31,P-151,CLT-1017,297.141,0.05371,0.05358,13.11,NIFTY 50
2025-06-30,P-151,CLT-1017,299.949,0.00945,0.01016,-12.12,NIFTY 50
2025-07-31,P-151,CLT-1017,297.3,-0.00883,-0.00304,0.0,NIFTY 50
2025-08-31,P-151,CLT-1017,318.066,0.06985,0.06979,13.65,NIFTY 50
2025-09-30,P-151,CLT-1017,351.105,0.10387,0.10482,-18.44,NIFTY 50
2025-10-31,P-151,CLT-1017,364.892,0.03927,0.04061,0.0,NIFTY 50
2025-11-30,P-151,CLT-1017,358.665,-0.01706,-0.01547,0.0,NIFTY 50
2025-12-31,P-151,CLT-1017,359.421,0.00211,-0.00661,0.0,NIFTY 50
2026-01-31,P-151,CLT-1017,343.015,-0.04565,-0.04429,0.0,NIFTY 50
2026-02-28,P-151,CLT-1017,348.77,0.01678,0.01587,0.0,NIFTY 50
2021-01-31,P-152,CLT-1018,785.744,0.01208,0.01155,0.0,Bloomberg Global Aggregate
2021-02-28,P-152,CLT-1018,783.548,-0.00279,-0.00084,0.0,Bloomberg Global Aggregate
2021-03-31,P-152,CLT-1018,803.654,0.02566,0.02435,0.0,Bloomberg Global Aggregate
2021-04-30,P-152,CLT-1018,805.973,0.00289,0.00166,0.0,Bloomberg Global Aggregate
2021-05-31,P-152,CLT-1018,802.541,-0.00426,-0.00557,-35.93,Bloomberg Global Aggregate
2021-06-30,P-152,CLT-1018,815.271,0.01586,0.0198,0.0,Bloomberg Global Aggregate
2021-07-31,P-152,CLT-1018,796.122,-0.02349,-0.0232,0.0,Bloomberg Global Aggregate
2021-08-31,P-152,CLT-1018,810.198,0.01768,0.01257,0.0,Bloomberg Global Aggregate
2021-09-30,P-152,CLT-1018,796.8,-0.01654,-0.01639,0.0,Bloomberg Global Aggregate
2021-10-31,P-152,CLT-1018,819.838,0.02891,0.02715,0.0,Bloomberg Global Aggregate
2021-11-30,P-152,CLT-1018,819.892,7e-05,-0.00173,0.0,Bloomberg Global Aggregate
2021-12-31,P-152,CLT-1018,827.185,0.0089,0.0057,0.0,Bloomberg Global Aggregate
2022-01-31,P-152,CLT-1018,827.097,-0.00011,-0.00409,0.0,Bloomberg Global Aggregate
2022-02-28,P-152,CLT-1018,787.271,-0.04815,-0.04804,0.0,Bloomberg Global Aggregate
2022-03-31,P-152,CLT-1018,765.014,-0.02827,-0.02404,0.0,Bloomberg Global Aggregate
2022-04-30,P-152,CLT-1018,766.39,0.0018,0.00775,-29.97,Bloomberg Global Aggregate
2022-05-31,P-152,CLT-1018,774.821,0.011,0.00445,0.0,Bloomberg Global Aggregate
2022-06-30,P-152,CLT-1018,773.772,-0.00135,-0.00652,-34.39,Bloomberg Global Aggregate
2022-07-31,P-152,CLT-1018,748.499,-0.03266,-0.03715,0.0,Bloomberg Global Aggregate
2022-08-31,P-152,CLT-1018,751.905,0.00455,-0.00085,0.0,Bloomberg Global Aggregate
2022-09-30,P-152,CLT-1018,753.042,0.00151,0.00155,0.0,Bloomberg Global Aggregate
2022-10-31,P-152,CLT-1018,742.816,-0.01358,-0.01095,0.0,Bloomberg Global Aggregate
2022-11-30,P-152,CLT-1018,747.645,0.0065,0.01112,0.0,Bloomberg Global Aggregate
2022-12-31,P-152,CLT-1018,725.304,-0.02988,-0.02466,0.0,Bloomberg Global Aggregate
2023-01-31,P-152,CLT-1018,726.201,0.00124,-0.0064,0.0,Bloomberg Global Aggregate
2023-02-28,P-152,CLT-1018,693.27,-0.04535,-0.04345,0.0,Bloomberg Global Aggregate
2023-03-31,P-152,CLT-1018,712.117,0.02719,0.02043,0.0,Bloomberg Global Aggregate
2023-04-30,P-152,CLT-1018,718.436,0.00887,0.00906,0.0,Bloomberg Global Aggregate
2023-05-31,P-152,CLT-1018,695.944,-0.03131,-0.02839,-46.61,Bloomberg Global Aggregate
2023-06-30,P-152,CLT-1018,671.527,-0.03508,-0.02983,0.0,Bloomberg Global Aggregate
2023-07-31,P-152,CLT-1018,661.03,-0.01563,-0.01321,0.0,Bloomberg Global Aggregate
2023-08-31,P-152,CLT-1018,678.778,0.02685,0.01806,0.0,Bloomberg Global Aggregate
2023-09-30,P-152,CLT-1018,673.575,-0.00767,-0.00247,0.0,Bloomberg Global Aggregate
2023-10-31,P-152,CLT-1018,674.086,0.00076,-0.01193,0.0,Bloomberg Global Aggregate
2023-11-30,P-152,CLT-1018,660.91,-0.01955,-0.01571,0.0,Bloomberg Global Aggregate
2023-12-31,P-152,CLT-1018,653.311,-0.0115,-0.01655,0.0,Bloomberg Global Aggregate
2024-01-31,P-152,CLT-1018,631.709,-0.03307,-0.03312,49.06,Bloomberg Global Aggregate
2024-02-29,P-152,CLT-1018,618.811,-0.02042,-0.01949,0.0,Bloomberg Global Aggregate
2024-03-31,P-152,CLT-1018,604.477,-0.02316,-0.01692,0.0,Bloomberg Global Aggregate
2024-04-30,P-152,CLT-1018,614.323,0.01629,0.01598,0.0,Bloomberg Global Aggregate
2024-05-31,P-152,CLT-1018,610.911,-0.00555,6e-05,22.24,Bloomberg Global Aggregate
2024-06-30,P-152,CLT-1018,598.168,-0.02086,-0.01232,0.0,Bloomberg Global Aggregate
2024-07-31,P-152,CLT-1018,626.902,0.04804,0.04651,0.0,Bloomberg Global Aggregate
2024-08-31,P-152,CLT-1018,619.393,-0.01198,-0.00929,0.0,Bloomberg Global Aggregate
2024-09-30,P-152,CLT-1018,641.284,0.03534,0.02507,0.0,Bloomberg Global Aggregate
2024-10-31,P-152,CLT-1018,666.959,0.04004,0.03358,0.0,Bloomberg Global Aggregate
2024-11-30,P-152,CLT-1018,656.327,-0.01594,-0.02629,0.0,Bloomberg Global Aggregate
2024-12-31,P-152,CLT-1018,657.385,0.00161,0.00455,0.0,Bloomberg Global Aggregate
2025-01-31,P-152,CLT-1018,654.151,-0.00492,-0.00654,0.0,Bloomberg Global Aggregate
2025-02-28,P-152,CLT-1018,639.854,-0.02186,-0.00807,0.0,Bloomberg Global Aggregate
2025-03-31,P-152,CLT-1018,648.092,0.01288,0.01359,-28.33,Bloomberg Global Aggregate
2025-04-30,P-152,CLT-1018,643.486,-0.00711,-0.00852,0.0,Bloomberg Global Aggregate
2025-05-31,P-152,CLT-1018,640.645,-0.00442,-0.00614,0.0,Bloomberg Global Aggregate
2025-06-30,P-152,CLT-1018,641.054,0.00064,1e-05,0.0,Bloomberg Global Aggregate
2025-07-31,P-152,CLT-1018,639.385,-0.0026,-0.00384,0.0,Bloomberg Global Aggregate
2025-08-31,P-152,CLT-1018,618.186,-0.03316,-0.01885,0.0,Bloomberg Global Aggregate
2025-09-30,P-152,CLT-1018,630.794,0.0204,0.0181,0.0,Bloomberg Global Aggregate
2025-10-31,P-152,CLT-1018,647.451,0.02641,0.02284,0.0,Bloomberg Global Aggregate
2025-11-30,P-152,CLT-1018,659.077,0.01796,0.00961,0.0,Bloomberg Global Aggregate
2025-12-31,P-152,CLT-1018,658.434,-0.00097,-0.0039,0.0,Bloomberg Global Aggregate
2026-01-31,P-152,CLT-1018,651.894,-0.00993,-0.01007,0.0,Bloomberg Global Aggregate
2026-02-28,P-152,CLT-1018,649.94,-0.003,-0.01004,0.0,Bloomberg Global Aggregate
2021-01-31,P-153,CLT-1018,704.603,-0.00986,0.01155,0.0,Bloomberg Global Aggregate
2021-02-28,P-153,CLT-1018,701.297,-0.00469,-0.00084,0.0,Bloomberg Global Aggregate
2021-03-31,P-153,CLT-1018,713.994,0.0181,0.02435,0.0,Bloomberg Global Aggregate
2021-04-30,P-153,CLT-1018,715.691,0.00238,0.00166,0.0,Bloomberg Global Aggregate
2021-05-31,P-153,CLT-1018,697.465,-0.02547,-0.00557,0.0,Bloomberg Global Aggregate
2021-06-30,P-153,CLT-1018,720.776,0.03342,0.0198,-42.37,Bloomberg Global Aggregate
2021-07-31,P-153,CLT-1018,703.094,-0.02453,-0.0232,14.24,Bloomberg Global Aggregate
2021-08-31,P-153,CLT-1018,714.803,0.01665,0.01257,-32.02,Bloomberg Global Aggregate
2021-09-30,P-153,CLT-1018,705.353,-0.01322,-0.01639,0.0,Bloomberg Global Aggregate
2021-10-31,P-153,CLT-1018,733.724,0.04022,0.02715,0.0,Bloomberg Global Aggregate
2021-11-30,P-153,CLT-1018,720.207,-0.01842,-0.00173,0.0,Bloomberg Global Aggregate
2021-12-31,P-153,CLT-1018,725.838,0.00782,0.0057,0.0,Bloomberg Global Aggregate
2022-01-31,P-153,CLT-1018,731.555,0.00788,-0.00409,0.0,Bloomberg Global Aggregate
2022-02-28,P-153,CLT-1018,696.494,-0.04793,-0.04804,0.0,Bloomberg Global Aggregate
2022-03-31,P-153,CLT-1018,674.167,-0.03206,-0.02404,-49.59,Bloomberg Global Aggregate
2022-04-30,P-153,CLT-1018,676.219,0.00304,0.00775,0.0,Bloomberg Global Aggregate
2022-05-31,P-153,CLT-1018,677.405,0.00175,0.00445,0.0,Bloomberg Global Aggregate
2022-06-30,P-153,CLT-1018,669.043,-0.01234,-0.00652,0.0,Bloomberg Global Aggregate
2022-07-31,P-153,CLT-1018,643.913,-0.03756,-0.03715,0.0,Bloomberg Global Aggregate
2022-08-31,P-153,CLT-1018,653.295,0.01457,-0.00085,0.0,Bloomberg Global Aggregate
2022-09-30,P-153,CLT-1018,651.276,-0.00309,0.00155,0.0,Bloomberg Global Aggregate
2022-10-31,P-153,CLT-1018,641.801,-0.01455,-0.01095,0.0,Bloomberg Global Aggregate
2022-11-30,P-153,CLT-1018,652.421,0.01655,0.01112,0.0,Bloomberg Global Aggregate
2022-12-31,P-153,CLT-1018,635.931,-0.02527,-0.02466,0.0,Bloomberg Global Aggregate
2023-01-31,P-153,CLT-1018,624.475,-0.01802,-0.0064,0.0,Bloomberg Global Aggregate
2023-02-28,P-153,CLT-1018,597.629,-0.04299,-0.04345,0.0,Bloomberg Global Aggregate
2023-03-31,P-153,CLT-1018,609.9,0.02053,0.02043,0.0,Bloomberg Global Aggregate
2023-04-30,P-153,CLT-1018,621.732,0.0194,0.00906,0.0,Bloomberg Global Aggregate
2023-05-31,P-153,CLT-1018,598.974,-0.0366,-0.02839,-39.24,Bloomberg Global Aggregate
2023-06-30,P-153,CLT-1018,587.339,-0.01942,-0.02983,0.0,Bloomberg Global Aggregate
2023-07-31,P-153,CLT-1018,579.651,-0.01309,-0.01321,0.0,Bloomberg Global Aggregate
2023-08-31,P-153,CLT-1018,584.607,0.00855,0.01806,0.0,Bloomberg Global Aggregate
2023-09-30,P-153,CLT-1018,576.487,-0.01389,-0.00247,0.0,Bloomberg Global Aggregate
2023-10-31,P-153,CLT-1018,580.836,0.00754,-0.01193,0.0,Bloomberg Global Aggregate
2023-11-30,P-153,CLT-1018,571.434,-0.01619,-0.01571,0.0,Bloomberg Global Aggregate
2023-12-31,P-153,CLT-1018,567.673,-0.00658,-0.01655,0.0,Bloomberg Global Aggregate
2024-01-31,P-153,CLT-1018,540.231,-0.04834,-0.03312,0.0,Bloomberg Global Aggregate
2024-02-29,P-153,CLT-1018,543.844,0.00669,-0.01949,0.0,Bloomberg Global Aggregate
2024-03-31,P-153,CLT-1018,539.84,-0.00736,-0.01692,40.09,Bloomberg Global Aggregate
2024-04-30,P-153,CLT-1018,547.716,0.01459,0.01598,0.0,Bloomberg Global Aggregate
2024-05-31,P-153,CLT-1018,546.724,-0.00181,6e-05,0.0,Bloomberg Global Aggregate
2024-06-30,P-153,CLT-1018,544.386,-0.00428,-0.01232,0.0,Bloomberg Global Aggregate
2024-07-31,P-153,CLT-1018,573.786,0.05401,0.04651,0.0,Bloomberg Global Aggregate
2024-08-31,P-153,CLT-1018,570.054,-0.0065,-0.00929,0.0,Bloomberg Global Aggregate
2024-09-30,P-153,CLT-1018,585.0,0.02622,0.02507,0.0,Bloomberg Global Aggregate
2024-10-31,P-153,CLT-1018,608.388,0.03998,0.03358,0.0,Bloomberg Global Aggregate
2024-11-30,P-153,CLT-1018,582.934,-0.04184,-0.02629,0.0,Bloomberg Global Aggregate
2024-12-31,P-153,CLT-1018,584.139,0.00207,0.00455,0.0,Bloomberg Global Aggregate
2025-01-31,P-153,CLT-1018,571.763,-0.02119,-0.00654,0.0,Bloomberg Global Aggregate
2025-02-28,P-153,CLT-1018,571.041,-0.00126,-0.00807,0.0,Bloomberg Global Aggregate
2025-03-31,P-153,CLT-1018,575.722,0.0082,0.01359,0.0,Bloomberg Global Aggregate
2025-04-30,P-153,CLT-1018,562.8,-0.02245,-0.00852,0.0,Bloomberg Global Aggregate
2025-05-31,P-153,CLT-1018,555.678,-0.01265,-0.00614,-35.98,Bloomberg Global Aggregate
2025-06-30,P-153,CLT-1018,557.058,0.00248,1e-05,0.0,Bloomberg Global Aggregate
2025-07-31,P-153,CLT-1018,554.414,-0.00475,-0.00384,0.0,Bloomberg Global Aggregate
2025-08-31,P-153,CLT-1018,538.346,-0.02898,-0.01885,0.0,Bloomberg Global Aggregate
2025-09-30,P-153,CLT-1018,539.911,0.00291,0.0181,0.0,Bloomberg Global Aggregate
2025-10-31,P-153,CLT-1018,553.189,0.02459,0.02284,0.0,Bloomberg Global Aggregate
2025-11-30,P-153,CLT-1018,556.027,0.00513,0.00961,0.0,Bloomberg Global Aggregate
2025-12-31,P-153,CLT-1018,553.075,-0.00531,-0.0039,0.0,Bloomberg Global Aggregate
2026-01-31,P-153,CLT-1018,547.246,-0.01054,-0.01007,33.29,Bloomberg Global Aggregate
2026-02-28,P-153,CLT-1018,544.57,-0.00489,-0.01004,0.0,Bloomberg Global Aggregate
2021-01-31,P-154,CLT-1018,2046.244,-0.05302,-0.06004,0.0,MSCI World
2021-02-28,P-154,CLT-1018,2111.307,0.0318,0.03127,0.0,MSCI World
2021-03-31,P-154,CLT-1018,2297.77,0.08832,0.09212,0.0,MSCI World
2021-04-30,P-154,CLT-1018,2384.177,0.0376,0.0382,0.0,MSCI World
2021-05-31,P-154,CLT-1018,2347.355,-0.01544,-0.01147,0.0,MSCI World
2021-06-30,P-154,CLT-1018,2380.608,0.01417,0.03022,0.0,MSCI World
2021-07-31,P-154,CLT-1018,2583.66,0.08529,0.076,0.0,MSCI World
2021-08-31,P-154,CLT-1018,2794.103,0.08145,0.0739,0.0,MSCI World
2021-09-30,P-154,CLT-1018,2748.719,-0.01624,-0.03385,0.0,MSCI World
2021-10-31,P-154,CLT-1018,2885.718,0.04984,0.02953,0.0,MSCI World
2021-11-30,P-154,CLT-1018,2856.334,-0.01018,0.00155,-65.18,MSCI World
2021-12-31,P-154,CLT-1018,2964.849,0.03799,0.04193,0.0,MSCI World
2022-01-31,P-154,CLT-1018,3058.776,0.03168,0.00922,0.0,MSCI World
2022-02-28,P-154,CLT-1018,2730.786,-0.10723,-0.10602,0.0,MSCI World
2022-03-31,P-154,CLT-1018,2676.266,-0.01996,-0.0214,0.0,MSCI World
2022-04-30,P-154,CLT-1018,2640.262,-0.01345,0.00148,0.0,MSCI World
2022-05-31,P-154,CLT-1018,2465.192,-0.06631,-0.06687,0.0,MSCI World
2022-06-30,P-154,CLT-1018,2550.413,0.03457,0.01749,0.0,MSCI World
2022-07-31,P-154,CLT-1018,2398.599,-0.05953,-0.07063,0.0,MSCI World
2022-08-31,P-154,CLT-1018,2286.493,-0.04674,-0.04025,0.0,MSCI World
2022-09-30,P-154,CLT-1018,2388.947,0.04481,0.04931,0.0,MSCI World
2022-10-31,P-154,CLT-1018,2257.222,-0.05514,-0.04383,0.0,MSCI World
2022-11-30,P-154,CLT-1018,2276.345,0.00847,0.01719,0.0,MSCI World
2022-12-31,P-154,CLT-1018,2051.505,-0.09877,-0.08023,0.0,MSCI World
2023-01-31,P-154,CLT-1018,2243.672,0.09367,0.09529,0.0,MSCI World
2023-02-28,P-154,CLT-1018,2262.946,0.00859,-0.00458,-49.04,MSCI World
2023-03-31,P-154,CLT-1018,2296.038,0.01462,0.01216,0.0,MSCI World
2023-04-30,P-154,CLT-1018,2359.177,0.0275,0.01566,166.16,MSCI World
2023-05-31,P-154,CLT-1018,2459.961,0.04272,0.0336,0.0,MSCI World
2023-06-30,P-154,CLT-1018,2309.114,-0.06132,-0.05542,0.0,MSCI World
2023-07-31,P-154,CLT-1018,2309.283,7e-05,0.00794,0.0,MSCI World
2023-08-31,P-154,CLT-1018,2247.111,-0.02692,-0.01941,0.0,MSCI World
2023-09-30,P-154,CLT-1018,2068.91,-0.0793,-0.06255,0.0,MSCI World
2023-10-31,P-154,CLT-1018,2170.197,0.04896,0.04949,0.0,MSCI World
2023-11-30,P-154,CLT-1018,2095.693,-0.03433,-0.00657,0.0,MSCI World
2023-12-31,P-154,CLT-1018,2143.837,0.02297,0.01832,141.16,MSCI World
2024-01-31,P-154,CLT-1018,2177.136,0.01553,0.01569,0.0,MSCI World
2024-02-29,P-154,CLT-1018,2172.113,-0.00231,-0.00585,0.0,MSCI World
2024-03-31,P-154,CLT-1018,2388.908,0.09981,0.09084,-179.17,MSCI World
2024-04-30,P-154,CLT-1018,2406.115,0.0072,0.00619,0.0,MSCI World
2024-05-31,P-154,CLT-1018,2303.259,-0.04275,-0.05705,0.0,MSCI World
2024-06-30,P-154,CLT-1018,2294.841,-0.00365,-0.00859,0.0,MSCI World
2024-07-31,P-154,CLT-1018,2343.576,0.02124,0.02908,0.0,MSCI World
2024-08-31,P-154,CLT-1018,2407.855,0.02743,0.03046,56.07,MSCI World
2024-09-30,P-154,CLT-1018,2265.409,-0.05916,-0.03737,0.0,MSCI World
2024-10-31,P-154,CLT-1018,2351.223,0.03788,0.04707,0.0,MSCI World
2024-11-30,P-154,CLT-1018,2186.675,-0.06998,-0.06562,-117.11,MSCI World
2024-12-31,P-154,CLT-1018,2318.518,0.06029,0.05606,0.0,MSCI World
2025-01-31,P-154,CLT-1018,2191.362,-0.05484,-0.04706,0.0,MSCI World
2025-02-28,P-154,CLT-1018,2161.371,-0.01369,-0.0013,73.46,MSCI World
2025-03-31,P-154,CLT-1018,2235.72,0.0344,0.05273,0.0,MSCI World
2025-04-30,P-154,CLT-1018,2250.957,0.00682,0.01317,0.0,MSCI World
2025-05-31,P-154,CLT-1018,2385.137,0.05961,0.04235,114.13,MSCI World
2025-06-30,P-154,CLT-1018,2470.4,0.03575,0.03406,0.0,MSCI World
2025-07-31,P-154,CLT-1018,2643.056,0.06989,0.06201,0.0,MSCI World
2025-08-31,P-154,CLT-1018,2757.911,0.04346,0.05263,-130.3,MSCI World
2025-09-30,P-154,CLT-1018,2685.537,-0.02624,-0.01083,0.0,MSCI World
2025-10-31,P-154,CLT-1018,2745.991,0.02251,0.03466,0.0,MSCI World
2025-11-30,P-154,CLT-1018,2588.205,-0.05746,-0.05573,-143.83,MSCI World
2025-12-31,P-154,CLT-1018,2553.075,-0.01357,0.00574,0.0,MSCI World
2026-01-31,P-154,CLT-1018,2635.452,0.03227,0.04243,0.0,MSCI World
2026-02-28,P-154,CLT-1018,2655.23,0.0075,0.01377,0.0,MSCI World
2021-01-31,P-155,CLT-1018,2267.812,0.00069,0.01155,0.0,Bloomberg Global Aggregate
2021-02-28,P-155,CLT-1018,2225.717,-0.01856,-0.00084,0.0,Bloomberg Global Aggregate
2021-03-31,P-155,CLT-1018,2286.41,0.02727,0.02435,0.0,Bloomberg Global Aggregate
2021-04-30,P-155,CLT-1018,2292.101,0.00249,0.00166,0.0,Bloomberg Global Aggregate
2021-05-31,P-155,CLT-1018,2295.621,0.00154,-0.00557,-88.84,Bloomberg Global Aggregate
2021-06-30,P-155,CLT-1018,2320.28,0.01074,0.0198,0.0,Bloomberg Global Aggregate
2021-07-31,P-155,CLT-1018,2282.551,-0.01626,-0.0232,0.0,Bloomberg Global Aggregate
2021-08-31,P-155,CLT-1018,2342.099,0.02609,0.01257,0.0,Bloomberg Global Aggregate
2021-09-30,P-155,CLT-1018,2309.983,-0.01371,-0.01639,0.0,Bloomberg Global Aggregate
2021-10-31,P-155,CLT-1018,2361.651,0.02237,0.02715,0.0,Bloomberg Global Aggregate
2021-11-30,P-155,CLT-1018,2361.53,-5e-05,-0.00173,0.0,Bloomberg Global Aggregate
2021-12-31,P-155,CLT-1018,2362.738,0.00051,0.0057,0.0,Bloomberg Global Aggregate
2022-01-31,P-155,CLT-1018,2337.448,-0.0107,-0.00409,0.0,Bloomberg Global Aggregate
2022-02-28,P-155,CLT-1018,2239.84,-0.04176,-0.04804,0.0,Bloomberg Global Aggregate
2022-03-31,P-155,CLT-1018,2184.312,-0.02479,-0.02404,0.0,Bloomberg Global Aggregate
2022-04-30,P-155,CLT-1018,2224.71,0.01849,0.00775,-52.15,Bloomberg Global Aggregate
2022-05-31,P-155,CLT-1018,2227.166,0.0011,0.00445,0.0,Bloomberg Global Aggregate
2022-06-30,P-155,CLT-1018,2207.117,-0.009,-0.00652,0.0,Bloomberg Global Aggregate
2022-07-31,P-155,CLT-1018,2115.386,-0.04156,-0.03715,0.0,Bloomberg Global Aggregate
2022-08-31,P-155,CLT-1018,2094.253,-0.00999,-0.00085,0.0,Bloomberg Global Aggregate
2022-09-30,P-155,CLT-1018,2113.014,0.00896,0.00155,0.0,Bloomberg Global Aggregate
2022-10-31,P-155,CLT-1018,2130.307,0.00818,-0.01095,0.0,Bloomberg Global Aggregate
2022-11-30,P-155,CLT-1018,2147.962,0.00829,0.01112,0.0,Bloomberg Global Aggregate
2022-12-31,P-155,CLT-1018,2083.439,-0.03004,-0.02466,0.0,Bloomberg Global Aggregate
2023-01-31,P-155,CLT-1018,2057.736,-0.01234,-0.0064,0.0,Bloomberg Global Aggregate
2023-02-28,P-155,CLT-1018,1957.257,-0.04883,-0.04345,0.0,Bloomberg Global Aggregate
2023-03-31,P-155,CLT-1018,2025.717,0.03498,0.02043,0.0,Bloomberg Global Aggregate
2023-04-30,P-155,CLT-1018,2032.501,0.00335,0.00906,0.0,Bloomberg Global Aggregate
2023-05-31,P-155,CLT-1018,1965.513,-0.03296,-0.02839,0.0,Bloomberg Global Aggregate
2023-06-30,P-155,CLT-1018,1886.888,-0.04,-0.02983,0.0,Bloomberg Global Aggregate
2023-07-31,P-155,CLT-1018,1867.535,-0.01026,-0.01321,0.0,Bloomberg Global Aggregate
2023-08-31,P-155,CLT-1018,1901.006,0.01792,0.01806,0.0,Bloomberg Global Aggregate
2023-09-30,P-155,CLT-1018,1878.655,-0.01176,-0.00247,0.0,Bloomberg Global Aggregate
2023-10-31,P-155,CLT-1018,1842.711,-0.01913,-0.01193,0.0,Bloomberg Global Aggregate
2023-11-30,P-155,CLT-1018,1838.73,-0.00216,-0.01571,0.0,Bloomberg Global Aggregate
2023-12-31,P-155,CLT-1018,1809.616,-0.01583,-0.01655,0.0,Bloomberg Global Aggregate
2024-01-31,P-155,CLT-1018,1752.056,-0.03181,-0.03312,0.0,Bloomberg Global Aggregate
2024-02-29,P-155,CLT-1018,1720.263,-0.01815,-0.01949,-129.36,Bloomberg Global Aggregate
2024-03-31,P-155,CLT-1018,1712.43,-0.00455,-0.01692,0.0,Bloomberg Global Aggregate
2024-04-30,P-155,CLT-1018,1725.228,0.00747,0.01598,0.0,Bloomberg Global Aggregate
2024-05-31,P-155,CLT-1018,1720.234,-0.00289,6e-05,0.0,Bloomberg Global Aggregate
2024-06-30,P-155,CLT-1018,1697.302,-0.01333,-0.01232,0.0,Bloomberg Global Aggregate
2024-07-31,P-155,CLT-1018,1751.993,0.03222,0.04651,0.0,Bloomberg Global Aggregate
2024-08-31,P-155,CLT-1018,1722.755,-0.01669,-0.00929,0.0,Bloomberg Global Aggregate
2024-09-30,P-155,CLT-1018,1782.118,0.03446,0.02507,0.0,Bloomberg Global Aggregate
2024-10-31,P-155,CLT-1018,1854.341,0.04053,0.03358,0.0,Bloomberg Global Aggregate
2024-11-30,P-155,CLT-1018,1821.264,-0.01784,-0.02629,0.0,Bloomberg Global Aggregate
2024-12-31,P-155,CLT-1018,1821.181,-5e-05,0.00455,0.0,Bloomberg Global Aggregate
2025-01-31,P-155,CLT-1018,1802.808,-0.01009,-0.00654,0.0,Bloomberg Global Aggregate
2025-02-28,P-155,CLT-1018,1761.474,-0.02293,-0.00807,-43.02,Bloomberg Global Aggregate
2025-03-31,P-155,CLT-1018,1800.223,0.022,0.01359,-51.39,Bloomberg Global Aggregate
2025-04-30,P-155,CLT-1018,1802.561,0.0013,-0.00852,0.0,Bloomberg Global Aggregate
2025-05-31,P-155,CLT-1018,1808.998,0.00357,-0.00614,0.0,Bloomberg Global Aggregate
2025-06-30,P-155,CLT-1018,1834.636,0.01417,1e-05,0.0,Bloomberg Global Aggregate
2025-07-31,P-155,CLT-1018,1835.021,0.00021,-0.00384,0.0,Bloomberg Global Aggregate
2025-08-31,P-155,CLT-1018,1825.666,-0.0051,-0.01885,0.0,Bloomberg Global Aggregate
2025-09-30,P-155,CLT-1018,1856.383,0.01683,0.0181,0.0,Bloomberg Global Aggregate
2025-10-31,P-155,CLT-1018,1871.541,0.00817,0.02284,0.0,Bloomberg Global Aggregate
2025-11-30,P-155,CLT-1018,1904.136,0.01742,0.00961,0.0,Bloomberg Global Aggregate
2025-12-31,P-155,CLT-1018,1868.166,-0.01889,-0.0039,0.0,Bloomberg Global Aggregate
2026-01-31,P-155,CLT-1018,1852.901,-0.00817,-0.01007,0.0,Bloomberg Global Aggregate
2026-02-28,P-155,CLT-1018,1850.26,-0.00143,-0.01004,0.0,Bloomberg Global Aggregate
2021-01-31,P-156,CLT-1019,92.575,-0.05801,-0.06004,0.0,MSCI World
2021-02-28,P-156,CLT-1019,96.917,0.0469,0.03127,0.0,MSCI World
2021-03-31,P-156,CLT-1019,104.497,0.07821,0.09212,-4.47,MSCI World
2021-04-30,P-156,CLT-1019,108.406,0.03741,0.0382,0.0,MSCI World
2021-05-31,P-156,CLT-1019,107.152,-0.01157,-0.01147,-4.1,MSCI World
2021-06-30,P-156,CLT-1019,109.365,0.02065,0.03022,0.0,MSCI World
2021-07-31,P-156,CLT-1019,116.774,0.06775,0.076,0.0,MSCI World
2021-08-31,P-156,CLT-1019,124.692,0.0678,0.0739,0.0,MSCI World
2021-09-30,P-156,CLT-1019,119.49,-0.04172,-0.03385,0.0,MSCI World
2021-10-31,P-156,CLT-1019,122.902,0.02856,0.02953,0.0,MSCI World
2021-11-30,P-156,CLT-1019,122.55,-0.00287,0.00155,0.0,MSCI World
2021-12-31,P-156,CLT-1019,127.933,0.04392,0.04193,0.0,MSCI World
2022-01-31,P-156,CLT-1019,129.663,0.01353,0.00922,0.0,MSCI World
2022-02-28,P-156,CLT-1019,116.412,-0.10219,-0.10602,-8.49,MSCI World
2022-03-31,P-156,CLT-1019,113.563,-0.02447,-0.0214,0.0,MSCI World
2022-04-30,P-156,CLT-1019,113.931,0.00324,0.00148,0.0,MSCI World
2022-05-31,P-156,CLT-1019,107.108,-0.05989,-0.06687,0.0,MSCI World
2022-06-30,P-156,CLT-1019,109.29,0.02037,0.01749,0.0,MSCI World
2022-07-31,P-156,CLT-1019,102.961,-0.05791,-0.07063,0.0,MSCI World
2022-08-31,P-156,CLT-1019,99.498,-0.03364,-0.04025,0.0,MSCI World
2022-09-30,P-156,CLT-1019,105.573,0.06105,0.04931,0.0,MSCI World
2022-10-31,P-156,CLT-1019,99.091,-0.06139,-0.04383,0.0,MSCI World
2022-11-30,P-156,CLT-1019,100.84,0.01765,0.01719,0.0,MSCI World
2022-12-31,P-156,CLT-1019,92.5,-0.08271,-0.08023,0.0,MSCI World
2023-01-31,P-156,CLT-1019,101.213,0.0942,0.09529,0.0,MSCI World
2023-02-28,P-156,CLT-1019,100.16,-0.0104,-0.00458,0.0,MSCI World
2023-03-31,P-156,CLT-1019,101.632,0.0147,0.01216,0.0,MSCI World
2023-04-30,P-156,CLT-1019,101.923,0.00286,0.01566,0.0,MSCI World
2023-05-31,P-156,CLT-1019,105.611,0.03619,0.0336,0.0,MSCI World
2023-06-30,P-156,CLT-1019,99.167,-0.06101,-0.05542,0.0,MSCI World
2023-07-31,P-156,CLT-1019,99.588,0.00424,0.00794,0.0,MSCI World
2023-08-31,P-156,CLT-1019,97.937,-0.01657,-0.01941,0.0,MSCI World
2023-09-30,P-156,CLT-1019,91.843,-0.06222,-0.06255,0.0,MSCI World
2023-10-31,P-156,CLT-1019,97.042,0.0566,0.04949,0.0,MSCI World
2023-11-30,P-156,CLT-1019,95.728,-0.01354,-0.00657,0.0,MSCI World
2023-12-31,P-156,CLT-1019,97.407,0.01754,0.01832,0.0,MSCI World
2024-01-31,P-156,CLT-1019,99.517,0.02166,0.01569,0.0,MSCI World
2024-02-29,P-156,CLT-1019,99.163,-0.00355,-0.00585,0.0,MSCI World
2024-03-31,P-156,CLT-1019,108.443,0.09358,0.09084,0.0,MSCI World
2024-04-30,P-156,CLT-1019,109.926,0.01368,0.00619,0.0,MSCI World
2024-05-31,P-156,CLT-1019,103.321,-0.06009,-0.05705,0.0,MSCI World
2024-06-30,P-156,CLT-1019,101.967,-0.0131,-0.00859,0.0,MSCI World
2024-07-31,P-156,CLT-1019,105.319,0.03287,0.02908,0.0,MSCI World
2024-08-31,P-156,CLT-1019,108.394,0.0292,0.03046,0.0,MSCI World
2024-09-30,P-156,CLT-1019,105.167,-0.02977,-0.03737,0.0,MSCI World
2024-10-31,P-156,CLT-1019,110.365,0.04943,0.04707,0.0,MSCI World
2024-11-30,P-156,CLT-1019,102.62,-0.07018,-0.06562,0.0,MSCI World
2024-12-31,P-156,CLT-1019,108.592,0.05819,0.05606,0.0,MSCI World
2025-01-31,P-156,CLT-1019,102.776,-0.05356,-0.04706,0.0,MSCI World
2025-02-28,P-156,CLT-1019,103.297,0.00507,-0.0013,0.0,MSCI World
2025-03-31,P-156,CLT-1019,107.716,0.04278,0.05273,0.0,MSCI World
2025-04-30,P-156,CLT-1019,110.028,0.02146,0.01317,0.0,MSCI World
2025-05-31,P-156,CLT-1019,114.909,0.04437,0.04235,0.0,MSCI World
2025-06-30,P-156,CLT-1019,118.667,0.0327,0.03406,0.0,MSCI World
2025-07-31,P-156,CLT-1019,126.629,0.0671,0.06201,0.0,MSCI World
2025-08-31,P-156,CLT-1019,133.717,0.05597,0.05263,0.0,MSCI World
2025-09-30,P-156,CLT-1019,133.478,-0.00179,-0.01083,0.0,MSCI World
2025-10-31,P-156,CLT-1019,139.302,0.04364,0.03466,0.0,MSCI World
2025-11-30,P-156,CLT-1019,131.85,-0.0535,-0.05573,0.0,MSCI World
2025-12-31,P-156,CLT-1019,131.778,-0.00054,0.00574,0.0,MSCI World
2026-01-31,P-156,CLT-1019,136.844,0.03844,0.04243,0.0,MSCI World
2026-02-28,P-156,CLT-1019,138.63,0.01305,0.01377,0.0,MSCI World
2021-01-31,P-157,CLT-1019,316.278,0.02098,0.01155,-11.92,Bloomberg Global Aggregate
2021-02-28,P-157,CLT-1019,315.328,-0.00301,-0.00084,0.0,Bloomberg Global Aggregate
2021-03-31,P-157,CLT-1019,322.521,0.02281,0.02435,0.0,Bloomberg Global Aggregate
2021-04-30,P-157,CLT-1019,327.964,0.01688,0.00166,14.94,Bloomberg Global Aggregate
2021-05-31,P-157,CLT-1019,326.297,-0.00508,-0.00557,0.0,Bloomberg Global Aggregate
2021-06-30,P-157,CLT-1019,331.611,0.01628,0.0198,0.0,Bloomberg Global Aggregate
2021-07-31,P-157,CLT-1019,326.283,-0.01607,-0.0232,0.0,Bloomberg Global Aggregate
2021-08-31,P-157,CLT-1019,330.661,0.01342,0.01257,0.0,Bloomberg Global Aggregate
2021-09-30,P-157,CLT-1019,322.194,-0.02561,-0.01639,0.0,Bloomberg Global Aggregate
2021-10-31,P-157,CLT-1019,333.88,0.03627,0.02715,0.0,Bloomberg Global Aggregate
2021-11-30,P-157,CLT-1019,331.845,-0.0061,-0.00173,0.0,Bloomberg Global Aggregate
2021-12-31,P-157,CLT-1019,334.268,0.0073,0.0057,0.0,Bloomberg Global Aggregate
2022-01-31,P-157,CLT-1019,333.154,-0.00333,-0.00409,0.0,Bloomberg Global Aggregate
2022-02-28,P-157,CLT-1019,318.151,-0.04503,-0.04804,-21.36,Bloomberg Global Aggregate
2022-03-31,P-157,CLT-1019,305.648,-0.0393,-0.02404,0.0,Bloomberg Global Aggregate
2022-04-30,P-157,CLT-1019,307.632,0.00649,0.00775,-12.8,Bloomberg Global Aggregate
2022-05-31,P-157,CLT-1019,312.003,0.01421,0.00445,0.0,Bloomberg Global Aggregate
2022-06-30,P-157,CLT-1019,313.344,0.0043,-0.00652,0.0,Bloomberg Global Aggregate
2022-07-31,P-157,CLT-1019,299.757,-0.04336,-0.03715,0.0,Bloomberg Global Aggregate
2022-08-31,P-157,CLT-1019,301.967,0.00737,-0.00085,0.0,Bloomberg Global Aggregate
2022-09-30,P-157,CLT-1019,301.085,-0.00292,0.00155,0.0,Bloomberg Global Aggregate
2022-10-31,P-157,CLT-1019,297.321,-0.0125,-0.01095,0.0,Bloomberg Global Aggregate
2022-11-30,P-157,CLT-1019,300.282,0.00996,0.01112,0.0,Bloomberg Global Aggregate
2022-12-31,P-157,CLT-1019,293.507,-0.02256,-0.02466,0.0,Bloomberg Global Aggregate
2023-01-31,P-157,CLT-1019,294.22,0.00243,-0.0064,0.0,Bloomberg Global Aggregate
2023-02-28,P-157,CLT-1019,282.396,-0.04019,-0.04345,0.0,Bloomberg Global Aggregate
2023-03-31,P-157,CLT-1019,288.255,0.02075,0.02043,0.0,Bloomberg Global Aggregate
2023-04-30,P-157,CLT-1019,293.336,0.01763,0.00906,0.0,Bloomberg Global Aggregate
2023-05-31,P-157,CLT-1019,283.605,-0.03317,-0.02839,0.0,Bloomberg Global Aggregate
2023-06-30,P-157,CLT-1019,275.34,-0.02914,-0.02983,0.0,Bloomberg Global Aggregate
2023-07-31,P-157,CLT-1019,274.123,-0.00442,-0.01321,0.0,Bloomberg Global Aggregate
2023-08-31,P-157,CLT-1019,280.517,0.02333,0.01806,0.0,Bloomberg Global Aggregate
2023-09-30,P-157,CLT-1019,279.195,-0.00471,-0.00247,0.0,Bloomberg Global Aggregate
2023-10-31,P-157,CLT-1019,273.031,-0.02208,-0.01193,0.0,Bloomberg Global Aggregate
2023-11-30,P-157,CLT-1019,269.729,-0.01209,-0.01571,0.0,Bloomberg Global Aggregate
2023-12-31,P-157,CLT-1019,262.394,-0.02719,-0.01655,0.0,Bloomberg Global Aggregate
2024-01-31,P-157,CLT-1019,253.618,-0.03345,-0.03312,0.0,Bloomberg Global Aggregate
2024-02-29,P-157,CLT-1019,251.254,-0.00932,-0.01949,-18.07,Bloomberg Global Aggregate
2024-03-31,P-157,CLT-1019,248.454,-0.01115,-0.01692,0.0,Bloomberg Global Aggregate
2024-04-30,P-157,CLT-1019,248.945,0.00198,0.01598,0.0,Bloomberg Global Aggregate
2024-05-31,P-157,CLT-1019,249.653,0.00284,6e-05,0.0,Bloomberg Global Aggregate
2024-06-30,P-157,CLT-1019,246.293,-0.01346,-0.01232,0.0,Bloomberg Global Aggregate
2024-07-31,P-157,CLT-1019,255.693,0.03817,0.04651,0.0,Bloomberg Global Aggregate
2024-08-31,P-157,CLT-1019,254.289,-0.00549,-0.00929,0.0,Bloomberg Global Aggregate
2024-09-30,P-157,CLT-1019,260.044,0.02263,0.02507,0.0,Bloomberg Global Aggregate
2024-10-31,P-157,CLT-1019,268.156,0.03119,0.03358,0.0,Bloomberg Global Aggregate
2024-11-30,P-157,CLT-1019,261.697,-0.02408,-0.02629,0.0,Bloomberg Global Aggregate
2024-12-31,P-157,CLT-1019,261.987,0.0011,0.00455,-11.98,Bloomberg Global Aggregate
2025-01-31,P-157,CLT-1019,260.795,-0.00455,-0.00654,0.0,Bloomberg Global Aggregate
2025-02-28,P-157,CLT-1019,257.854,-0.01128,-0.00807,0.0,Bloomberg Global Aggregate
2025-03-31,P-157,CLT-1019,260.638,0.0108,0.01359,0.0,Bloomberg Global Aggregate
2025-04-30,P-157,CLT-1019,260.702,0.00024,-0.00852,0.0,Bloomberg Global Aggregate
2025-05-31,P-157,CLT-1019,261.586,0.00339,-0.00614,-14.3,Bloomberg Global Aggregate
2025-06-30,P-157,CLT-1019,258.55,-0.01161,1e-05,0.0,Bloomberg Global Aggregate
2025-07-31,P-157,CLT-1019,259.344,0.00307,-0.00384,0.0,Bloomberg Global Aggregate
2025-08-31,P-157,CLT-1019,257.521,-0.00703,-0.01885,10.4,Bloomberg Global Aggregate
2025-09-30,P-157,CLT-1019,265.536,0.03112,0.0181,0.0,Bloomberg Global Aggregate
2025-10-31,P-157,CLT-1019,272.982,0.02804,0.02284,0.0,Bloomberg Global Aggregate
2025-11-30,P-157,CLT-1019,273.776,0.00291,0.00961,0.0,Bloomberg Global Aggregate
2025-12-31,P-157,CLT-1019,274.358,0.00213,-0.0039,0.0,Bloomberg Global Aggregate
2026-01-31,P-157,CLT-1019,270.146,-0.01535,-0.01007,0.0,Bloomberg Global Aggregate
2026-02-28,P-157,CLT-1019,267.08,-0.01135,-0.01004,0.0,Bloomberg Global Aggregate
2021-01-31,P-158,CLT-1019,382.089,-0.0559,-0.06004,0.0,MSCI World
2021-02-28,P-158,CLT-1019,389.787,0.02015,0.03127,0.0,MSCI World
2021-03-31,P-158,CLT-1019,419.646,0.07661,0.09212,0.0,MSCI World
2021-04-30,P-158,CLT-1019,437.865,0.04342,0.0382,0.0,MSCI World
2021-05-31,P-158,CLT-1019,443.012,0.01175,-0.01147,0.0,MSCI World
2021-06-30,P-158,CLT-1019,463.137,0.04543,0.03022,0.0,MSCI World
2021-07-31,P-158,CLT-1019,502.186,0.08431,0.076,0.0,MSCI World
2021-08-31,P-158,CLT-1019,545.231,0.08572,0.0739,0.0,MSCI World
2021-09-30,P-158,CLT-1019,530.822,-0.02643,-0.03385,0.0,MSCI World
2021-10-31,P-158,CLT-1019,549.154,0.03453,0.02953,0.0,MSCI World
2021-11-30,P-158,CLT-1019,555.921,0.01232,0.00155,0.0,MSCI World
2021-12-31,P-158,CLT-1019,569.022,0.02357,0.04193,0.0,MSCI World
2022-01-31,P-158,CLT-1019,575.288,0.01101,0.00922,0.0,MSCI World
2022-02-28,P-158,CLT-1019,513.249,-0.10784,-0.10602,29.94,MSCI World
2022-03-31,P-158,CLT-1019,502.388,-0.02116,-0.0214,0.0,MSCI World
2022-04-30,P-158,CLT-1019,499.762,-0.00523,0.00148,0.0,MSCI World
2022-05-31,P-158,CLT-1019,469.297,-0.06096,-0.06687,0.0,MSCI World
2022-06-30,P-158,CLT-1019,472.206,0.0062,0.01749,0.0,MSCI World
2022-07-31,P-158,CLT-1019,435.25,-0.07826,-0.07063,0.0,MSCI World
2022-08-31,P-158,CLT-1019,413.734,-0.04943,-0.04025,0.0,MSCI World
2022-09-30,P-158,CLT-1019,438.409,0.05964,0.04931,-10.6,MSCI World
2022-10-31,P-158,CLT-1019,418.789,-0.04475,-0.04383,0.0,MSCI World
2022-11-30,P-158,CLT-1019,423.184,0.01049,0.01719,0.0,MSCI World
2022-12-31,P-158,CLT-1019,386.871,-0.08581,-0.08023,0.0,MSCI World
2023-01-31,P-158,CLT-1019,423.453,0.09456,0.09529,0.0,MSCI World
2023-02-28,P-158,CLT-1019,430.014,0.01549,-0.00458,-18.11,MSCI World
2023-03-31,P-158,CLT-1019,428.074,-0.00451,0.01216,30.64,MSCI World
2023-04-30,P-158,CLT-1019,438.163,0.02357,0.01566,0.0,MSCI World
2023-05-31,P-158,CLT-1019,455.202,0.03889,0.0336,0.0,MSCI World
2023-06-30,P-158,CLT-1019,424.455,-0.06755,-0.05542,20.67,MSCI World
2023-07-31,P-158,CLT-1019,435.5,0.02602,0.00794,-12.11,MSCI World
2023-08-31,P-158,CLT-1019,429.729,-0.01325,-0.01941,0.0,MSCI World
2023-09-30,P-158,CLT-1019,399.71,-0.06986,-0.06255,0.0,MSCI World
2023-10-31,P-158,CLT-1019,409.627,0.02481,0.04949,0.0,MSCI World
2023-11-30,P-158,CLT-1019,407.822,-0.0044,-0.00657,0.0,MSCI World
2023-12-31,P-158,CLT-1019,414.742,0.01697,0.01832,0.0,MSCI World
2024-01-31,P-158,CLT-1019,415.435,0.00167,0.01569,0.0,MSCI World
2024-02-29,P-158,CLT-1019,407.11,-0.02004,-0.00585,0.0,MSCI World
2024-03-31,P-158,CLT-1019,448.32,0.10123,0.09084,0.0,MSCI World
2024-04-30,P-158,CLT-1019,439.477,-0.01972,0.00619,0.0,MSCI World
2024-05-31,P-158,CLT-1019,415.842,-0.05378,-0.05705,0.0,MSCI World
2024-06-30,P-158,CLT-1019,410.944,-0.01178,-0.00859,-19.21,MSCI World
2024-07-31,P-158,CLT-1019,425.204,0.0347,0.02908,0.0,MSCI World
2024-08-31,P-158,CLT-1019,436.217,0.0259,0.03046,0.0,MSCI World
2024-09-30,P-158,CLT-1019,421.224,-0.03437,-0.03737,0.0,MSCI World
2024-10-31,P-158,CLT-1019,436.704,0.03675,0.04707,0.0,MSCI World
2024-11-30,P-158,CLT-1019,407.432,-0.06703,-0.06562,0.0,MSCI World
2024-12-31,P-158,CLT-1019,432.517,0.06157,0.05606,0.0,MSCI World
2025-01-31,P-158,CLT-1019,412.667,-0.04589,-0.04706,0.0,MSCI World
2025-02-28,P-158,CLT-1019,413.826,0.00281,-0.0013,-15.43,MSCI World
2025-03-31,P-158,CLT-1019,430.389,0.04002,0.05273,0.0,MSCI World
2025-04-30,P-158,CLT-1019,432.458,0.00481,0.01317,0.0,MSCI World
2025-05-31,P-158,CLT-1019,447.251,0.03421,0.04235,0.0,MSCI World
2025-06-30,P-158,CLT-1019,460.549,0.02973,0.03406,0.0,MSCI World
2025-07-31,P-158,CLT-1019,496.792,0.07869,0.06201,0.0,MSCI World
2025-08-31,P-158,CLT-1019,520.291,0.0473,0.05263,0.0,MSCI World
2025-09-30,P-158,CLT-1019,506.607,-0.0263,-0.01083,0.0,MSCI World
2025-10-31,P-158,CLT-1019,527.3,0.04085,0.03466,0.0,MSCI World
2025-11-30,P-158,CLT-1019,506.631,-0.0392,-0.05573,0.0,MSCI World
2025-12-31,P-158,CLT-1019,500.935,-0.01124,0.00574,0.0,MSCI World
2026-01-31,P-158,CLT-1019,534.502,0.06701,0.04243,0.0,MSCI World
2026-02-28,P-158,CLT-1019,544.3,0.01833,0.01377,0.0,MSCI World
2021-01-31,P-159,CLT-1020,381.216,-0.05153,-0.06004,0.0,MSCI World
2021-02-28,P-159,CLT-1020,397.508,0.04274,0.03127,0.0,MSCI World
2021-03-31,P-159,CLT-1020,437.341,0.10021,0.09212,0.0,MSCI World
2021-04-30,P-159,CLT-1020,454.35,0.03889,0.0382,0.0,MSCI World
2021-05-31,P-159,CLT-1020,453.575,-0.0017,-0.01147,0.0,MSCI World
2021-06-30,P-159,CLT-1020,468.728,0.03341,0.03022,0.0,MSCI World
2021-07-31,P-159,CLT-1020,508.52,0.0849,0.076,0.0,MSCI World
2021-08-31,P-159,CLT-1020,551.007,0.08355,0.0739,0.0,MSCI World
2021-09-30,P-159,CLT-1020,529.043,-0.03986,-0.03385,0.0,MSCI World
2021-10-31,P-159,CLT-1020,548.3,0.0364,0.02953,0.0,MSCI World
2021-11-30,P-159,CLT-1020,549.259,0.00175,0.00155,0.0,MSCI World
2021-12-31,P-159,CLT-1020,573.601,0.04432,0.04193,0.0,MSCI World
2022-01-31,P-159,CLT-1020,580.218,0.01154,0.00922,0.0,MSCI World
2022-02-28,P-159,CLT-1020,519.883,-0.10399,-0.10602,0.0,MSCI World
2022-03-31,P-159,CLT-1020,514.921,-0.00954,-0.0214,0.0,MSCI World
2022-04-30,P-159,CLT-1020,511.617,-0.00642,0.00148,0.0,MSCI World
2022-05-31,P-159,CLT-1020,472.12,-0.0772,-0.06687,-23.73,MSCI World
2022-06-30,P-159,CLT-1020,474.819,0.00572,0.01749,0.0,MSCI World
2022-07-31,P-159,CLT-1020,445.44,-0.06187,-0.07063,0.0,MSCI World
2022-08-31,P-159,CLT-1020,425.798,-0.0441,-0.04025,0.0,MSCI World
2022-09-30,P-159,CLT-1020,447.794,0.05166,0.04931,0.0,MSCI World
2022-10-31,P-159,CLT-1020,428.464,-0.04317,-0.04383,-10.45,MSCI World
2022-11-30,P-159,CLT-1020,433.853,0.01258,0.01719,0.0,MSCI World
2022-12-31,P-159,CLT-1020,402.194,-0.07297,-0.08023,0.0,MSCI World
2023-01-31,P-159,CLT-1020,440.748,0.09586,0.09529,0.0,MSCI World
2023-02-28,P-159,CLT-1020,438.649,-0.00476,-0.00458,0.0,MSCI World
2023-03-31,P-159,CLT-1020,445.313,0.01519,0.01216,0.0,MSCI World
2023-04-30,P-159,CLT-1020,455.123,0.02203,0.01566,0.0,MSCI World
2023-05-31,P-159,CLT-1020,468.089,0.02849,0.0336,-29.28,MSCI World
2023-06-30,P-159,CLT-1020,445.614,-0.04801,-0.05542,0.0,MSCI World
2023-07-31,P-159,CLT-1020,454.213,0.0193,0.00794,0.0,MSCI World
2023-08-31,P-159,CLT-1020,441.626,-0.02771,-0.01941,0.0,MSCI World
2023-09-30,P-159,CLT-1020,415.478,-0.05921,-0.06255,0.0,MSCI World
2023-10-31,P-159,CLT-1020,435.772,0.04885,0.04949,-27.37,MSCI World
2023-11-30,P-159,CLT-1020,435.619,-0.00035,-0.00657,0.0,MSCI World
2023-12-31,P-159,CLT-1020,440.605,0.01145,0.01832,0.0,MSCI World
2024-01-31,P-159,CLT-1020,453.062,0.02827,0.01569,0.0,MSCI World
2024-02-29,P-159,CLT-1020,446.087,-0.01539,-0.00585,0.0,MSCI World
2024-03-31,P-159,CLT-1020,486.507,0.09061,0.09084,0.0,MSCI World
2024-04-30,P-159,CLT-1020,491.664,0.0106,0.00619,0.0,MSCI World
2024-05-31,P-159,CLT-1020,462.02,-0.06029,-0.05705,0.0,MSCI World
2024-06-30,P-159,CLT-1020,456.054,-0.01291,-0.00859,0.0,MSCI World
2024-07-31,P-159,CLT-1020,470.67,0.03205,0.02908,0.0,MSCI World
2024-08-31,P-159,CLT-1020,485.936,0.03244,0.03046,0.0,MSCI World
2024-09-30,P-159,CLT-1020,468.5,-0.03588,-0.03737,0.0,MSCI World
2024-10-31,P-159,CLT-1020,493.979,0.05439,0.04707,14.43,MSCI World
2024-11-30,P-159,CLT-1020,460.944,-0.06688,-0.06562,0.0,MSCI World
2024-12-31,P-159,CLT-1020,488.456,0.05969,0.05606,0.0,MSCI World
2025-01-31,P-159,CLT-1020,464.484,-0.04908,-0.04706,-21.61,MSCI World
2025-02-28,P-159,CLT-1020,461.853,-0.00566,-0.0013,-20.06,MSCI World
2025-03-31,P-159,CLT-1020,485.973,0.05222,0.05273,0.0,MSCI World
2025-04-30,P-159,CLT-1020,491.42,0.01121,0.01317,-11.26,MSCI World
2025-05-31,P-159,CLT-1020,511.435,0.04073,0.04235,0.0,MSCI World
2025-06-30,P-159,CLT-1020,533.667,0.04347,0.03406,0.0,MSCI World
2025-07-31,P-159,CLT-1020,566.602,0.06171,0.06201,0.0,MSCI World
2025-08-31,P-159,CLT-1020,594.673,0.04954,0.05263,0.0,MSCI World
2025-09-30,P-159,CLT-1020,589.207,-0.00919,-0.01083,0.0,MSCI World
2025-10-31,P-159,CLT-1020,610.9,0.03682,0.03466,-48.48,MSCI World
2025-11-30,P-159,CLT-1020,572.78,-0.0624,-0.05573,0.0,MSCI World
2025-12-31,P-159,CLT-1020,575.728,0.00515,0.00574,0.0,MSCI World
2026-01-31,P-159,CLT-1020,599.653,0.04156,0.04243,0.0,MSCI World
2026-02-28,P-159,CLT-1020,608.07,0.01404,0.01377,0.0,MSCI World
2021-01-31,P-160,CLT-1020,1220.775,0.02233,0.01155,0.0,Bloomberg Global Aggregate
2021-02-28,P-160,CLT-1020,1223.595,0.00231,-0.00084,0.0,Bloomberg Global Aggregate
2021-03-31,P-160,CLT-1020,1274.558,0.04165,0.02435,0.0,Bloomberg Global Aggregate
2021-04-30,P-160,CLT-1020,1278.227,0.00288,0.00166,0.0,Bloomberg Global Aggregate
2021-05-31,P-160,CLT-1020,1302.309,0.01884,-0.00557,51.26,Bloomberg Global Aggregate
2021-06-30,P-160,CLT-1020,1322.101,0.0152,0.0198,0.0,Bloomberg Global Aggregate
2021-07-31,P-160,CLT-1020,1280.048,-0.03181,-0.0232,0.0,Bloomberg Global Aggregate
2021-08-31,P-160,CLT-1020,1306.978,0.02104,0.01257,0.0,Bloomberg Global Aggregate
2021-09-30,P-160,CLT-1020,1310.467,0.00267,-0.01639,0.0,Bloomberg Global Aggregate
2021-10-31,P-160,CLT-1020,1324.405,0.01064,0.02715,0.0,Bloomberg Global Aggregate
2021-11-30,P-160,CLT-1020,1320.546,-0.00291,-0.00173,0.0,Bloomberg Global Aggregate
2021-12-31,P-160,CLT-1020,1319.424,-0.00085,0.0057,40.13,Bloomberg Global Aggregate
2022-01-31,P-160,CLT-1020,1318.28,-0.00087,-0.00409,0.0,Bloomberg Global Aggregate
2022-02-28,P-160,CLT-1020,1256.928,-0.04654,-0.04804,0.0,Bloomberg Global Aggregate
2022-03-31,P-160,CLT-1020,1250.367,-0.00522,-0.02404,0.0,Bloomberg Global Aggregate
2022-04-30,P-160,CLT-1020,1260.013,0.00771,0.00775,0.0,Bloomberg Global Aggregate
2022-05-31,P-160,CLT-1020,1289.814,0.02365,0.00445,76.09,Bloomberg Global Aggregate
2022-06-30,P-160,CLT-1020,1277.9,-0.00924,-0.00652,0.0,Bloomberg Global Aggregate
2022-07-31,P-160,CLT-1020,1247.529,-0.02377,-0.03715,-55.72,Bloomberg Global Aggregate
2022-08-31,P-160,CLT-1020,1251.884,0.00349,-0.00085,0.0,Bloomberg Global Aggregate
2022-09-30,P-160,CLT-1020,1283.633,0.02536,0.00155,0.0,Bloomberg Global Aggregate
2022-10-31,P-160,CLT-1020,1246.748,-0.02873,-0.01095,0.0,Bloomberg Global Aggregate
2022-11-30,P-160,CLT-1020,1243.502,-0.0026,0.01112,0.0,Bloomberg Global Aggregate
2022-12-31,P-160,CLT-1020,1244.086,0.00047,-0.02466,0.0,Bloomberg Global Aggregate
2023-01-31,P-160,CLT-1020,1226.0,-0.01454,-0.0064,0.0,Bloomberg Global Aggregate
2023-02-28,P-160,CLT-1020,1163.757,-0.05077,-0.04345,0.0,Bloomberg Global Aggregate
2023-03-31,P-160,CLT-1020,1175.908,0.01044,0.02043,0.0,Bloomberg Global Aggregate
2023-04-30,P-160,CLT-1020,1205.686,0.02532,0.00906,95.11,Bloomberg Global Aggregate
2023-05-31,P-160,CLT-1020,1153.51,-0.04327,-0.02839,0.0,Bloomberg Global Aggregate
2023-06-30,P-160,CLT-1020,1121.018,-0.02817,-0.02983,0.0,Bloomberg Global Aggregate
2023-07-31,P-160,CLT-1020,1103.889,-0.01528,-0.01321,0.0,Bloomberg Global Aggregate
2023-08-31,P-160,CLT-1020,1140.178,0.03287,0.01806,0.0,Bloomberg Global Aggregate
2023-09-30,P-160,CLT-1020,1130.592,-0.00841,-0.00247,0.0,Bloomberg Global Aggregate
2023-10-31,P-160,CLT-1020,1124.74,-0.00518,-0.01193,0.0,Bloomberg Global Aggregate
2023-11-30,P-160,CLT-1020,1091.527,-0.02953,-0.01571,0.0,Bloomberg Global Aggregate
2023-12-31,P-160,CLT-1020,1107.148,0.01431,-0.01655,0.0,Bloomberg Global Aggregate
2024-01-31,P-160,CLT-1020,1068.562,-0.03485,-0.03312,0.0,Bloomberg Global Aggregate
2024-02-29,P-160,CLT-1020,1049.325,-0.018,-0.01949,0.0,Bloomberg Global Aggregate
2024-03-31,P-160,CLT-1020,1055.529,0.00591,-0.01692,0.0,Bloomberg Global Aggregate
2024-04-30,P-160,CLT-1020,1065.808,0.00974,0.01598,0.0,Bloomberg Global Aggregate
2024-05-31,P-160,CLT-1020,1090.38,0.02305,6e-05,0.0,Bloomberg Global Aggregate
2024-06-30,P-160,CLT-1020,1072.619,-0.01629,-0.01232,0.0,Bloomberg Global Aggregate
2024-07-31,P-160,CLT-1020,1133.318,0.05659,0.04651,0.0,Bloomberg Global Aggregate
2024-08-31,P-160,CLT-1020,1115.927,-0.01535,-0.00929,0.0,Bloomberg Global Aggregate
2024-09-30,P-160,CLT-1020,1125.805,0.00885,0.02507,0.0,Bloomberg Global Aggregate
2024-10-31,P-160,CLT-1020,1171.213,0.04033,0.03358,0.0,Bloomberg Global Aggregate
2024-11-30,P-160,CLT-1020,1151.747,-0.01662,-0.02629,0.0,Bloomberg Global Aggregate
2024-12-31,P-160,CLT-1020,1138.918,-0.01114,0.00455,0.0,Bloomberg Global Aggregate
2025-01-31,P-160,CLT-1020,1128.492,-0.00915,-0.00654,0.0,Bloomberg Global Aggregate
2025-02-28,P-160,CLT-1020,1138.506,0.00887,-0.00807,0.0,Bloomberg Global Aggregate
2025-03-31,P-160,CLT-1020,1164.399,0.02274,0.01359,0.0,Bloomberg Global Aggregate
2025-04-30,P-160,CLT-1020,1150.107,-0.01227,-0.00852,0.0,Bloomberg Global Aggregate
2025-05-31,P-160,CLT-1020,1135.712,-0.01252,-0.00614,0.0,Bloomberg Global Aggregate
2025-06-30,P-160,CLT-1020,1165.98,0.02665,1e-05,58.21,Bloomberg Global Aggregate
2025-07-31,P-160,CLT-1020,1141.223,-0.02123,-0.00384,0.0,Bloomberg Global Aggregate
2025-08-31,P-160,CLT-1020,1120.396,-0.01825,-0.01885,0.0,Bloomberg Global Aggregate
2025-09-30,P-160,CLT-1020,1120.931,0.00048,0.0181,0.0,Bloomberg Global Aggregate
2025-10-31,P-160,CLT-1020,1167.187,0.04127,0.02284,0.0,Bloomberg Global Aggregate
2025-11-30,P-160,CLT-1020,1179.903,0.01089,0.00961,0.0,Bloomberg Global Aggregate
2025-12-31,P-160,CLT-1020,1179.648,-0.00022,-0.0039,0.0,Bloomberg Global Aggregate
2026-01-31,P-160,CLT-1020,1211.755,0.02722,-0.01007,0.0,Bloomberg Global Aggregate
2026-02-28,P-160,CLT-1020,1191.93,-0.01636,-0.01004,0.0,Bloomberg Global Aggregate
2021-01-31,P-161,CLT-1021,345.931,0.02534,0.01155,0.0,Bloomberg Global Aggregate
2021-02-28,P-161,CLT-1021,344.365,-0.00453,-0.00084,20.28,Bloomberg Global Aggregate
2021-03-31,P-161,CLT-1021,351.923,0.02195,0.02435,0.0,Bloomberg Global Aggregate
2021-04-30,P-161,CLT-1021,359.921,0.02273,0.00166,14.6,Bloomberg Global Aggregate
2021-05-31,P-161,CLT-1021,357.264,-0.00738,-0.00557,0.0,Bloomberg Global Aggregate
2021-06-30,P-161,CLT-1021,360.147,0.00807,0.0198,-24.52,Bloomberg Global Aggregate
2021-07-31,P-161,CLT-1021,352.442,-0.02139,-0.0232,0.0,Bloomberg Global Aggregate
2021-08-31,P-161,CLT-1021,356.199,0.01066,0.01257,0.0,Bloomberg Global Aggregate
2021-09-30,P-161,CLT-1021,351.251,-0.01389,-0.01639,0.0,Bloomberg Global Aggregate
2021-10-31,P-161,CLT-1021,360.227,0.02556,0.02715,0.0,Bloomberg Global Aggregate
2021-11-30,P-161,CLT-1021,365.949,0.01588,-0.00173,0.0,Bloomberg Global Aggregate
2021-12-31,P-161,CLT-1021,369.518,0.00975,0.0057,0.0,Bloomberg Global Aggregate
2022-01-31,P-161,CLT-1021,364.575,-0.01338,-0.00409,8.82,Bloomberg Global Aggregate
2022-02-28,P-161,CLT-1021,347.25,-0.04752,-0.04804,0.0,Bloomberg Global Aggregate
2022-03-31,P-161,CLT-1021,336.459,-0.03108,-0.02404,0.0,Bloomberg Global Aggregate
2022-04-30,P-161,CLT-1021,338.217,0.00522,0.00775,0.0,Bloomberg Global Aggregate
2022-05-31,P-161,CLT-1021,337.036,-0.00349,0.00445,0.0,Bloomberg Global Aggregate
2022-06-30,P-161,CLT-1021,340.476,0.01021,-0.00652,-11.64,Bloomberg Global Aggregate
2022-07-31,P-161,CLT-1021,325.732,-0.0433,-0.03715,12.6,Bloomberg Global Aggregate
2022-08-31,P-161,CLT-1021,327.124,0.00428,-0.00085,0.0,Bloomberg Global Aggregate
2022-09-30,P-161,CLT-1021,326.605,-0.00159,0.00155,0.0,Bloomberg Global Aggregate
2022-10-31,P-161,CLT-1021,319.772,-0.02092,-0.01095,0.0,Bloomberg Global Aggregate
2022-11-30,P-161,CLT-1021,323.685,0.01224,0.01112,0.0,Bloomberg Global Aggregate
2022-12-31,P-161,CLT-1021,316.603,-0.02188,-0.02466,0.0,Bloomberg Global Aggregate
2023-01-31,P-161,CLT-1021,315.865,-0.00233,-0.0064,0.0,Bloomberg Global Aggregate
2023-02-28,P-161,CLT-1021,295.211,-0.06539,-0.04345,0.0,Bloomberg Global Aggregate
2023-03-31,P-161,CLT-1021,298.114,0.00983,0.02043,0.0,Bloomberg Global Aggregate
2023-04-30,P-161,CLT-1021,302.999,0.01639,0.00906,0.0,Bloomberg Global Aggregate
2023-05-31,P-161,CLT-1021,291.958,-0.03644,-0.02839,12.82,Bloomberg Global Aggregate
2023-06-30,P-161,CLT-1021,283.587,-0.02867,-0.02983,0.0,Bloomberg Global Aggregate
2023-07-31,P-161,CLT-1021,276.784,-0.02399,-0.01321,0.0,Bloomberg Global Aggregate
2023-08-31,P-161,CLT-1021,283.3,0.02354,0.01806,0.0,Bloomberg Global Aggregate
2023-09-30,P-161,CLT-1021,284.617,0.00465,-0.00247,0.0,Bloomberg Global Aggregate
2023-10-31,P-161,CLT-1021,282.781,-0.00645,-0.01193,0.0,Bloomberg Global Aggregate
2023-11-30,P-161,CLT-1021,280.585,-0.00777,-0.01571,0.0,Bloomberg Global Aggregate
2023-12-31,P-161,CLT-1021,279.388,-0.00426,-0.01655,0.0,Bloomberg Global Aggregate
2024-01-31,P-161,CLT-1021,267.315,-0.04321,-0.03312,12.2,Bloomberg Global Aggregate
2024-02-29,P-161,CLT-1021,260.249,-0.02643,-0.01949,14.5,Bloomberg Global Aggregate
2024-03-31,P-161,CLT-1021,257.625,-0.01008,-0.01692,0.0,Bloomberg Global Aggregate
2024-04-30,P-161,CLT-1021,263.993,0.02472,0.01598,0.0,Bloomberg Global Aggregate
2024-05-31,P-161,CLT-1021,262.421,-0.00595,6e-05,0.0,Bloomberg Global Aggregate
2024-06-30,P-161,CLT-1021,257.46,-0.0189,-0.01232,0.0,Bloomberg Global Aggregate
2024-07-31,P-161,CLT-1021,267.933,0.04068,0.04651,0.0,Bloomberg Global Aggregate
2024-08-31,P-161,CLT-1021,261.794,-0.02291,-0.00929,0.0,Bloomberg Global Aggregate
2024-09-30,P-161,CLT-1021,265.505,0.01417,0.02507,0.0,Bloomberg Global Aggregate
2024-10-31,P-161,CLT-1021,271.583,0.02289,0.03358,-17.08,Bloomberg Global Aggregate
2024-11-30,P-161,CLT-1021,263.654,-0.02919,-0.02629,0.0,Bloomberg Global Aggregate
2024-12-31,P-161,CLT-1021,265.307,0.00627,0.00455,0.0,Bloomberg Global Aggregate
2025-01-31,P-161,CLT-1021,264.379,-0.0035,-0.00654,13.08,Bloomberg Global Aggregate
2025-02-28,P-161,CLT-1021,261.015,-0.01273,-0.00807,0.0,Bloomberg Global Aggregate
2025-03-31,P-161,CLT-1021,263.399,0.00913,0.01359,0.0,Bloomberg Global Aggregate
2025-04-30,P-161,CLT-1021,261.289,-0.00801,-0.00852,0.0,Bloomberg Global Aggregate
2025-05-31,P-161,CLT-1021,256.359,-0.01887,-0.00614,0.0,Bloomberg Global Aggregate
2025-06-30,P-161,CLT-1021,258.246,0.00736,1e-05,0.0,Bloomberg Global Aggregate
2025-07-31,P-161,CLT-1021,259.839,0.00617,-0.00384,0.0,Bloomberg Global Aggregate
2025-08-31,P-161,CLT-1021,253.482,-0.02447,-0.01885,0.0,Bloomberg Global Aggregate
2025-09-30,P-161,CLT-1021,257.119,0.01435,0.0181,0.0,Bloomberg Global Aggregate
2025-10-31,P-161,CLT-1021,265.477,0.03251,0.02284,-11.44,Bloomberg Global Aggregate
2025-11-30,P-161,CLT-1021,267.63,0.00811,0.00961,0.0,Bloomberg Global Aggregate
2025-12-31,P-161,CLT-1021,267.741,0.00041,-0.0039,0.0,Bloomberg Global Aggregate
2026-01-31,P-161,CLT-1021,264.71,-0.01132,-0.01007,0.0,Bloomberg Global Aggregate
2026-02-28,P-161,CLT-1021,265.29,0.00219,-0.01004,0.0,Bloomberg Global Aggregate
2021-01-31,P-162,CLT-1021,2271.37,0.01899,0.01155,0.0,Bloomberg Global Aggregate
2021-02-28,P-162,CLT-1021,2287.969,0.00731,-0.00084,0.0,Bloomberg Global Aggregate
2021-03-31,P-162,CLT-1021,2362.839,0.03272,0.02435,0.0,Bloomberg Global Aggregate
2021-04-30,P-162,CLT-1021,2354.149,-0.00368,0.00166,0.0,Bloomberg Global Aggregate
2021-05-31,P-162,CLT-1021,2331.127,-0.00978,-0.00557,0.0,Bloomberg Global Aggregate
2021-06-30,P-162,CLT-1021,2402.582,0.03065,0.0198,0.0,Bloomberg Global Aggregate
2021-07-31,P-162,CLT-1021,2354.037,-0.02021,-0.0232,0.0,Bloomberg Global Aggregate
2021-08-31,P-162,CLT-1021,2353.152,-0.00038,0.01257,0.0,Bloomberg Global Aggregate
2021-09-30,P-162,CLT-1021,2371.857,0.00795,-0.01639,137.23,Bloomberg Global Aggregate
2021-10-31,P-162,CLT-1021,2468.035,0.04055,0.02715,0.0,Bloomberg Global Aggregate
2021-11-30,P-162,CLT-1021,2468.474,0.00018,-0.00173,0.0,Bloomberg Global Aggregate
2021-12-31,P-162,CLT-1021,2477.869,0.00381,0.0057,0.0,Bloomberg Global Aggregate
2022-01-31,P-162,CLT-1021,2477.339,-0.00021,-0.00409,0.0,Bloomberg Global Aggregate
2022-02-28,P-162,CLT-1021,2377.584,-0.04027,-0.04804,0.0,Bloomberg Global Aggregate
2022-03-31,P-162,CLT-1021,2264.792,-0.04744,-0.02404,0.0,Bloomberg Global Aggregate
2022-04-30,P-162,CLT-1021,2344.094,0.03502,0.00775,0.0,Bloomberg Global Aggregate
2022-05-31,P-162,CLT-1021,2335.29,-0.00376,0.00445,0.0,Bloomberg Global Aggregate
2022-06-30,P-162,CLT-1021,2323.388,-0.0051,-0.00652,0.0,Bloomberg Global Aggregate
2022-07-31,P-162,CLT-1021,2241.422,-0.03528,-0.03715,0.0,Bloomberg Global Aggregate
2022-08-31,P-162,CLT-1021,2297.477,0.02501,-0.00085,-134.78,Bloomberg Global Aggregate
2022-09-30,P-162,CLT-1021,2301.9,0.00193,0.00155,0.0,Bloomberg Global Aggregate
2022-10-31,P-162,CLT-1021,2324.72,0.00991,-0.01095,0.0,Bloomberg Global Aggregate
2022-11-30,P-162,CLT-1021,2365.493,0.01754,0.01112,0.0,Bloomberg Global Aggregate
2022-12-31,P-162,CLT-1021,2282.785,-0.03496,-0.02466,0.0,Bloomberg Global Aggregate
2023-01-31,P-162,CLT-1021,2275.241,-0.0033,-0.0064,0.0,Bloomberg Global Aggregate
2023-02-28,P-162,CLT-1021,2176.375,-0.04345,-0.04345,0.0,Bloomberg Global Aggregate
2023-03-31,P-162,CLT-1021,2195.147,0.00863,0.02043,0.0,Bloomberg Global Aggregate
2023-04-30,P-162,CLT-1021,2227.806,0.01488,0.00906,0.0,Bloomberg Global Aggregate
2023-05-31,P-162,CLT-1021,2168.387,-0.02667,-0.02839,0.0,Bloomberg Global Aggregate
2023-06-30,P-162,CLT-1021,2121.591,-0.02158,-0.02983,0.0,Bloomberg Global Aggregate
2023-07-31,P-162,CLT-1021,2101.659,-0.00939,-0.01321,0.0,Bloomberg Global Aggregate
2023-08-31,P-162,CLT-1021,2125.933,0.01155,0.01806,0.0,Bloomberg Global Aggregate
2023-09-30,P-162,CLT-1021,2143.73,0.00837,-0.00247,0.0,Bloomberg Global Aggregate
2023-10-31,P-162,CLT-1021,2104.893,-0.01812,-0.01193,0.0,Bloomberg Global Aggregate
2023-11-30,P-162,CLT-1021,1995.126,-0.05215,-0.01571,0.0,Bloomberg Global Aggregate
2023-12-31,P-162,CLT-1021,1968.131,-0.01353,-0.01655,0.0,Bloomberg Global Aggregate
2024-01-31,P-162,CLT-1021,1892.477,-0.03844,-0.03312,0.0,Bloomberg Global Aggregate
2024-02-29,P-162,CLT-1021,1867.177,-0.01337,-0.01949,128.56,Bloomberg Global Aggregate
2024-03-31,P-162,CLT-1021,1883.905,0.00896,-0.01692,0.0,Bloomberg Global Aggregate
2024-04-30,P-162,CLT-1021,1963.422,0.04221,0.01598,0.0,Bloomberg Global Aggregate
2024-05-31,P-162,CLT-1021,1962.417,-0.00051,6e-05,0.0,Bloomberg Global Aggregate
2024-06-30,P-162,CLT-1021,1921.251,-0.02098,-0.01232,0.0,Bloomberg Global Aggregate
2024-07-31,P-162,CLT-1021,2027.115,0.0551,0.04651,-139.84,Bloomberg Global Aggregate
2024-08-31,P-162,CLT-1021,2002.047,-0.01237,-0.00929,-132.99,Bloomberg Global Aggregate
2024-09-30,P-162,CLT-1021,2064.719,0.0313,0.02507,0.0,Bloomberg Global Aggregate
2024-10-31,P-162,CLT-1021,2120.378,0.02696,0.03358,0.0,Bloomberg Global Aggregate
2024-11-30,P-162,CLT-1021,2074.199,-0.02178,-0.02629,0.0,Bloomberg Global Aggregate
2024-12-31,P-162,CLT-1021,2066.068,-0.00392,0.00455,0.0,Bloomberg Global Aggregate
2025-01-31,P-162,CLT-1021,2085.447,0.00938,-0.00654,0.0,Bloomberg Global Aggregate
2025-02-28,P-162,CLT-1021,2056.598,-0.01383,-0.00807,0.0,Bloomberg Global Aggregate
2025-03-31,P-162,CLT-1021,2104.142,0.02312,0.01359,0.0,Bloomberg Global Aggregate
2025-04-30,P-162,CLT-1021,2056.735,-0.02253,-0.00852,0.0,Bloomberg Global Aggregate
2025-05-31,P-162,CLT-1021,2066.726,0.00486,-0.00614,0.0,Bloomberg Global Aggregate
2025-06-30,P-162,CLT-1021,2045.335,-0.01035,1e-05,-63.69,Bloomberg Global Aggregate
2025-07-31,P-162,CLT-1021,2046.976,0.0008,-0.00384,-140.32,Bloomberg Global Aggregate
2025-08-31,P-162,CLT-1021,2036.948,-0.0049,-0.01885,0.0,Bloomberg Global Aggregate
2025-09-30,P-162,CLT-1021,2071.792,0.01711,0.0181,0.0,Bloomberg Global Aggregate
2025-10-31,P-162,CLT-1021,2096.056,0.01171,0.02284,0.0,Bloomberg Global Aggregate
2025-11-30,P-162,CLT-1021,2131.974,0.01714,0.00961,0.0,Bloomberg Global Aggregate
2025-12-31,P-162,CLT-1021,2104.838,-0.01273,-0.0039,0.0,Bloomberg Global Aggregate
2026-01-31,P-162,CLT-1021,2076.302,-0.01356,-0.01007,-51.47,Bloomberg Global Aggregate
2026-02-28,P-162,CLT-1021,2065.21,-0.00534,-0.01004,-75.6,Bloomberg Global Aggregate
2021-01-31,P-163,CLT-1021,6419.611,-0.04525,-0.06004,0.0,MSCI World
2021-02-28,P-163,CLT-1021,6622.322,0.03158,0.03127,0.0,MSCI World
2021-03-31,P-163,CLT-1021,7234.132,0.09239,0.09212,-260.17,MSCI World
2021-04-30,P-163,CLT-1021,7568.583,0.04623,0.0382,0.0,MSCI World
2021-05-31,P-163,CLT-1021,7486.07,-0.0109,-0.01147,0.0,MSCI World
2021-06-30,P-163,CLT-1021,7764.139,0.03714,0.03022,0.0,MSCI World
2021-07-31,P-163,CLT-1021,8445.286,0.08773,0.076,-433.58,MSCI World
2021-08-31,P-163,CLT-1021,9039.566,0.07037,0.0739,686.35,MSCI World
2021-09-30,P-163,CLT-1021,8412.387,-0.06938,-0.03385,0.0,MSCI World
2021-10-31,P-163,CLT-1021,8586.262,0.02067,0.02953,0.0,MSCI World
2021-11-30,P-163,CLT-1021,8712.419,0.01469,0.00155,0.0,MSCI World
2021-12-31,P-163,CLT-1021,9074.72,0.04158,0.04193,0.0,MSCI World
2022-01-31,P-163,CLT-1021,9125.214,0.00556,0.00922,0.0,MSCI World
2022-02-28,P-163,CLT-1021,8273.506,-0.09334,-0.10602,0.0,MSCI World
2022-03-31,P-163,CLT-1021,8087.531,-0.02248,-0.0214,0.0,MSCI World
2022-04-30,P-163,CLT-1021,7915.933,-0.02122,0.00148,0.0,MSCI World
2022-05-31,P-163,CLT-1021,7257.382,-0.08319,-0.06687,0.0,MSCI World
2022-06-30,P-163,CLT-1021,7417.437,0.02205,0.01749,0.0,MSCI World
2022-07-31,P-163,CLT-1021,6888.355,-0.07133,-0.07063,498.61,MSCI World
2022-08-31,P-163,CLT-1021,6720.005,-0.02444,-0.04025,0.0,MSCI World
2022-09-30,P-163,CLT-1021,6998.028,0.04137,0.04931,444.47,MSCI World
2022-10-31,P-163,CLT-1021,6667.97,-0.04716,-0.04383,0.0,MSCI World
2022-11-30,P-163,CLT-1021,6718.721,0.00761,0.01719,0.0,MSCI World
2022-12-31,P-163,CLT-1021,6141.825,-0.08586,-0.08023,0.0,MSCI World
2023-01-31,P-163,CLT-1021,6601.042,0.07477,0.09529,0.0,MSCI World
2023-02-28,P-163,CLT-1021,6543.306,-0.00875,-0.00458,0.0,MSCI World
2023-03-31,P-163,CLT-1021,6619.31,0.01162,0.01216,0.0,MSCI World
2023-04-30,P-163,CLT-1021,6713.322,0.0142,0.01566,0.0,MSCI World
2023-05-31,P-163,CLT-1021,7095.691,0.05696,0.0336,0.0,MSCI World
2023-06-30,P-163,CLT-1021,6843.824,-0.0355,-0.05542,0.0,MSCI World
2023-07-31,P-163,CLT-1021,6842.546,-0.00019,0.00794,0.0,MSCI World
2023-08-31,P-163,CLT-1021,6558.061,-0.04158,-0.01941,0.0,MSCI World
2023-09-30,P-163,CLT-1021,6140.905,-0.06361,-0.06255,0.0,MSCI World
2023-10-31,P-163,CLT-1021,6470.028,0.0536,0.04949,0.0,MSCI World
2023-11-30,P-163,CLT-1021,6367.191,-0.01589,-0.00657,0.0,MSCI World
2023-12-31,P-163,CLT-1021,6427.908,0.00954,0.01832,0.0,MSCI World
2024-01-31,P-163,CLT-1021,6639.37,0.0329,0.01569,0.0,MSCI World
2024-02-29,P-163,CLT-1021,6582.115,-0.00862,-0.00585,476.59,MSCI World
2024-03-31,P-163,CLT-1021,7227.484,0.09805,0.09084,0.0,MSCI World
2024-04-30,P-163,CLT-1021,7199.373,-0.00389,0.00619,0.0,MSCI World
2024-05-31,P-163,CLT-1021,6784.386,-0.05764,-0.05705,0.0,MSCI World
2024-06-30,P-163,CLT-1021,6701.468,-0.01222,-0.00859,0.0,MSCI World
2024-07-31,P-163,CLT-1021,6847.39,0.02177,0.02908,0.0,MSCI World
2024-08-31,P-163,CLT-1021,7141.995,0.04302,0.03046,0.0,MSCI World
2024-09-30,P-163,CLT-1021,6767.599,-0.05242,-0.03737,0.0,MSCI World
2024-10-31,P-163,CLT-1021,7108.364,0.05035,0.04707,0.0,MSCI World
2024-11-30,P-163,CLT-1021,6614.642,-0.06946,-0.06562,0.0,MSCI World
2024-12-31,P-163,CLT-1021,7015.379,0.06058,0.05606,0.0,MSCI World
2025-01-31,P-163,CLT-1021,6659.385,-0.05074,-0.04706,0.0,MSCI World
2025-02-28,P-163,CLT-1021,6713.547,0.00813,-0.0013,0.0,MSCI World
2025-03-31,P-163,CLT-1021,6999.192,0.04255,0.05273,0.0,MSCI World
2025-04-30,P-163,CLT-1021,7179.506,0.02576,0.01317,270.18,MSCI World
2025-05-31,P-163,CLT-1021,7481.485,0.04206,0.04235,0.0,MSCI World
2025-06-30,P-163,CLT-1021,7628.584,0.01966,0.03406,0.0,MSCI World
2025-07-31,P-163,CLT-1021,8158.114,0.06941,0.06201,0.0,MSCI World
2025-08-31,P-163,CLT-1021,8570.032,0.05049,0.05263,0.0,MSCI World
2025-09-30,P-163,CLT-1021,8318.543,-0.02935,-0.01083,0.0,MSCI World
2025-10-31,P-163,CLT-1021,8637.075,0.03829,0.03466,0.0,MSCI World
2025-11-30,P-163,CLT-1021,8250.294,-0.04478,-0.05573,0.0,MSCI World
2025-12-31,P-163,CLT-1021,8412.696,0.01968,0.00574,0.0,MSCI World
2026-01-31,P-163,CLT-1021,8735.249,0.03834,0.04243,0.0,MSCI World
2026-02-28,P-163,CLT-1021,8869.5,0.01537,0.01377,0.0,MSCI World
2021-01-31,P-164,CLT-1022,136.55,0.01278,0.01155,0.0,Bloomberg Global Aggregate
2021-02-28,P-164,CLT-1022,139.306,0.02018,-0.00084,0.0,Bloomberg Global Aggregate
2021-03-31,P-164,CLT-1022,141.221,0.01375,0.02435,-4.89,Bloomberg Global Aggregate
2021-04-30,P-164,CLT-1022,140.629,-0.00419,0.00166,0.0,Bloomberg Global Aggregate
2021-05-31,P-164,CLT-1022,138.308,-0.0165,-0.00557,0.0,Bloomberg Global Aggregate
2021-06-30,P-164,CLT-1022,138.366,0.00042,0.0198,0.0,Bloomberg Global Aggregate
2021-07-31,P-164,CLT-1022,135.702,-0.01925,-0.0232,-4.02,Bloomberg Global Aggregate
2021-08-31,P-164,CLT-1022,140.468,0.03512,0.01257,0.0,Bloomberg Global Aggregate
2021-09-30,P-164,CLT-1022,137.857,-0.01858,-0.01639,0.0,Bloomberg Global Aggregate
2021-10-31,P-164,CLT-1022,140.002,0.01556,0.02715,0.0,Bloomberg Global Aggregate
2021-11-30,P-164,CLT-1022,140.195,0.00138,-0.00173,0.0,Bloomberg Global Aggregate
2021-12-31,P-164,CLT-1022,142.205,0.01434,0.0057,0.0,Bloomberg Global Aggregate
2022-01-31,P-164,CLT-1022,141.394,-0.0057,-0.00409,0.0,Bloomberg Global Aggregate
2022-02-28,P-164,CLT-1022,137.406,-0.02821,-0.04804,0.0,Bloomberg Global Aggregate
2022-03-31,P-164,CLT-1022,132.642,-0.03467,-0.02404,0.0,Bloomberg Global Aggregate
2022-04-30,P-164,CLT-1022,133.217,0.00434,0.00775,0.0,Bloomberg Global Aggregate
2022-05-31,P-164,CLT-1022,134.424,0.00906,0.00445,0.0,Bloomberg Global Aggregate
2022-06-30,P-164,CLT-1022,134.346,-0.00058,-0.00652,0.0,Bloomberg Global Aggregate
2022-07-31,P-164,CLT-1022,129.514,-0.03597,-0.03715,9.37,Bloomberg Global Aggregate
2022-08-31,P-164,CLT-1022,127.198,-0.01788,-0.00085,0.0,Bloomberg Global Aggregate
2022-09-30,P-164,CLT-1022,131.552,0.03423,0.00155,0.0,Bloomberg Global Aggregate
2022-10-31,P-164,CLT-1022,129.756,-0.01366,-0.01095,0.0,Bloomberg Global Aggregate
2022-11-30,P-164,CLT-1022,131.465,0.01317,0.01112,0.0,Bloomberg Global Aggregate
2022-12-31,P-164,CLT-1022,129.409,-0.01564,-0.02466,0.0,Bloomberg Global Aggregate
2023-01-31,P-164,CLT-1022,127.518,-0.01461,-0.0064,0.0,Bloomberg Global Aggregate
2023-02-28,P-164,CLT-1022,122.145,-0.04213,-0.04345,0.0,Bloomberg Global Aggregate
2023-03-31,P-164,CLT-1022,123.569,0.01165,0.02043,0.0,Bloomberg Global Aggregate
2023-04-30,P-164,CLT-1022,125.46,0.01531,0.00906,0.0,Bloomberg Global Aggregate
2023-05-31,P-164,CLT-1022,121.49,-0.03165,-0.02839,0.0,Bloomberg Global Aggregate
2023-06-30,P-164,CLT-1022,118.38,-0.0256,-0.02983,0.0,Bloomberg Global Aggregate
2023-07-31,P-164,CLT-1022,115.177,-0.02706,-0.01321,0.0,Bloomberg Global Aggregate
2023-08-31,P-164,CLT-1022,116.006,0.0072,0.01806,0.0,Bloomberg Global Aggregate
2023-09-30,P-164,CLT-1022,113.605,-0.0207,-0.00247,-3.03,Bloomberg Global Aggregate
2023-10-31,P-164,CLT-1022,111.201,-0.02116,-0.01193,0.0,Bloomberg Global Aggregate
2023-11-30,P-164,CLT-1022,105.579,-0.05055,-0.01571,0.0,Bloomberg Global Aggregate
2023-12-31,P-164,CLT-1022,103.443,-0.02024,-0.01655,0.0,Bloomberg Global Aggregate
2024-01-31,P-164,CLT-1022,99.313,-0.03992,-0.03312,0.0,Bloomberg Global Aggregate
2024-02-29,P-164,CLT-1022,97.637,-0.01688,-0.01949,0.0,Bloomberg Global Aggregate
2024-03-31,P-164,CLT-1022,96.097,-0.01577,-0.01692,0.0,Bloomberg Global Aggregate
2024-04-30,P-164,CLT-1022,99.345,0.0338,0.01598,0.0,Bloomberg Global Aggregate
2024-05-31,P-164,CLT-1022,102.947,0.03626,6e-05,0.0,Bloomberg Global Aggregate
2024-06-30,P-164,CLT-1022,103.344,0.00385,-0.01232,0.0,Bloomberg Global Aggregate
2024-07-31,P-164,CLT-1022,107.562,0.04082,0.04651,0.0,Bloomberg Global Aggregate
2024-08-31,P-164,CLT-1022,105.891,-0.01554,-0.00929,0.0,Bloomberg Global Aggregate
2024-09-30,P-164,CLT-1022,109.867,0.03755,0.02507,0.0,Bloomberg Global Aggregate
2024-10-31,P-164,CLT-1022,111.073,0.01098,0.03358,0.0,Bloomberg Global Aggregate
2024-11-30,P-164,CLT-1022,107.731,-0.03009,-0.02629,0.0,Bloomberg Global Aggregate
2024-12-31,P-164,CLT-1022,107.927,0.00182,0.00455,0.0,Bloomberg Global Aggregate
2025-01-31,P-164,CLT-1022,108.146,0.00202,-0.00654,0.0,Bloomberg Global Aggregate
2025-02-28,P-164,CLT-1022,108.244,0.00091,-0.00807,0.0,Bloomberg Global Aggregate
2025-03-31,P-164,CLT-1022,108.665,0.00389,0.01359,0.0,Bloomberg Global Aggregate
2025-04-30,P-164,CLT-1022,107.179,-0.01368,-0.00852,0.0,Bloomberg Global Aggregate
2025-05-31,P-164,CLT-1022,107.234,0.00052,-0.00614,0.0,Bloomberg Global Aggregate
2025-06-30,P-164,CLT-1022,106.115,-0.01043,1e-05,-5.55,Bloomberg Global Aggregate
2025-07-31,P-164,CLT-1022,107.525,0.01328,-0.00384,0.0,Bloomberg Global Aggregate
2025-08-31,P-164,CLT-1022,106.456,-0.00994,-0.01885,0.0,Bloomberg Global Aggregate
2025-09-30,P-164,CLT-1022,108.691,0.021,0.0181,0.0,Bloomberg Global Aggregate
2025-10-31,P-164,CLT-1022,111.816,0.02875,0.02284,0.0,Bloomberg Global Aggregate
2025-11-30,P-164,CLT-1022,112.234,0.00373,0.00961,0.0,Bloomberg Global Aggregate
2025-12-31,P-164,CLT-1022,110.89,-0.01197,-0.0039,0.0,Bloomberg Global Aggregate
2026-01-31,P-164,CLT-1022,109.187,-0.01537,-0.01007,0.0,Bloomberg Global Aggregate
2026-02-28,P-164,CLT-1022,108.9,-0.00262,-0.01004,0.0,Bloomberg Global Aggregate
2021-01-31,P-165,CLT-1022,72.502,0.01499,0.01155,0.0,Bloomberg Global Aggregate
2021-02-28,P-165,CLT-1022,72.103,-0.00551,-0.00084,0.0,Bloomberg Global Aggregate
2021-03-31,P-165,CLT-1022,74.622,0.03494,0.02435,0.0,Bloomberg Global Aggregate
2021-04-30,P-165,CLT-1022,74.639,0.00022,0.00166,0.0,Bloomberg Global Aggregate
2021-05-31,P-165,CLT-1022,73.612,-0.01376,-0.00557,0.0,Bloomberg Global Aggregate
2021-06-30,P-165,CLT-1022,75.374,0.02394,0.0198,0.0,Bloomberg Global Aggregate
2021-07-31,P-165,CLT-1022,72.695,-0.03555,-0.0232,0.0,Bloomberg Global Aggregate
2021-08-31,P-165,CLT-1022,72.073,-0.00856,0.01257,0.0,Bloomberg Global Aggregate
2021-09-30,P-165,CLT-1022,70.946,-0.01563,-0.01639,0.0,Bloomberg Global Aggregate
2021-10-31,P-165,CLT-1022,72.324,0.01942,0.02715,0.0,Bloomberg Global Aggregate
2021-11-30,P-165,CLT-1022,72.019,-0.00421,-0.00173,0.0,Bloomberg Global Aggregate
2021-12-31,P-165,CLT-1022,71.584,-0.00605,0.0057,0.0,Bloomberg Global Aggregate
2022-01-31,P-165,CLT-1022,72.476,0.01247,-0.00409,0.0,Bloomberg Global Aggregate
2022-02-28,P-165,CLT-1022,68.431,-0.05582,-0.04804,0.0,Bloomberg Global Aggregate
2022-03-31,P-165,CLT-1022,66.458,-0.02883,-0.02404,0.0,Bloomberg Global Aggregate
2022-04-30,P-165,CLT-1022,67.355,0.0135,0.00775,0.0,Bloomberg Global Aggregate
2022-05-31,P-165,CLT-1022,66.504,-0.01263,0.00445,0.0,Bloomberg Global Aggregate
2022-06-30,P-165,CLT-1022,64.87,-0.02457,-0.00652,0.0,Bloomberg Global Aggregate
2022-07-31,P-165,CLT-1022,62.835,-0.03137,-0.03715,0.0,Bloomberg Global Aggregate
2022-08-31,P-165,CLT-1022,62.47,-0.00581,-0.00085,-4.46,Bloomberg Global Aggregate
2022-09-30,P-165,CLT-1022,61.886,-0.00935,0.00155,0.0,Bloomberg Global Aggregate
2022-10-31,P-165,CLT-1022,61.746,-0.00227,-0.01095,0.0,Bloomberg Global Aggregate
2022-11-30,P-165,CLT-1022,61.831,0.00138,0.01112,0.0,Bloomberg Global Aggregate
2022-12-31,P-165,CLT-1022,60.137,-0.0274,-0.02466,0.0,Bloomberg Global Aggregate
2023-01-31,P-165,CLT-1022,59.101,-0.01723,-0.0064,0.0,Bloomberg Global Aggregate
2023-02-28,P-165,CLT-1022,56.815,-0.03868,-0.04345,2.29,Bloomberg Global Aggregate
2023-03-31,P-165,CLT-1022,59.007,0.03859,0.02043,0.0,Bloomberg Global Aggregate
2023-04-30,P-165,CLT-1022,58.162,-0.01433,0.00906,0.0,Bloomberg Global Aggregate
2023-05-31,P-165,CLT-1022,56.644,-0.02609,-0.02839,0.0,Bloomberg Global Aggregate
2023-06-30,P-165,CLT-1022,55.633,-0.01785,-0.02983,0.0,Bloomberg Global Aggregate
2023-07-31,P-165,CLT-1022,54.639,-0.01786,-0.01321,0.0,Bloomberg Global Aggregate
2023-08-31,P-165,CLT-1022,54.867,0.00417,0.01806,0.0,Bloomberg Global Aggregate
2023-09-30,P-165,CLT-1022,55.077,0.00384,-0.00247,0.0,Bloomberg Global Aggregate
2023-10-31,P-165,CLT-1022,55.184,0.00193,-0.01193,0.0,Bloomberg Global Aggregate
2023-11-30,P-165,CLT-1022,55.002,-0.00329,-0.01571,0.0,Bloomberg Global Aggregate
2023-12-31,P-165,CLT-1022,54.399,-0.01096,-0.01655,0.0,Bloomberg Global Aggregate
2024-01-31,P-165,CLT-1022,52.712,-0.03101,-0.03312,0.0,Bloomberg Global Aggregate
2024-02-29,P-165,CLT-1022,51.112,-0.03036,-0.01949,0.0,Bloomberg Global Aggregate
2024-03-31,P-165,CLT-1022,50.865,-0.00483,-0.01692,0.0,Bloomberg Global Aggregate
2024-04-30,P-165,CLT-1022,52.256,0.02735,0.01598,0.0,Bloomberg Global Aggregate
2024-05-31,P-165,CLT-1022,51.528,-0.01392,6e-05,0.0,Bloomberg Global Aggregate
2024-06-30,P-165,CLT-1022,51.18,-0.00675,-0.01232,0.0,Bloomberg Global Aggregate
2024-07-31,P-165,CLT-1022,54.038,0.05583,0.04651,0.0,Bloomberg Global Aggregate
2024-08-31,P-165,CLT-1022,54.201,0.00302,-0.00929,0.0,Bloomberg Global Aggregate
2024-09-30,P-165,CLT-1022,55.552,0.02492,0.02507,0.0,Bloomberg Global Aggregate
2024-10-31,P-165,CLT-1022,56.843,0.02326,0.03358,0.0,Bloomberg Global Aggregate
2024-11-30,P-165,CLT-1022,55.025,-0.032,-0.02629,0.0,Bloomberg Global Aggregate
2024-12-31,P-165,CLT-1022,54.6,-0.00772,0.00455,0.0,Bloomberg Global Aggregate
2025-01-31,P-165,CLT-1022,54.252,-0.00638,-0.00654,0.0,Bloomberg Global Aggregate
2025-02-28,P-165,CLT-1022,53.684,-0.01045,-0.00807,0.0,Bloomberg Global Aggregate
2025-03-31,P-165,CLT-1022,55.957,0.04233,0.01359,0.0,Bloomberg Global Aggregate
2025-04-30,P-165,CLT-1022,56.178,0.00395,-0.00852,-3.41,Bloomberg Global Aggregate
2025-05-31,P-165,CLT-1022,56.588,0.00731,-0.00614,0.0,Bloomberg Global Aggregate
2025-06-30,P-165,CLT-1022,56.983,0.00698,1e-05,0.0,Bloomberg Global Aggregate
2025-07-31,P-165,CLT-1022,56.539,-0.00779,-0.00384,0.0,Bloomberg Global Aggregate
2025-08-31,P-165,CLT-1022,55.318,-0.02161,-0.01885,0.0,Bloomberg Global Aggregate
2025-09-30,P-165,CLT-1022,56.233,0.01654,0.0181,0.0,Bloomberg Global Aggregate
2025-10-31,P-165,CLT-1022,57.701,0.02612,0.02284,0.0,Bloomberg Global Aggregate
2025-11-30,P-165,CLT-1022,58.596,0.01551,0.00961,1.8,Bloomberg Global Aggregate
2025-12-31,P-165,CLT-1022,58.417,-0.00306,-0.0039,3.25,Bloomberg Global Aggregate
2026-01-31,P-165,CLT-1022,57.657,-0.01302,-0.01007,0.0,Bloomberg Global Aggregate
2026-02-28,P-165,CLT-1022,56.68,-0.01694,-0.01004,0.0,Bloomberg Global Aggregate
2021-01-31,P-166,CLT-1022,361.819,-0.0673,-0.06004,0.0,MSCI World
2021-02-28,P-166,CLT-1022,375.675,0.0383,0.03127,0.0,MSCI World
2021-03-31,P-166,CLT-1022,414.772,0.10407,0.09212,0.0,MSCI World
2021-04-30,P-166,CLT-1022,433.347,0.04478,0.0382,0.0,MSCI World
2021-05-31,P-166,CLT-1022,425.539,-0.01802,-0.01147,0.0,MSCI World
2021-06-30,P-166,CLT-1022,440.264,0.0346,0.03022,0.0,MSCI World
2021-07-31,P-166,CLT-1022,476.208,0.08164,0.076,0.0,MSCI World
2021-08-31,P-166,CLT-1022,510.46,0.07193,0.0739,0.0,MSCI World
2021-09-30,P-166,CLT-1022,494.605,-0.03106,-0.03385,0.0,MSCI World
2021-10-31,P-166,CLT-1022,508.091,0.02727,0.02953,0.0,MSCI World
2021-11-30,P-166,CLT-1022,513.116,0.00989,0.00155,0.0,MSCI World
2021-12-31,P-166,CLT-1022,535.722,0.04406,0.04193,0.0,MSCI World
2022-01-31,P-166,CLT-1022,538.135,0.0045,0.00922,0.0,MSCI World
2022-02-28,P-166,CLT-1022,483.099,-0.10227,-0.10602,0.0,MSCI World
2022-03-31,P-166,CLT-1022,475.577,-0.01557,-0.0214,0.0,MSCI World
2022-04-30,P-166,CLT-1022,476.867,0.00271,0.00148,0.0,MSCI World
2022-05-31,P-166,CLT-1022,446.283,-0.06414,-0.06687,26.1,MSCI World
2022-06-30,P-166,CLT-1022,453.999,0.01729,0.01749,0.0,MSCI World
2022-07-31,P-166,CLT-1022,419.266,-0.07651,-0.07063,0.0,MSCI World
2022-08-31,P-166,CLT-1022,402.123,-0.04089,-0.04025,0.0,MSCI World
2022-09-30,P-166,CLT-1022,423.146,0.05228,0.04931,0.0,MSCI World
2022-10-31,P-166,CLT-1022,404.387,-0.04433,-0.04383,0.0,MSCI World
2022-11-30,P-166,CLT-1022,413.139,0.02164,0.01719,0.0,MSCI World
2022-12-31,P-166,CLT-1022,379.199,-0.08215,-0.08023,-16.32,MSCI World
2023-01-31,P-166,CLT-1022,414.737,0.09372,0.09529,0.0,MSCI World
2023-02-28,P-166,CLT-1022,414.751,3e-05,-0.00458,0.0,MSCI World
2023-03-31,P-166,CLT-1022,420.358,0.01352,0.01216,0.0,MSCI World
2023-04-30,P-166,CLT-1022,426.091,0.01364,0.01566,0.0,MSCI World
2023-05-31,P-166,CLT-1022,442.834,0.0393,0.0336,0.0,MSCI World
2023-06-30,P-166,CLT-1022,416.741,-0.05892,-0.05542,0.0,MSCI World
2023-07-31,P-166,CLT-1022,418.507,0.00424,0.00794,0.0,MSCI World
2023-08-31,P-166,CLT-1022,404.135,-0.03434,-0.01941,0.0,MSCI World
2023-09-30,P-166,CLT-1022,377.731,-0.06534,-0.06255,0.0,MSCI World
2023-10-31,P-166,CLT-1022,399.129,0.05665,0.04949,0.0,MSCI World
2023-11-30,P-166,CLT-1022,392.159,-0.01746,-0.00657,0.0,MSCI World
2023-12-31,P-166,CLT-1022,397.418,0.01341,0.01832,0.0,MSCI World
2024-01-31,P-166,CLT-1022,404.658,0.01822,0.01569,0.0,MSCI World
2024-02-29,P-166,CLT-1022,397.511,-0.01766,-0.00585,0.0,MSCI World
2024-03-31,P-166,CLT-1022,432.606,0.08829,0.09084,-28.21,MSCI World
2024-04-30,P-166,CLT-1022,437.995,0.01246,0.00619,0.0,MSCI World
2024-05-31,P-166,CLT-1022,417.865,-0.04596,-0.05705,0.0,MSCI World
2024-06-30,P-166,CLT-1022,414.996,-0.00687,-0.00859,-8.43,MSCI World
2024-07-31,P-166,CLT-1022,425.086,0.02431,0.02908,0.0,MSCI World
2024-08-31,P-166,CLT-1022,435.93,0.02551,0.03046,0.0,MSCI World
2024-09-30,P-166,CLT-1022,420.056,-0.03642,-0.03737,-24.85,MSCI World
2024-10-31,P-166,CLT-1022,440.533,0.04875,0.04707,31.32,MSCI World
2024-11-30,P-166,CLT-1022,416.073,-0.05553,-0.06562,-20.96,MSCI World
2024-12-31,P-166,CLT-1022,441.627,0.06142,0.05606,0.0,MSCI World
2025-01-31,P-166,CLT-1022,421.121,-0.04643,-0.04706,0.0,MSCI World
2025-02-28,P-166,CLT-1022,419.893,-0.00292,-0.0013,0.0,MSCI World
2025-03-31,P-166,CLT-1022,448.866,0.069,0.05273,0.0,MSCI World
2025-04-30,P-166,CLT-1022,456.361,0.0167,0.01317,10.39,MSCI World
2025-05-31,P-166,CLT-1022,474.139,0.03896,0.04235,0.0,MSCI World
2025-06-30,P-166,CLT-1022,489.805,0.03304,0.03406,0.0,MSCI World
2025-07-31,P-166,CLT-1022,517.968,0.0575,0.06201,0.0,MSCI World
2025-08-31,P-166,CLT-1022,538.668,0.03997,0.05263,0.0,MSCI World
2025-09-30,P-166,CLT-1022,533.831,-0.00898,-0.01083,0.0,MSCI World
2025-10-31,P-166,CLT-1022,557.509,0.04436,0.03466,0.0,MSCI World
2025-11-30,P-166,CLT-1022,521.683,-0.06426,-0.05573,0.0,MSCI World
2025-12-31,P-166,CLT-1022,524.925,0.00621,0.00574,0.0,MSCI World
2026-01-31,P-166,CLT-1022,545.307,0.03883,0.04243,0.0,MSCI World
2026-02-28,P-166,CLT-1022,554.43,0.01673,0.01377,0.0,MSCI World
2021-01-31,P-167,CLT-1023,117.667,-0.06165,-0.06004,0.0,MSCI World
2021-02-28,P-167,CLT-1023,119.497,0.01555,0.03127,-3.74,MSCI World
2021-03-31,P-167,CLT-1023,129.165,0.0809,0.09212,0.0,MSCI World
2021-04-30,P-167,CLT-1023,132.882,0.02878,0.0382,0.0,MSCI World
2021-05-31,P-167,CLT-1023,133.539,0.00494,-0.01147,0.0,MSCI World
2021-06-30,P-167,CLT-1023,139.686,0.04603,0.03022,0.0,MSCI World
2021-07-31,P-167,CLT-1023,149.847,0.07274,0.076,0.0,MSCI World
2021-08-31,P-167,CLT-1023,163.173,0.08893,0.0739,0.0,MSCI World
2021-09-30,P-167,CLT-1023,157.387,-0.03546,-0.03385,0.0,MSCI World
2021-10-31,P-167,CLT-1023,161.493,0.02609,0.02953,0.0,MSCI World
2021-11-30,P-167,CLT-1023,161.924,0.00267,0.00155,5.77,MSCI World
2021-12-31,P-167,CLT-1023,169.333,0.04576,0.04193,0.0,MSCI World
2022-01-31,P-167,CLT-1023,169.853,0.00307,0.00922,0.0,MSCI World
2022-02-28,P-167,CLT-1023,151.963,-0.10532,-0.10602,0.0,MSCI World
2022-03-31,P-167,CLT-1023,150.2,-0.0116,-0.0214,0.0,MSCI World
2022-04-30,P-167,CLT-1023,150.72,0.00346,0.00148,0.0,MSCI World
2022-05-31,P-167,CLT-1023,140.784,-0.06592,-0.06687,0.0,MSCI World
2022-06-30,P-167,CLT-1023,144.135,0.0238,0.01749,0.0,MSCI World
2022-07-31,P-167,CLT-1023,135.161,-0.06226,-0.07063,0.0,MSCI World
2022-08-31,P-167,CLT-1023,129.679,-0.04056,-0.04025,0.0,MSCI World
2022-09-30,P-167,CLT-1023,135.401,0.04412,0.04931,0.0,MSCI World
2022-10-31,P-167,CLT-1023,129.831,-0.04114,-0.04383,0.0,MSCI World
2022-11-30,P-167,CLT-1023,129.662,-0.0013,0.01719,0.0,MSCI World
2022-12-31,P-167,CLT-1023,118.992,-0.08229,-0.08023,0.0,MSCI World
2023-01-31,P-167,CLT-1023,126.89,0.06637,0.09529,0.0,MSCI World
2023-02-28,P-167,CLT-1023,123.839,-0.02405,-0.00458,0.0,MSCI World
2023-03-31,P-167,CLT-1023,122.712,-0.00909,0.01216,0.0,MSCI World
2023-04-30,P-167,CLT-1023,126.215,0.02855,0.01566,0.0,MSCI World
2023-05-31,P-167,CLT-1023,130.533,0.03421,0.0336,0.0,MSCI World
2023-06-30,P-167,CLT-1023,121.399,-0.06997,-0.05542,0.0,MSCI World
2023-07-31,P-167,CLT-1023,123.125,0.01422,0.00794,0.0,MSCI World
2023-08-31,P-167,CLT-1023,122.236,-0.00722,-0.01941,0.0,MSCI World
2023-09-30,P-167,CLT-1023,115.382,-0.05607,-0.06255,0.0,MSCI World
2023-10-31,P-167,CLT-1023,120.885,0.04769,0.04949,0.0,MSCI World
2023-11-30,P-167,CLT-1023,120.477,-0.00337,-0.00657,0.0,MSCI World
2023-12-31,P-167,CLT-1023,124.028,0.02947,0.01832,0.0,MSCI World
2024-01-31,P-167,CLT-1023,125.338,0.01056,0.01569,0.0,MSCI World
2024-02-29,P-167,CLT-1023,124.705,-0.00505,-0.00585,0.0,MSCI World
2024-03-31,P-167,CLT-1023,135.707,0.08823,0.09084,0.0,MSCI World
2024-04-30,P-167,CLT-1023,134.006,-0.01253,0.00619,8.94,MSCI World
2024-05-31,P-167,CLT-1023,127.88,-0.04571,-0.05705,0.0,MSCI World
2024-06-30,P-167,CLT-1023,129.963,0.01629,-0.00859,0.0,MSCI World
2024-07-31,P-167,CLT-1023,132.452,0.01915,0.02908,0.0,MSCI World
2024-08-31,P-167,CLT-1023,138.059,0.04234,0.03046,-5.9,MSCI World
2024-09-30,P-167,CLT-1023,131.581,-0.04692,-0.03737,-4.02,MSCI World
2024-10-31,P-167,CLT-1023,138.041,0.04909,0.04707,0.0,MSCI World
2024-11-30,P-167,CLT-1023,131.516,-0.04727,-0.06562,0.0,MSCI World
2024-12-31,P-167,CLT-1023,138.134,0.05032,0.05606,0.0,MSCI World
2025-01-31,P-167,CLT-1023,131.671,-0.04679,-0.04706,0.0,MSCI World
2025-02-28,P-167,CLT-1023,128.739,-0.02226,-0.0013,0.0,MSCI World
2025-03-31,P-167,CLT-1023,134.569,0.04528,0.05273,0.0,MSCI World
2025-04-30,P-167,CLT-1023,133.354,-0.00903,0.01317,0.0,MSCI World
2025-05-31,P-167,CLT-1023,139.741,0.04789,0.04235,0.0,MSCI World
2025-06-30,P-167,CLT-1023,145.943,0.04438,0.03406,0.0,MSCI World
2025-07-31,P-167,CLT-1023,154.673,0.05982,0.06201,0.0,MSCI World
2025-08-31,P-167,CLT-1023,163.407,0.05647,0.05263,0.0,MSCI World
2025-09-30,P-167,CLT-1023,161.078,-0.01425,-0.01083,0.0,MSCI World
2025-10-31,P-167,CLT-1023,168.149,0.0439,0.03466,0.0,MSCI World
2025-11-30,P-167,CLT-1023,159.111,-0.05375,-0.05573,0.0,MSCI World
2025-12-31,P-167,CLT-1023,156.342,-0.0174,0.00574,0.0,MSCI World
2026-01-31,P-167,CLT-1023,164.791,0.05404,0.04243,0.0,MSCI World
2026-02-28,P-167,CLT-1023,166.37,0.00958,0.01377,0.0,MSCI World
2021-01-31,P-168,CLT-1023,1139.601,-0.00494,0.01155,0.0,Bloomberg Global Aggregate
2021-02-28,P-168,CLT-1023,1132.643,-0.00611,-0.00084,0.0,Bloomberg Global Aggregate
2021-03-31,P-168,CLT-1023,1131.89,-0.00067,0.02435,-67.3,Bloomberg Global Aggregate
2021-04-30,P-168,CLT-1023,1115.412,-0.01456,0.00166,0.0,Bloomberg Global Aggregate
2021-05-31,P-168,CLT-1023,1112.083,-0.00298,-0.00557,0.0,Bloomberg Global Aggregate
2021-06-30,P-168,CLT-1023,1138.232,0.02351,0.0198,0.0,Bloomberg Global Aggregate
2021-07-31,P-168,CLT-1023,1117.277,-0.01841,-0.0232,0.0,Bloomberg Global Aggregate
2021-08-31,P-168,CLT-1023,1132.097,0.01326,0.01257,0.0,Bloomberg Global Aggregate
2021-09-30,P-168,CLT-1023,1103.69,-0.02509,-0.01639,0.0,Bloomberg Global Aggregate
2021-10-31,P-168,CLT-1023,1133.56,0.02706,0.02715,0.0,Bloomberg Global Aggregate
2021-11-30,P-168,CLT-1023,1125.649,-0.00698,-0.00173,0.0,Bloomberg Global Aggregate
2021-12-31,P-168,CLT-1023,1108.101,-0.01559,0.0057,0.0,Bloomberg Global Aggregate
2022-01-31,P-168,CLT-1023,1092.739,-0.01386,-0.00409,0.0,Bloomberg Global Aggregate
2022-02-28,P-168,CLT-1023,1054.075,-0.03538,-0.04804,0.0,Bloomberg Global Aggregate
2022-03-31,P-168,CLT-1023,1052.018,-0.00195,-0.02404,0.0,Bloomberg Global Aggregate
2022-04-30,P-168,CLT-1023,1070.103,0.01719,0.00775,0.0,Bloomberg Global Aggregate
2022-05-31,P-168,CLT-1023,1097.857,0.02594,0.00445,0.0,Bloomberg Global Aggregate
2022-06-30,P-168,CLT-1023,1092.679,-0.00472,-0.00652,0.0,Bloomberg Global Aggregate
2022-07-31,P-168,CLT-1023,1078.49,-0.01299,-0.03715,0.0,Bloomberg Global Aggregate
2022-08-31,P-168,CLT-1023,1108.185,0.02753,-0.00085,0.0,Bloomberg Global Aggregate
2022-09-30,P-168,CLT-1023,1084.703,-0.02119,0.00155,0.0,Bloomberg Global Aggregate
2022-10-31,P-168,CLT-1023,1076.776,-0.00731,-0.01095,0.0,Bloomberg Global Aggregate
2022-11-30,P-168,CLT-1023,1090.707,0.01294,0.01112,0.0,Bloomberg Global Aggregate
2022-12-31,P-168,CLT-1023,1058.283,-0.02973,-0.02466,46.98,Bloomberg Global Aggregate
2023-01-31,P-168,CLT-1023,1059.227,0.00089,-0.0064,0.0,Bloomberg Global Aggregate
2023-02-28,P-168,CLT-1023,1014.478,-0.04225,-0.04345,-24.96,Bloomberg Global Aggregate
2023-03-31,P-168,CLT-1023,1025.793,0.01115,0.02043,0.0,Bloomberg Global Aggregate
2023-04-30,P-168,CLT-1023,1035.385,0.00935,0.00906,-25.96,Bloomberg Global Aggregate
2023-05-31,P-168,CLT-1023,1023.498,-0.01148,-0.02839,0.0,Bloomberg Global Aggregate
2023-06-30,P-168,CLT-1023,996.156,-0.02671,-0.02983,0.0,Bloomberg Global Aggregate
2023-07-31,P-168,CLT-1023,992.079,-0.00409,-0.01321,0.0,Bloomberg Global Aggregate
2023-08-31,P-168,CLT-1023,1006.933,0.01497,0.01806,61.04,Bloomberg Global Aggregate
2023-09-30,P-168,CLT-1023,1011.248,0.00429,-0.00247,0.0,Bloomberg Global Aggregate
2023-10-31,P-168,CLT-1023,983.337,-0.0276,-0.01193,0.0,Bloomberg Global Aggregate
2023-11-30,P-168,CLT-1023,961.897,-0.0218,-0.01571,0.0,Bloomberg Global Aggregate
2023-12-31,P-168,CLT-1023,945.271,-0.01728,-0.01655,0.0,Bloomberg Global Aggregate
2024-01-31,P-168,CLT-1023,898.301,-0.04969,-0.03312,0.0,Bloomberg Global Aggregate
2024-02-29,P-168,CLT-1023,871.316,-0.03004,-0.01949,0.0,Bloomberg Global Aggregate
2024-03-31,P-168,CLT-1023,860.823,-0.01204,-0.01692,0.0,Bloomberg Global Aggregate
2024-04-30,P-168,CLT-1023,876.645,0.01838,0.01598,-65.44,Bloomberg Global Aggregate
2024-05-31,P-168,CLT-1023,886.809,0.01159,6e-05,0.0,Bloomberg Global Aggregate
2024-06-30,P-168,CLT-1023,869.271,-0.01978,-0.01232,0.0,Bloomberg Global Aggregate
2024-07-31,P-168,CLT-1023,910.941,0.04794,0.04651,0.0,Bloomberg Global Aggregate
2024-08-31,P-168,CLT-1023,894.813,-0.01771,-0.00929,0.0,Bloomberg Global Aggregate
2024-09-30,P-168,CLT-1023,926.354,0.03525,0.02507,0.0,Bloomberg Global Aggregate
2024-10-31,P-168,CLT-1023,972.958,0.05031,0.03358,0.0,Bloomberg Global Aggregate
2024-11-30,P-168,CLT-1023,954.359,-0.01912,-0.02629,0.0,Bloomberg Global Aggregate
2024-12-31,P-168,CLT-1023,972.998,0.01953,0.00455,0.0,Bloomberg Global Aggregate
2025-01-31,P-168,CLT-1023,967.693,-0.00545,-0.00654,0.0,Bloomberg Global Aggregate
2025-02-28,P-168,CLT-1023,971.035,0.00345,-0.00807,0.0,Bloomberg Global Aggregate
2025-03-31,P-168,CLT-1023,985.852,0.01526,0.01359,0.0,Bloomberg Global Aggregate
2025-04-30,P-168,CLT-1023,964.459,-0.0217,-0.00852,0.0,Bloomberg Global Aggregate
2025-05-31,P-168,CLT-1023,962.379,-0.00216,-0.00614,0.0,Bloomberg Global Aggregate
2025-06-30,P-168,CLT-1023,950.092,-0.01277,1e-05,0.0,Bloomberg Global Aggregate
2025-07-31,P-168,CLT-1023,977.058,0.02838,-0.00384,0.0,Bloomberg Global Aggregate
2025-08-31,P-168,CLT-1023,954.869,-0.02271,-0.01885,0.0,Bloomberg Global Aggregate
2025-09-30,P-168,CLT-1023,981.09,0.02746,0.0181,0.0,Bloomberg Global Aggregate
2025-10-31,P-168,CLT-1023,1003.976,0.02333,0.02284,-51.02,Bloomberg Global Aggregate
2025-11-30,P-168,CLT-1023,997.569,-0.00638,0.00961,0.0,Bloomberg Global Aggregate
2025-12-31,P-168,CLT-1023,968.77,-0.02887,-0.0039,0.0,Bloomberg Global Aggregate
2026-01-31,P-168,CLT-1023,969.445,0.0007,-0.01007,0.0,Bloomberg Global Aggregate
2026-02-28,P-168,CLT-1023,980.62,0.01153,-0.01004,0.0,Bloomberg Global Aggregate
2021-01-31,P-169,CLT-1023,1903.612,0.05809,0.06903,0.0,S&P 500
2021-02-28,P-169,CLT-1023,1837.119,-0.03493,-0.01095,0.0,S&P 500
2021-03-31,P-169,CLT-1023,1809.0,-0.01531,-0.01016,0.0,S&P 500
2021-04-30,P-169,CLT-1023,1755.193,-0.02974,-0.01594,85.98,S&P 500
2021-05-31,P-169,CLT-1023,1833.046,0.04436,0.0541,0.0,S&P 500
2021-06-30,P-169,CLT-1023,1947.851,0.06263,0.05455,64.37,S&P 500
2021-07-31,P-169,CLT-1023,2088.742,0.07233,0.0736,0.0,S&P 500
2021-08-31,P-169,CLT-1023,2180.415,0.04389,0.05617,0.0,S&P 500
2021-09-30,P-169,CLT-1023,2053.876,-0.05803,-0.06581,0.0,S&P 500
2021-10-31,P-169,CLT-1023,2118.451,0.03144,0.02256,0.0,S&P 500
2021-11-30,P-169,CLT-1023,2023.93,-0.04462,-0.0393,148.86,S&P 500
2021-12-31,P-169,CLT-1023,1998.211,-0.01271,-0.01411,0.0,S&P 500
2022-01-31,P-169,CLT-1023,2016.74,0.00927,0.00246,-114.82,S&P 500
2022-02-28,P-169,CLT-1023,2094.69,0.03865,0.03318,0.0,S&P 500
2022-03-31,P-169,CLT-1023,1997.206,-0.04654,-0.04656,0.0,S&P 500
2022-04-30,P-169,CLT-1023,1811.298,-0.09308,-0.11279,-79.92,S&P 500
2022-05-31,P-169,CLT-1023,1830.518,0.01061,0.00292,90.65,S&P 500
2022-06-30,P-169,CLT-1023,2031.438,0.10976,0.11668,-90.69,S&P 500
2022-07-31,P-169,CLT-1023,1987.511,-0.02162,-0.01479,0.0,S&P 500
2022-08-31,P-169,CLT-1023,1964.274,-0.01169,-0.00325,65.93,S&P 500
2022-09-30,P-169,CLT-1023,2131.799,0.08529,0.0769,0.0,S&P 500
2022-10-31,P-169,CLT-1023,2158.427,0.01249,0.02185,0.0,S&P 500
2022-11-30,P-169,CLT-1023,2154.199,-0.00196,0.0046,0.0,S&P 500
2022-12-31,P-169,CLT-1023,2217.564,0.02941,0.015,0.0,S&P 500
2023-01-31,P-169,CLT-1023,2269.235,0.0233,0.02114,0.0,S&P 500
2023-02-28,P-169,CLT-1023,2208.733,-0.02666,-0.04306,131.15,S&P 500
2023-03-31,P-169,CLT-1023,2116.759,-0.04164,-0.05238,0.0,S&P 500
2023-04-30,P-169,CLT-1023,2285.133,0.07954,0.09673,0.0,S&P 500
2023-05-31,P-169,CLT-1023,2321.883,0.01608,0.01808,0.0,S&P 500
2023-06-30,P-169,CLT-1023,2386.094,0.02765,0.01421,-63.57,S&P 500
2023-07-31,P-169,CLT-1023,2356.467,-0.01242,0.00542,0.0,S&P 500
2023-08-31,P-169,CLT-1023,2476.751,0.05104,0.04566,0.0,S&P 500
2023-09-30,P-169,CLT-1023,2788.166,0.12574,0.12684,0.0,S&P 500
2023-10-31,P-169,CLT-1023,2811.642,0.00842,0.03378,0.0,S&P 500
2023-11-30,P-169,CLT-1023,2765.426,-0.01644,-0.01758,-212.67,S&P 500
2023-12-31,P-169,CLT-1023,2740.619,-0.00897,0.00342,0.0,S&P 500
2024-01-31,P-169,CLT-1023,2855.695,0.04199,0.05905,0.0,S&P 500
2024-02-29,P-169,CLT-1023,2804.989,-0.01776,-0.01734,148.69,S&P 500
2024-03-31,P-169,CLT-1023,2864.156,0.02109,0.04895,0.0,S&P 500
2024-04-30,P-169,CLT-1023,2555.71,-0.10769,-0.09761,0.0,S&P 500
2024-05-31,P-169,CLT-1023,2643.856,0.03449,-0.00103,0.0,S&P 500
2024-06-30,P-169,CLT-1023,2768.752,0.04724,0.0386,0.0,S&P 500
2024-07-31,P-169,CLT-1023,2921.681,0.05523,0.06825,0.0,S&P 500
2024-08-31,P-169,CLT-1023,2895.634,-0.00892,-0.02822,0.0,S&P 500
2024-09-30,P-169,CLT-1023,2680.186,-0.0744,-0.05983,0.0,S&P 500
2024-10-31,P-169,CLT-1023,2651.135,-0.01084,-0.00246,0.0,S&P 500
2024-11-30,P-169,CLT-1023,2494.206,-0.05919,-0.0424,0.0,S&P 500
2024-12-31,P-169,CLT-1023,2508.599,0.00577,0.0027,-169.49,S&P 500
2025-01-31,P-169,CLT-1023,2579.037,0.02808,0.00928,0.0,S&P 500
2025-02-28,P-169,CLT-1023,2408.764,-0.06602,-0.05135,0.0,S&P 500
2025-03-31,P-169,CLT-1023,2449.84,0.01705,0.04674,-56.65,S&P 500
2025-04-30,P-169,CLT-1023,2491.974,0.0172,0.00232,0.0,S&P 500
2025-05-31,P-169,CLT-1023,2693.596,0.08091,0.05949,0.0,S&P 500
2025-06-30,P-169,CLT-1023,2412.41,-0.10439,-0.07563,0.0,S&P 500
2025-07-31,P-169,CLT-1023,2336.555,-0.03144,-0.0374,87.31,S&P 500
2025-08-31,P-169,CLT-1023,2420.904,0.0361,0.03345,0.0,S&P 500
2025-09-30,P-169,CLT-1023,2326.461,-0.03901,-0.02733,0.0,S&P 500
2025-10-31,P-169,CLT-1023,2283.926,-0.01828,0.00198,0.0,S&P 500
2025-11-30,P-169,CLT-1023,2336.66,0.02309,0.00962,0.0,S&P 500
2025-12-31,P-169,CLT-1023,2380.764,0.01887,0.01689,0.0,S&P 500
2026-01-31,P-169,CLT-1023,2336.327,-0.01866,-0.02171,0.0,S&P 500
2026-02-28,P-169,CLT-1023,2353.0,0.00714,0.01648,0.0,S&P 500
2021-01-31,P-170,CLT-1024,564.105,0.00089,0.01155,0.0,Bloomberg Global Aggregate
2021-02-28,P-170,CLT-1024,543.689,-0.03619,-0.00084,0.0,Bloomberg Global Aggregate
2021-03-31,P-170,CLT-1024,555.798,0.02227,0.02435,0.0,Bloomberg Global Aggregate
2021-04-30,P-170,CLT-1024,569.406,0.02448,0.00166,0.0,Bloomberg Global Aggregate
2021-05-31,P-170,CLT-1024,559.417,-0.01754,-0.00557,0.0,Bloomberg Global Aggregate
2021-06-30,P-170,CLT-1024,558.511,-0.00162,0.0198,0.0,Bloomberg Global Aggregate
2021-07-31,P-170,CLT-1024,549.931,-0.01536,-0.0232,0.0,Bloomberg Global Aggregate
2021-08-31,P-170,CLT-1024,562.667,0.02316,0.01257,0.0,Bloomberg Global Aggregate
2021-09-30,P-170,CLT-1024,549.263,-0.02382,-0.01639,0.0,Bloomberg Global Aggregate
2021-10-31,P-170,CLT-1024,562.04,0.02326,0.02715,0.0,Bloomberg Global Aggregate
2021-11-30,P-170,CLT-1024,564.029,0.00354,-0.00173,0.0,Bloomberg Global Aggregate
2021-12-31,P-170,CLT-1024,566.681,0.0047,0.0057,0.0,Bloomberg Global Aggregate
2022-01-31,P-170,CLT-1024,573.583,0.01218,-0.00409,0.0,Bloomberg Global Aggregate
2022-02-28,P-170,CLT-1024,567.678,-0.0103,-0.04804,-43.0,Bloomberg Global Aggregate
2022-03-31,P-170,CLT-1024,540.286,-0.04825,-0.02404,0.0,Bloomberg Global Aggregate
2022-04-30,P-170,CLT-1024,555.117,0.02745,0.00775,0.0,Bloomberg Global Aggregate
2022-05-31,P-170,CLT-1024,559.196,0.00735,0.00445,-23.95,Bloomberg Global Aggregate
2022-06-30,P-170,CLT-1024,567.891,0.01555,-0.00652,0.0,Bloomberg Global Aggregate
2022-07-31,P-170,CLT-1024,553.691,-0.025,-0.03715,0.0,Bloomberg Global Aggregate
2022-08-31,P-170,CLT-1024,554.463,0.00139,-0.00085,0.0,Bloomberg Global Aggregate
2022-09-30,P-170,CLT-1024,562.357,0.01424,0.00155,0.0,Bloomberg Global Aggregate
2022-10-31,P-170,CLT-1024,553.632,-0.01551,-0.01095,0.0,Bloomberg Global Aggregate
2022-11-30,P-170,CLT-1024,554.117,0.00088,0.01112,32.49,Bloomberg Global Aggregate
2022-12-31,P-170,CLT-1024,547.903,-0.01121,-0.02466,0.0,Bloomberg Global Aggregate
2023-01-31,P-170,CLT-1024,538.211,-0.01769,-0.0064,0.0,Bloomberg Global Aggregate
2023-02-28,P-170,CLT-1024,520.704,-0.03253,-0.04345,0.0,Bloomberg Global Aggregate
2023-03-31,P-170,CLT-1024,532.27,0.02221,0.02043,0.0,Bloomberg Global Aggregate
2023-04-30,P-170,CLT-1024,519.27,-0.02442,0.00906,0.0,Bloomberg Global Aggregate
2023-05-31,P-170,CLT-1024,500.759,-0.03565,-0.02839,0.0,Bloomberg Global Aggregate
2023-06-30,P-170,CLT-1024,488.991,-0.0235,-0.02983,-9.8,Bloomberg Global Aggregate
2023-07-31,P-170,CLT-1024,480.215,-0.01795,-0.01321,0.0,Bloomberg Global Aggregate
2023-08-31,P-170,CLT-1024,471.25,-0.01867,0.01806,0.0,Bloomberg Global Aggregate
2023-09-30,P-170,CLT-1024,480.012,0.01859,-0.00247,0.0,Bloomberg Global Aggregate
2023-10-31,P-170,CLT-1024,476.135,-0.00808,-0.01193,0.0,Bloomberg Global Aggregate
2023-11-30,P-170,CLT-1024,472.443,-0.00775,-0.01571,0.0,Bloomberg Global Aggregate
2023-12-31,P-170,CLT-1024,461.909,-0.0223,-0.01655,0.0,Bloomberg Global Aggregate
2024-01-31,P-170,CLT-1024,450.894,-0.02385,-0.03312,0.0,Bloomberg Global Aggregate
2024-02-29,P-170,CLT-1024,455.067,0.00926,-0.01949,0.0,Bloomberg Global Aggregate
2024-03-31,P-170,CLT-1024,442.972,-0.02658,-0.01692,0.0,Bloomberg Global Aggregate
2024-04-30,P-170,CLT-1024,461.67,0.04221,0.01598,-28.15,Bloomberg Global Aggregate
2024-05-31,P-170,CLT-1024,465.059,0.00734,6e-05,0.0,Bloomberg Global Aggregate
2024-06-30,P-170,CLT-1024,453.903,-0.02399,-0.01232,0.0,Bloomberg Global Aggregate
2024-07-31,P-170,CLT-1024,490.62,0.08089,0.04651,0.0,Bloomberg Global Aggregate
2024-08-31,P-170,CLT-1024,489.584,-0.00211,-0.00929,0.0,Bloomberg Global Aggregate
2024-09-30,P-170,CLT-1024,507.454,0.0365,0.02507,0.0,Bloomberg Global Aggregate
2024-10-31,P-170,CLT-1024,523.128,0.03089,0.03358,0.0,Bloomberg Global Aggregate
2024-11-30,P-170,CLT-1024,503.844,-0.03686,-0.02629,0.0,Bloomberg Global Aggregate
2024-12-31,P-170,CLT-1024,508.07,0.00839,0.00455,0.0,Bloomberg Global Aggregate
2025-01-31,P-170,CLT-1024,517.426,0.01841,-0.00654,0.0,Bloomberg Global Aggregate
2025-02-28,P-170,CLT-1024,511.542,-0.01137,-0.00807,0.0,Bloomberg Global Aggregate
2025-03-31,P-170,CLT-1024,518.967,0.01452,0.01359,-14.44,Bloomberg Global Aggregate
2025-04-30,P-170,CLT-1024,526.527,0.01457,-0.00852,0.0,Bloomberg Global Aggregate
2025-05-31,P-170,CLT-1024,521.63,-0.0093,-0.00614,0.0,Bloomberg Global Aggregate
2025-06-30,P-170,CLT-1024,526.306,0.00896,1e-05,0.0,Bloomberg Global Aggregate
2025-07-31,P-170,CLT-1024,531.884,0.0106,-0.00384,0.0,Bloomberg Global Aggregate
2025-08-31,P-170,CLT-1024,520.998,-0.02047,-0.01885,0.0,Bloomberg Global Aggregate
2025-09-30,P-170,CLT-1024,533.532,0.02406,0.0181,0.0,Bloomberg Global Aggregate
2025-10-31,P-170,CLT-1024,551.697,0.03405,0.02284,0.0,Bloomberg Global Aggregate
2025-11-30,P-170,CLT-1024,554.428,0.00495,0.00961,0.0,Bloomberg Global Aggregate
2025-12-31,P-170,CLT-1024,559.76,0.00962,-0.0039,21.32,Bloomberg Global Aggregate
2026-01-31,P-170,CLT-1024,550.294,-0.01691,-0.01007,0.0,Bloomberg Global Aggregate
2026-02-28,P-170,CLT-1024,539.95,-0.0188,-0.01004,0.0,Bloomberg Global Aggregate
2021-01-31,P-171,CLT-1024,1255.069,0.00207,0.01155,0.0,Bloomberg Global Aggregate
2021-02-28,P-171,CLT-1024,1250.519,-0.00363,-0.00084,0.0,Bloomberg Global Aggregate
2021-03-31,P-171,CLT-1024,1274.932,0.01952,0.02435,0.0,Bloomberg Global Aggregate
2021-04-30,P-171,CLT-1024,1274.343,-0.00046,0.00166,0.0,Bloomberg Global Aggregate
2021-05-31,P-171,CLT-1024,1272.984,-0.00107,-0.00557,0.0,Bloomberg Global Aggregate
2021-06-30,P-171,CLT-1024,1284.469,0.00902,0.0198,0.0,Bloomberg Global Aggregate
2021-07-31,P-171,CLT-1024,1238.733,-0.03561,-0.0232,0.0,Bloomberg Global Aggregate
2021-08-31,P-171,CLT-1024,1248.856,0.00817,0.01257,0.0,Bloomberg Global Aggregate
2021-09-30,P-171,CLT-1024,1232.772,-0.01288,-0.01639,0.0,Bloomberg Global Aggregate
2021-10-31,P-171,CLT-1024,1269.181,0.02953,0.02715,0.0,Bloomberg Global Aggregate
2021-11-30,P-171,CLT-1024,1261.272,-0.00623,-0.00173,30.35,Bloomberg Global Aggregate
2021-12-31,P-171,CLT-1024,1278.733,0.01384,0.0057,0.0,Bloomberg Global Aggregate
2022-01-31,P-171,CLT-1024,1268.637,-0.0079,-0.00409,0.0,Bloomberg Global Aggregate
2022-02-28,P-171,CLT-1024,1212.16,-0.04452,-0.04804,0.0,Bloomberg Global Aggregate
2022-03-31,P-171,CLT-1024,1180.751,-0.02591,-0.02404,72.97,Bloomberg Global Aggregate
2022-04-30,P-171,CLT-1024,1183.784,0.00257,0.00775,0.0,Bloomberg Global Aggregate
2022-05-31,P-171,CLT-1024,1184.962,0.00099,0.00445,-80.18,Bloomberg Global Aggregate
2022-06-30,P-171,CLT-1024,1183.511,-0.00122,-0.00652,0.0,Bloomberg Global Aggregate
2022-07-31,P-171,CLT-1024,1142.924,-0.03429,-0.03715,0.0,Bloomberg Global Aggregate
2022-08-31,P-171,CLT-1024,1149.761,0.00598,-0.00085,0.0,Bloomberg Global Aggregate
2022-09-30,P-171,CLT-1024,1154.835,0.00441,0.00155,0.0,Bloomberg Global Aggregate
2022-10-31,P-171,CLT-1024,1130.603,-0.02098,-0.01095,0.0,Bloomberg Global Aggregate
2022-11-30,P-171,CLT-1024,1159.366,0.02544,0.01112,0.0,Bloomberg Global Aggregate
2022-12-31,P-171,CLT-1024,1134.203,-0.0217,-0.02466,0.0,Bloomberg Global Aggregate
2023-01-31,P-171,CLT-1024,1131.327,-0.00254,-0.0064,0.0,Bloomberg Global Aggregate
2023-02-28,P-171,CLT-1024,1079.946,-0.04542,-0.04345,0.0,Bloomberg Global Aggregate
2023-03-31,P-171,CLT-1024,1110.404,0.0282,0.02043,0.0,Bloomberg Global Aggregate
2023-04-30,P-171,CLT-1024,1113.081,0.00241,0.00906,0.0,Bloomberg Global Aggregate
2023-05-31,P-171,CLT-1024,1086.474,-0.0239,-0.02839,0.0,Bloomberg Global Aggregate
2023-06-30,P-171,CLT-1024,1039.837,-0.04292,-0.02983,0.0,Bloomberg Global Aggregate
2023-07-31,P-171,CLT-1024,1031.227,-0.00828,-0.01321,0.0,Bloomberg Global Aggregate
2023-08-31,P-171,CLT-1024,1043.089,0.0115,0.01806,0.0,Bloomberg Global Aggregate
2023-09-30,P-171,CLT-1024,1042.924,-0.00016,-0.00247,0.0,Bloomberg Global Aggregate
2023-10-31,P-171,CLT-1024,1040.253,-0.00256,-0.01193,0.0,Bloomberg Global Aggregate
2023-11-30,P-171,CLT-1024,1030.024,-0.00983,-0.01571,0.0,Bloomberg Global Aggregate
2023-12-31,P-171,CLT-1024,1021.734,-0.00805,-0.01655,0.0,Bloomberg Global Aggregate
2024-01-31,P-171,CLT-1024,995.895,-0.02529,-0.03312,0.0,Bloomberg Global Aggregate
2024-02-29,P-171,CLT-1024,973.571,-0.02242,-0.01949,0.0,Bloomberg Global Aggregate
2024-03-31,P-171,CLT-1024,961.392,-0.01251,-0.01692,0.0,Bloomberg Global Aggregate
2024-04-30,P-171,CLT-1024,966.392,0.0052,0.01598,0.0,Bloomberg Global Aggregate
2024-05-31,P-171,CLT-1024,962.591,-0.00393,6e-05,0.0,Bloomberg Global Aggregate
2024-06-30,P-171,CLT-1024,959.973,-0.00272,-0.01232,0.0,Bloomberg Global Aggregate
2024-07-31,P-171,CLT-1024,1002.682,0.04449,0.04651,0.0,Bloomberg Global Aggregate
2024-08-31,P-171,CLT-1024,981.625,-0.021,-0.00929,-36.82,Bloomberg Global Aggregate
2024-09-30,P-171,CLT-1024,1019.643,0.03873,0.02507,0.0,Bloomberg Global Aggregate
2024-10-31,P-171,CLT-1024,1058.145,0.03776,0.03358,0.0,Bloomberg Global Aggregate
2024-11-30,P-171,CLT-1024,1036.142,-0.02079,-0.02629,0.0,Bloomberg Global Aggregate
2024-12-31,P-171,CLT-1024,1034.739,-0.00135,0.00455,0.0,Bloomberg Global Aggregate
2025-01-31,P-171,CLT-1024,1030.407,-0.00419,-0.00654,0.0,Bloomberg Global Aggregate
2025-02-28,P-171,CLT-1024,1024.34,-0.00589,-0.00807,-81.3,Bloomberg Global Aggregate
2025-03-31,P-171,CLT-1024,1033.271,0.00872,0.01359,0.0,Bloomberg Global Aggregate
2025-04-30,P-171,CLT-1024,1023.837,-0.00913,-0.00852,59.34,Bloomberg Global Aggregate
2025-05-31,P-171,CLT-1024,1008.021,-0.01545,-0.00614,0.0,Bloomberg Global Aggregate
2025-06-30,P-171,CLT-1024,1006.254,-0.00175,1e-05,0.0,Bloomberg Global Aggregate
2025-07-31,P-171,CLT-1024,1009.299,0.00303,-0.00384,0.0,Bloomberg Global Aggregate
2025-08-31,P-171,CLT-1024,985.848,-0.02324,-0.01885,0.0,Bloomberg Global Aggregate
2025-09-30,P-171,CLT-1024,1016.477,0.03107,0.0181,0.0,Bloomberg Global Aggregate
2025-10-31,P-171,CLT-1024,1030.661,0.01395,0.02284,0.0,Bloomberg Global Aggregate
2025-11-30,P-171,CLT-1024,1039.333,0.00841,0.00961,0.0,Bloomberg Global Aggregate
2025-12-31,P-171,CLT-1024,1031.342,-0.00769,-0.0039,0.0,Bloomberg Global Aggregate
2026-01-31,P-171,CLT-1024,1020.262,-0.01074,-0.01007,0.0,Bloomberg Global Aggregate
2026-02-28,P-171,CLT-1024,1019.68,-0.00057,-0.01004,0.0,Bloomberg Global Aggregate
2021-01-31,P-172,CLT-1024,32.945,-0.06927,-0.06004,0.0,MSCI World
2021-02-28,P-172,CLT-1024,33.821,0.0266,0.03127,0.0,MSCI World
2021-03-31,P-172,CLT-1024,37.099,0.09691,0.09212,0.0,MSCI World
2021-04-30,P-172,CLT-1024,38.516,0.03819,0.0382,-2.44,MSCI World
2021-05-31,P-172,CLT-1024,38.1,-0.01078,-0.01147,0.0,MSCI World
2021-06-30,P-172,CLT-1024,38.907,0.02116,0.03022,0.0,MSCI World
2021-07-31,P-172,CLT-1024,41.808,0.07458,0.076,0.0,MSCI World
2021-08-31,P-172,CLT-1024,45.269,0.08278,0.0739,0.0,MSCI World
2021-09-30,P-172,CLT-1024,43.077,-0.04843,-0.03385,0.0,MSCI World
2021-10-31,P-172,CLT-1024,44.057,0.02275,0.02953,0.0,MSCI World
2021-11-30,P-172,CLT-1024,43.405,-0.01479,0.00155,0.0,MSCI World
2021-12-31,P-172,CLT-1024,45.39,0.04572,0.04193,0.0,MSCI World
2022-01-31,P-172,CLT-1024,46.247,0.0189,0.00922,0.0,MSCI World
2022-02-28,P-172,CLT-1024,41.234,-0.1084,-0.10602,0.0,MSCI World
2022-03-31,P-172,CLT-1024,39.964,-0.03081,-0.0214,0.0,MSCI World
2022-04-30,P-172,CLT-1024,39.657,-0.00768,0.00148,0.0,MSCI World
2022-05-31,P-172,CLT-1024,36.872,-0.07022,-0.06687,0.0,MSCI World
2022-06-30,P-172,CLT-1024,37.392,0.01411,0.01749,0.0,MSCI World
2022-07-31,P-172,CLT-1024,35.013,-0.06363,-0.07063,0.0,MSCI World
2022-08-31,P-172,CLT-1024,33.375,-0.04678,-0.04025,0.0,MSCI World
2022-09-30,P-172,CLT-1024,35.118,0.05223,0.04931,0.0,MSCI World
2022-10-31,P-172,CLT-1024,33.459,-0.04725,-0.04383,0.0,MSCI World
2022-11-30,P-172,CLT-1024,33.794,0.01001,0.01719,0.0,MSCI World
2022-12-31,P-172,CLT-1024,30.959,-0.08387,-0.08023,0.0,MSCI World
2023-01-31,P-172,CLT-1024,33.974,0.09736,0.09529,0.0,MSCI World
2023-02-28,P-172,CLT-1024,34.056,0.00244,-0.00458,0.0,MSCI World
2023-03-31,P-172,CLT-1024,34.37,0.00919,0.01216,0.0,MSCI World
2023-04-30,P-172,CLT-1024,34.526,0.00455,0.01566,0.0,MSCI World
2023-05-31,P-172,CLT-1024,35.953,0.04134,0.0336,0.0,MSCI World
2023-06-30,P-172,CLT-1024,33.656,-0.06391,-0.05542,0.0,MSCI World
2023-07-31,P-172,CLT-1024,33.971,0.00937,0.00794,0.0,MSCI World
2023-08-31,P-172,CLT-1024,33.277,-0.02043,-0.01941,0.0,MSCI World
2023-09-30,P-172,CLT-1024,31.123,-0.06472,-0.06255,0.0,MSCI World
2023-10-31,P-172,CLT-1024,32.509,0.04451,0.04949,0.0,MSCI World
2023-11-30,P-172,CLT-1024,32.441,-0.00208,-0.00657,0.0,MSCI World
2023-12-31,P-172,CLT-1024,32.015,-0.01313,0.01832,0.0,MSCI World
2024-01-31,P-172,CLT-1024,32.803,0.02461,0.01569,0.0,MSCI World
2024-02-29,P-172,CLT-1024,32.328,-0.01446,-0.00585,0.0,MSCI World
2024-03-31,P-172,CLT-1024,35.352,0.09352,0.09084,0.0,MSCI World
2024-04-30,P-172,CLT-1024,35.649,0.00842,0.00619,0.0,MSCI World
2024-05-31,P-172,CLT-1024,33.976,-0.04695,-0.05705,0.0,MSCI World
2024-06-30,P-172,CLT-1024,33.714,-0.00771,-0.00859,0.0,MSCI World
2024-07-31,P-172,CLT-1024,34.428,0.02118,0.02908,-1.47,MSCI World
2024-08-31,P-172,CLT-1024,34.976,0.01592,0.03046,-2.3,MSCI World
2024-09-30,P-172,CLT-1024,33.537,-0.04116,-0.03737,0.0,MSCI World
2024-10-31,P-172,CLT-1024,34.527,0.02951,0.04707,-2.29,MSCI World
2024-11-30,P-172,CLT-1024,32.047,-0.07181,-0.06562,0.0,MSCI World
2024-12-31,P-172,CLT-1024,33.738,0.05275,0.05606,0.0,MSCI World
2025-01-31,P-172,CLT-1024,31.924,-0.05377,-0.04706,0.0,MSCI World
2025-02-28,P-172,CLT-1024,31.868,-0.00175,-0.0013,0.0,MSCI World
2025-03-31,P-172,CLT-1024,33.458,0.0499,0.05273,-1.76,MSCI World
2025-04-30,P-172,CLT-1024,33.778,0.00956,0.01317,0.0,MSCI World
2025-05-31,P-172,CLT-1024,34.481,0.02081,0.04235,0.0,MSCI World
2025-06-30,P-172,CLT-1024,35.246,0.02218,0.03406,-1.72,MSCI World
2025-07-31,P-172,CLT-1024,37.596,0.0667,0.06201,0.0,MSCI World
2025-08-31,P-172,CLT-1024,39.803,0.0587,0.05263,0.0,MSCI World
2025-09-30,P-172,CLT-1024,38.714,-0.02736,-0.01083,0.0,MSCI World
2025-10-31,P-172,CLT-1024,39.755,0.02688,0.03466,0.0,MSCI World
2025-11-30,P-172,CLT-1024,37.872,-0.04737,-0.05573,0.0,MSCI World
2025-12-31,P-172,CLT-1024,37.826,-0.00121,0.00574,2.18,MSCI World
2026-01-31,P-172,CLT-1024,39.364,0.04067,0.04243,0.0,MSCI World
2026-02-28,P-172,CLT-1024,40.36,0.0253,0.01377,0.0,MSCI World
2021-01-31,P-173,CLT-1025,218.709,-0.0635,-0.06004,0.0,MSCI World
2021-02-28,P-173,CLT-1025,224.541,0.02667,0.03127,0.0,MSCI World
2021-03-31,P-173,CLT-1025,244.815,0.09029,0.09212,0.0,MSCI World
2021-04-30,P-173,CLT-1025,257.642,0.05239,0.0382,0.0,MSCI World
2021-05-31,P-173,CLT-1025,255.454,-0.00849,-0.01147,11.02,MSCI World
2021-06-30,P-173,CLT-1025,263.066,0.0298,0.03022,0.0,MSCI World
2021-07-31,P-173,CLT-1025,281.808,0.07124,0.076,0.0,MSCI World
2021-08-31,P-173,CLT-1025,303.682,0.07762,0.0739,0.0,MSCI World
2021-09-30,P-173,CLT-1025,294.824,-0.02917,-0.03385,0.0,MSCI World
2021-10-31,P-173,CLT-1025,300.839,0.0204,0.02953,0.0,MSCI World
2021-11-30,P-173,CLT-1025,302.777,0.00644,0.00155,0.0,MSCI World
2021-12-31,P-173,CLT-1025,314.933,0.04015,0.04193,0.0,MSCI World
2022-01-31,P-173,CLT-1025,317.719,0.00885,0.00922,0.0,MSCI World
2022-02-28,P-173,CLT-1025,281.611,-0.11365,-0.10602,0.0,MSCI World
2022-03-31,P-173,CLT-1025,274.525,-0.02516,-0.0214,0.0,MSCI World
2022-04-30,P-173,CLT-1025,272.519,-0.00731,0.00148,0.0,MSCI World
2022-05-31,P-173,CLT-1025,251.797,-0.07604,-0.06687,0.0,MSCI World
2022-06-30,P-173,CLT-1025,256.811,0.01992,0.01749,6.96,MSCI World
2022-07-31,P-173,CLT-1025,237.799,-0.07403,-0.07063,0.0,MSCI World
2022-08-31,P-173,CLT-1025,225.627,-0.05119,-0.04025,0.0,MSCI World
2022-09-30,P-173,CLT-1025,240.537,0.06608,0.04931,0.0,MSCI World
2022-10-31,P-173,CLT-1025,227.701,-0.05336,-0.04383,0.0,MSCI World
2022-11-30,P-173,CLT-1025,233.466,0.02532,0.01719,0.0,MSCI World
2022-12-31,P-173,CLT-1025,211.853,-0.09257,-0.08023,0.0,MSCI World
2023-01-31,P-173,CLT-1025,232.688,0.09835,0.09529,0.0,MSCI World
2023-02-28,P-173,CLT-1025,231.023,-0.00715,-0.00458,0.0,MSCI World
2023-03-31,P-173,CLT-1025,232.541,0.00657,0.01216,0.0,MSCI World
2023-04-30,P-173,CLT-1025,236.413,0.01665,0.01566,0.0,MSCI World
2023-05-31,P-173,CLT-1025,244.337,0.03352,0.0336,0.0,MSCI World
2023-06-30,P-173,CLT-1025,229.073,-0.06247,-0.05542,0.0,MSCI World
2023-07-31,P-173,CLT-1025,229.195,0.00053,0.00794,0.0,MSCI World
2023-08-31,P-173,CLT-1025,221.74,-0.03252,-0.01941,13.24,MSCI World
2023-09-30,P-173,CLT-1025,208.282,-0.0607,-0.06255,0.0,MSCI World
2023-10-31,P-173,CLT-1025,216.388,0.03892,0.04949,0.0,MSCI World
2023-11-30,P-173,CLT-1025,214.847,-0.00712,-0.00657,0.0,MSCI World
2023-12-31,P-173,CLT-1025,219.673,0.02246,0.01832,-15.75,MSCI World
2024-01-31,P-173,CLT-1025,223.359,0.01678,0.01569,0.0,MSCI World
2024-02-29,P-173,CLT-1025,220.636,-0.01219,-0.00585,0.0,MSCI World
2024-03-31,P-173,CLT-1025,242.149,0.0975,0.09084,0.0,MSCI World
2024-04-30,P-173,CLT-1025,242.721,0.00236,0.00619,0.0,MSCI World
2024-05-31,P-173,CLT-1025,226.155,-0.06825,-0.05705,0.0,MSCI World
2024-06-30,P-173,CLT-1025,223.57,-0.01143,-0.00859,0.0,MSCI World
2024-07-31,P-173,CLT-1025,230.989,0.03318,0.02908,0.0,MSCI World
2024-08-31,P-173,CLT-1025,236.65,0.02451,0.03046,0.0,MSCI World
2024-09-30,P-173,CLT-1025,229.327,-0.03095,-0.03737,17.79,MSCI World
2024-10-31,P-173,CLT-1025,238.582,0.04036,0.04707,0.0,MSCI World
2024-11-30,P-173,CLT-1025,221.583,-0.07125,-0.06562,-6.85,MSCI World
2024-12-31,P-173,CLT-1025,232.03,0.04715,0.05606,0.0,MSCI World
2025-01-31,P-173,CLT-1025,222.241,-0.04219,-0.04706,0.0,MSCI World
2025-02-28,P-173,CLT-1025,221.729,-0.0023,-0.0013,0.0,MSCI World
2025-03-31,P-173,CLT-1025,231.562,0.04434,0.05273,0.0,MSCI World
2025-04-30,P-173,CLT-1025,233.748,0.00944,0.01317,0.0,MSCI World
2025-05-31,P-173,CLT-1025,237.793,0.01731,0.04235,0.0,MSCI World
2025-06-30,P-173,CLT-1025,247.23,0.03968,0.03406,0.0,MSCI World
2025-07-31,P-173,CLT-1025,262.081,0.06007,0.06201,0.0,MSCI World
2025-08-31,P-173,CLT-1025,270.698,0.03288,0.05263,0.0,MSCI World
2025-09-30,P-173,CLT-1025,264.47,-0.02301,-0.01083,0.0,MSCI World
2025-10-31,P-173,CLT-1025,272.596,0.03072,0.03466,0.0,MSCI World
2025-11-30,P-173,CLT-1025,254.392,-0.06678,-0.05573,0.0,MSCI World
2025-12-31,P-173,CLT-1025,257.315,0.01149,0.00574,0.0,MSCI World
2026-01-31,P-173,CLT-1025,268.941,0.04519,0.04243,0.0,MSCI World
2026-02-28,P-173,CLT-1025,273.26,0.01606,0.01377,0.0,MSCI World
2021-01-31,P-174,CLT-1025,2958.968,-0.01648,0.01155,0.0,Bloomberg Global Aggregate
2021-02-28,P-174,CLT-1025,2940.069,-0.00639,-0.00084,0.0,Bloomberg Global Aggregate
2021-03-31,P-174,CLT-1025,2989.873,0.01694,0.02435,0.0,Bloomberg Global Aggregate
2021-04-30,P-174,CLT-1025,2964.378,-0.00853,0.00166,0.0,Bloomberg Global Aggregate
2021-05-31,P-174,CLT-1025,2934.952,-0.00993,-0.00557,0.0,Bloomberg Global Aggregate
2021-06-30,P-174,CLT-1025,2957.713,0.00776,0.0198,0.0,Bloomberg Global Aggregate
2021-07-31,P-174,CLT-1025,2896.355,-0.02074,-0.0232,-120.91,Bloomberg Global Aggregate
2021-08-31,P-174,CLT-1025,2957.128,0.02098,0.01257,0.0,Bloomberg Global Aggregate
2021-09-30,P-174,CLT-1025,2930.776,-0.00891,-0.01639,0.0,Bloomberg Global Aggregate
2021-10-31,P-174,CLT-1025,3006.34,0.02578,0.02715,125.22,Bloomberg Global Aggregate
2021-11-30,P-174,CLT-1025,3066.491,0.02001,-0.00173,0.0,Bloomberg Global Aggregate
2021-12-31,P-174,CLT-1025,3122.149,0.01815,0.0057,0.0,Bloomberg Global Aggregate
2022-01-31,P-174,CLT-1025,3106.346,-0.00506,-0.00409,0.0,Bloomberg Global Aggregate
2022-02-28,P-174,CLT-1025,2941.317,-0.05313,-0.04804,0.0,Bloomberg Global Aggregate
2022-03-31,P-174,CLT-1025,2913.524,-0.00945,-0.02404,0.0,Bloomberg Global Aggregate
2022-04-30,P-174,CLT-1025,2968.203,0.01877,0.00775,0.0,Bloomberg Global Aggregate
2022-05-31,P-174,CLT-1025,2936.537,-0.01067,0.00445,0.0,Bloomberg Global Aggregate
2022-06-30,P-174,CLT-1025,2952.227,0.00534,-0.00652,0.0,Bloomberg Global Aggregate
2022-07-31,P-174,CLT-1025,2837.99,-0.03869,-0.03715,0.0,Bloomberg Global Aggregate
2022-08-31,P-174,CLT-1025,2809.54,-0.01002,-0.00085,0.0,Bloomberg Global Aggregate
2022-09-30,P-174,CLT-1025,2754.154,-0.01971,0.00155,0.0,Bloomberg Global Aggregate
2022-10-31,P-174,CLT-1025,2716.34,-0.01373,-0.01095,-115.85,Bloomberg Global Aggregate
2022-11-30,P-174,CLT-1025,2746.53,0.01111,0.01112,116.18,Bloomberg Global Aggregate
2022-12-31,P-174,CLT-1025,2726.287,-0.00737,-0.02466,0.0,Bloomberg Global Aggregate
2023-01-31,P-174,CLT-1025,2737.397,0.00408,-0.0064,0.0,Bloomberg Global Aggregate
2023-02-28,P-174,CLT-1025,2601.549,-0.04963,-0.04345,-56.74,Bloomberg Global Aggregate
2023-03-31,P-174,CLT-1025,2665.971,0.02476,0.02043,0.0,Bloomberg Global Aggregate
2023-04-30,P-174,CLT-1025,2714.267,0.01812,0.00906,-56.32,Bloomberg Global Aggregate
2023-05-31,P-174,CLT-1025,2640.077,-0.02733,-0.02839,0.0,Bloomberg Global Aggregate
2023-06-30,P-174,CLT-1025,2544.901,-0.03605,-0.02983,0.0,Bloomberg Global Aggregate
2023-07-31,P-174,CLT-1025,2496.977,-0.01883,-0.01321,0.0,Bloomberg Global Aggregate
2023-08-31,P-174,CLT-1025,2552.794,0.02235,0.01806,0.0,Bloomberg Global Aggregate
2023-09-30,P-174,CLT-1025,2558.214,0.00212,-0.00247,0.0,Bloomberg Global Aggregate
2023-10-31,P-174,CLT-1025,2519.91,-0.01497,-0.01193,0.0,Bloomberg Global Aggregate
2023-11-30,P-174,CLT-1025,2409.297,-0.0439,-0.01571,0.0,Bloomberg Global Aggregate
2023-12-31,P-174,CLT-1025,2336.116,-0.03037,-0.01655,0.0,Bloomberg Global Aggregate
2024-01-31,P-174,CLT-1025,2274.7,-0.02629,-0.03312,0.0,Bloomberg Global Aggregate
2024-02-29,P-174,CLT-1025,2178.266,-0.04239,-0.01949,0.0,Bloomberg Global Aggregate
2024-03-31,P-174,CLT-1025,2169.569,-0.00399,-0.01692,0.0,Bloomberg Global Aggregate
2024-04-30,P-174,CLT-1025,2228.807,0.0273,0.01598,-65.42,Bloomberg Global Aggregate
2024-05-31,P-174,CLT-1025,2230.21,0.00063,6e-05,0.0,Bloomberg Global Aggregate
2024-06-30,P-174,CLT-1025,2217.424,-0.00573,-0.01232,-111.31,Bloomberg Global Aggregate
2024-07-31,P-174,CLT-1025,2333.507,0.05235,0.04651,141.86,Bloomberg Global Aggregate
2024-08-31,P-174,CLT-1025,2309.178,-0.01043,-0.00929,0.0,Bloomberg Global Aggregate
2024-09-30,P-174,CLT-1025,2333.062,0.01034,0.02507,0.0,Bloomberg Global Aggregate
2024-10-31,P-174,CLT-1025,2436.111,0.04417,0.03358,0.0,Bloomberg Global Aggregate
2024-11-30,P-174,CLT-1025,2409.431,-0.01095,-0.02629,0.0,Bloomberg Global Aggregate
2024-12-31,P-174,CLT-1025,2389.236,-0.00838,0.00455,0.0,Bloomberg Global Aggregate
2025-01-31,P-174,CLT-1025,2337.458,-0.02167,-0.00654,0.0,Bloomberg Global Aggregate
2025-02-28,P-174,CLT-1025,2315.435,-0.00942,-0.00807,0.0,Bloomberg Global Aggregate
2025-03-31,P-174,CLT-1025,2331.519,0.00695,0.01359,0.0,Bloomberg Global Aggregate
2025-04-30,P-174,CLT-1025,2315.605,-0.00683,-0.00852,0.0,Bloomberg Global Aggregate
2025-05-31,P-174,CLT-1025,2331.922,0.00705,-0.00614,0.0,Bloomberg Global Aggregate
2025-06-30,P-174,CLT-1025,2275.642,-0.02413,1e-05,0.0,Bloomberg Global Aggregate
2025-07-31,P-174,CLT-1025,2306.094,0.01338,-0.00384,0.0,Bloomberg Global Aggregate
2025-08-31,P-174,CLT-1025,2252.773,-0.02312,-0.01885,0.0,Bloomberg Global Aggregate
2025-09-30,P-174,CLT-1025,2306.302,0.02376,0.0181,0.0,Bloomberg Global Aggregate
2025-10-31,P-174,CLT-1025,2374.701,0.02966,0.02284,0.0,Bloomberg Global Aggregate
2025-11-30,P-174,CLT-1025,2416.713,0.01769,0.00961,0.0,Bloomberg Global Aggregate
2025-12-31,P-174,CLT-1025,2409.217,-0.0031,-0.0039,0.0,Bloomberg Global Aggregate
2026-01-31,P-174,CLT-1025,2392.973,-0.00674,-0.01007,0.0,Bloomberg Global Aggregate
2026-02-28,P-174,CLT-1025,2376.74,-0.00678,-0.01004,0.0,Bloomberg Global Aggregate
