Transaction_ID,Date,Settlement_Date,Client_ID,Portfolio_ID,Security_Ticker,Security_Name,Asset_Class,Transaction_Type,Quantity,Price,Gross_Value_USD_M,Fees_USD_M,Net_Value_USD_M,Currency,FX_Rate_to_USD,Settlement_Status
TXN-202403598,2021-01-01,2021-01-05,CLT-1008,P-122,UNH,UnitedHealth Group,Equity,BUY,5000,144.77,0.7238,0.000126,0.7239,USD,1.0,SETTLED
TXN-202501234,2021-01-01,2021-01-05,CLT-1025,P-174,GOOGL,Alphabet Inc.,Equity,BUY,500,235.96,0.118,2.7e-05,0.118,USD,1.0,SETTLED
TXN-202202221,2021-01-01,2021-01-05,CLT-1013,P-137,6758_JP,Sony Group Corp.,Equity,DIVIDEND,0,0.0,0.1858,0.000186,0.1856,JPY,152.0,SETTLED
TXN-202204051,2021-01-04,2021-01-06,CLT-1013,P-139,NVDA,NVIDIA Corp.,Equity,INTEREST,0,0.0,0.066,6.6e-05,0.0659,USD,1.0,SETTLED
TXN-202305077,2021-01-04,2021-01-06,CLT-1012,P-133,UNH,UnitedHealth Group,Equity,BUY,50000,89.12,4.456,0.002208,4.4582,USD,1.0,SETTLED
TXN-202500669,2021-01-04,2021-01-06,CLT-1022,P-165,CORP_HY_USD,US High Yield Corporate Credit Note,Corporate Bonds,DIVIDEND,0,0.0,0.0489,4.9e-05,0.0489,USD,1.0,SETTLED
TXN-202301392,2021-01-04,2021-01-05,CLT-1006,P-118,OPERATING_CASH,Operational Custody Cash Balance,Cash,SELL,5000,98.17,0.4909,0.000127,0.4908,USD,1.0,SETTLED
TXN-202500319,2021-01-04,2021-01-06,CLT-1017,P-151,BHARTIARTL_IN,Bharti Airtel Ltd.,Equity,FEE,0,0.0,0.0105,0.0105,-0.0105,INR,86.5,SETTLED
TXN-202103275,2021-01-04,2021-01-05,CLT-1005,P-113,USD_TREAS_MMF,Institutional USD Treasury Money Market Fund,Money Market,INTEREST,0,0.0,0.0887,8.9e-05,0.0886,USD,1.0,SETTLED
TXN-202302402,2021-01-04,2021-01-06,CLT-1019,P-157,6758_JP,Sony Group Corp.,Equity,SELL,50000,224.41,11.2205,0.004113,11.2164,JPY,152.0,SETTLED
TXN-202202676,2021-01-04,2021-01-05,CLT-1022,P-166,IND_10Y_GSEC,India Sovereign G-Sec 7.18% 2033,Government Bonds,SELL,2500,98.75,0.2469,7.9e-05,0.2468,INR,86.5,SETTLED
TXN-202104080,2021-01-04,2021-01-06,CLT-1006,P-118,BHARTIARTL_IN,Bharti Airtel Ltd.,Equity,BUY,25000,260.71,6.5177,0.002234,6.5199,INR,86.5,SETTLED
TXN-202403508,2021-01-04,2021-01-05,CLT-1018,P-152,USD_TREAS_MMF,Institutional USD Treasury Money Market Fund,Money Market,BUY,10000,102.76,1.0276,0.000419,1.028,USD,1.0,SETTLED
TXN-202103190,2021-01-05,2021-01-07,CLT-1021,P-163,XOM,Exxon Mobil Corp.,Equity,DIVIDEND,0,0.0,0.0423,4.2e-05,0.0423,USD,1.0,SETTLED
TXN-202304562,2021-01-05,2021-01-07,CLT-1010,P-128,6758_JP,Sony Group Corp.,Equity,SELL,50000,316.5,15.825,0.003057,15.8219,JPY,152.0,SETTLED
TXN-202104570,2021-01-05,2021-01-06,CLT-1025,P-174,OPERATING_CASH,Operational Custody Cash Balance,Cash,BUY,5000,98.95,0.4948,0.000213,0.495,USD,1.0,SETTLED
TXN-202201896,2021-01-06,2021-01-07,CLT-1019,P-158,UK_10Y_GILT,UK Gilt 3.75% 2033,Government Bonds,SELL,500,102.49,0.0512,1.5e-05,0.0512,GBP,0.79,SETTLED
TXN-202103940,2021-01-07,2021-01-11,CLT-1017,P-150,GOOGL,Alphabet Inc.,Equity,SELL,50000,72.35,3.6175,0.00108,3.6164,USD,1.0,SETTLED
TXN-202204461,2021-01-07,2021-01-11,CLT-1008,P-122,XOM,Exxon Mobil Corp.,Equity,SELL,1000,149.21,0.1492,3.7e-05,0.1492,USD,1.0,SETTLED
TXN-202504584,2021-01-07,2021-01-11,CLT-1010,P-126,ASML_NA,ASML Holding NV,Equity,SELL,25000,175.68,4.392,0.001797,4.3902,EUR,0.92,SETTLED
TXN-202103550,2021-01-08,2021-01-12,CLT-1024,P-172,CORP_IG_USD,US Investment Grade Corporate Bond Fund,Corporate Bonds,BUY,500,95.39,0.0477,1e-05,0.0477,USD,1.0,SETTLED
TXN-202402158,2021-01-11,2021-01-12,CLT-1008,P-121,INR_OVERNIGHT_CASH,Institutional INR Overnight Liquid Fund,Money Market,DEPOSIT,0,1.0,2.0336,0.0001,2.0336,INR,86.5,SETTLED
TXN-202404068,2021-01-11,2021-01-13,CLT-1003,P-110,ASML_NA,ASML Holding NV,Equity,BUY,10000,184.71,1.8471,0.000598,1.8477,EUR,0.92,SETTLED
TXN-202400268,2021-01-12,2021-01-14,CLT-1013,P-140,ICICIBANK_IN,ICICI Bank Ltd.,Equity,DIVIDEND,0,0.0,0.1781,0.000178,0.1779,INR,86.5,SETTLED
TXN-202404363,2021-01-12,2021-01-13,CLT-1007,P-120,OPERATING_CASH,Operational Custody Cash Balance,Cash,DIVIDEND,0,0.0,0.1979,0.000198,0.1977,USD,1.0,SETTLED
TXN-202201226,2021-01-12,2021-01-14,CLT-1025,P-174,RELIANCE_IN,Reliance Industries Ltd.,Equity,BUY,500,283.03,0.1415,3.9e-05,0.1415,INR,86.5,SETTLED
TXN-202201961,2021-01-13,2021-01-15,CLT-1005,P-113,INFY_IN,Infosys Ltd.,Equity,SELL,500,227.08,0.1135,3.4e-05,0.1135,INR,86.5,SETTLED
TXN-202501294,2021-01-13,2021-01-15,CLT-1009,P-124,INFY_IN,Infosys Ltd.,Equity,BUY,500,240.58,0.1203,4.4e-05,0.1203,INR,86.5,SETTLED
TXN-202204161,2021-01-13,2021-01-15,CLT-1013,P-138,MSFT,Microsoft Corp.,Equity,SELL,25000,72.21,1.8052,0.000436,1.8048,USD,1.0,SETTLED
TXN-202500959,2021-01-14,2021-01-15,CLT-1022,P-166,IND_10Y_GSEC,India Sovereign G-Sec 7.18% 2033,Government Bonds,SELL,5000,95.5,0.4775,8.1e-05,0.4774,INR,86.5,SETTLED
TXN-202204936,2021-01-14,2021-01-18,CLT-1021,P-163,BHARTIARTL_IN,Bharti Airtel Ltd.,Equity,BUY,2500,45.89,0.1147,3.4e-05,0.1147,INR,86.5,SETTLED
TXN-202103605,2021-01-15,2021-01-18,CLT-1004,P-111,USD_TREAS_MMF,Institutional USD Treasury Money Market Fund,Money Market,BUY,2500,100.55,0.2514,7.3e-05,0.2515,USD,1.0,SETTLED
TXN-202503084,2021-01-15,2021-01-18,CLT-1018,P-153,EUR_LIQUIDITY_FUND,EUR Institutional Liquidity Master Fund,Money Market,BUY,1000,101.59,0.1016,2.5e-05,0.1016,EUR,0.92,SETTLED
TXN-202505249,2021-01-15,2021-01-18,CLT-1012,P-133,JGB_10Y,Japan Government Bond 10-Yr 0.8%,Government Bonds,DIVIDEND,0,0.0,0.2441,0.000244,0.2439,JPY,152.0,SETTLED
TXN-202503289,2021-01-15,2021-01-19,CLT-1017,P-150,AMZN,Amazon.com Inc.,Equity,SELL,25000,324.62,8.1155,0.003908,8.1116,USD,1.0,SETTLED
TXN-202303632,2021-01-15,2021-01-19,CLT-1021,P-161,AAPL,Apple Inc.,Equity,WITHDRAWAL,0,1.0,1.8355,0.0001,-1.8355,USD,1.0,SETTLED
TXN-202203386,2021-01-15,2021-01-19,CLT-1006,P-116,7203_JP,Toyota Motor Corp.,Equity,BUY,2500,250.13,0.6253,0.000115,0.6254,JPY,152.0,SETTLED
TXN-202303797,2021-01-18,2021-01-20,CLT-1022,P-165,7203_JP,Toyota Motor Corp.,Equity,SELL,50000,238.64,11.932,0.004238,11.9278,JPY,152.0,SETTLED
TXN-202402293,2021-01-18,2021-01-20,CLT-1019,P-157,HDFCBANK_IN,HDFC Bank Ltd.,Equity,FEE,0,0.0,0.0079,0.0079,-0.0079,INR,86.5,SETTLED
TXN-202201336,2021-01-18,2021-01-20,CLT-1025,P-174,NOVN_SW,Novartis AG,Equity,BUY,10000,67.14,0.6714,0.000181,0.6716,CHF,0.88,SETTLED
TXN-202202216,2021-01-18,2021-01-19,CLT-1009,P-124,UK_10Y_GILT,UK Gilt 3.75% 2033,Government Bonds,BUY,500,100.37,0.0502,8e-06,0.0502,GBP,0.79,SETTLED
TXN-202201746,2021-01-18,2021-01-20,CLT-1010,P-127,TCS_IN,Tata Consultancy Services,Equity,SELL,1000,49.17,0.0492,1e-05,0.0492,INR,86.5,SETTLED
TXN-202502289,2021-01-18,2021-01-20,CLT-1020,P-159,BHARTIARTL_IN,Bharti Airtel Ltd.,Equity,DIVIDEND,0,0.0,0.1456,0.000146,0.1455,INR,86.5,SETTLED
TXN-202401598,2021-01-18,2021-01-20,CLT-1001,P-102,XOM,Exxon Mobil Corp.,Equity,SELL,2500,99.83,0.2496,0.00011,0.2495,USD,1.0,SETTLED
TXN-202100115,2021-01-18,2021-01-20,CLT-1022,P-164,HDFCBANK_IN,HDFC Bank Ltd.,Equity,FEE,0,0.0,0.0237,0.0237,-0.0237,INR,86.5,SETTLED
TXN-202402288,2021-01-18,2021-01-20,CLT-1023,P-169,CORP_IG_EUR,Euro High Grade Corporate Bond Note,Corporate Bonds,FEE,0,0.0,0.01,0.01,-0.01,EUR,0.92,SETTLED
TXN-202201786,2021-01-18,2021-01-20,CLT-1013,P-139,CORP_IG_EUR,Euro High Grade Corporate Bond Note,Corporate Bonds,DIVIDEND,0,0.0,0.1308,0.000131,0.1307,EUR,0.92,SETTLED
TXN-202203051,2021-01-18,2021-01-20,CLT-1014,P-143,SAP_GY,SAP SE,Equity,INTEREST,0,0.0,0.1435,0.000143,0.1434,EUR,0.92,SETTLED
TXN-202103860,2021-01-18,2021-01-20,CLT-1025,P-173,RELIANCE_IN,Reliance Industries Ltd.,Equity,BUY,2500,68.7,0.1718,4.2e-05,0.1718,INR,86.5,SETTLED
TXN-202404598,2021-01-18,2021-01-20,CLT-1010,P-128,LT_IN,Larsen & Toubro Ltd.,Equity,SELL,500,168.39,0.0842,3.7e-05,0.0842,INR,86.5,SETTLED
TXN-202505024,2021-01-18,2021-01-20,CLT-1007,P-119,7203_JP,Toyota Motor Corp.,Equity,SELL,50000,298.13,14.9065,0.003545,14.903,JPY,152.0,SETTLED
TXN-202203961,2021-01-19,2021-01-21,CLT-1018,P-155,ASML_NA,ASML Holding NV,Equity,BUY,5000,65.89,0.3295,0.000116,0.3296,EUR,0.92,SETTLED
TXN-202500104,2021-01-20,2021-01-21,CLT-1015,P-146,PLD_REIT,Prologis Global Logistics REIT,REIT,DEPOSIT,0,1.0,0.2033,0.0001,0.2033,USD,1.0,SETTLED
TXN-202403203,2021-01-20,2021-01-22,CLT-1001,P-103,AZN_LN,AstraZeneca PLC,Equity,SELL,5000,201.26,1.0063,0.000172,1.0061,GBP,0.79,SETTLED
TXN-202503094,2021-01-21,2021-01-25,CLT-1013,P-139,ASML_NA,ASML Holding NV,Equity,DEPOSIT,0,1.0,1.8992,0.0001,1.8992,EUR,0.92,SETTLED
TXN-202500169,2021-01-21,2021-01-22,CLT-1011,P-130,EUR_LIQUIDITY_FUND,EUR Institutional Liquidity Master Fund,Money Market,SELL,10000,95.37,0.9537,0.000411,0.9533,EUR,0.92,SETTLED
TXN-202100060,2021-01-21,2021-01-22,CLT-1009,P-123,INFRA_GLOBAL_TRUST,Global Infrastructure Core Income Note,Alternatives,SELL,50000,95.25,4.7625,0.002341,4.7602,USD,1.0,SETTLED
TXN-202503214,2021-01-21,2021-01-25,CLT-1002,P-105,CORP_IG_USD,US Investment Grade Corporate Bond Fund,Corporate Bonds,WITHDRAWAL,0,1.0,2.6865,0.0001,-2.6865,USD,1.0,SETTLED
TXN-202404188,2021-01-21,2021-01-25,CLT-1002,P-104,SHEL_LN,Shell PLC,Equity,BUY,2500,162.29,0.4057,0.000157,0.4059,GBP,0.79,SETTLED
TXN-202302677,2021-01-22,2021-01-26,CLT-1018,P-154,CORP_IG_EUR,Euro High Grade Corporate Bond Note,Corporate Bonds,SELL,5000,95.87,0.4793,0.000163,0.4791,EUR,0.92,SETTLED
TXN-202501949,2021-01-22,2021-01-26,CLT-1013,P-138,HDFCBANK_IN,HDFC Bank Ltd.,Equity,SELL,50000,170.7,8.535,0.004033,8.531,INR,86.5,PENDING
TXN-202300582,2021-01-22,2021-01-25,CLT-1025,P-174,US_5Y_UST,US Treasury 5-Yr Benchmark Note,Government Bonds,BUY,1000,102.24,0.1022,2.9e-05,0.1022,USD,1.0,SETTLED
TXN-202101750,2021-01-25,2021-01-27,CLT-1002,P-105,ICICIBANK_IN,ICICI Bank Ltd.,Equity,BUY,1000,97.27,0.0973,4.3e-05,0.0973,INR,86.5,SETTLED
TXN-202301272,2021-01-25,2021-01-26,CLT-1010,P-127,PLD_REIT,Prologis Global Logistics REIT,REIT,SELL,500,95.02,0.0475,1.3e-05,0.0475,USD,1.0,SETTLED
TXN-202503659,2021-01-25,2021-01-27,CLT-1013,P-138,XOM,Exxon Mobil Corp.,Equity,BUY,1000,144.23,0.1442,3.8e-05,0.1442,USD,1.0,SETTLED
TXN-202105100,2021-01-25,2021-01-27,CLT-1022,P-164,AAPL,Apple Inc.,Equity,SELL,50000,145.67,7.2835,0.001244,7.2823,USD,1.0,SETTLED
TXN-202500374,2021-01-25,2021-01-26,CLT-1012,P-134,USD_TREAS_MMF,Institutional USD Treasury Money Market Fund,Money Market,BUY,25000,101.96,2.549,0.000843,2.5498,USD,1.0,SETTLED
TXN-202202466,2021-01-25,2021-01-27,CLT-1009,P-124,INFY_IN,Infosys Ltd.,Equity,BUY,25000,92.93,2.3232,0.00104,2.3242,INR,86.5,SETTLED
TXN-202303917,2021-01-25,2021-01-27,CLT-1015,P-147,INFY_IN,Infosys Ltd.,Equity,BUY,500,296.19,0.1481,3.5e-05,0.1481,INR,86.5,SETTLED
TXN-202102715,2021-01-25,2021-01-26,CLT-1019,P-156,PLD_REIT,Prologis Global Logistics REIT,REIT,BUY,25000,99.78,2.4945,0.001179,2.4957,USD,1.0,SETTLED
TXN-202403283,2021-01-25,2021-01-27,CLT-1013,P-140,HDFCBANK_IN,HDFC Bank Ltd.,Equity,SELL,10000,303.71,3.0371,0.001207,3.0359,INR,86.5,SETTLED
TXN-202105225,2021-01-26,2021-01-27,CLT-1019,P-158,IND_10Y_GSEC,India Sovereign G-Sec 7.18% 2033,Government Bonds,DIVIDEND,0,0.0,0.1405,0.000141,0.1404,INR,86.5,SETTLED
TXN-202103900,2021-01-26,2021-01-27,CLT-1002,P-104,INFRA_GLOBAL_TRUST,Global Infrastructure Core Income Note,Alternatives,BUY,50000,100.68,5.034,0.001069,5.0351,USD,1.0,SETTLED
TXN-202500284,2021-01-27,2021-01-29,CLT-1012,P-135,ASML_NA,ASML Holding NV,Equity,BUY,25000,188.41,4.7103,0.000779,4.7111,EUR,0.92,SETTLED
TXN-202305032,2021-01-27,2021-01-28,CLT-1021,P-163,PLD_REIT,Prologis Global Logistics REIT,REIT,FEE,0,0.0,0.0233,0.0233,-0.0233,USD,1.0,SETTLED
TXN-202103010,2021-01-27,2021-01-29,CLT-1025,P-173,MSFT,Microsoft Corp.,Equity,SELL,25000,172.24,4.306,0.001897,4.3041,USD,1.0,SETTLED
TXN-202402448,2021-01-27,2021-01-29,CLT-1022,P-164,CORP_HY_USD,US High Yield Corporate Credit Note,Corporate Bonds,BUY,2500,96.51,0.2413,9.4e-05,0.2414,USD,1.0,SETTLED
TXN-202104115,2021-01-27,2021-01-28,CLT-1010,P-127,US_5Y_UST,US Treasury 5-Yr Benchmark Note,Government Bonds,SELL,5000,98.91,0.4945,0.000158,0.4943,USD,1.0,SETTLED
TXN-202301307,2021-01-27,2021-01-29,CLT-1006,P-117,LT_IN,Larsen & Toubro Ltd.,Equity,BUY,500,125.87,0.0629,2.5e-05,0.0629,INR,86.5,SETTLED
TXN-202502224,2021-01-27,2021-01-29,CLT-1006,P-116,6758_JP,Sony Group Corp.,Equity,SELL,1000,250.08,0.2501,9.9e-05,0.25,JPY,152.0,SETTLED
TXN-202205066,2021-01-28,2021-02-01,CLT-1007,P-120,NOVN_SW,Novartis AG,Equity,SELL,10000,348.17,3.4817,0.001098,3.4806,CHF,0.88,SETTLED
TXN-202400108,2021-01-28,2021-02-01,CLT-1015,P-146,7203_JP,Toyota Motor Corp.,Equity,BUY,10000,280.1,2.801,0.00126,2.8023,JPY,152.0,SETTLED
TXN-202101375,2021-01-28,2021-01-29,CLT-1003,P-110,US_5Y_UST,US Treasury 5-Yr Benchmark Note,Government Bonds,BUY,1000,98.21,0.0982,1.7e-05,0.0982,USD,1.0,SETTLED
TXN-202403958,2021-01-28,2021-01-29,CLT-1018,P-155,PLD_REIT,Prologis Global Logistics REIT,REIT,SELL,5000,95.91,0.4795,7.6e-05,0.4794,USD,1.0,SETTLED
TXN-202401218,2021-02-01,2021-02-03,CLT-1016,P-148,ICICIBANK_IN,ICICI Bank Ltd.,Equity,DIVIDEND,0,0.0,0.116,0.000116,0.1159,INR,86.5,SETTLED
TXN-202102100,2021-02-01,2021-02-03,CLT-1021,P-163,AMZN,Amazon.com Inc.,Equity,DIVIDEND,0,0.0,0.144,0.000144,0.1439,USD,1.0,SETTLED
TXN-202501774,2021-02-01,2021-02-03,CLT-1017,P-150,ASML_NA,ASML Holding NV,Equity,BUY,25000,68.8,1.72,0.00038,1.7204,EUR,0.92,SETTLED
TXN-202304152,2021-02-01,2021-02-02,CLT-1011,P-131,IND_10Y_GSEC,India Sovereign G-Sec 7.18% 2033,Government Bonds,TRANSFER,0,1.0,1.2283,0.0001,-1.2283,INR,86.5,SETTLED
TXN-202100955,2021-02-01,2021-02-02,CLT-1024,P-172,GER_10Y_BUND,Germany Bund 2.60% 2033,Government Bonds,SELL,500,100.38,0.0502,2e-05,0.0502,EUR,0.92,SETTLED
TXN-202401703,2021-02-01,2021-02-03,CLT-1024,P-171,6758_JP,Sony Group Corp.,Equity,BUY,5000,308.81,1.544,0.000502,1.5445,JPY,152.0,PENDING
TXN-202100185,2021-02-01,2021-02-03,CLT-1013,P-136,ASML_NA,ASML Holding NV,Equity,DIVIDEND,0,0.0,0.0351,3.5e-05,0.0351,EUR,0.92,SETTLED
TXN-202203686,2021-02-02,2021-02-04,CLT-1006,P-116,CORP_IG_USD,US Investment Grade Corporate Bond Fund,Corporate Bonds,SELL,50000,95.11,4.7555,0.001116,4.7544,USD,1.0,SETTLED
TXN-202202351,2021-02-02,2021-02-04,CLT-1017,P-150,NVDA,NVIDIA Corp.,Equity,BUY,500,282.56,0.1413,4.6e-05,0.1413,USD,1.0,SETTLED
TXN-202400858,2021-02-03,2021-02-05,CLT-1003,P-110,RELIANCE_IN,Reliance Industries Ltd.,Equity,BUY,1000,167.33,0.1673,2.8e-05,0.1673,INR,86.5,SETTLED
TXN-202104075,2021-02-03,2021-02-04,CLT-1002,P-105,PLD_REIT,Prologis Global Logistics REIT,REIT,DIVIDEND,0,0.0,0.2149,0.000215,0.2147,USD,1.0,SETTLED
TXN-202400413,2021-02-03,2021-02-05,CLT-1025,P-173,NVDA,NVIDIA Corp.,Equity,SELL,10000,310.66,3.1066,0.000822,3.1058,USD,1.0,SETTLED
TXN-202300037,2021-02-03,2021-02-04,CLT-1013,P-139,USD_TREAS_MMF,Institutional USD Treasury Money Market Fund,Money Market,FEE,0,0.0,0.0378,0.0378,-0.0378,USD,1.0,SETTLED
TXN-202303152,2021-02-04,2021-02-08,CLT-1002,P-105,AZN_LN,AstraZeneca PLC,Equity,BUY,5000,119.15,0.5958,0.000165,0.596,GBP,0.79,SETTLED
TXN-202404048,2021-02-04,2021-02-08,CLT-1023,P-168,6758_JP,Sony Group Corp.,Equity,BUY,1000,291.81,0.2918,4.4e-05,0.2918,JPY,152.0,SETTLED
TXN-202201716,2021-02-04,2021-02-08,CLT-1006,P-116,ASML_NA,ASML Holding NV,Equity,FEE,0,0.0,0.0415,0.0415,-0.0415,EUR,0.92,SETTLED
TXN-202305232,2021-02-04,2021-02-08,CLT-1015,P-146,GOOGL,Alphabet Inc.,Equity,DIVIDEND,0,0.0,0.1745,0.000174,0.1743,USD,1.0,SETTLED
TXN-202501889,2021-02-04,2021-02-05,CLT-1010,P-127,GLD_ETF,SPDR Gold Shares Institutional Trust,ETF,SELL,5000,97.57,0.4878,0.000227,0.4876,USD,1.0,SETTLED
TXN-202402798,2021-02-05,2021-02-08,CLT-1019,P-156,UK_10Y_GILT,UK Gilt 3.75% 2033,Government Bonds,BUY,1000,101.76,0.1018,1.8e-05,0.1018,GBP,0.79,SETTLED
TXN-202202631,2021-02-08,2021-02-10,CLT-1015,P-147,SHEL_LN,Shell PLC,Equity,BUY,25000,286.08,7.152,0.001599,7.1536,GBP,0.79,SETTLED
TXN-202200076,2021-02-08,2021-02-10,CLT-1025,P-174,CORP_IG_USD,US Investment Grade Corporate Bond Fund,Corporate Bonds,WITHDRAWAL,0,1.0,1.1384,0.0001,-1.1384,USD,1.0,SETTLED
TXN-202303622,2021-02-08,2021-02-10,CLT-1022,P-164,HDFCBANK_IN,HDFC Bank Ltd.,Equity,DEPOSIT,0,1.0,1.1361,0.0001,1.1361,INR,86.5,SETTLED
TXN-202504979,2021-02-08,2021-02-09,CLT-1003,P-110,JGB_10Y,Japan Government Bond 10-Yr 0.8%,Government Bonds,BUY,500,96.41,0.0482,2.2e-05,0.0482,JPY,152.0,SETTLED
TXN-202504489,2021-02-08,2021-02-09,CLT-1017,P-151,INR_OVERNIGHT_CASH,Institutional INR Overnight Liquid Fund,Money Market,BUY,500,95.3,0.0476,2.4e-05,0.0476,INR,86.5,SETTLED
TXN-202202671,2021-02-08,2021-02-10,CLT-1015,P-144,LT_IN,Larsen & Toubro Ltd.,Equity,BUY,10000,295.91,2.9591,0.00111,2.9602,INR,86.5,SETTLED
TXN-202302017,2021-02-08,2021-02-09,CLT-1015,P-144,OPERATING_CASH,Operational Custody Cash Balance,Cash,SELL,500,96.12,0.0481,2.4e-05,0.0481,USD,1.0,FAILED
TXN-202301262,2021-02-09,2021-02-11,CLT-1007,P-119,SAP_GY,SAP SE,Equity,BUY,25000,332.15,8.3037,0.003228,8.3069,EUR,0.92,SETTLED
TXN-202103200,2021-02-09,2021-02-10,CLT-1007,P-119,US_10Y_UST,US Treasury 10-Yr Benchmark Note,Government Bonds,SELL,25000,101.75,2.5438,0.000871,2.5429,USD,1.0,SETTLED
TXN-202402783,2021-02-09,2021-02-11,CLT-1013,P-136,LT_IN,Larsen & Toubro Ltd.,Equity,BUY,25000,281.14,7.0285,0.002506,7.031,INR,86.5,SETTLED
TXN-202501109,2021-02-10,2021-02-11,CLT-1012,P-134,EUR_LIQUIDITY_FUND,EUR Institutional Liquidity Master Fund,Money Market,SELL,50000,102.53,5.1265,0.000891,5.1256,EUR,0.92,SETTLED
TXN-202502709,2021-02-10,2021-02-12,CLT-1015,P-144,INFY_IN,Infosys Ltd.,Equity,INTEREST,0,0.0,0.1287,0.000129,0.1286,INR,86.5,SETTLED
TXN-202105110,2021-02-10,2021-02-12,CLT-1009,P-125,BHARTIARTL_IN,Bharti Airtel Ltd.,Equity,SELL,2500,203.2,0.508,0.000122,0.5079,INR,86.5,SETTLED
TXN-202203776,2021-02-10,2021-02-12,CLT-1001,P-101,AAPL,Apple Inc.,Equity,SELL,50000,143.43,7.1715,0.002308,7.1692,USD,1.0,SETTLED
TXN-202101570,2021-02-10,2021-02-12,CLT-1006,P-116,AZN_LN,AstraZeneca PLC,Equity,BUY,50000,221.19,11.0595,0.001699,11.0612,GBP,0.79,SETTLED
TXN-202303297,2021-02-11,2021-02-12,CLT-1017,P-150,GLD_ETF,SPDR Gold Shares Institutional Trust,ETF,SELL,50000,98.24,4.912,0.001678,4.9103,USD,1.0,SETTLED
TXN-202201921,2021-02-12,2021-02-16,CLT-1022,P-165,GOOGL,Alphabet Inc.,Equity,FEE,0,0.0,0.0355,0.0355,-0.0355,USD,1.0,SETTLED
TXN-202400103,2021-02-12,2021-02-16,CLT-1009,P-123,AMZN,Amazon.com Inc.,Equity,DEPOSIT,0,1.0,0.7634,0.0001,0.7634,USD,1.0,SETTLED
TXN-202101640,2021-02-12,2021-02-15,CLT-1001,P-103,US_5Y_UST,US Treasury 5-Yr Benchmark Note,Government Bonds,SELL,1000,101.35,0.1013,4.2e-05,0.1013,USD,1.0,SETTLED
TXN-202400928,2021-02-15,2021-02-16,CLT-1015,P-144,IND_10Y_GSEC,India Sovereign G-Sec 7.18% 2033,Government Bonds,BUY,5000,98.48,0.4924,0.00021,0.4926,INR,86.5,SETTLED
TXN-202100335,2021-02-15,2021-02-17,CLT-1009,P-124,SHEL_LN,Shell PLC,Equity,TRANSFER,0,1.0,2.5813,0.0001,-2.5813,GBP,0.79,SETTLED
TXN-202502854,2021-02-15,2021-02-17,CLT-1010,P-126,6758_JP,Sony Group Corp.,Equity,BUY,50000,322.23,16.1115,0.003949,16.1154,JPY,152.0,SETTLED
TXN-202500649,2021-02-15,2021-02-17,CLT-1013,P-139,XOM,Exxon Mobil Corp.,Equity,DIVIDEND,0,0.0,0.086,8.6e-05,0.0859,USD,1.0,SETTLED
TXN-202202191,2021-02-16,2021-02-18,CLT-1017,P-150,6758_JP,Sony Group Corp.,Equity,BUY,5000,344.22,1.7211,0.000595,1.7217,JPY,152.0,SETTLED
TXN-202302912,2021-02-16,2021-02-18,CLT-1010,P-128,DBS_SP,DBS Group Holdings,Equity,BUY,10000,132.06,1.3206,0.000445,1.321,SGD,1.34,FAILED
TXN-202201696,2021-02-16,2021-02-17,CLT-1021,P-161,OPERATING_CASH,Operational Custody Cash Balance,Cash,FEE,0,0.0,0.0261,0.0261,-0.0261,USD,1.0,SETTLED
TXN-202303252,2021-02-16,2021-02-18,CLT-1019,P-157,HDFCBANK_IN,HDFC Bank Ltd.,Equity,BUY,5000,135.96,0.6798,0.000322,0.6801,INR,86.5,SETTLED
TXN-202501599,2021-02-17,2021-02-18,CLT-1009,P-124,IND_10Y_GSEC,India Sovereign G-Sec 7.18% 2033,Government Bonds,SELL,1000,97.79,0.0978,4.2e-05,0.0978,INR,86.5,SETTLED
TXN-202503099,2021-02-19,2021-02-23,CLT-1024,P-172,LT_IN,Larsen & Toubro Ltd.,Equity,SELL,500,66.39,0.0332,1.6e-05,0.0332,INR,86.5,SETTLED
TXN-202504794,2021-02-19,2021-02-22,CLT-1023,P-168,OPERATING_CASH,Operational Custody Cash Balance,Cash,SELL,500,101.73,0.0509,1.1e-05,0.0509,USD,1.0,SETTLED
TXN-202104975,2021-02-19,2021-02-23,CLT-1018,P-154,SHEL_LN,Shell PLC,Equity,BUY,500,158.13,0.0791,1.5e-05,0.0791,GBP,0.79,SETTLED
TXN-202300437,2021-02-22,2021-02-24,CLT-1014,P-143,CORP_IG_EUR,Euro High Grade Corporate Bond Note,Corporate Bonds,BUY,500,100.88,0.0504,1e-05,0.0504,EUR,0.92,SETTLED
TXN-202205196,2021-02-22,2021-02-24,CLT-1024,P-170,ICICIBANK_IN,ICICI Bank Ltd.,Equity,BUY,500,241.94,0.121,2.1e-05,0.121,INR,86.5,SETTLED
TXN-202502354,2021-02-22,2021-02-24,CLT-1014,P-142,JPM,JPMorgan Chase & Co.,Equity,SELL,50000,239.02,11.951,0.002952,11.948,USD,1.0,SETTLED
TXN-202303612,2021-02-22,2021-02-24,CLT-1005,P-113,GOOGL,Alphabet Inc.,Equity,BUY,10000,137.54,1.3754,0.000272,1.3757,USD,1.0,SETTLED
TXN-202504944,2021-02-22,2021-02-24,CLT-1010,P-128,UNH,UnitedHealth Group,Equity,INTEREST,0,0.0,0.2099,0.00021,0.2097,USD,1.0,SETTLED
TXN-202402333,2021-02-22,2021-02-23,CLT-1005,P-112,IND_10Y_GSEC,India Sovereign G-Sec 7.18% 2033,Government Bonds,DIVIDEND,0,0.0,0.2216,0.000222,0.2214,INR,86.5,SETTLED
TXN-202400603,2021-02-22,2021-02-23,CLT-1006,P-118,US_5Y_UST,US Treasury 5-Yr Benchmark Note,Government Bonds,DIVIDEND,0,0.0,0.2476,0.000248,0.2474,USD,1.0,SETTLED
TXN-202302192,2021-02-22,2021-02-23,CLT-1011,P-130,PLD_REIT,Prologis Global Logistics REIT,REIT,SELL,50000,95.92,4.796,0.000964,4.795,USD,1.0,SETTLED
TXN-202505034,2021-02-22,2021-02-24,CLT-1019,P-156,XOM,Exxon Mobil Corp.,Equity,SELL,2500,116.64,0.2916,9e-05,0.2915,USD,1.0,SETTLED
TXN-202404093,2021-02-22,2021-02-24,CLT-1003,P-110,GOOGL,Alphabet Inc.,Equity,FEE,0,0.0,0.0436,0.0436,-0.0436,USD,1.0,SETTLED
TXN-202303547,2021-02-23,2021-02-24,CLT-1006,P-117,US_5Y_UST,US Treasury 5-Yr Benchmark Note,Government Bonds,DEPOSIT,0,1.0,2.7992,0.0001,2.7992,USD,1.0,SETTLED
TXN-202102495,2021-02-23,2021-02-25,CLT-1010,P-128,SHEL_LN,Shell PLC,Equity,DIVIDEND,0,0.0,0.2021,0.000202,0.2019,GBP,0.79,SETTLED
TXN-202304182,2021-02-23,2021-02-25,CLT-1023,P-167,SHEL_LN,Shell PLC,Equity,SELL,50000,69.77,3.4885,0.001203,3.4873,GBP,0.79,SETTLED
TXN-202304642,2021-02-23,2021-02-24,CLT-1016,P-148,GER_10Y_BUND,Germany Bund 2.60% 2033,Government Bonds,INTEREST,0,0.0,0.1874,0.000187,0.1872,EUR,0.92,SETTLED
TXN-202202861,2021-02-24,2021-02-26,CLT-1023,P-169,7203_JP,Toyota Motor Corp.,Equity,SELL,2500,166.17,0.4154,7.6e-05,0.4153,JPY,152.0,SETTLED
TXN-202101085,2021-02-25,2021-03-01,CLT-1012,P-134,HDFCBANK_IN,HDFC Bank Ltd.,Equity,TRANSFER,0,1.0,0.2846,0.0001,-0.2846,INR,86.5,SETTLED
TXN-202202856,2021-02-25,2021-02-26,CLT-1010,P-129,JGB_10Y,Japan Government Bond 10-Yr 0.8%,Government Bonds,BUY,2500,97.07,0.2427,9e-05,0.2428,JPY,152.0,SETTLED
TXN-202500884,2021-02-25,2021-03-01,CLT-1002,P-104,MSFT,Microsoft Corp.,Equity,INTEREST,0,0.0,0.0347,3.5e-05,0.0347,USD,1.0,SETTLED
TXN-202202751,2021-02-26,2021-03-01,CLT-1006,P-117,GLD_ETF,SPDR Gold Shares Institutional Trust,ETF,BUY,1000,95.37,0.0954,4.3e-05,0.0954,USD,1.0,SETTLED
TXN-202302732,2021-02-26,2021-03-01,CLT-1009,P-124,PLD_REIT,Prologis Global Logistics REIT,REIT,BUY,1000,96.35,0.0964,2.3e-05,0.0964,USD,1.0,SETTLED
TXN-202401423,2021-03-01,2021-03-03,CLT-1002,P-105,DBS_SP,DBS Group Holdings,Equity,SELL,25000,259.43,6.4858,0.001293,6.4845,SGD,1.34,SETTLED
TXN-202303097,2021-03-01,2021-03-02,CLT-1001,P-102,GER_10Y_BUND,Germany Bund 2.60% 2033,Government Bonds,SELL,1000,96.91,0.0969,3.5e-05,0.0969,EUR,0.92,SETTLED
TXN-202201051,2021-03-01,2021-03-03,CLT-1014,P-142,HDFCBANK_IN,HDFC Bank Ltd.,Equity,BUY,10000,336.11,3.3611,0.001574,3.3627,INR,86.5,SETTLED
TXN-202502369,2021-03-01,2021-03-03,CLT-1003,P-109,7203_JP,Toyota Motor Corp.,Equity,SELL,10000,347.77,3.4777,0.000655,3.477,JPY,152.0,SETTLED
TXN-202503029,2021-03-01,2021-03-03,CLT-1009,P-123,GOOGL,Alphabet Inc.,Equity,BUY,1000,147.88,0.1479,3.7e-05,0.1479,USD,1.0,SETTLED
TXN-202204531,2021-03-01,2021-03-03,CLT-1017,P-150,NVDA,NVIDIA Corp.,Equity,BUY,500,72.09,0.036,7e-06,0.036,USD,1.0,SETTLED
TXN-202503164,2021-03-01,2021-03-03,CLT-1001,P-102,AAPL,Apple Inc.,Equity,BUY,50000,66.73,3.3365,0.001202,3.3377,USD,1.0,SETTLED
TXN-202403973,2021-03-01,2021-03-03,CLT-1015,P-144,CORP_IG_EUR,Euro High Grade Corporate Bond Note,Corporate Bonds,BUY,10000,98.75,0.9875,0.000432,0.9879,EUR,0.92,SETTLED
TXN-202204731,2021-03-01,2021-03-03,CLT-1005,P-112,INFY_IN,Infosys Ltd.,Equity,BUY,2500,274.16,0.6854,0.000294,0.6857,INR,86.5,SETTLED
TXN-202502674,2021-03-01,2021-03-02,CLT-1003,P-110,INR_OVERNIGHT_CASH,Institutional INR Overnight Liquid Fund,Money Market,BUY,1000,96.59,0.0966,2.5e-05,0.0966,INR,86.5,SETTLED
TXN-202503709,2021-03-01,2021-03-03,CLT-1022,P-164,CORP_HY_USD,US High Yield Corporate Credit Note,Corporate Bonds,BUY,25000,100.33,2.5082,0.000454,2.5087,USD,1.0,SETTLED
TXN-202203066,2021-03-01,2021-03-03,CLT-1018,P-154,SHEL_LN,Shell PLC,Equity,BUY,10000,49.38,0.4938,0.000129,0.4939,GBP,0.79,SETTLED
TXN-202400238,2021-03-01,2021-03-03,CLT-1013,P-138,LT_IN,Larsen & Toubro Ltd.,Equity,BUY,50000,282.68,14.134,0.002421,14.1364,INR,86.5,SETTLED
TXN-202202131,2021-03-01,2021-03-03,CLT-1012,P-132,LT_IN,Larsen & Toubro Ltd.,Equity,BUY,5000,80.55,0.4027,6.9e-05,0.4028,INR,86.5,SETTLED
TXN-202301972,2021-03-02,2021-03-03,CLT-1001,P-101,IND_10Y_GSEC,India Sovereign G-Sec 7.18% 2033,Government Bonds,DIVIDEND,0,0.0,0.2003,0.0002,0.2001,INR,86.5,SETTLED
TXN-202401663,2021-03-02,2021-03-04,CLT-1005,P-112,TCS_IN,Tata Consultancy Services,Equity,DIVIDEND,0,0.0,0.0621,6.2e-05,0.062,INR,86.5,SETTLED
TXN-202103935,2021-03-03,2021-03-04,CLT-1012,P-132,IND_10Y_GSEC,India Sovereign G-Sec 7.18% 2033,Government Bonds,SELL,25000,98.39,2.4598,0.000984,2.4588,INR,86.5,SETTLED
TXN-202400813,2021-03-03,2021-03-04,CLT-1015,P-144,GER_10Y_BUND,Germany Bund 2.60% 2033,Government Bonds,INTEREST,0,0.0,0.0393,3.9e-05,0.0393,EUR,0.92,SETTLED
TXN-202401343,2021-03-03,2021-03-05,CLT-1023,P-169,XOM,Exxon Mobil Corp.,Equity,SELL,5000,331.45,1.6572,0.000725,1.6565,USD,1.0,SETTLED
TXN-202203641,2021-03-04,2021-03-08,CLT-1012,P-133,AZN_LN,AstraZeneca PLC,Equity,BUY,5000,313.7,1.5685,0.000732,1.5692,GBP,0.79,SETTLED
TXN-202502919,2021-03-04,2021-03-05,CLT-1001,P-102,US_10Y_UST,US Treasury 10-Yr Benchmark Note,Government Bonds,SELL,5000,102.65,0.5132,8.3e-05,0.5131,USD,1.0,SETTLED
TXN-202304962,2021-03-05,2021-03-09,CLT-1023,P-168,AAPL,Apple Inc.,Equity,BUY,5000,70.83,0.3542,0.000127,0.3543,USD,1.0,SETTLED
TXN-202501389,2021-03-05,2021-03-08,CLT-1022,P-166,PLD_REIT,Prologis Global Logistics REIT,REIT,SELL,25000,97.68,2.442,0.000566,2.4414,USD,1.0,SETTLED
TXN-202100820,2021-03-08,2021-03-09,CLT-1014,P-141,EUR_LIQUIDITY_FUND,EUR Institutional Liquidity Master Fund,Money Market,BUY,50000,98.41,4.9205,0.000805,4.9213,EUR,0.92,SETTLED
TXN-202401183,2021-03-08,2021-03-09,CLT-1018,P-155,US_10Y_UST,US Treasury 10-Yr Benchmark Note,Government Bonds,BUY,2500,100.22,0.2505,6.7e-05,0.2506,USD,1.0,SETTLED
TXN-202304252,2021-03-08,2021-03-10,CLT-1014,P-143,TCS_IN,Tata Consultancy Services,Equity,SELL,500,109.31,0.0547,2.3e-05,0.0547,INR,86.5,SETTLED
TXN-202302462,2021-03-08,2021-03-09,CLT-1024,P-172,INFRA_GLOBAL_TRUST,Global Infrastructure Core Income Note,Alternatives,WITHDRAWAL,0,1.0,3.0586,0.0001,-3.0586,USD,1.0,SETTLED
TXN-202302412,2021-03-08,2021-03-10,CLT-1024,P-171,AMZN,Amazon.com Inc.,Equity,DIVIDEND,0,0.0,0.2221,0.000222,0.2219,USD,1.0,SETTLED
TXN-202102825,2021-03-08,2021-03-10,CLT-1022,P-165,NVDA,NVIDIA Corp.,Equity,WITHDRAWAL,0,1.0,2.3972,0.0001,-2.3972,USD,1.0,SETTLED
TXN-202103170,2021-03-09,2021-03-11,CLT-1024,P-170,ICICIBANK_IN,ICICI Bank Ltd.,Equity,BUY,5000,289.09,1.4454,0.000617,1.446,INR,86.5,SETTLED
TXN-202502684,2021-03-09,2021-03-11,CLT-1025,P-173,CORP_HY_USD,US High Yield Corporate Credit Note,Corporate Bonds,DIVIDEND,0,0.0,0.1666,0.000167,0.1664,USD,1.0,SETTLED
TXN-202404488,2021-03-09,2021-03-11,CLT-1003,P-110,CORP_IG_EUR,Euro High Grade Corporate Bond Note,Corporate Bonds,BUY,50000,99.91,4.9955,0.001767,4.9973,EUR,0.92,SETTLED
TXN-202404608,2021-03-10,2021-03-11,CLT-1014,P-141,US_10Y_UST,US Treasury 10-Yr Benchmark Note,Government Bonds,BUY,500,102.79,0.0514,2.4e-05,0.0514,USD,1.0,SETTLED
TXN-202404113,2021-03-10,2021-03-12,CLT-1011,P-130,HDFCBANK_IN,HDFC Bank Ltd.,Equity,BUY,10000,340.74,3.4074,0.001693,3.4091,INR,86.5,SETTLED
TXN-202102880,2021-03-10,2021-03-11,CLT-1019,P-156,US_10Y_UST,US Treasury 10-Yr Benchmark Note,Government Bonds,BUY,10000,100.13,1.0013,0.000318,1.0016,USD,1.0,SETTLED
TXN-202400688,2021-03-10,2021-03-11,CLT-1013,P-136,GER_10Y_BUND,Germany Bund 2.60% 2033,Government Bonds,SELL,500,95.52,0.0478,1.2e-05,0.0478,EUR,0.92,SETTLED
TXN-202502984,2021-03-10,2021-03-12,CLT-1012,P-132,DBS_SP,DBS Group Holdings,Equity,DIVIDEND,0,0.0,0.1015,0.000102,0.1014,SGD,1.34,SETTLED
TXN-202201656,2021-03-10,2021-03-12,CLT-1023,P-168,AMZN,Amazon.com Inc.,Equity,BUY,5000,121.24,0.6062,0.00016,0.6064,USD,1.0,SETTLED
TXN-202202651,2021-03-10,2021-03-11,CLT-1021,P-163,INFRA_GLOBAL_TRUST,Global Infrastructure Core Income Note,Alternatives,SELL,1000,102.55,0.1026,2.7e-05,0.1026,USD,1.0,SETTLED
TXN-202205056,2021-03-11,2021-03-12,CLT-1024,P-170,GER_10Y_BUND,Germany Bund 2.60% 2033,Government Bonds,SELL,50000,96.61,4.8305,0.001167,4.8293,EUR,0.92,SETTLED
TXN-202100210,2021-03-11,2021-03-15,CLT-1019,P-156,INFY_IN,Infosys Ltd.,Equity,BUY,500,81.04,0.0405,1.8e-05,0.0405,INR,86.5,SETTLED
TXN-202101975,2021-03-11,2021-03-15,CLT-1017,P-151,NOVN_SW,Novartis AG,Equity,SELL,25000,188.22,4.7055,0.00223,4.7033,CHF,0.88,SETTLED
TXN-202401888,2021-03-11,2021-03-12,CLT-1013,P-137,GLD_ETF,SPDR Gold Shares Institutional Trust,ETF,DIVIDEND,0,0.0,0.0316,3.2e-05,0.0316,USD,1.0,SETTLED
TXN-202101395,2021-03-11,2021-03-15,CLT-1012,P-133,NVDA,NVIDIA Corp.,Equity,INTEREST,0,0.0,0.0204,2e-05,0.0204,USD,1.0,SETTLED
TXN-202504309,2021-03-15,2021-03-17,CLT-1011,P-130,ICICIBANK_IN,ICICI Bank Ltd.,Equity,DIVIDEND,0,0.0,0.1398,0.00014,0.1397,INR,86.5,SETTLED
TXN-202402273,2021-03-15,2021-03-16,CLT-1005,P-112,INFRA_GLOBAL_TRUST,Global Infrastructure Core Income Note,Alternatives,DEPOSIT,0,1.0,0.3228,0.0001,0.3228,USD,1.0,SETTLED
TXN-202300552,2021-03-15,2021-03-17,CLT-1025,P-173,MSFT,Microsoft Corp.,Equity,SELL,25000,295.44,7.386,0.00234,7.3837,USD,1.0,SETTLED
TXN-202204611,2021-03-15,2021-03-17,CLT-1002,P-104,SHEL_LN,Shell PLC,Equity,BUY,50000,234.58,11.729,0.003004,11.732,GBP,0.79,PENDING
TXN-202503129,2021-03-15,2021-03-17,CLT-1022,P-166,LT_IN,Larsen & Toubro Ltd.,Equity,BUY,1000,139.49,0.1395,6.8e-05,0.1396,INR,86.5,SETTLED
TXN-202404558,2021-03-15,2021-03-17,CLT-1017,P-149,CORP_HY_USD,US High Yield Corporate Credit Note,Corporate Bonds,BUY,10000,100.17,1.0017,0.000463,1.0022,USD,1.0,PENDING
TXN-202303382,2021-03-16,2021-03-18,CLT-1017,P-151,TCS_IN,Tata Consultancy Services,Equity,BUY,50000,100.04,5.002,0.001068,5.0031,INR,86.5,SETTLED
TXN-202205016,2021-03-16,2021-03-18,CLT-1015,P-145,ASML_NA,ASML Holding NV,Equity,DIVIDEND,0,0.0,0.1453,0.000145,0.1452,EUR,0.92,SETTLED
TXN-202401723,2021-03-17,2021-03-19,CLT-1015,P-146,UNH,UnitedHealth Group,Equity,BUY,500,182.81,0.0914,1.6e-05,0.0914,USD,1.0,SETTLED
TXN-202304452,2021-03-17,2021-03-19,CLT-1013,P-136,JPM,JPMorgan Chase & Co.,Equity,BUY,2500,298.63,0.7466,0.000313,0.7469,USD,1.0,SETTLED
TXN-202403238,2021-03-17,2021-03-19,CLT-1018,P-152,BHARTIARTL_IN,Bharti Airtel Ltd.,Equity,SELL,2500,193.21,0.483,0.000152,0.4828,INR,86.5,SETTLED
TXN-202402833,2021-03-18,2021-03-22,CLT-1006,P-117,SAP_GY,SAP SE,Equity,BUY,500,155.41,0.0777,3.2e-05,0.0777,EUR,0.92,SETTLED
TXN-202501804,2021-03-18,2021-03-19,CLT-1014,P-142,IND_10Y_GSEC,India Sovereign G-Sec 7.18% 2033,Government Bonds,SELL,500,102.39,0.0512,2.1e-05,0.0512,INR,86.5,SETTLED
TXN-202302057,2021-03-18,2021-03-19,CLT-1019,P-157,JGB_10Y,Japan Government Bond 10-Yr 0.8%,Government Bonds,INTEREST,0,0.0,0.1602,0.00016,0.16,JPY,152.0,SETTLED
TXN-202402318,2021-03-19,2021-03-22,CLT-1003,P-107,INFRA_GLOBAL_TRUST,Global Infrastructure Core Income Note,Alternatives,SELL,10000,96.88,0.9688,0.000333,0.9685,USD,1.0,SETTLED
TXN-202504424,2021-03-22,2021-03-23,CLT-1009,P-123,EUR_LIQUIDITY_FUND,EUR Institutional Liquidity Master Fund,Money Market,BUY,25000,99.92,2.498,0.000814,2.4988,EUR,0.92,SETTLED
TXN-202403458,2021-03-22,2021-03-24,CLT-1001,P-103,SAP_GY,SAP SE,Equity,SELL,50000,142.59,7.1295,0.001978,7.1275,EUR,0.92,SETTLED
TXN-202102650,2021-03-22,2021-03-24,CLT-1005,P-114,NVDA,NVIDIA Corp.,Equity,SELL,5000,182.6,0.913,0.00039,0.9126,USD,1.0,SETTLED
TXN-202300287,2021-03-22,2021-03-24,CLT-1016,P-148,HDFCBANK_IN,HDFC Bank Ltd.,Equity,BUY,25000,268.22,6.7055,0.00305,6.7085,INR,86.5,SETTLED
TXN-202402313,2021-03-22,2021-03-24,CLT-1002,P-105,HDFCBANK_IN,HDFC Bank Ltd.,Equity,SELL,500,209.29,0.1046,4e-05,0.1046,INR,86.5,SETTLED
TXN-202403643,2021-03-22,2021-03-24,CLT-1010,P-126,TCS_IN,Tata Consultancy Services,Equity,FEE,0,0.0,0.0137,0.0137,-0.0137,INR,86.5,SETTLED
TXN-202503509,2021-03-22,2021-03-23,CLT-1015,P-147,INFRA_GLOBAL_TRUST,Global Infrastructure Core Income Note,Alternatives,BUY,500,99.23,0.0496,1.4e-05,0.0496,USD,1.0,SETTLED
TXN-202201981,2021-03-23,2021-03-25,CLT-1012,P-132,ICICIBANK_IN,ICICI Bank Ltd.,Equity,DIVIDEND,0,0.0,0.2041,0.000204,0.2039,INR,86.5,SETTLED
TXN-202100890,2021-03-24,2021-03-26,CLT-1022,P-165,MSFT,Microsoft Corp.,Equity,SELL,500,225.76,0.1129,1.7e-05,0.1129,USD,1.0,SETTLED
TXN-202204776,2021-03-24,2021-03-25,CLT-1022,P-164,US_5Y_UST,US Treasury 5-Yr Benchmark Note,Government Bonds,SELL,500,100.91,0.0505,1.6e-05,0.0505,USD,1.0,SETTLED
TXN-202402718,2021-03-25,2021-03-26,CLT-1010,P-127,UK_10Y_GILT,UK Gilt 3.75% 2033,Government Bonds,SELL,1000,98.01,0.098,3.2e-05,0.098,GBP,0.79,SETTLED
TXN-202104435,2021-03-25,2021-03-26,CLT-1010,P-129,IND_10Y_GSEC,India Sovereign G-Sec 7.18% 2033,Government Bonds,DIVIDEND,0,0.0,0.0646,6.5e-05,0.0645,INR,86.5,SETTLED
TXN-202400828,2021-03-25,2021-03-26,CLT-1013,P-140,UK_10Y_GILT,UK Gilt 3.75% 2033,Government Bonds,FEE,0,0.0,0.0087,0.0087,-0.0087,GBP,0.79,SETTLED
TXN-202504439,2021-03-25,2021-03-29,CLT-1002,P-105,LT_IN,Larsen & Toubro Ltd.,Equity,BUY,10000,321.23,3.2123,0.00128,3.2136,INR,86.5,PENDING
TXN-202300117,2021-03-25,2021-03-26,CLT-1010,P-128,PLD_REIT,Prologis Global Logistics REIT,REIT,BUY,500,95.43,0.0477,1.2e-05,0.0477,USD,1.0,SETTLED
TXN-202205011,2021-03-26,2021-03-29,CLT-1007,P-120,UK_10Y_GILT,UK Gilt 3.75% 2033,Government Bonds,INTEREST,0,0.0,0.0164,1.6e-05,0.0164,GBP,0.79,SETTLED
TXN-202101820,2021-03-26,2021-03-30,CLT-1013,P-136,TCS_IN,Tata Consultancy Services,Equity,SELL,1000,199.87,0.1999,8.1e-05,0.1998,INR,86.5,SETTLED
TXN-202401923,2021-03-26,2021-03-30,CLT-1006,P-116,JPM,JPMorgan Chase & Co.,Equity,SELL,10000,300.12,3.0012,0.001314,2.9999,USD,1.0,SETTLED
TXN-202504699,2021-03-26,2021-03-30,CLT-1013,P-136,JPM,JPMorgan Chase & Co.,Equity,INTEREST,0,0.0,0.0301,3e-05,0.0301,USD,1.0,SETTLED
TXN-202503919,2021-03-26,2021-03-30,CLT-1018,P-152,AMZN,Amazon.com Inc.,Equity,BUY,25000,185.41,4.6353,0.001852,4.6372,USD,1.0,SETTLED
TXN-202502739,2021-03-26,2021-03-30,CLT-1009,P-123,NOVN_SW,Novartis AG,Equity,SELL,2500,252.28,0.6307,0.000128,0.6306,CHF,0.88,PENDING
TXN-202301097,2021-03-29,2021-03-31,CLT-1024,P-170,UNH,UnitedHealth Group,Equity,BUY,50000,265.3,13.265,0.00369,13.2687,USD,1.0,SETTLED
TXN-202402803,2021-03-29,2021-03-31,CLT-1002,P-105,JPM,JPMorgan Chase & Co.,Equity,BUY,2500,277.24,0.6931,0.000205,0.6933,USD,1.0,SETTLED
TXN-202304977,2021-03-29,2021-03-31,CLT-1001,P-103,AMZN,Amazon.com Inc.,Equity,DEPOSIT,0,1.0,1.717,0.0001,1.717,USD,1.0,SETTLED
TXN-202303477,2021-03-29,2021-03-31,CLT-1009,P-124,AZN_LN,AstraZeneca PLC,Equity,FEE,0,0.0,0.0267,0.0267,-0.0267,GBP,0.79,SETTLED
TXN-202500894,2021-03-29,2021-03-31,CLT-1024,P-171,CORP_IG_EUR,Euro High Grade Corporate Bond Note,Corporate Bonds,DIVIDEND,0,0.0,0.0275,2.8e-05,0.0275,EUR,0.92,SETTLED
TXN-202500164,2021-03-29,2021-03-30,CLT-1005,P-114,USD_TREAS_MMF,Institutional USD Treasury Money Market Fund,Money Market,BUY,1000,100.2,0.1002,3e-05,0.1002,USD,1.0,SETTLED
TXN-202500474,2021-03-29,2021-03-31,CLT-1005,P-114,UNH,UnitedHealth Group,Equity,SELL,10000,69.42,0.6942,0.000339,0.6939,USD,1.0,SETTLED
TXN-202102985,2021-03-29,2021-03-30,CLT-1007,P-120,UK_10Y_GILT,UK Gilt 3.75% 2033,Government Bonds,BUY,500,98.76,0.0494,9e-06,0.0494,GBP,0.79,SETTLED
TXN-202405073,2021-03-29,2021-03-31,CLT-1019,P-157,NOVN_SW,Novartis AG,Equity,BUY,50000,198.62,9.931,0.001834,9.9328,CHF,0.88,SETTLED
TXN-202301412,2021-03-29,2021-03-30,CLT-1013,P-139,GER_10Y_BUND,Germany Bund 2.60% 2033,Government Bonds,BUY,50000,97.44,4.872,0.002315,4.8743,EUR,0.92,SETTLED
TXN-202300192,2021-03-29,2021-03-31,CLT-1024,P-171,GOOGL,Alphabet Inc.,Equity,DIVIDEND,0,0.0,0.2387,0.000239,0.2385,USD,1.0,SETTLED
TXN-202502969,2021-03-30,2021-04-01,CLT-1019,P-158,INFY_IN,Infosys Ltd.,Equity,SELL,25000,172.07,4.3018,0.001226,4.3006,INR,86.5,SETTLED
TXN-202100545,2021-03-31,2021-04-02,CLT-1025,P-173,HDFCBANK_IN,HDFC Bank Ltd.,Equity,BUY,2500,306.44,0.7661,0.000182,0.7663,INR,86.5,SETTLED
TXN-202301147,2021-03-31,2021-04-01,CLT-1012,P-133,USD_TREAS_MMF,Institutional USD Treasury Money Market Fund,Money Market,BUY,500,98.2,0.0491,2.1e-05,0.0491,USD,1.0,SETTLED
TXN-202100760,2021-04-01,2021-04-05,CLT-1013,P-139,RELIANCE_IN,Reliance Industries Ltd.,Equity,BUY,1000,169.7,0.1697,3.7e-05,0.1697,INR,86.5,SETTLED
TXN-202403273,2021-04-01,2021-04-05,CLT-1003,P-106,NOVN_SW,Novartis AG,Equity,DIVIDEND,0,0.0,0.0438,4.4e-05,0.0438,CHF,0.88,SETTLED
TXN-202403078,2021-04-02,2021-04-06,CLT-1012,P-132,BHARTIARTL_IN,Bharti Airtel Ltd.,Equity,BUY,50000,249.1,12.455,0.005419,12.4604,INR,86.5,SETTLED
TXN-202501159,2021-04-02,2021-04-06,CLT-1015,P-145,CORP_IG_EUR,Euro High Grade Corporate Bond Note,Corporate Bonds,BUY,500,98.38,0.0492,2e-05,0.0492,EUR,0.92,SETTLED
TXN-202201761,2021-04-02,2021-04-06,CLT-1024,P-170,UNH,UnitedHealth Group,Equity,BUY,10000,337.55,3.3755,0.001504,3.377,USD,1.0,SETTLED
TXN-202102320,2021-04-02,2021-04-06,CLT-1009,P-123,BHARTIARTL_IN,Bharti Airtel Ltd.,Equity,SELL,2500,256.7,0.6418,0.000159,0.6416,INR,86.5,SETTLED
TXN-202303422,2021-04-02,2021-04-05,CLT-1018,P-152,US_10Y_UST,US Treasury 10-Yr Benchmark Note,Government Bonds,INTEREST,0,0.0,0.043,4.3e-05,0.043,USD,1.0,PENDING
TXN-202102655,2021-04-05,2021-04-07,CLT-1021,P-163,RELIANCE_IN,Reliance Industries Ltd.,Equity,BUY,1000,205.53,0.2055,4.6e-05,0.2055,INR,86.5,SETTLED
TXN-202201721,2021-04-05,2021-04-06,CLT-1020,P-160,US_5Y_UST,US Treasury 5-Yr Benchmark Note,Government Bonds,BUY,500,96.23,0.0481,2e-05,0.0481,USD,1.0,SETTLED
TXN-202402808,2021-04-05,2021-04-06,CLT-1015,P-145,PLD_REIT,Prologis Global Logistics REIT,REIT,SELL,5000,97.67,0.4884,0.000142,0.4883,USD,1.0,SETTLED
TXN-202300857,2021-04-05,2021-04-07,CLT-1015,P-144,AZN_LN,AstraZeneca PLC,Equity,BUY,10000,143.36,1.4336,0.000329,1.4339,GBP,0.79,SETTLED
TXN-202304657,2021-04-05,2021-04-06,CLT-1003,P-108,INFRA_GLOBAL_TRUST,Global Infrastructure Core Income Note,Alternatives,DEPOSIT,0,1.0,2.9424,0.0001,2.9424,USD,1.0,SETTLED
TXN-202401813,2021-04-05,2021-04-07,CLT-1013,P-136,AMZN,Amazon.com Inc.,Equity,INTEREST,0,0.0,0.1262,0.000126,0.1261,USD,1.0,SETTLED
TXN-202503654,2021-04-05,2021-04-06,CLT-1006,P-118,GER_10Y_BUND,Germany Bund 2.60% 2033,Government Bonds,SELL,500,98.4,0.0492,1.7e-05,0.0492,EUR,0.92,SETTLED
TXN-202401128,2021-04-06,2021-04-08,CLT-1018,P-154,CORP_IG_EUR,Euro High Grade Corporate Bond Note,Corporate Bonds,SELL,25000,95.75,2.3937,0.001065,2.3926,EUR,0.92,SETTLED
TXN-202504734,2021-04-07,2021-04-09,CLT-1017,P-151,CORP_IG_USD,US Investment Grade Corporate Bond Fund,Corporate Bonds,DIVIDEND,0,0.0,0.0296,3e-05,0.0296,USD,1.0,SETTLED
TXN-202200081,2021-04-08,2021-04-12,CLT-1001,P-102,DBS_SP,DBS Group Holdings,Equity,BUY,50000,253.16,12.658,0.003829,12.6618,SGD,1.34,SETTLED
TXN-202404273,2021-04-09,2021-04-13,CLT-1015,P-144,BHARTIARTL_IN,Bharti Airtel Ltd.,Equity,BUY,2500,336.73,0.8418,0.000279,0.8421,INR,86.5,SETTLED
TXN-202502789,2021-04-09,2021-04-13,CLT-1006,P-117,RELIANCE_IN,Reliance Industries Ltd.,Equity,BUY,2500,69.71,0.1743,2.8e-05,0.1743,INR,86.5,SETTLED
TXN-202502574,2021-04-12,2021-04-14,CLT-1010,P-126,MSFT,Microsoft Corp.,Equity,BUY,500,337.65,0.1688,6.4e-05,0.1689,USD,1.0,SETTLED
TXN-202300097,2021-04-13,2021-04-15,CLT-1012,P-132,BHARTIARTL_IN,Bharti Airtel Ltd.,Equity,TRANSFER,0,1.0,0.5801,0.0001,-0.5801,INR,86.5,SETTLED
TXN-202201801,2021-04-13,2021-04-15,CLT-1004,P-111,AZN_LN,AstraZeneca PLC,Equity,SELL,2500,276.53,0.6913,0.000234,0.6911,GBP,0.79,SETTLED
TXN-202502804,2021-04-13,2021-04-15,CLT-1010,P-128,CORP_HY_USD,US High Yield Corporate Credit Note,Corporate Bonds,SELL,50000,99.11,4.9555,0.001612,4.9539,USD,1.0,SETTLED
TXN-202401548,2021-04-13,2021-04-15,CLT-1005,P-113,UNH,UnitedHealth Group,Equity,SELL,2500,171.71,0.4293,0.000136,0.4292,USD,1.0,SETTLED
TXN-202102765,2021-04-14,2021-04-15,CLT-1002,P-104,GLD_ETF,SPDR Gold Shares Institutional Trust,ETF,DIVIDEND,0,0.0,0.0825,8.2e-05,0.0824,USD,1.0,SETTLED
TXN-202304842,2021-04-14,2021-04-15,CLT-1009,P-124,PLD_REIT,Prologis Global Logistics REIT,REIT,BUY,500,95.01,0.0475,1.8e-05,0.0475,USD,1.0,SETTLED
TXN-202500879,2021-04-14,2021-04-15,CLT-1022,P-166,EUR_LIQUIDITY_FUND,EUR Institutional Liquidity Master Fund,Money Market,INTEREST,0,0.0,0.2228,0.000223,0.2226,EUR,0.92,SETTLED
TXN-202503869,2021-04-14,2021-04-16,CLT-1019,P-157,NOVN_SW,Novartis AG,Equity,SELL,2500,163.76,0.4094,0.000202,0.4092,CHF,0.88,SETTLED
TXN-202302417,2021-04-14,2021-04-16,CLT-1021,P-161,CORP_IG_USD,US Investment Grade Corporate Bond Fund,Corporate Bonds,FEE,0,0.0,0.0096,0.0096,-0.0096,USD,1.0,SETTLED
TXN-202202966,2021-04-15,2021-04-19,CLT-1025,P-173,AAPL,Apple Inc.,Equity,BUY,5000,113.54,0.5677,0.000202,0.5679,USD,1.0,SETTLED
TXN-202304142,2021-04-15,2021-04-19,CLT-1011,P-130,BHARTIARTL_IN,Bharti Airtel Ltd.,Equity,BUY,500,102.94,0.0515,2.4e-05,0.0515,INR,86.5,SETTLED
TXN-202404743,2021-04-15,2021-04-19,CLT-1001,P-101,DBS_SP,DBS Group Holdings,Equity,SELL,10000,130.79,1.3079,0.000328,1.3076,SGD,1.34,SETTLED
TXN-202300157,2021-04-16,2021-04-20,CLT-1024,P-170,BHARTIARTL_IN,Bharti Airtel Ltd.,Equity,BUY,50000,331.59,16.5795,0.007839,16.5873,INR,86.5,SETTLED
TXN-202404278,2021-04-16,2021-04-20,CLT-1020,P-159,ASML_NA,ASML Holding NV,Equity,INTEREST,0,0.0,0.1611,0.000161,0.1609,EUR,0.92,SETTLED
TXN-202102780,2021-04-19,2021-04-21,CLT-1013,P-137,AZN_LN,AstraZeneca PLC,Equity,BUY,500,164.17,0.0821,2.6e-05,0.0821,GBP,0.79,SETTLED
TXN-202205216,2021-04-19,2021-04-21,CLT-1009,P-125,6758_JP,Sony Group Corp.,Equity,INTEREST,0,0.0,0.1341,0.000134,0.134,JPY,152.0,SETTLED
TXN-202301552,2021-04-19,2021-04-21,CLT-1025,P-174,MSFT,Microsoft Corp.,Equity,SELL,25000,51.45,1.2862,0.000215,1.286,USD,1.0,SETTLED
TXN-202302507,2021-04-19,2021-04-20,CLT-1017,P-150,USD_TREAS_MMF,Institutional USD Treasury Money Market Fund,Money Market,BUY,2500,96.77,0.2419,9.7e-05,0.242,USD,1.0,SETTLED
TXN-202502104,2021-04-19,2021-04-21,CLT-1009,P-124,TCS_IN,Tata Consultancy Services,Equity,BUY,10000,173.84,1.7384,0.000465,1.7389,INR,86.5,SETTLED
TXN-202302102,2021-04-19,2021-04-21,CLT-1018,P-153,AAPL,Apple Inc.,Equity,SELL,1000,307.75,0.3078,0.000135,0.3077,USD,1.0,SETTLED
TXN-202102295,2021-04-19,2021-04-21,CLT-1015,P-145,CORP_IG_EUR,Euro High Grade Corporate Bond Note,Corporate Bonds,DIVIDEND,0,0.0,0.2145,0.000215,0.2143,EUR,0.92,SETTLED
TXN-202103410,2021-04-20,2021-04-22,CLT-1005,P-112,CORP_HY_USD,US High Yield Corporate Credit Note,Corporate Bonds,BUY,5000,95.36,0.4768,0.000206,0.477,USD,1.0,SETTLED
TXN-202502399,2021-04-20,2021-04-22,CLT-1022,P-165,HDFCBANK_IN,HDFC Bank Ltd.,Equity,SELL,1000,70.36,0.0704,2.4e-05,0.0704,INR,86.5,SETTLED
TXN-202103570,2021-04-20,2021-04-22,CLT-1006,P-118,ASML_NA,ASML Holding NV,Equity,SELL,50000,210.15,10.5075,0.003382,10.5041,EUR,0.92,SETTLED
TXN-202401303,2021-04-21,2021-04-23,CLT-1009,P-123,SAP_GY,SAP SE,Equity,SELL,10000,79.51,0.7951,0.000377,0.7947,EUR,0.92,SETTLED
TXN-202501619,2021-04-21,2021-04-23,CLT-1007,P-119,NOVN_SW,Novartis AG,Equity,INTEREST,0,0.0,0.0839,8.4e-05,0.0838,CHF,0.88,SETTLED
TXN-202502634,2021-04-21,2021-04-23,CLT-1021,P-163,AZN_LN,AstraZeneca PLC,Equity,SELL,2500,308.19,0.7705,0.000209,0.7703,GBP,0.79,SETTLED
TXN-202504244,2021-04-21,2021-04-23,CLT-1013,P-137,CORP_IG_USD,US Investment Grade Corporate Bond Fund,Corporate Bonds,SELL,10000,96.26,0.9626,0.000365,0.9622,USD,1.0,SETTLED
TXN-202403828,2021-04-21,2021-04-23,CLT-1025,P-173,CORP_IG_USD,US Investment Grade Corporate Bond Fund,Corporate Bonds,SELL,500,96.12,0.0481,1.2e-05,0.0481,USD,1.0,SETTLED
TXN-202103650,2021-04-21,2021-04-23,CLT-1019,P-156,7203_JP,Toyota Motor Corp.,Equity,DIVIDEND,0,0.0,0.1986,0.000199,0.1984,JPY,152.0,SETTLED
TXN-202201086,2021-04-21,2021-04-23,CLT-1018,P-155,INFY_IN,Infosys Ltd.,Equity,BUY,5000,111.55,0.5577,0.00018,0.5579,INR,86.5,SETTLED
TXN-202200311,2021-04-21,2021-04-23,CLT-1005,P-112,HDFCBANK_IN,HDFC Bank Ltd.,Equity,BUY,50000,147.29,7.3645,0.002125,7.3666,INR,86.5,SETTLED
TXN-202300947,2021-04-23,2021-04-27,CLT-1018,P-153,MSFT,Microsoft Corp.,Equity,SELL,10000,186.62,1.8662,0.00054,1.8657,USD,1.0,SETTLED
TXN-202101805,2021-04-23,2021-04-27,CLT-1021,P-161,RELIANCE_IN,Reliance Industries Ltd.,Equity,DEPOSIT,0,1.0,1.49,0.0001,1.49,INR,86.5,SETTLED
TXN-202204396,2021-04-26,2021-04-28,CLT-1018,P-153,ICICIBANK_IN,ICICI Bank Ltd.,Equity,BUY,2500,311.96,0.7799,0.00017,0.7801,INR,86.5,SETTLED
TXN-202403403,2021-04-26,2021-04-28,CLT-1013,P-136,AAPL,Apple Inc.,Equity,BUY,25000,312.77,7.8193,0.001771,7.8211,USD,1.0,SETTLED
TXN-202502909,2021-04-26,2021-04-28,CLT-1017,P-150,INFY_IN,Infosys Ltd.,Equity,SELL,50000,189.26,9.463,0.003006,9.46,INR,86.5,SETTLED
TXN-202203846,2021-04-26,2021-04-28,CLT-1020,P-160,INFY_IN,Infosys Ltd.,Equity,SELL,5000,163.37,0.8168,0.000266,0.8165,INR,86.5,SETTLED
TXN-202403848,2021-04-26,2021-04-27,CLT-1010,P-128,US_10Y_UST,US Treasury 10-Yr Benchmark Note,Government Bonds,BUY,1000,95.32,0.0953,1.6e-05,0.0953,USD,1.0,SETTLED
TXN-202203441,2021-04-26,2021-04-28,CLT-1015,P-145,SAP_GY,SAP SE,Equity,BUY,25000,178.97,4.4742,0.002104,4.4763,EUR,0.92,SETTLED
TXN-202301162,2021-04-26,2021-04-28,CLT-1017,P-149,GOOGL,Alphabet Inc.,Equity,SELL,500,224.18,0.1121,4.2e-05,0.1121,USD,1.0,SETTLED
TXN-202504894,2021-04-26,2021-04-28,CLT-1021,P-162,GOOGL,Alphabet Inc.,Equity,BUY,5000,163.4,0.817,0.000236,0.8172,USD,1.0,SETTLED
TXN-202104645,2021-04-26,2021-04-28,CLT-1006,P-118,MSFT,Microsoft Corp.,Equity,DEPOSIT,0,1.0,2.5008,0.0001,2.5008,USD,1.0,SETTLED
TXN-202403863,2021-04-28,2021-04-30,CLT-1009,P-124,CORP_IG_EUR,Euro High Grade Corporate Bond Note,Corporate Bonds,SELL,500,99.36,0.0497,1.1e-05,0.0497,EUR,0.92,SETTLED
TXN-202501789,2021-04-28,2021-04-29,CLT-1008,P-122,EUR_LIQUIDITY_FUND,EUR Institutional Liquidity Master Fund,Money Market,BUY,25000,97.32,2.433,0.000734,2.4337,EUR,0.92,SETTLED
TXN-202200911,2021-04-28,2021-04-30,CLT-1013,P-138,LT_IN,Larsen & Toubro Ltd.,Equity,BUY,1000,340.62,0.3406,0.000149,0.3407,INR,86.5,SETTLED
TXN-202404043,2021-04-30,2021-05-04,CLT-1015,P-145,GOOGL,Alphabet Inc.,Equity,BUY,2500,259.67,0.6492,0.000186,0.6494,USD,1.0,SETTLED
TXN-202402218,2021-04-30,2021-05-03,CLT-1001,P-103,PLD_REIT,Prologis Global Logistics REIT,REIT,BUY,25000,97.73,2.4432,0.000452,2.4437,USD,1.0,SETTLED
TXN-202402073,2021-04-30,2021-05-04,CLT-1012,P-133,LT_IN,Larsen & Toubro Ltd.,Equity,INTEREST,0,0.0,0.1781,0.000178,0.1779,INR,86.5,SETTLED
TXN-202200551,2021-04-30,2021-05-04,CLT-1017,P-150,XOM,Exxon Mobil Corp.,Equity,DIVIDEND,0,0.0,0.2164,0.000216,0.2162,USD,1.0,SETTLED
TXN-202502769,2021-05-03,2021-05-05,CLT-1005,P-113,HDFCBANK_IN,HDFC Bank Ltd.,Equity,SELL,5000,114.94,0.5747,0.000276,0.5744,INR,86.5,SETTLED
TXN-202401043,2021-05-03,2021-05-05,CLT-1017,P-149,JPM,JPMorgan Chase & Co.,Equity,DIVIDEND,0,0.0,0.1371,0.000137,0.137,USD,1.0,SETTLED
TXN-202200161,2021-05-03,2021-05-05,CLT-1006,P-118,7203_JP,Toyota Motor Corp.,Equity,BUY,50000,245.63,12.2815,0.005617,12.2871,JPY,152.0,SETTLED
TXN-202404428,2021-05-03,2021-05-05,CLT-1020,P-160,NOVN_SW,Novartis AG,Equity,DIVIDEND,0,0.0,0.1513,0.000151,0.1511,CHF,0.88,SETTLED
TXN-202201266,2021-05-03,2021-05-04,CLT-1001,P-102,UK_10Y_GILT,UK Gilt 3.75% 2033,Government Bonds,BUY,50000,101.5,5.075,0.002394,5.0774,GBP,0.79,SETTLED
TXN-202503849,2021-05-03,2021-05-05,CLT-1018,P-155,RELIANCE_IN,Reliance Industries Ltd.,Equity,BUY,2500,199.49,0.4987,0.000225,0.4989,INR,86.5,SETTLED
TXN-202204126,2021-05-04,2021-05-06,CLT-1009,P-123,DBS_SP,DBS Group Holdings,Equity,DIVIDEND,0,0.0,0.1346,0.000135,0.1345,SGD,1.34,SETTLED
TXN-202303437,2021-05-04,2021-05-06,CLT-1009,P-124,LT_IN,Larsen & Toubro Ltd.,Equity,SELL,1000,47.98,0.048,1e-05,0.048,INR,86.5,SETTLED
TXN-202200131,2021-05-05,2021-05-06,CLT-1006,P-116,USD_TREAS_MMF,Institutional USD Treasury Money Market Fund,Money Market,DIVIDEND,0,0.0,0.1888,0.000189,0.1886,USD,1.0,SETTLED
TXN-202401748,2021-05-05,2021-05-07,CLT-1018,P-155,AMZN,Amazon.com Inc.,Equity,SELL,5000,184.01,0.9201,0.000424,0.9197,USD,1.0,PENDING
TXN-202102120,2021-05-05,2021-05-07,CLT-1018,P-154,UNH,UnitedHealth Group,Equity,SELL,2500,186.55,0.4664,0.000232,0.4662,USD,1.0,SETTLED
TXN-202500844,2021-05-06,2021-05-07,CLT-1003,P-108,INR_OVERNIGHT_CASH,Institutional INR Overnight Liquid Fund,Money Market,DIVIDEND,0,0.0,0.0829,8.3e-05,0.0828,INR,86.5,SETTLED
TXN-202401953,2021-05-07,2021-05-11,CLT-1016,P-148,SHEL_LN,Shell PLC,Equity,BUY,2500,63.27,0.1582,3.7e-05,0.1582,GBP,0.79,SETTLED
TXN-202404348,2021-05-07,2021-05-11,CLT-1017,P-151,HDFCBANK_IN,HDFC Bank Ltd.,Equity,BUY,25000,326.93,8.1732,0.003493,8.1767,INR,86.5,SETTLED
TXN-202103925,2021-05-10,2021-05-12,CLT-1006,P-116,ASML_NA,ASML Holding NV,Equity,BUY,50000,321.72,16.086,0.006347,16.0923,EUR,0.92,SETTLED
TXN-202304177,2021-05-10,2021-05-12,CLT-1011,P-130,SAP_GY,SAP SE,Equity,FEE,0,0.0,0.0145,0.0145,-0.0145,EUR,0.92,SETTLED
TXN-202400143,2021-05-10,2021-05-12,CLT-1009,P-123,6758_JP,Sony Group Corp.,Equity,SELL,25000,262.95,6.5738,0.001767,6.572,JPY,152.0,SETTLED
TXN-202304717,2021-05-10,2021-05-11,CLT-1018,P-153,USD_TREAS_MMF,Institutional USD Treasury Money Market Fund,Money Market,DIVIDEND,0,0.0,0.0424,4.2e-05,0.0424,USD,1.0,SETTLED
TXN-202201206,2021-05-10,2021-05-11,CLT-1023,P-167,GER_10Y_BUND,Germany Bund 2.60% 2033,Government Bonds,SELL,5000,95.92,0.4796,0.000225,0.4794,EUR,0.92,SETTLED
TXN-202504534,2021-05-11,2021-05-13,CLT-1025,P-173,DBS_SP,DBS Group Holdings,Equity,BUY,2500,305.29,0.7632,0.000323,0.7635,SGD,1.34,SETTLED
TXN-202200341,2021-05-11,2021-05-12,CLT-1013,P-137,INFRA_GLOBAL_TRUST,Global Infrastructure Core Income Note,Alternatives,DIVIDEND,0,0.0,0.2093,0.000209,0.2091,USD,1.0,SETTLED
TXN-202404358,2021-05-12,2021-05-13,CLT-1012,P-132,EUR_LIQUIDITY_FUND,EUR Institutional Liquidity Master Fund,Money Market,SELL,50000,99.29,4.9645,0.000876,4.9636,EUR,0.92,SETTLED
TXN-202101425,2021-05-12,2021-05-14,CLT-1020,P-160,NVDA,NVIDIA Corp.,Equity,BUY,2500,104.43,0.2611,6.8e-05,0.2612,USD,1.0,SETTLED
TXN-202500149,2021-05-12,2021-05-14,CLT-1003,P-108,XOM,Exxon Mobil Corp.,Equity,SELL,500,302.51,0.1513,2.7e-05,0.1513,USD,1.0,SETTLED
TXN-202303062,2021-05-12,2021-05-14,CLT-1010,P-127,AZN_LN,AstraZeneca PLC,Equity,BUY,10000,226.87,2.2687,0.000428,2.2691,GBP,0.79,SETTLED
TXN-202503494,2021-05-12,2021-05-14,CLT-1010,P-127,CORP_HY_USD,US High Yield Corporate Credit Note,Corporate Bonds,SELL,2500,100.65,0.2516,0.000125,0.2515,USD,1.0,SETTLED
TXN-202301467,2021-05-12,2021-05-14,CLT-1004,P-111,HDFCBANK_IN,HDFC Bank Ltd.,Equity,BUY,500,334.42,0.1672,3.5e-05,0.1672,INR,86.5,SETTLED
TXN-202502099,2021-05-13,2021-05-17,CLT-1012,P-133,CORP_IG_EUR,Euro High Grade Corporate Bond Note,Corporate Bonds,BUY,10000,98.3,0.983,0.000365,0.9834,EUR,0.92,SETTLED
TXN-202304542,2021-05-13,2021-05-17,CLT-1022,P-164,SHEL_LN,Shell PLC,Equity,BUY,2500,98.38,0.246,0.000117,0.2461,GBP,0.79,SETTLED
TXN-202303832,2021-05-13,2021-05-17,CLT-1019,P-157,6758_JP,Sony Group Corp.,Equity,BUY,5000,333.57,1.6679,0.000447,1.6683,JPY,152.0,SETTLED
TXN-202403548,2021-05-13,2021-05-14,CLT-1006,P-116,USD_TREAS_MMF,Institutional USD Treasury Money Market Fund,Money Market,SELL,50000,101.92,5.096,0.002083,5.0939,USD,1.0,PENDING
TXN-202100730,2021-05-13,2021-05-17,CLT-1019,P-158,MSFT,Microsoft Corp.,Equity,DIVIDEND,0,0.0,0.1064,0.000106,0.1063,USD,1.0,SETTLED
TXN-202304387,2021-05-13,2021-05-14,CLT-1019,P-156,GLD_ETF,SPDR Gold Shares Institutional Trust,ETF,BUY,2500,96.45,0.2411,7.7e-05,0.2412,USD,1.0,SETTLED
TXN-202503854,2021-05-14,2021-05-17,CLT-1014,P-143,UK_10Y_GILT,UK Gilt 3.75% 2033,Government Bonds,BUY,25000,96.61,2.4152,0.000465,2.4157,GBP,0.79,SETTLED
TXN-202205156,2021-05-14,2021-05-17,CLT-1001,P-102,EUR_LIQUIDITY_FUND,EUR Institutional Liquidity Master Fund,Money Market,BUY,2500,95.5,0.2387,9e-05,0.2388,EUR,0.92,SETTLED
TXN-202502899,2021-05-17,2021-05-18,CLT-1018,P-153,GER_10Y_BUND,Germany Bund 2.60% 2033,Government Bonds,INTEREST,0,0.0,0.0794,7.9e-05,0.0793,EUR,0.92,SETTLED
TXN-202502324,2021-05-17,2021-05-18,CLT-1015,P-145,GLD_ETF,SPDR Gold Shares Institutional Trust,ETF,INTEREST,0,0.0,0.0862,8.6e-05,0.0861,USD,1.0,SETTLED
TXN-202301712,2021-05-17,2021-05-19,CLT-1010,P-129,NOVN_SW,Novartis AG,Equity,BUY,500,268.96,0.1345,4.8e-05,0.1345,CHF,0.88,SETTLED
TXN-202202061,2021-05-17,2021-05-19,CLT-1019,P-156,RELIANCE_IN,Reliance Industries Ltd.,Equity,BUY,10000,138.98,1.3898,0.000315,1.3901,INR,86.5,SETTLED
TXN-202404263,2021-05-17,2021-05-19,CLT-1022,P-164,INFY_IN,Infosys Ltd.,Equity,SELL,500,101.18,0.0506,1.2e-05,0.0506,INR,86.5,SETTLED
TXN-202204081,2021-05-17,2021-05-18,CLT-1008,P-121,GLD_ETF,SPDR Gold Shares Institutional Trust,ETF,BUY,10000,98.42,0.9842,0.000441,0.9846,USD,1.0,SETTLED
TXN-202202166,2021-05-17,2021-05-19,CLT-1018,P-153,6758_JP,Sony Group Corp.,Equity,SELL,2500,91.84,0.2296,6e-05,0.2295,JPY,152.0,SETTLED
TXN-202404198,2021-05-18,2021-05-20,CLT-1012,P-132,CORP_HY_USD,US High Yield Corporate Credit Note,Corporate Bonds,BUY,5000,102.09,0.5104,0.000105,0.5105,USD,1.0,SETTLED
TXN-202304232,2021-05-18,2021-05-20,CLT-1003,P-108,DBS_SP,DBS Group Holdings,Equity,INTEREST,0,0.0,0.0591,5.9e-05,0.059,SGD,1.34,SETTLED
TXN-202100815,2021-05-18,2021-05-20,CLT-1011,P-130,CORP_HY_USD,US High Yield Corporate Credit Note,Corporate Bonds,INTEREST,0,0.0,0.146,0.000146,0.1459,USD,1.0,SETTLED
TXN-202502279,2021-05-18,2021-05-19,CLT-1015,P-145,JGB_10Y,Japan Government Bond 10-Yr 0.8%,Government Bonds,SELL,25000,96.2,2.405,0.000672,2.4043,JPY,152.0,SETTLED
TXN-202101295,2021-05-19,2021-05-20,CLT-1015,P-146,INR_OVERNIGHT_CASH,Institutional INR Overnight Liquid Fund,Money Market,FEE,0,0.0,0.0364,0.0364,-0.0364,INR,86.5,SETTLED
TXN-202401108,2021-05-19,2021-05-20,CLT-1005,P-115,PLD_REIT,Prologis Global Logistics REIT,REIT,BUY,5000,100.33,0.5017,9.7e-05,0.5018,USD,1.0,SETTLED
TXN-202500629,2021-05-20,2021-05-21,CLT-1006,P-118,INR_OVERNIGHT_CASH,Institutional INR Overnight Liquid Fund,Money Market,BUY,1000,102.52,0.1025,2.4e-05,0.1025,INR,86.5,SETTLED
TXN-202103740,2021-05-20,2021-05-24,CLT-1015,P-147,CORP_IG_EUR,Euro High Grade Corporate Bond Note,Corporate Bonds,FEE,0,0.0,0.0149,0.0149,-0.0149,EUR,0.92,SETTLED
TXN-202401618,2021-05-21,2021-05-25,CLT-1021,P-161,CORP_IG_USD,US Investment Grade Corporate Bond Fund,Corporate Bonds,INTEREST,0,0.0,0.0754,7.5e-05,0.0753,USD,1.0,SETTLED
TXN-202301417,2021-05-21,2021-05-24,CLT-1012,P-134,OPERATING_CASH,Operational Custody Cash Balance,Cash,DIVIDEND,0,0.0,0.0851,8.5e-05,0.085,USD,1.0,SETTLED
TXN-202505054,2021-05-21,2021-05-25,CLT-1022,P-166,NVDA,NVIDIA Corp.,Equity,SELL,50000,334.46,16.723,0.003269,16.7197,USD,1.0,SETTLED
TXN-202103540,2021-05-24,2021-05-25,CLT-1003,P-108,US_10Y_UST,US Treasury 10-Yr Benchmark Note,Government Bonds,SELL,50000,99.72,4.986,0.002099,4.9839,USD,1.0,SETTLED
TXN-202105015,2021-05-24,2021-05-26,CLT-1021,P-163,NVDA,NVIDIA Corp.,Equity,BUY,500,160.39,0.0802,3.9e-05,0.0802,USD,1.0,SETTLED
TXN-202303092,2021-05-24,2021-05-25,CLT-1015,P-147,UK_10Y_GILT,UK Gilt 3.75% 2033,Government Bonds,DIVIDEND,0,0.0,0.1648,0.000165,0.1646,GBP,0.79,SETTLED
TXN-202102850,2021-05-24,2021-05-25,CLT-1023,P-167,OPERATING_CASH,Operational Custody Cash Balance,Cash,BUY,25000,95.83,2.3958,0.000368,2.3962,USD,1.0,SETTLED
TXN-202101660,2021-05-24,2021-05-26,CLT-1009,P-123,DBS_SP,DBS Group Holdings,Equity,DIVIDEND,0,0.0,0.0963,9.6e-05,0.0962,SGD,1.34,PENDING
TXN-202400078,2021-05-24,2021-05-25,CLT-1021,P-161,UK_10Y_GILT,UK Gilt 3.75% 2033,Government Bonds,BUY,25000,97.41,2.4352,0.000636,2.4358,GBP,0.79,SETTLED
TXN-202204831,2021-05-24,2021-05-26,CLT-1015,P-145,INFY_IN,Infosys Ltd.,Equity,FEE,0,0.0,0.0435,0.0435,-0.0435,INR,86.5,SETTLED
TXN-202404023,2021-05-24,2021-05-26,CLT-1022,P-165,CORP_HY_USD,US High Yield Corporate Credit Note,Corporate Bonds,SELL,10000,100.5,1.005,0.00042,1.0046,USD,1.0,SETTLED
TXN-202202476,2021-05-25,2021-05-27,CLT-1002,P-104,DBS_SP,DBS Group Holdings,Equity,SELL,5000,139.05,0.6953,0.000169,0.6951,SGD,1.34,SETTLED
TXN-202203046,2021-05-26,2021-05-27,CLT-1023,P-169,GER_10Y_BUND,Germany Bund 2.60% 2033,Government Bonds,BUY,10000,99.88,0.9988,0.000383,0.9992,EUR,0.92,SETTLED
TXN-202501244,2021-05-26,2021-05-28,CLT-1019,P-156,AAPL,Apple Inc.,Equity,SELL,500,336.66,0.1683,4e-05,0.1683,USD,1.0,SETTLED
TXN-202201951,2021-05-26,2021-05-28,CLT-1016,P-148,AAPL,Apple Inc.,Equity,TRANSFER,0,1.0,0.4239,0.0001,-0.4239,USD,1.0,SETTLED
TXN-202403523,2021-05-26,2021-05-27,CLT-1009,P-123,INR_OVERNIGHT_CASH,Institutional INR Overnight Liquid Fund,Money Market,BUY,500,101.8,0.0509,1.6e-05,0.0509,INR,86.5,SETTLED
TXN-202304112,2021-05-27,2021-05-28,CLT-1006,P-118,OPERATING_CASH,Operational Custody Cash Balance,Cash,WITHDRAWAL,0,1.0,2.0238,0.0001,-2.0238,USD,1.0,SETTLED
TXN-202302637,2021-05-27,2021-05-31,CLT-1012,P-134,CORP_IG_EUR,Euro High Grade Corporate Bond Note,Corporate Bonds,SELL,1000,96.38,0.0964,4.6e-05,0.0964,EUR,0.92,SETTLED
TXN-202201461,2021-05-27,2021-05-28,CLT-1014,P-142,UK_10Y_GILT,UK Gilt 3.75% 2033,Government Bonds,FEE,0,0.0,0.0137,0.0137,-0.0137,GBP,0.79,SETTLED
TXN-202102005,2021-05-27,2021-05-31,CLT-1018,P-154,SHEL_LN,Shell PLC,Equity,SELL,2500,73.02,0.1825,3.9e-05,0.1825,GBP,0.79,SETTLED
TXN-202504849,2021-05-27,2021-05-31,CLT-1009,P-124,HDFCBANK_IN,HDFC Bank Ltd.,Equity,SELL,500,341.36,0.1707,5.6e-05,0.1706,INR,86.5,SETTLED
TXN-202300672,2021-05-27,2021-05-31,CLT-1003,P-109,XOM,Exxon Mobil Corp.,Equity,BUY,5000,332.91,1.6646,0.000635,1.6652,USD,1.0,FAILED
TXN-202302607,2021-05-28,2021-05-31,CLT-1015,P-146,GER_10Y_BUND,Germany Bund 2.60% 2033,Government Bonds,DIVIDEND,0,0.0,0.088,8.8e-05,0.0879,EUR,0.92,SETTLED
TXN-202500154,2021-05-28,2021-05-31,CLT-1015,P-144,INR_OVERNIGHT_CASH,Institutional INR Overnight Liquid Fund,Money Market,BUY,5000,96.52,0.4826,0.000107,0.4827,INR,86.5,SETTLED
TXN-202304067,2021-05-28,2021-05-31,CLT-1022,P-165,INFRA_GLOBAL_TRUST,Global Infrastructure Core Income Note,Alternatives,BUY,10000,96.9,0.969,0.000316,0.9693,USD,1.0,SETTLED
TXN-202503809,2021-05-31,2021-06-01,CLT-1019,P-158,EUR_LIQUIDITY_FUND,EUR Institutional Liquidity Master Fund,Money Market,TRANSFER,0,1.0,0.8591,0.0001,-0.8591,EUR,0.92,SETTLED
TXN-202401383,2021-05-31,2021-06-01,CLT-1010,P-126,GER_10Y_BUND,Germany Bund 2.60% 2033,Government Bonds,SELL,10000,98.23,0.9823,0.00033,0.982,EUR,0.92,SETTLED
TXN-202200991,2021-05-31,2021-06-01,CLT-1025,P-174,GLD_ETF,SPDR Gold Shares Institutional Trust,ETF,BUY,5000,102.75,0.5138,0.000213,0.514,USD,1.0,SETTLED
TXN-202300162,2021-05-31,2021-06-02,CLT-1025,P-173,NVDA,NVIDIA Corp.,Equity,FEE,0,0.0,0.0188,0.0188,-0.0188,USD,1.0,SETTLED
TXN-202101035,2021-05-31,2021-06-02,CLT-1011,P-131,XOM,Exxon Mobil Corp.,Equity,BUY,50000,141.05,7.0525,0.001841,7.0543,USD,1.0,SETTLED
TXN-202503369,2021-05-31,2021-06-02,CLT-1012,P-132,ICICIBANK_IN,ICICI Bank Ltd.,Equity,SELL,500,104.66,0.0523,2.3e-05,0.0523,INR,86.5,SETTLED
TXN-202404473,2021-05-31,2021-06-02,CLT-1010,P-126,6758_JP,Sony Group Corp.,Equity,SELL,25000,314.3,7.8575,0.00161,7.8559,JPY,152.0,SETTLED
TXN-202300227,2021-06-01,2021-06-03,CLT-1014,P-141,NVDA,NVIDIA Corp.,Equity,FEE,0,0.0,0.0223,0.0223,-0.0223,USD,1.0,SETTLED
TXN-202302147,2021-06-01,2021-06-03,CLT-1012,P-133,JPM,JPMorgan Chase & Co.,Equity,FEE,0,0.0,0.0091,0.0091,-0.0091,USD,1.0,FAILED
TXN-202202386,2021-06-01,2021-06-03,CLT-1019,P-156,GOOGL,Alphabet Inc.,Equity,DIVIDEND,0,0.0,0.088,8.8e-05,0.0879,USD,1.0,PENDING
TXN-202501214,2021-06-02,2021-06-04,CLT-1014,P-143,NVDA,NVIDIA Corp.,Equity,BUY,5000,174.18,0.8709,0.000404,0.8713,USD,1.0,SETTLED
TXN-202200226,2021-06-02,2021-06-04,CLT-1014,P-142,7203_JP,Toyota Motor Corp.,Equity,BUY,2500,180.57,0.4514,0.000184,0.4516,JPY,152.0,SETTLED
TXN-202404378,2021-06-02,2021-06-04,CLT-1015,P-145,LT_IN,Larsen & Toubro Ltd.,Equity,BUY,5000,129.95,0.6498,0.000222,0.65,INR,86.5,SETTLED
TXN-202400403,2021-06-02,2021-06-04,CLT-1012,P-132,CORP_IG_EUR,Euro High Grade Corporate Bond Note,Corporate Bonds,BUY,25000,99.74,2.4935,0.001205,2.4947,EUR,0.92,SETTLED
TXN-202302657,2021-06-02,2021-06-03,CLT-1012,P-135,INFRA_GLOBAL_TRUST,Global Infrastructure Core Income Note,Alternatives,BUY,5000,102.29,0.5115,0.000132,0.5116,USD,1.0,SETTLED
TXN-202203286,2021-06-02,2021-06-04,CLT-1009,P-125,6758_JP,Sony Group Corp.,Equity,BUY,1000,338.13,0.3381,5.6e-05,0.3382,JPY,152.0,SETTLED
TXN-202503324,2021-06-03,2021-06-04,CLT-1013,P-136,EUR_LIQUIDITY_FUND,EUR Institutional Liquidity Master Fund,Money Market,INTEREST,0,0.0,0.2327,0.000233,0.2325,EUR,0.92,SETTLED
TXN-202400088,2021-06-03,2021-06-07,CLT-1022,P-164,AAPL,Apple Inc.,Equity,BUY,25000,107.0,2.675,0.001168,2.6762,USD,1.0,FAILED
TXN-202502409,2021-06-04,2021-06-08,CLT-1012,P-132,RELIANCE_IN,Reliance Industries Ltd.,Equity,INTEREST,0,0.0,0.1199,0.00012,0.1198,INR,86.5,SETTLED
TXN-202200916,2021-06-07,2021-06-08,CLT-1004,P-111,USD_TREAS_MMF,Institutional USD Treasury Money Market Fund,Money Market,FEE,0,0.0,0.0249,0.0249,-0.0249,USD,1.0,SETTLED
TXN-202203191,2021-06-07,2021-06-09,CLT-1013,P-139,SHEL_LN,Shell PLC,Equity,TRANSFER,0,1.0,1.0401,0.0001,-1.0401,GBP,0.79,SETTLED
TXN-202103665,2021-06-07,2021-06-08,CLT-1006,P-117,INFRA_GLOBAL_TRUST,Global Infrastructure Core Income Note,Alternatives,DIVIDEND,0,0.0,0.1412,0.000141,0.1411,USD,1.0,SETTLED
TXN-202502054,2021-06-07,2021-06-09,CLT-1013,P-140,CORP_IG_EUR,Euro High Grade Corporate Bond Note,Corporate Bonds,BUY,500,100.21,0.0501,2e-05,0.0501,EUR,0.92,SETTLED
TXN-202105145,2021-06-07,2021-06-09,CLT-1009,P-123,AZN_LN,AstraZeneca PLC,Equity,INTEREST,0,0.0,0.2257,0.000226,0.2255,GBP,0.79,SETTLED
TXN-202302802,2021-06-08,2021-06-10,CLT-1013,P-140,LT_IN,Larsen & Toubro Ltd.,Equity,BUY,25000,338.95,8.4738,0.001342,8.4751,INR,86.5,SETTLED
TXN-202500194,2021-06-08,2021-06-09,CLT-1022,P-165,USD_TREAS_MMF,Institutional USD Treasury Money Market Fund,Money Market,SELL,500,96.9,0.0485,1.3e-05,0.0485,USD,1.0,SETTLED
TXN-202204511,2021-06-08,2021-06-10,CLT-1017,P-150,RELIANCE_IN,Reliance Industries Ltd.,Equity,DIVIDEND,0,0.0,0.1937,0.000194,0.1935,INR,86.5,SETTLED
TXN-202202036,2021-06-08,2021-06-10,CLT-1024,P-170,NVDA,NVIDIA Corp.,Equity,SELL,50000,180.25,9.0125,0.002015,9.0105,USD,1.0,SETTLED
TXN-202103910,2021-06-08,2021-06-10,CLT-1023,P-167,AMZN,Amazon.com Inc.,Equity,BUY,500,246.07,0.123,2e-05,0.123,USD,1.0,SETTLED
TXN-202200646,2021-06-09,2021-06-11,CLT-1005,P-114,MSFT,Microsoft Corp.,Equity,FEE,0,0.0,0.0298,0.0298,-0.0298,USD,1.0,SETTLED
TXN-202302422,2021-06-10,2021-06-14,CLT-1011,P-131,XOM,Exxon Mobil Corp.,Equity,SELL,25000,274.13,6.8533,0.00223,6.8511,USD,1.0,SETTLED
TXN-202300327,2021-06-14,2021-06-15,CLT-1007,P-120,PLD_REIT,Prologis Global Logistics REIT,REIT,BUY,2500,96.58,0.2414,0.000105,0.2415,USD,1.0,SETTLED
TXN-202500079,2021-06-14,2021-06-16,CLT-1024,P-172,CORP_HY_USD,US High Yield Corporate Credit Note,Corporate Bonds,DIVIDEND,0,0.0,0.1589,0.000159,0.1587,USD,1.0,SETTLED
TXN-202102225,2021-06-14,2021-06-15,CLT-1019,P-158,GER_10Y_BUND,Germany Bund 2.60% 2033,Government Bonds,DEPOSIT,0,1.0,3.3983,0.0001,3.3983,EUR,0.92,SETTLED
TXN-202405003,2021-06-14,2021-06-15,CLT-1002,P-104,US_5Y_UST,US Treasury 5-Yr Benchmark Note,Government Bonds,INTEREST,0,0.0,0.199,0.000199,0.1988,USD,1.0,SETTLED
TXN-202404618,2021-06-14,2021-06-16,CLT-1005,P-112,XOM,Exxon Mobil Corp.,Equity,WITHDRAWAL,0,1.0,0.7631,0.0001,-0.7631,USD,1.0,SETTLED
TXN-202200336,2021-06-14,2021-06-16,CLT-1019,P-156,ICICIBANK_IN,ICICI Bank Ltd.,Equity,DEPOSIT,0,1.0,2.084,0.0001,2.084,INR,86.5,SETTLED
TXN-202302377,2021-06-14,2021-06-15,CLT-1012,P-134,GER_10Y_BUND,Germany Bund 2.60% 2033,Government Bonds,SELL,500,101.39,0.0507,2.2e-05,0.0507,EUR,0.92,SETTLED
TXN-202203731,2021-06-14,2021-06-16,CLT-1006,P-116,6758_JP,Sony Group Corp.,Equity,DEPOSIT,0,1.0,0.2216,0.0001,0.2216,JPY,152.0,SETTLED
TXN-202404813,2021-06-14,2021-06-15,CLT-1013,P-140,PLD_REIT,Prologis Global Logistics REIT,REIT,INTEREST,0,0.0,0.0528,5.3e-05,0.0527,USD,1.0,SETTLED
TXN-202302927,2021-06-15,2021-06-17,CLT-1002,P-105,NOVN_SW,Novartis AG,Equity,SELL,25000,206.71,5.1677,0.001238,5.1665,CHF,0.88,SETTLED
TXN-202204756,2021-06-15,2021-06-16,CLT-1005,P-112,OPERATING_CASH,Operational Custody Cash Balance,Cash,INTEREST,0,0.0,0.1349,0.000135,0.1348,USD,1.0,SETTLED
TXN-202204296,2021-06-15,2021-06-16,CLT-1002,P-104,GLD_ETF,SPDR Gold Shares Institutional Trust,ETF,SELL,2500,97.9,0.2447,0.000115,0.2446,USD,1.0,SETTLED
TXN-202303947,2021-06-15,2021-06-17,CLT-1024,P-171,NOVN_SW,Novartis AG,Equity,SELL,1000,305.45,0.3054,0.000128,0.3053,CHF,0.88,SETTLED
TXN-202203056,2021-06-15,2021-06-17,CLT-1012,P-134,CORP_IG_USD,US Investment Grade Corporate Bond Fund,Corporate Bonds,SELL,1000,98.99,0.099,3.3e-05,0.099,USD,1.0,SETTLED
TXN-202204171,2021-06-15,2021-06-17,CLT-1012,P-133,DBS_SP,DBS Group Holdings,Equity,SELL,2500,119.19,0.298,0.000129,0.2979,SGD,1.34,SETTLED
TXN-202303192,2021-06-17,2021-06-18,CLT-1005,P-114,USD_TREAS_MMF,Institutional USD Treasury Money Market Fund,Money Market,WITHDRAWAL,0,1.0,0.9957,0.0001,-0.9957,USD,1.0,SETTLED
TXN-202503684,2021-06-17,2021-06-21,CLT-1023,P-167,ASML_NA,ASML Holding NV,Equity,SELL,1000,337.58,0.3376,6.6e-05,0.3375,EUR,0.92,SETTLED
TXN-202500724,2021-06-17,2021-06-18,CLT-1018,P-153,JGB_10Y,Japan Government Bond 10-Yr 0.8%,Government Bonds,DIVIDEND,0,0.0,0.0503,5e-05,0.0502,JPY,152.0,SETTLED
TXN-202400443,2021-06-18,2021-06-22,CLT-1005,P-113,SAP_GY,SAP SE,Equity,DIVIDEND,0,0.0,0.2234,0.000223,0.2232,EUR,0.92,SETTLED
TXN-202503784,2021-06-18,2021-06-22,CLT-1017,P-149,CORP_IG_USD,US Investment Grade Corporate Bond Fund,Corporate Bonds,BUY,5000,96.49,0.4824,8.6e-05,0.4825,USD,1.0,SETTLED
TXN-202100525,2021-06-18,2021-06-22,CLT-1021,P-163,UNH,UnitedHealth Group,Equity,BUY,2500,213.99,0.535,0.000194,0.5352,USD,1.0,SETTLED
TXN-202102070,2021-06-18,2021-06-22,CLT-1021,P-163,XOM,Exxon Mobil Corp.,Equity,BUY,5000,59.73,0.2987,4.5e-05,0.2987,USD,1.0,PENDING
TXN-202400903,2021-06-18,2021-06-21,CLT-1020,P-160,US_5Y_UST,US Treasury 5-Yr Benchmark Note,Government Bonds,INTEREST,0,0.0,0.0835,8.4e-05,0.0834,USD,1.0,SETTLED
TXN-202503789,2021-06-18,2021-06-22,CLT-1008,P-121,BHARTIARTL_IN,Bharti Airtel Ltd.,Equity,BUY,10000,309.55,3.0955,0.001368,3.0969,INR,86.5,SETTLED
TXN-202201646,2021-06-18,2021-06-22,CLT-1024,P-171,SHEL_LN,Shell PLC,Equity,SELL,5000,115.93,0.5796,9.7e-05,0.5795,GBP,0.79,SETTLED
TXN-202504494,2021-06-21,2021-06-22,CLT-1013,P-136,PLD_REIT,Prologis Global Logistics REIT,REIT,DIVIDEND,0,0.0,0.0192,1.9e-05,0.0192,USD,1.0,SETTLED
TXN-202102570,2021-06-21,2021-06-22,CLT-1022,P-164,IND_10Y_GSEC,India Sovereign G-Sec 7.18% 2033,Government Bonds,BUY,1000,100.2,0.1002,2.8e-05,0.1002,INR,86.5,SETTLED
TXN-202303367,2021-06-21,2021-06-22,CLT-1018,P-153,PLD_REIT,Prologis Global Logistics REIT,REIT,DIVIDEND,0,0.0,0.0972,9.7e-05,0.0971,USD,1.0,SETTLED
TXN-202204701,2021-06-21,2021-06-23,CLT-1014,P-141,AMZN,Amazon.com Inc.,Equity,DIVIDEND,0,0.0,0.1813,0.000181,0.1811,USD,1.0,SETTLED
TXN-202100585,2021-06-21,2021-06-23,CLT-1019,P-158,JPM,JPMorgan Chase & Co.,Equity,FEE,0,0.0,0.0372,0.0372,-0.0372,USD,1.0,SETTLED
TXN-202400028,2021-06-21,2021-06-22,CLT-1007,P-119,IND_10Y_GSEC,India Sovereign G-Sec 7.18% 2033,Government Bonds,BUY,500,97.39,0.0487,1.9e-05,0.0487,INR,86.5,SETTLED
TXN-202504694,2021-06-21,2021-06-23,CLT-1001,P-101,SAP_GY,SAP SE,Equity,BUY,10000,93.26,0.9326,0.000191,0.9328,EUR,0.92,SETTLED
TXN-202505239,2021-06-21,2021-06-23,CLT-1023,P-167,ICICIBANK_IN,ICICI Bank Ltd.,Equity,BUY,2500,292.86,0.7321,0.000162,0.7323,INR,86.5,SETTLED
TXN-202202581,2021-06-21,2021-06-22,CLT-1022,P-165,PLD_REIT,Prologis Global Logistics REIT,REIT,DEPOSIT,0,1.0,1.8667,0.0001,1.8667,USD,1.0,SETTLED
TXN-202505194,2021-06-21,2021-06-22,CLT-1017,P-151,UK_10Y_GILT,UK Gilt 3.75% 2033,Government Bonds,SELL,2500,98.87,0.2472,0.000123,0.2471,GBP,0.79,SETTLED
TXN-202100775,2021-06-21,2021-06-23,CLT-1005,P-113,AAPL,Apple Inc.,Equity,BUY,1000,207.51,0.2075,6.7e-05,0.2076,USD,1.0,SETTLED
TXN-202203126,2021-06-21,2021-06-23,CLT-1010,P-129,SAP_GY,SAP SE,Equity,BUY,10000,306.38,3.0638,0.001061,3.0649,EUR,0.92,SETTLED
TXN-202301737,2021-06-21,2021-06-22,CLT-1014,P-142,JGB_10Y,Japan Government Bond 10-Yr 0.8%,Government Bonds,SELL,5000,102.61,0.5131,0.000216,0.5129,JPY,152.0,SETTLED
TXN-202504359,2021-06-21,2021-06-23,CLT-1006,P-118,AMZN,Amazon.com Inc.,Equity,DIVIDEND,0,0.0,0.1387,0.000139,0.1386,USD,1.0,SETTLED
TXN-202404203,2021-06-22,2021-06-23,CLT-1012,P-133,INFRA_GLOBAL_TRUST,Global Infrastructure Core Income Note,Alternatives,SELL,5000,101.69,0.5084,0.00013,0.5083,USD,1.0,SETTLED
TXN-202205076,2021-06-23,2021-06-25,CLT-1013,P-136,AMZN,Amazon.com Inc.,Equity,DIVIDEND,0,0.0,0.2145,0.000215,0.2143,USD,1.0,SETTLED
TXN-202403968,2021-06-23,2021-06-25,CLT-1013,P-136,RELIANCE_IN,Reliance Industries Ltd.,Equity,INTEREST,0,0.0,0.0755,7.6e-05,0.0754,INR,86.5,PENDING
TXN-202102395,2021-06-23,2021-06-25,CLT-1002,P-105,INFY_IN,Infosys Ltd.,Equity,SELL,25000,344.21,8.6052,0.002748,8.6025,INR,86.5,SETTLED
TXN-202400178,2021-06-23,2021-06-24,CLT-1003,P-108,US_5Y_UST,US Treasury 5-Yr Benchmark Note,Government Bonds,BUY,5000,95.15,0.4758,0.000135,0.4759,USD,1.0,SETTLED
TXN-202105105,2021-06-23,2021-06-24,CLT-1013,P-138,US_5Y_UST,US Treasury 5-Yr Benchmark Note,Government Bonds,BUY,50000,99.96,4.998,0.00154,4.9995,USD,1.0,SETTLED
TXN-202400818,2021-06-24,2021-06-25,CLT-1006,P-118,INFRA_GLOBAL_TRUST,Global Infrastructure Core Income Note,Alternatives,INTEREST,0,0.0,0.1373,0.000137,0.1372,USD,1.0,SETTLED
TXN-202204501,2021-06-24,2021-06-28,CLT-1022,P-165,NOVN_SW,Novartis AG,Equity,SELL,2500,226.05,0.5651,0.000175,0.5649,CHF,0.88,SETTLED
TXN-202200576,2021-06-24,2021-06-28,CLT-1016,P-148,RELIANCE_IN,Reliance Industries Ltd.,Equity,BUY,10000,133.03,1.3303,0.000383,1.3307,INR,86.5,SETTLED
TXN-202202851,2021-06-25,2021-06-29,CLT-1011,P-130,XOM,Exxon Mobil Corp.,Equity,BUY,5000,310.9,1.5545,0.000597,1.5551,USD,1.0,SETTLED
TXN-202504324,2021-06-25,2021-06-28,CLT-1014,P-142,PLD_REIT,Prologis Global Logistics REIT,REIT,SELL,2500,95.86,0.2397,0.000109,0.2396,USD,1.0,SETTLED
TXN-202400568,2021-06-25,2021-06-29,CLT-1001,P-103,GOOGL,Alphabet Inc.,Equity,BUY,2500,304.31,0.7608,0.000198,0.761,USD,1.0,SETTLED
TXN-202305042,2021-06-25,2021-06-29,CLT-1019,P-156,6758_JP,Sony Group Corp.,Equity,BUY,50000,263.5,13.175,0.002376,13.1774,JPY,152.0,SETTLED
TXN-202302622,2021-06-25,2021-06-29,CLT-1015,P-146,LT_IN,Larsen & Toubro Ltd.,Equity,DEPOSIT,0,1.0,2.0384,0.0001,2.0384,INR,86.5,SETTLED
TXN-202500989,2021-06-28,2021-06-29,CLT-1017,P-151,US_10Y_UST,US Treasury 10-Yr Benchmark Note,Government Bonds,SELL,500,101.22,0.0506,1.7e-05,0.0506,USD,1.0,SETTLED
TXN-202303517,2021-06-28,2021-06-29,CLT-1009,P-123,UK_10Y_GILT,UK Gilt 3.75% 2033,Government Bonds,SELL,2500,98.19,0.2455,4.1e-05,0.2455,GBP,0.79,SETTLED
TXN-202201361,2021-06-28,2021-06-30,CLT-1022,P-165,NVDA,NVIDIA Corp.,Equity,BUY,5000,163.1,0.8155,0.000381,0.8159,USD,1.0,SETTLED
TXN-202203316,2021-06-28,2021-06-30,CLT-1007,P-119,ASML_NA,ASML Holding NV,Equity,BUY,1000,337.92,0.3379,9.1e-05,0.338,EUR,0.92,SETTLED
TXN-202102560,2021-06-28,2021-06-30,CLT-1013,P-138,JPM,JPMorgan Chase & Co.,Equity,DIVIDEND,0,0.0,0.0612,6.1e-05,0.0611,USD,1.0,SETTLED
TXN-202201901,2021-06-28,2021-06-30,CLT-1025,P-174,TCS_IN,Tata Consultancy Services,Equity,DIVIDEND,0,0.0,0.242,0.000242,0.2418,INR,86.5,SETTLED
TXN-202103260,2021-06-29,2021-06-30,CLT-1024,P-171,EUR_LIQUIDITY_FUND,EUR Institutional Liquidity Master Fund,Money Market,BUY,50000,102.15,5.1075,0.002089,5.1096,EUR,0.92,SETTLED
TXN-202503804,2021-06-29,2021-07-01,CLT-1012,P-133,ICICIBANK_IN,ICICI Bank Ltd.,Equity,BUY,500,208.64,0.1043,2.3e-05,0.1043,INR,86.5,SETTLED
TXN-202203501,2021-06-29,2021-07-01,CLT-1022,P-166,SHEL_LN,Shell PLC,Equity,SELL,5000,261.76,1.3088,0.000593,1.3082,GBP,0.79,SETTLED
TXN-202503154,2021-06-30,2021-07-02,CLT-1006,P-117,BHARTIARTL_IN,Bharti Airtel Ltd.,Equity,BUY,500,181.78,0.0909,2.5e-05,0.0909,INR,86.5,SETTLED
TXN-202202586,2021-06-30,2021-07-02,CLT-1005,P-113,ICICIBANK_IN,ICICI Bank Ltd.,Equity,DIVIDEND,0,0.0,0.1457,0.000146,0.1456,INR,86.5,FAILED
TXN-202404463,2021-06-30,2021-07-02,CLT-1010,P-127,XOM,Exxon Mobil Corp.,Equity,SELL,50000,253.26,12.663,0.003427,12.6596,USD,1.0,SETTLED
TXN-202503474,2021-06-30,2021-07-01,CLT-1002,P-105,OPERATING_CASH,Operational Custody Cash Balance,Cash,BUY,1000,99.78,0.0998,1.8e-05,0.0998,USD,1.0,SETTLED
TXN-202302542,2021-06-30,2021-07-02,CLT-1023,P-169,NVDA,NVIDIA Corp.,Equity,SELL,2500,190.21,0.4755,0.000146,0.4754,USD,1.0,SETTLED
TXN-202105230,2021-07-01,2021-07-02,CLT-1017,P-150,US_5Y_UST,US Treasury 5-Yr Benchmark Note,Government Bonds,SELL,500,96.8,0.0484,1e-05,0.0484,USD,1.0,SETTLED
TXN-202102140,2021-07-01,2021-07-05,CLT-1018,P-153,MSFT,Microsoft Corp.,Equity,SELL,5000,251.4,1.257,0.000431,1.2566,USD,1.0,SETTLED
TXN-202302807,2021-07-01,2021-07-05,CLT-1023,P-168,6758_JP,Sony Group Corp.,Equity,INTEREST,0,0.0,0.2342,0.000234,0.234,JPY,152.0,SETTLED
TXN-202103980,2021-07-01,2021-07-02,CLT-1022,P-165,US_5Y_UST,US Treasury 5-Yr Benchmark Note,Government Bonds,BUY,1000,100.31,0.1003,2.8e-05,0.1003,USD,1.0,SETTLED
TXN-202104880,2021-07-01,2021-07-05,CLT-1006,P-116,ICICIBANK_IN,ICICI Bank Ltd.,Equity,DIVIDEND,0,0.0,0.0361,3.6e-05,0.0361,INR,86.5,SETTLED
TXN-202200231,2021-07-01,2021-07-05,CLT-1023,P-167,LT_IN,Larsen & Toubro Ltd.,Equity,INTEREST,0,0.0,0.0158,1.6e-05,0.0158,INR,86.5,SETTLED
TXN-202504069,2021-07-02,2021-07-06,CLT-1012,P-132,JPM,JPMorgan Chase & Co.,Equity,SELL,5000,305.71,1.5286,0.000465,1.5281,USD,1.0,SETTLED
TXN-202501394,2021-07-02,2021-07-05,CLT-1018,P-154,US_5Y_UST,US Treasury 5-Yr Benchmark Note,Government Bonds,INTEREST,0,0.0,0.2243,0.000224,0.2241,USD,1.0,SETTLED
TXN-202300527,2021-07-02,2021-07-05,CLT-1013,P-140,GLD_ETF,SPDR Gold Shares Institutional Trust,ETF,FEE,0,0.0,0.0267,0.0267,-0.0267,USD,1.0,SETTLED
TXN-202200016,2021-07-02,2021-07-06,CLT-1003,P-110,CORP_IG_USD,US Investment Grade Corporate Bond Fund,Corporate Bonds,BUY,2500,102.89,0.2572,0.000127,0.2573,USD,1.0,SETTLED
TXN-202500429,2021-07-05,2021-07-07,CLT-1022,P-165,SHEL_LN,Shell PLC,Equity,BUY,10000,74.72,0.7472,0.000232,0.7474,GBP,0.79,FAILED
TXN-202500734,2021-07-05,2021-07-06,CLT-1008,P-121,OPERATING_CASH,Operational Custody Cash Balance,Cash,BUY,500,97.0,0.0485,1.6e-05,0.0485,USD,1.0,SETTLED
TXN-202301807,2021-07-05,2021-07-07,CLT-1019,P-157,HDFCBANK_IN,HDFC Bank Ltd.,Equity,INTEREST,0,0.0,0.2165,0.000217,0.2163,INR,86.5,SETTLED
TXN-202503209,2021-07-05,2021-07-07,CLT-1022,P-166,UNH,UnitedHealth Group,Equity,BUY,5000,349.36,1.7468,0.000428,1.7472,USD,1.0,SETTLED
TXN-202401568,2021-07-05,2021-07-06,CLT-1014,P-141,EUR_LIQUIDITY_FUND,EUR Institutional Liquidity Master Fund,Money Market,DIVIDEND,0,0.0,0.1915,0.000192,0.1913,EUR,0.92,SETTLED
TXN-202400913,2021-07-05,2021-07-07,CLT-1005,P-113,CORP_IG_USD,US Investment Grade Corporate Bond Fund,Corporate Bonds,DIVIDEND,0,0.0,0.1387,0.000139,0.1386,USD,1.0,SETTLED
TXN-202504154,2021-07-05,2021-07-07,CLT-1019,P-156,AZN_LN,AstraZeneca PLC,Equity,INTEREST,0,0.0,0.0747,7.5e-05,0.0746,GBP,0.79,SETTLED
TXN-202202726,2021-07-05,2021-07-07,CLT-1006,P-118,AZN_LN,AstraZeneca PLC,Equity,SELL,5000,261.77,1.3089,0.000219,1.3087,GBP,0.79,SETTLED
TXN-202301642,2021-07-05,2021-07-06,CLT-1006,P-116,IND_10Y_GSEC,India Sovereign G-Sec 7.18% 2033,Government Bonds,BUY,50000,95.02,4.751,0.001677,4.7527,INR,86.5,SETTLED
TXN-202205131,2021-07-05,2021-07-07,CLT-1012,P-132,SHEL_LN,Shell PLC,Equity,SELL,5000,287.33,1.4366,0.000336,1.4363,GBP,0.79,SETTLED
TXN-202200876,2021-07-06,2021-07-08,CLT-1005,P-115,RELIANCE_IN,Reliance Industries Ltd.,Equity,DIVIDEND,0,0.0,0.2267,0.000227,0.2265,INR,86.5,SETTLED
TXN-202203101,2021-07-06,2021-07-08,CLT-1017,P-149,BHARTIARTL_IN,Bharti Airtel Ltd.,Equity,BUY,1000,150.31,0.1503,5.1e-05,0.1504,INR,86.5,SETTLED
TXN-202500384,2021-07-07,2021-07-09,CLT-1009,P-125,AMZN,Amazon.com Inc.,Equity,DIVIDEND,0,0.0,0.2279,0.000228,0.2277,USD,1.0,SETTLED
TXN-202200591,2021-07-07,2021-07-09,CLT-1001,P-101,BHARTIARTL_IN,Bharti Airtel Ltd.,Equity,SELL,1000,55.5,0.0555,1e-05,0.0555,INR,86.5,SETTLED
TXN-202203956,2021-07-07,2021-07-09,CLT-1006,P-118,NOVN_SW,Novartis AG,Equity,BUY,1000,270.26,0.2703,9.1e-05,0.2704,CHF,0.88,SETTLED
TXN-202401643,2021-07-09,2021-07-13,CLT-1017,P-150,HDFCBANK_IN,HDFC Bank Ltd.,Equity,SELL,50000,112.88,5.644,0.002201,5.6418,INR,86.5,SETTLED
TXN-202403278,2021-07-09,2021-07-12,CLT-1016,P-148,US_5Y_UST,US Treasury 5-Yr Benchmark Note,Government Bonds,SELL,25000,102.31,2.5577,0.001107,2.5566,USD,1.0,SETTLED
TXN-202503349,2021-07-09,2021-07-13,CLT-1021,P-161,GOOGL,Alphabet Inc.,Equity,SELL,25000,348.75,8.7188,0.003777,8.715,USD,1.0,SETTLED
TXN-202501069,2021-07-09,2021-07-13,CLT-1013,P-139,ASML_NA,ASML Holding NV,Equity,BUY,25000,309.04,7.726,0.002542,7.7285,EUR,0.92,SETTLED
TXN-202302052,2021-07-12,2021-07-13,CLT-1023,P-168,INFRA_GLOBAL_TRUST,Global Infrastructure Core Income Note,Alternatives,SELL,25000,102.02,2.5505,0.000581,2.5499,USD,1.0,SETTLED
TXN-202305057,2021-07-12,2021-07-13,CLT-1023,P-167,JGB_10Y,Japan Government Bond 10-Yr 0.8%,Government Bonds,BUY,1000,101.1,0.1011,3.6e-05,0.1011,JPY,152.0,SETTLED
TXN-202502869,2021-07-12,2021-07-14,CLT-1012,P-135,JPM,JPMorgan Chase & Co.,Equity,BUY,50000,150.57,7.5285,0.003367,7.5319,USD,1.0,SETTLED
TXN-202300427,2021-07-12,2021-07-13,CLT-1009,P-123,PLD_REIT,Prologis Global Logistics REIT,REIT,SELL,25000,99.13,2.4783,0.000513,2.4778,USD,1.0,SETTLED
TXN-202202436,2021-07-12,2021-07-14,CLT-1004,P-111,INFY_IN,Infosys Ltd.,Equity,SELL,1000,199.2,0.1992,4.9e-05,0.1992,INR,86.5,SETTLED
TXN-202102475,2021-07-12,2021-07-14,CLT-1003,P-108,TCS_IN,Tata Consultancy Services,Equity,SELL,5000,306.62,1.5331,0.000588,1.5325,INR,86.5,SETTLED
TXN-202203376,2021-07-12,2021-07-14,CLT-1003,P-110,UNH,UnitedHealth Group,Equity,BUY,2500,135.46,0.3387,0.000165,0.3389,USD,1.0,SETTLED
TXN-202404308,2021-07-12,2021-07-14,CLT-1005,P-113,SAP_GY,SAP SE,Equity,TRANSFER,0,1.0,1.9369,0.0001,-1.9369,EUR,0.92,SETTLED
TXN-202400678,2021-07-12,2021-07-14,CLT-1020,P-159,7203_JP,Toyota Motor Corp.,Equity,BUY,1000,227.12,0.2271,7.1e-05,0.2272,JPY,152.0,SETTLED
TXN-202402988,2021-07-12,2021-07-14,CLT-1007,P-119,AAPL,Apple Inc.,Equity,SELL,50000,169.73,8.4865,0.001361,8.4851,USD,1.0,SETTLED
TXN-202504824,2021-07-12,2021-07-14,CLT-1010,P-128,SHEL_LN,Shell PLC,Equity,SELL,500,238.19,0.1191,3.3e-05,0.1191,GBP,0.79,SETTLED
TXN-202105000,2021-07-12,2021-07-14,CLT-1017,P-151,HDFCBANK_IN,HDFC Bank Ltd.,Equity,SELL,25000,237.59,5.9398,0.001962,5.9378,INR,86.5,SETTLED
TXN-202403138,2021-07-12,2021-07-13,CLT-1003,P-108,JGB_10Y,Japan Government Bond 10-Yr 0.8%,Government Bonds,BUY,50000,102.77,5.1385,0.002487,5.141,JPY,152.0,SETTLED
TXN-202501624,2021-07-13,2021-07-15,CLT-1010,P-129,CORP_IG_EUR,Euro High Grade Corporate Bond Note,Corporate Bonds,FEE,0,0.0,0.0214,0.0214,-0.0214,EUR,0.92,SETTLED
TXN-202401653,2021-07-15,2021-07-19,CLT-1003,P-108,ASML_NA,ASML Holding NV,Equity,SELL,25000,263.52,6.588,0.002856,6.5851,EUR,0.92,SETTLED
TXN-202201911,2021-07-15,2021-07-16,CLT-1014,P-142,JGB_10Y,Japan Government Bond 10-Yr 0.8%,Government Bonds,FEE,0,0.0,0.0154,0.0154,-0.0154,JPY,152.0,SETTLED
TXN-202300717,2021-07-16,2021-07-19,CLT-1018,P-155,GLD_ETF,SPDR Gold Shares Institutional Trust,ETF,BUY,500,95.08,0.0475,1.3e-05,0.0475,USD,1.0,SETTLED
TXN-202401023,2021-07-19,2021-07-20,CLT-1011,P-131,JGB_10Y,Japan Government Bond 10-Yr 0.8%,Government Bonds,DIVIDEND,0,0.0,0.2151,0.000215,0.2149,JPY,152.0,SETTLED
TXN-202300147,2021-07-19,2021-07-21,CLT-1005,P-114,CORP_IG_EUR,Euro High Grade Corporate Bond Note,Corporate Bonds,SELL,2500,101.08,0.2527,0.000125,0.2526,EUR,0.92,SETTLED
TXN-202501149,2021-07-19,2021-07-21,CLT-1018,P-155,NVDA,NVIDIA Corp.,Equity,BUY,50000,99.91,4.9955,0.001255,4.9968,USD,1.0,PENDING
TXN-202200671,2021-07-19,2021-07-21,CLT-1009,P-125,MSFT,Microsoft Corp.,Equity,BUY,2500,77.53,0.1938,4.2e-05,0.1938,USD,1.0,SETTLED
TXN-202304437,2021-07-19,2021-07-21,CLT-1021,P-163,BHARTIARTL_IN,Bharti Airtel Ltd.,Equity,BUY,1000,148.34,0.1483,6.3e-05,0.1484,INR,86.5,SETTLED
TXN-202401083,2021-07-19,2021-07-21,CLT-1011,P-130,XOM,Exxon Mobil Corp.,Equity,DEPOSIT,0,1.0,0.6682,0.0001,0.6682,USD,1.0,SETTLED
TXN-202303112,2021-07-19,2021-07-21,CLT-1003,P-109,TCS_IN,Tata Consultancy Services,Equity,SELL,500,132.8,0.0664,3.1e-05,0.0664,INR,86.5,SETTLED
TXN-202203756,2021-07-19,2021-07-21,CLT-1013,P-139,SAP_GY,SAP SE,Equity,BUY,10000,296.94,2.9694,0.0009,2.9703,EUR,0.92,SETTLED
TXN-202204541,2021-07-20,2021-07-22,CLT-1015,P-144,AZN_LN,AstraZeneca PLC,Equity,SELL,2500,325.0,0.8125,0.000242,0.8123,GBP,0.79,SETTLED
TXN-202203836,2021-07-21,2021-07-23,CLT-1010,P-127,BHARTIARTL_IN,Bharti Airtel Ltd.,Equity,FEE,0,0.0,0.0305,0.0305,-0.0305,INR,86.5,SETTLED
TXN-202100770,2021-07-21,2021-07-22,CLT-1024,P-170,UK_10Y_GILT,UK Gilt 3.75% 2033,Government Bonds,SELL,25000,98.2,2.455,0.000855,2.4541,GBP,0.79,SETTLED
TXN-202402043,2021-07-21,2021-07-23,CLT-1022,P-166,MSFT,Microsoft Corp.,Equity,DIVIDEND,0,0.0,0.1675,0.000168,0.1673,USD,1.0,SETTLED
TXN-202400478,2021-07-22,2021-07-26,CLT-1013,P-138,MSFT,Microsoft Corp.,Equity,FEE,0,0.0,0.0342,0.0342,-0.0342,USD,1.0,SETTLED
TXN-202101115,2021-07-23,2021-07-27,CLT-1007,P-120,SAP_GY,SAP SE,Equity,BUY,500,190.36,0.0952,3.3e-05,0.0952,EUR,0.92,SETTLED
TXN-202501444,2021-07-26,2021-07-28,CLT-1006,P-117,GOOGL,Alphabet Inc.,Equity,BUY,500,204.58,0.1023,5e-05,0.1023,USD,1.0,SETTLED
TXN-202504214,2021-07-26,2021-07-28,CLT-1017,P-150,CORP_IG_USD,US Investment Grade Corporate Bond Fund,Corporate Bonds,BUY,1000,96.85,0.0969,2.3e-05,0.0969,USD,1.0,SETTLED
TXN-202502154,2021-07-26,2021-07-27,CLT-1010,P-127,US_5Y_UST,US Treasury 5-Yr Benchmark Note,Government Bonds,FEE,0,0.0,0.0074,0.0074,-0.0074,USD,1.0,SETTLED
TXN-202402098,2021-07-26,2021-07-28,CLT-1023,P-169,AZN_LN,AstraZeneca PLC,Equity,SELL,500,136.73,0.0684,2.4e-05,0.0684,GBP,0.79,SETTLED
TXN-202201261,2021-07-26,2021-07-27,CLT-1020,P-160,US_5Y_UST,US Treasury 5-Yr Benchmark Note,Government Bonds,DIVIDEND,0,0.0,0.0373,3.7e-05,0.0373,USD,1.0,SETTLED
TXN-202301217,2021-07-26,2021-07-27,CLT-1018,P-152,PLD_REIT,Prologis Global Logistics REIT,REIT,SELL,2500,101.18,0.253,8e-05,0.2529,USD,1.0,SETTLED
TXN-202100865,2021-07-26,2021-07-28,CLT-1005,P-112,BHARTIARTL_IN,Bharti Airtel Ltd.,Equity,SELL,10000,126.08,1.2608,0.000378,1.2604,INR,86.5,SETTLED
TXN-202203581,2021-07-26,2021-07-28,CLT-1018,P-153,CORP_IG_USD,US Investment Grade Corporate Bond Fund,Corporate Bonds,SELL,500,101.45,0.0507,1.7e-05,0.0507,USD,1.0,SETTLED
TXN-202300387,2021-07-26,2021-07-27,CLT-1024,P-170,INFRA_GLOBAL_TRUST,Global Infrastructure Core Income Note,Alternatives,SELL,5000,97.4,0.487,7.5e-05,0.4869,USD,1.0,SETTLED
TXN-202501814,2021-07-26,2021-07-28,CLT-1022,P-166,MSFT,Microsoft Corp.,Equity,SELL,500,299.13,0.1496,4.8e-05,0.1496,USD,1.0,SETTLED
TXN-202302697,2021-07-26,2021-07-28,CLT-1022,P-164,JPM,JPMorgan Chase & Co.,Equity,FEE,0,0.0,0.0393,0.0393,-0.0393,USD,1.0,SETTLED
TXN-202501269,2021-07-26,2021-07-28,CLT-1019,P-157,RELIANCE_IN,Reliance Industries Ltd.,Equity,DIVIDEND,0,0.0,0.124,0.000124,0.1239,INR,86.5,SETTLED
TXN-202101925,2021-07-26,2021-07-28,CLT-1005,P-113,ASML_NA,ASML Holding NV,Equity,BUY,10000,144.94,1.4494,0.000241,1.4496,EUR,0.92,SETTLED
TXN-202304637,2021-07-26,2021-07-27,CLT-1023,P-169,GER_10Y_BUND,Germany Bund 2.60% 2033,Government Bonds,SELL,1000,101.77,0.1018,3.6e-05,0.1018,EUR,0.92,SETTLED
TXN-202303227,2021-07-26,2021-07-27,CLT-1023,P-168,US_10Y_UST,US Treasury 10-Yr Benchmark Note,Government Bonds,INTEREST,0,0.0,0.1919,0.000192,0.1917,USD,1.0,SETTLED
TXN-202401688,2021-07-26,2021-07-28,CLT-1022,P-165,GOOGL,Alphabet Inc.,Equity,SELL,1000,90.58,0.0906,4.5e-05,0.0906,USD,1.0,SETTLED
TXN-202101580,2021-07-27,2021-07-28,CLT-1017,P-149,IND_10Y_GSEC,India Sovereign G-Sec 7.18% 2033,Government Bonds,BUY,25000,99.91,2.4977,0.000952,2.4987,INR,86.5,SETTLED
TXN-202100405,2021-07-27,2021-07-29,CLT-1003,P-108,ASML_NA,ASML Holding NV,Equity,SELL,10000,154.53,1.5453,0.000731,1.5446,EUR,0.92,SETTLED
TXN-202501324,2021-07-27,2021-07-29,CLT-1022,P-166,NVDA,NVIDIA Corp.,Equity,INTEREST,0,0.0,0.1404,0.00014,0.1403,USD,1.0,SETTLED
TXN-202204446,2021-07-27,2021-07-29,CLT-1017,P-149,SHEL_LN,Shell PLC,Equity,BUY,5000,159.37,0.7968,0.000162,0.797,GBP,0.79,SETTLED
TXN-202504759,2021-07-28,2021-07-30,CLT-1006,P-117,AAPL,Apple Inc.,Equity,BUY,5000,120.07,0.6004,0.000284,0.6007,USD,1.0,SETTLED
TXN-202502559,2021-07-28,2021-07-30,CLT-1009,P-123,DBS_SP,DBS Group Holdings,Equity,BUY,1000,186.38,0.1864,4.1e-05,0.1864,SGD,1.34,SETTLED
TXN-202403053,2021-07-28,2021-07-30,CLT-1007,P-119,SAP_GY,SAP SE,Equity,DEPOSIT,0,1.0,1.7526,0.0001,1.7526,EUR,0.92,SETTLED
TXN-202304992,2021-07-28,2021-07-29,CLT-1017,P-151,US_5Y_UST,US Treasury 5-Yr Benchmark Note,Government Bonds,BUY,5000,97.88,0.4894,8.9e-05,0.4895,USD,1.0,SETTLED
TXN-202302187,2021-07-29,2021-08-02,CLT-1013,P-137,7203_JP,Toyota Motor Corp.,Equity,FEE,0,0.0,0.0147,0.0147,-0.0147,JPY,152.0,SETTLED
TXN-202400938,2021-07-29,2021-08-02,CLT-1016,P-148,MSFT,Microsoft Corp.,Equity,SELL,10000,294.9,2.949,0.000966,2.948,USD,1.0,SETTLED
TXN-202503604,2021-07-30,2021-08-02,CLT-1013,P-137,PLD_REIT,Prologis Global Logistics REIT,REIT,BUY,10000,97.16,0.9716,0.000184,0.9718,USD,1.0,SETTLED
TXN-202504724,2021-07-30,2021-08-03,CLT-1023,P-168,CORP_IG_EUR,Euro High Grade Corporate Bond Note,Corporate Bonds,SELL,5000,101.39,0.507,0.000153,0.5068,EUR,0.92,SETTLED
TXN-202204931,2021-07-30,2021-08-02,CLT-1010,P-127,US_10Y_UST,US Treasury 10-Yr Benchmark Note,Government Bonds,SELL,2500,101.45,0.2536,6e-05,0.2535,USD,1.0,SETTLED
TXN-202304122,2021-07-30,2021-08-02,CLT-1005,P-115,GER_10Y_BUND,Germany Bund 2.60% 2033,Government Bonds,BUY,5000,102.15,0.5108,0.000217,0.511,EUR,0.92,SETTLED
TXN-202103340,2021-07-30,2021-08-03,CLT-1016,P-148,RELIANCE_IN,Reliance Industries Ltd.,Equity,DIVIDEND,0,0.0,0.1081,0.000108,0.108,INR,86.5,SETTLED
TXN-202502989,2021-08-02,2021-08-04,CLT-1007,P-120,HDFCBANK_IN,HDFC Bank Ltd.,Equity,BUY,10000,241.22,2.4122,0.000916,2.4131,INR,86.5,SETTLED
TXN-202501309,2021-08-02,2021-08-04,CLT-1012,P-132,ICICIBANK_IN,ICICI Bank Ltd.,Equity,BUY,500,318.54,0.1593,6.6e-05,0.1594,INR,86.5,SETTLED
TXN-202503449,2021-08-02,2021-08-04,CLT-1015,P-144,SAP_GY,SAP SE,Equity,BUY,10000,211.87,2.1187,0.000752,2.1195,EUR,0.92,SETTLED
TXN-202401513,2021-08-02,2021-08-03,CLT-1010,P-129,EUR_LIQUIDITY_FUND,EUR Institutional Liquidity Master Fund,Money Market,BUY,10000,99.44,0.9944,0.000454,0.9949,EUR,0.92,SETTLED
TXN-202100135,2021-08-02,2021-08-03,CLT-1021,P-161,USD_TREAS_MMF,Institutional USD Treasury Money Market Fund,Money Market,BUY,5000,98.13,0.4906,0.000233,0.4908,USD,1.0,SETTLED
TXN-202502814,2021-08-02,2021-08-04,CLT-1012,P-133,SAP_GY,SAP SE,Equity,BUY,10000,210.07,2.1007,0.000618,2.1013,EUR,0.92,SETTLED
TXN-202403758,2021-08-02,2021-08-04,CLT-1024,P-170,SAP_GY,SAP SE,Equity,FEE,0,0.0,0.0357,0.0357,-0.0357,EUR,0.92,SETTLED
TXN-202302997,2021-08-02,2021-08-04,CLT-1020,P-159,NVDA,NVIDIA Corp.,Equity,DIVIDEND,0,0.0,0.1164,0.000116,0.1163,USD,1.0,SETTLED
TXN-202102875,2021-08-02,2021-08-03,CLT-1020,P-159,GLD_ETF,SPDR Gold Shares Institutional Trust,ETF,BUY,50000,97.43,4.8715,0.00146,4.873,USD,1.0,SETTLED
TXN-202502954,2021-08-02,2021-08-04,CLT-1005,P-112,AAPL,Apple Inc.,Equity,WITHDRAWAL,0,1.0,2.0133,0.0001,-2.0133,USD,1.0,SETTLED
TXN-202301202,2021-08-02,2021-08-03,CLT-1007,P-120,OPERATING_CASH,Operational Custody Cash Balance,Cash,DEPOSIT,0,1.0,1.8499,0.0001,1.8499,USD,1.0,SETTLED
TXN-202500089,2021-08-03,2021-08-04,CLT-1015,P-144,PLD_REIT,Prologis Global Logistics REIT,REIT,BUY,50000,99.22,4.961,0.002235,4.9632,USD,1.0,SETTLED
TXN-202100990,2021-08-03,2021-08-05,CLT-1012,P-134,HDFCBANK_IN,HDFC Bank Ltd.,Equity,SELL,25000,62.59,1.5648,0.000591,1.5642,INR,86.5,SETTLED
TXN-202204971,2021-08-03,2021-08-04,CLT-1006,P-116,US_5Y_UST,US Treasury 5-Yr Benchmark Note,Government Bonds,BUY,2500,99.95,0.2499,7.6e-05,0.25,USD,1.0,SETTLED
TXN-202501154,2021-08-03,2021-08-05,CLT-1010,P-129,TCS_IN,Tata Consultancy Services,Equity,INTEREST,0,0.0,0.231,0.000231,0.2308,INR,86.5,SETTLED
TXN-202404513,2021-08-04,2021-08-06,CLT-1001,P-101,JPM,JPMorgan Chase & Co.,Equity,BUY,25000,179.15,4.4787,0.001616,4.4803,USD,1.0,SETTLED
TXN-202503649,2021-08-04,2021-08-05,CLT-1001,P-103,USD_TREAS_MMF,Institutional USD Treasury Money Market Fund,Money Market,WITHDRAWAL,0,1.0,1.5291,0.0001,-1.5291,USD,1.0,SETTLED
TXN-202300262,2021-08-04,2021-08-05,CLT-1018,P-155,US_5Y_UST,US Treasury 5-Yr Benchmark Note,Government Bonds,SELL,1000,101.06,0.1011,2.1e-05,0.1011,USD,1.0,SETTLED
TXN-202103460,2021-08-05,2021-08-09,CLT-1019,P-156,ICICIBANK_IN,ICICI Bank Ltd.,Equity,SELL,25000,214.73,5.3682,0.002286,5.3659,INR,86.5,SETTLED
TXN-202303277,2021-08-05,2021-08-09,CLT-1002,P-104,SAP_GY,SAP SE,Equity,BUY,50000,149.68,7.484,0.002342,7.4863,EUR,0.92,SETTLED
TXN-202400668,2021-08-06,2021-08-10,CLT-1010,P-129,CORP_IG_USD,US Investment Grade Corporate Bond Fund,Corporate Bonds,SELL,1000,101.67,0.1017,4.7e-05,0.1017,USD,1.0,SETTLED
TXN-202202456,2021-08-06,2021-08-09,CLT-1009,P-124,IND_10Y_GSEC,India Sovereign G-Sec 7.18% 2033,Government Bonds,DIVIDEND,0,0.0,0.2056,0.000206,0.2054,INR,86.5,SETTLED
TXN-202404548,2021-08-09,2021-08-11,CLT-1014,P-142,ASML_NA,ASML Holding NV,Equity,SELL,25000,127.88,3.197,0.000822,3.1962,EUR,0.92,SETTLED
TXN-202203586,2021-08-09,2021-08-10,CLT-1023,P-168,USD_TREAS_MMF,Institutional USD Treasury Money Market Fund,Money Market,DIVIDEND,0,0.0,0.1432,0.000143,0.1431,USD,1.0,SETTLED
TXN-202100785,2021-08-09,2021-08-11,CLT-1019,P-158,AMZN,Amazon.com Inc.,Equity,BUY,2500,278.81,0.697,0.000272,0.6973,USD,1.0,SETTLED
TXN-202300057,2021-08-09,2021-08-11,CLT-1007,P-119,TCS_IN,Tata Consultancy Services,Equity,BUY,500,63.99,0.032,1.4e-05,0.032,INR,86.5,SETTLED
TXN-202305222,2021-08-09,2021-08-11,CLT-1018,P-152,AAPL,Apple Inc.,Equity,SELL,10000,204.55,2.0455,0.000375,2.0451,USD,1.0,SETTLED
TXN-202401668,2021-08-09,2021-08-11,CLT-1005,P-112,AAPL,Apple Inc.,Equity,BUY,2500,194.76,0.4869,0.0002,0.4871,USD,1.0,SETTLED
TXN-202200851,2021-08-09,2021-08-11,CLT-1011,P-131,SHEL_LN,Shell PLC,Equity,FEE,0,0.0,0.0374,0.0374,-0.0374,GBP,0.79,SETTLED
TXN-202500919,2021-08-09,2021-08-11,CLT-1014,P-143,XOM,Exxon Mobil Corp.,Equity,DIVIDEND,0,0.0,0.1442,0.000144,0.1441,USD,1.0,SETTLED
TXN-202300587,2021-08-09,2021-08-10,CLT-1012,P-132,US_10Y_UST,US Treasury 10-Yr Benchmark Note,Government Bonds,BUY,500,96.23,0.0481,2.1e-05,0.0481,USD,1.0,SETTLED
TXN-202403833,2021-08-09,2021-08-11,CLT-1013,P-137,UNH,UnitedHealth Group,Equity,SELL,1000,321.83,0.3218,9.4e-05,0.3217,USD,1.0,SETTLED
TXN-202203856,2021-08-10,2021-08-11,CLT-1022,P-164,US_5Y_UST,US Treasury 5-Yr Benchmark Note,Government Bonds,SELL,2500,100.63,0.2516,8.8e-05,0.2515,USD,1.0,SETTLED
TXN-202202666,2021-08-10,2021-08-11,CLT-1021,P-163,EUR_LIQUIDITY_FUND,EUR Institutional Liquidity Master Fund,Money Market,DIVIDEND,0,0.0,0.1484,0.000148,0.1483,EUR,0.92,SETTLED
TXN-202403788,2021-08-11,2021-08-13,CLT-1022,P-165,TCS_IN,Tata Consultancy Services,Equity,SELL,5000,104.24,0.5212,0.000125,0.5211,INR,86.5,SETTLED
TXN-202303202,2021-08-11,2021-08-13,CLT-1001,P-101,ICICIBANK_IN,ICICI Bank Ltd.,Equity,INTEREST,0,0.0,0.1755,0.000175,0.1753,INR,86.5,SETTLED
TXN-202101025,2021-08-12,2021-08-16,CLT-1013,P-137,JPM,JPMorgan Chase & Co.,Equity,TRANSFER,0,1.0,0.3161,0.0001,-0.3161,USD,1.0,SETTLED
TXN-202404098,2021-08-12,2021-08-16,CLT-1010,P-126,6758_JP,Sony Group Corp.,Equity,TRANSFER,0,1.0,1.1695,0.0001,-1.1695,JPY,152.0,SETTLED
TXN-202301267,2021-08-16,2021-08-18,CLT-1015,P-144,TCS_IN,Tata Consultancy Services,Equity,BUY,2500,339.65,0.8491,0.000322,0.8494,INR,86.5,SETTLED
TXN-202102175,2021-08-16,2021-08-17,CLT-1010,P-129,US_5Y_UST,US Treasury 5-Yr Benchmark Note,Government Bonds,BUY,10000,100.19,1.0019,0.000487,1.0024,USD,1.0,SETTLED
TXN-202503814,2021-08-16,2021-08-17,CLT-1019,P-156,GER_10Y_BUND,Germany Bund 2.60% 2033,Government Bonds,BUY,10000,97.45,0.9745,0.000307,0.9748,EUR,0.92,SETTLED
TXN-202103905,2021-08-16,2021-08-18,CLT-1005,P-115,CORP_IG_USD,US Investment Grade Corporate Bond Fund,Corporate Bonds,INTEREST,0,0.0,0.2017,0.000202,0.2015,USD,1.0,SETTLED
TXN-202402393,2021-08-16,2021-08-18,CLT-1014,P-143,MSFT,Microsoft Corp.,Equity,BUY,25000,128.42,3.2105,0.000772,3.2113,USD,1.0,SETTLED
TXN-202202796,2021-08-16,2021-08-18,CLT-1014,P-143,DBS_SP,DBS Group Holdings,Equity,SELL,2500,193.82,0.4845,9.3e-05,0.4844,SGD,1.34,SETTLED
TXN-202103530,2021-08-16,2021-08-18,CLT-1025,P-174,NVDA,NVIDIA Corp.,Equity,BUY,2500,61.34,0.1533,6.5e-05,0.1534,USD,1.0,SETTLED
TXN-202203156,2021-08-16,2021-08-18,CLT-1012,P-135,JPM,JPMorgan Chase & Co.,Equity,BUY,2500,176.22,0.4405,0.00015,0.4406,USD,1.0,SETTLED
TXN-202401558,2021-08-16,2021-08-18,CLT-1003,P-107,AMZN,Amazon.com Inc.,Equity,BUY,5000,271.01,1.3551,0.000423,1.3555,USD,1.0,SETTLED
TXN-202200486,2021-08-17,2021-08-18,CLT-1009,P-125,USD_TREAS_MMF,Institutional USD Treasury Money Market Fund,Money Market,SELL,25000,100.14,2.5035,0.000635,2.5029,USD,1.0,SETTLED
TXN-202304447,2021-08-17,2021-08-19,CLT-1007,P-120,BHARTIARTL_IN,Bharti Airtel Ltd.,Equity,INTEREST,0,0.0,0.1141,0.000114,0.114,INR,86.5,SETTLED
TXN-202503644,2021-08-18,2021-08-19,CLT-1006,P-118,JGB_10Y,Japan Government Bond 10-Yr 0.8%,Government Bonds,SELL,500,102.09,0.051,2.3e-05,0.051,JPY,152.0,SETTLED
TXN-202100665,2021-08-18,2021-08-19,CLT-1022,P-165,INR_OVERNIGHT_CASH,Institutional INR Overnight Liquid Fund,Money Market,SELL,500,99.6,0.0498,1.2e-05,0.0498,INR,86.5,SETTLED
TXN-202100415,2021-08-19,2021-08-20,CLT-1023,P-169,USD_TREAS_MMF,Institutional USD Treasury Money Market Fund,Money Market,BUY,50000,101.81,5.0905,0.001786,5.0923,USD,1.0,SETTLED
TXN-202203561,2021-08-20,2021-08-24,CLT-1021,P-163,SHEL_LN,Shell PLC,Equity,DIVIDEND,0,0.0,0.1348,0.000135,0.1347,GBP,0.79,SETTLED
TXN-202303512,2021-08-20,2021-08-23,CLT-1013,P-138,USD_TREAS_MMF,Institutional USD Treasury Money Market Fund,Money Market,BUY,50000,96.55,4.8275,0.001251,4.8288,USD,1.0,SETTLED
TXN-202401338,2021-08-20,2021-08-24,CLT-1011,P-131,ASML_NA,ASML Holding NV,Equity,BUY,1000,114.28,0.1143,4.8e-05,0.1143,EUR,0.92,SETTLED
TXN-202302142,2021-08-23,2021-08-25,CLT-1018,P-152,AZN_LN,AstraZeneca PLC,Equity,DIVIDEND,0,0.0,0.1484,0.000148,0.1483,GBP,0.79,SETTLED
TXN-202202806,2021-08-23,2021-08-25,CLT-1018,P-153,CORP_IG_EUR,Euro High Grade Corporate Bond Note,Corporate Bonds,DEPOSIT,0,1.0,2.5355,0.0001,2.5355,EUR,0.92,SETTLED
TXN-202202931,2021-08-23,2021-08-25,CLT-1019,P-156,HDFCBANK_IN,HDFC Bank Ltd.,Equity,DIVIDEND,0,0.0,0.2146,0.000215,0.2144,INR,86.5,SETTLED
TXN-202201766,2021-08-23,2021-08-25,CLT-1010,P-129,SAP_GY,SAP SE,Equity,WITHDRAWAL,0,1.0,1.2843,0.0001,-1.2843,EUR,0.92,SETTLED
TXN-202401293,2021-08-23,2021-08-25,CLT-1005,P-112,INFY_IN,Infosys Ltd.,Equity,INTEREST,0,0.0,0.068,6.8e-05,0.0679,INR,86.5,SETTLED
TXN-202104750,2021-08-23,2021-08-25,CLT-1009,P-125,GOOGL,Alphabet Inc.,Equity,BUY,2500,325.55,0.8139,0.000349,0.8142,USD,1.0,SETTLED
TXN-202501564,2021-08-23,2021-08-25,CLT-1004,P-111,CORP_HY_USD,US High Yield Corporate Credit Note,Corporate Bonds,SELL,50000,99.31,4.9655,0.001223,4.9643,USD,1.0,SETTLED
TXN-202202056,2021-08-23,2021-08-24,CLT-1014,P-142,IND_10Y_GSEC,India Sovereign G-Sec 7.18% 2033,Government Bonds,SELL,50000,102.48,5.124,0.001726,5.1223,INR,86.5,SETTLED
TXN-202300837,2021-08-23,2021-08-25,CLT-1018,P-152,SHEL_LN,Shell PLC,Equity,SELL,25000,79.74,1.9935,0.000428,1.9931,GBP,0.79,SETTLED
TXN-202403228,2021-08-23,2021-08-24,CLT-1021,P-162,GLD_ETF,SPDR Gold Shares Institutional Trust,ETF,TRANSFER,0,1.0,2.3738,0.0001,-2.3738,USD,1.0,SETTLED
TXN-202400573,2021-08-23,2021-08-25,CLT-1007,P-119,UNH,UnitedHealth Group,Equity,FEE,0,0.0,0.0352,0.0352,-0.0352,USD,1.0,SETTLED
TXN-202104875,2021-08-24,2021-08-26,CLT-1025,P-173,ASML_NA,ASML Holding NV,Equity,BUY,2500,340.41,0.851,0.000299,0.8513,EUR,0.92,SETTLED
TXN-202205201,2021-08-25,2021-08-26,CLT-1002,P-105,IND_10Y_GSEC,India Sovereign G-Sec 7.18% 2033,Government Bonds,SELL,500,98.44,0.0492,2.4e-05,0.0492,INR,86.5,SETTLED
TXN-202301072,2021-08-25,2021-08-27,CLT-1010,P-127,CORP_IG_USD,US Investment Grade Corporate Bond Fund,Corporate Bonds,BUY,5000,98.73,0.4936,0.000188,0.4938,USD,1.0,SETTLED
TXN-202200236,2021-08-26,2021-08-30,CLT-1009,P-123,DBS_SP,DBS Group Holdings,Equity,SELL,25000,75.2,1.88,0.000741,1.8793,SGD,1.34,SETTLED
TXN-202103125,2021-08-26,2021-08-30,CLT-1005,P-115,INFY_IN,Infosys Ltd.,Equity,BUY,10000,66.76,0.6676,0.000263,0.6679,INR,86.5,SETTLED
TXN-202100325,2021-08-26,2021-08-30,CLT-1019,P-158,CORP_IG_EUR,Euro High Grade Corporate Bond Note,Corporate Bonds,SELL,25000,97.68,2.442,0.000824,2.4412,EUR,0.92,SETTLED
TXN-202402898,2021-08-27,2021-08-30,CLT-1019,P-156,GER_10Y_BUND,Germany Bund 2.60% 2033,Government Bonds,SELL,10000,96.51,0.9651,0.000453,0.9646,EUR,0.92,SETTLED
TXN-202301227,2021-08-30,2021-09-01,CLT-1020,P-159,SAP_GY,SAP SE,Equity,SELL,25000,67.97,1.6992,0.0007,1.6985,EUR,0.92,SETTLED
TXN-202300952,2021-08-30,2021-08-31,CLT-1007,P-119,GLD_ETF,SPDR Gold Shares Institutional Trust,ETF,FEE,0,0.0,0.0294,0.0294,-0.0294,USD,1.0,SETTLED
TXN-202104560,2021-08-30,2021-09-01,CLT-1020,P-159,7203_JP,Toyota Motor Corp.,Equity,TRANSFER,0,1.0,2.1888,0.0001,-2.1888,JPY,152.0,SETTLED
TXN-202302472,2021-08-30,2021-09-01,CLT-1022,P-166,AMZN,Amazon.com Inc.,Equity,SELL,2500,169.12,0.4228,0.000104,0.4227,USD,1.0,SETTLED
TXN-202404078,2021-08-30,2021-09-01,CLT-1013,P-137,CORP_IG_USD,US Investment Grade Corporate Bond Fund,Corporate Bonds,BUY,500,98.32,0.0492,9e-06,0.0492,USD,1.0,SETTLED
TXN-202503334,2021-08-30,2021-08-31,CLT-1003,P-109,INR_OVERNIGHT_CASH,Institutional INR Overnight Liquid Fund,Money Market,FEE,0,0.0,0.0322,0.0322,-0.0322,INR,86.5,SETTLED
TXN-202303352,2021-08-30,2021-09-01,CLT-1008,P-121,BHARTIARTL_IN,Bharti Airtel Ltd.,Equity,BUY,50000,226.65,11.3325,0.002747,11.3352,INR,86.5,SETTLED
TXN-202403103,2021-08-30,2021-09-01,CLT-1015,P-147,LT_IN,Larsen & Toubro Ltd.,Equity,INTEREST,0,0.0,0.1224,0.000122,0.1223,INR,86.5,SETTLED
TXN-202500869,2021-08-30,2021-09-01,CLT-1010,P-127,NOVN_SW,Novartis AG,Equity,BUY,50000,252.9,12.645,0.002578,12.6476,CHF,0.88,SETTLED
TXN-202203816,2021-08-30,2021-09-01,CLT-1021,P-163,CORP_IG_USD,US Investment Grade Corporate Bond Fund,Corporate Bonds,DEPOSIT,0,1.0,0.8311,0.0001,0.8311,USD,1.0,SETTLED
TXN-202202711,2021-08-30,2021-09-01,CLT-1005,P-114,CORP_IG_EUR,Euro High Grade Corporate Bond Note,Corporate Bonds,BUY,10000,98.78,0.9878,0.000254,0.9881,EUR,0.92,SETTLED
TXN-202201841,2021-08-30,2021-08-31,CLT-1020,P-159,OPERATING_CASH,Operational Custody Cash Balance,Cash,BUY,5000,101.12,0.5056,0.000211,0.5058,USD,1.0,SETTLED
TXN-202303952,2021-08-31,2021-09-02,CLT-1015,P-147,AAPL,Apple Inc.,Equity,BUY,500,184.06,0.092,4e-05,0.092,USD,1.0,SETTLED
TXN-202301687,2021-08-31,2021-09-01,CLT-1018,P-152,INR_OVERNIGHT_CASH,Institutional INR Overnight Liquid Fund,Money Market,BUY,5000,95.03,0.4752,0.000229,0.4754,INR,86.5,SETTLED
TXN-202204751,2021-08-31,2021-09-02,CLT-1024,P-170,DBS_SP,DBS Group Holdings,Equity,FEE,0,0.0,0.0416,0.0416,-0.0416,SGD,1.34,SETTLED
TXN-202205121,2021-08-31,2021-09-01,CLT-1006,P-117,INFRA_GLOBAL_TRUST,Global Infrastructure Core Income Note,Alternatives,BUY,2500,97.68,0.2442,9.4e-05,0.2443,USD,1.0,SETTLED
TXN-202403158,2021-08-31,2021-09-02,CLT-1005,P-114,MSFT,Microsoft Corp.,Equity,BUY,50000,101.46,5.073,0.001427,5.0744,USD,1.0,SETTLED
TXN-202201316,2021-08-31,2021-09-01,CLT-1018,P-154,USD_TREAS_MMF,Institutional USD Treasury Money Market Fund,Money Market,SELL,500,97.94,0.049,1.7e-05,0.049,USD,1.0,SETTLED
TXN-202104215,2021-09-01,2021-09-03,CLT-1002,P-105,7203_JP,Toyota Motor Corp.,Equity,BUY,5000,348.99,1.745,0.000822,1.7458,JPY,152.0,SETTLED
TXN-202300862,2021-09-01,2021-09-02,CLT-1005,P-112,INFRA_GLOBAL_TRUST,Global Infrastructure Core Income Note,Alternatives,INTEREST,0,0.0,0.1412,0.000141,0.1411,USD,1.0,SETTLED
TXN-202200986,2021-09-01,2021-09-03,CLT-1020,P-159,GOOGL,Alphabet Inc.,Equity,SELL,5000,306.88,1.5344,0.000497,1.5339,USD,1.0,SETTLED
TXN-202501339,2021-09-01,2021-09-03,CLT-1012,P-135,XOM,Exxon Mobil Corp.,Equity,BUY,50000,128.63,6.4315,0.003211,6.4347,USD,1.0,SETTLED
TXN-202501474,2021-09-01,2021-09-03,CLT-1019,P-156,LT_IN,Larsen & Toubro Ltd.,Equity,DIVIDEND,0,0.0,0.0846,8.5e-05,0.0845,INR,86.5,SETTLED
TXN-202104480,2021-09-02,2021-09-03,CLT-1010,P-129,US_10Y_UST,US Treasury 10-Yr Benchmark Note,Government Bonds,SELL,1000,95.58,0.0956,2.6e-05,0.0956,USD,1.0,SETTLED
TXN-202204986,2021-09-02,2021-09-03,CLT-1021,P-163,US_10Y_UST,US Treasury 10-Yr Benchmark Note,Government Bonds,BUY,25000,95.6,2.39,0.000968,2.391,USD,1.0,SETTLED
TXN-202100075,2021-09-02,2021-09-03,CLT-1006,P-116,INFRA_GLOBAL_TRUST,Global Infrastructure Core Income Note,Alternatives,SELL,2500,99.73,0.2493,5.8e-05,0.2492,USD,1.0,PENDING
TXN-202504254,2021-09-02,2021-09-06,CLT-1002,P-104,6758_JP,Sony Group Corp.,Equity,SELL,25000,153.27,3.8318,0.001242,3.8306,JPY,152.0,SETTLED
TXN-202500509,2021-09-02,2021-09-03,CLT-1014,P-143,IND_10Y_GSEC,India Sovereign G-Sec 7.18% 2033,Government Bonds,BUY,10000,100.61,1.0061,0.000392,1.0065,INR,86.5,SETTLED
TXN-202400838,2021-09-03,2021-09-07,CLT-1012,P-132,NVDA,NVIDIA Corp.,Equity,BUY,1000,349.42,0.3494,0.000144,0.3495,USD,1.0,SETTLED
TXN-202504999,2021-09-03,2021-09-07,CLT-1008,P-121,CORP_IG_USD,US Investment Grade Corporate Bond Fund,Corporate Bonds,SELL,5000,100.07,0.5003,0.000216,0.5001,USD,1.0,SETTLED
TXN-202300507,2021-09-03,2021-09-06,CLT-1003,P-110,INR_OVERNIGHT_CASH,Institutional INR Overnight Liquid Fund,Money Market,SELL,5000,100.84,0.5042,0.000205,0.504,INR,86.5,SETTLED
TXN-202303312,2021-09-06,2021-09-07,CLT-1017,P-150,EUR_LIQUIDITY_FUND,EUR Institutional Liquidity Master Fund,Money Market,SELL,5000,98.48,0.4924,0.000206,0.4922,EUR,0.92,SETTLED
TXN-202204236,2021-09-06,2021-09-07,CLT-1010,P-126,UK_10Y_GILT,UK Gilt 3.75% 2033,Government Bonds,FEE,0,0.0,0.0323,0.0323,-0.0323,GBP,0.79,SETTLED
TXN-202403293,2021-09-06,2021-09-08,CLT-1006,P-117,BHARTIARTL_IN,Bharti Airtel Ltd.,Equity,INTEREST,0,0.0,0.2206,0.000221,0.2204,INR,86.5,SETTLED
TXN-202404758,2021-09-06,2021-09-08,CLT-1023,P-168,JPM,JPMorgan Chase & Co.,Equity,SELL,10000,47.6,0.476,0.000196,0.4758,USD,1.0,SETTLED
TXN-202505124,2021-09-06,2021-09-07,CLT-1011,P-131,US_5Y_UST,US Treasury 5-Yr Benchmark Note,Government Bonds,SELL,5000,97.16,0.4858,0.000166,0.4856,USD,1.0,SETTLED
TXN-202504234,2021-09-06,2021-09-07,CLT-1024,P-172,IND_10Y_GSEC,India Sovereign G-Sec 7.18% 2033,Government Bonds,BUY,500,101.14,0.0506,9e-06,0.0506,INR,86.5,SETTLED
TXN-202203851,2021-09-06,2021-09-08,CLT-1021,P-162,NOVN_SW,Novartis AG,Equity,BUY,5000,242.81,1.2141,0.000285,1.2144,CHF,0.88,SETTLED
TXN-202201701,2021-09-06,2021-09-08,CLT-1023,P-169,7203_JP,Toyota Motor Corp.,Equity,BUY,50000,110.27,5.5135,0.00169,5.5152,JPY,152.0,SETTLED
TXN-202504969,2021-09-06,2021-09-08,CLT-1024,P-172,NVDA,NVIDIA Corp.,Equity,DIVIDEND,0,0.0,0.0304,3e-05,0.0304,USD,1.0,SETTLED
TXN-202200071,2021-09-08,2021-09-10,CLT-1001,P-102,AAPL,Apple Inc.,Equity,BUY,25000,141.95,3.5487,0.00111,3.5498,USD,1.0,SETTLED
TXN-202502069,2021-09-08,2021-09-09,CLT-1015,P-145,GLD_ETF,SPDR Gold Shares Institutional Trust,ETF,DIVIDEND,0,0.0,0.0988,9.9e-05,0.0987,USD,1.0,SETTLED
TXN-202402163,2021-09-08,2021-09-10,CLT-1025,P-174,INFY_IN,Infosys Ltd.,Equity,WITHDRAWAL,0,1.0,1.0234,0.0001,-1.0234,INR,86.5,SETTLED
TXN-202502694,2021-09-08,2021-09-10,CLT-1002,P-104,JPM,JPMorgan Chase & Co.,Equity,INTEREST,0,0.0,0.0865,8.7e-05,0.0864,USD,1.0,SETTLED
TXN-202300172,2021-09-08,2021-09-09,CLT-1003,P-110,EUR_LIQUIDITY_FUND,EUR Institutional Liquidity Master Fund,Money Market,BUY,1000,98.96,0.099,4e-05,0.099,EUR,0.92,SETTLED
TXN-202501724,2021-09-08,2021-09-10,CLT-1015,P-147,SHEL_LN,Shell PLC,Equity,SELL,50000,242.22,12.111,0.00407,12.1069,GBP,0.79,SETTLED
TXN-202104530,2021-09-08,2021-09-09,CLT-1005,P-112,IND_10Y_GSEC,India Sovereign G-Sec 7.18% 2033,Government Bonds,TRANSFER,0,1.0,3.1137,0.0001,-3.1137,INR,86.5,SETTLED
TXN-202202576,2021-09-08,2021-09-10,CLT-1007,P-119,JPM,JPMorgan Chase & Co.,Equity,SELL,2500,143.75,0.3594,0.000167,0.3592,USD,1.0,SETTLED
TXN-202303467,2021-09-09,2021-09-13,CLT-1018,P-155,LT_IN,Larsen & Toubro Ltd.,Equity,WITHDRAWAL,0,1.0,0.8717,0.0001,-0.8717,INR,86.5,SETTLED
TXN-202102720,2021-09-10,2021-09-13,CLT-1006,P-117,UK_10Y_GILT,UK Gilt 3.75% 2033,Government Bonds,SELL,1000,96.5,0.0965,4.1e-05,0.0965,GBP,0.79,SETTLED
TXN-202104585,2021-09-10,2021-09-14,CLT-1005,P-113,LT_IN,Larsen & Toubro Ltd.,Equity,BUY,5000,58.97,0.2949,7e-05,0.295,INR,86.5,SETTLED
TXN-202203566,2021-09-10,2021-09-14,CLT-1007,P-120,CORP_HY_USD,US High Yield Corporate Credit Note,Corporate Bonds,SELL,500,99.62,0.0498,1.7e-05,0.0498,USD,1.0,SETTLED
TXN-202203251,2021-09-13,2021-09-15,CLT-1002,P-105,NOVN_SW,Novartis AG,Equity,SELL,10000,201.01,2.0101,0.00058,2.0095,CHF,0.88,SETTLED
TXN-202104715,2021-09-13,2021-09-14,CLT-1011,P-130,USD_TREAS_MMF,Institutional USD Treasury Money Market Fund,Money Market,SELL,25000,98.32,2.458,0.001032,2.457,USD,1.0,SETTLED
TXN-202504089,2021-09-13,2021-09-15,CLT-1003,P-108,7203_JP,Toyota Motor Corp.,Equity,INTEREST,0,0.0,0.0649,6.5e-05,0.0648,JPY,152.0,SETTLED
TXN-202305052,2021-09-13,2021-09-14,CLT-1013,P-139,US_10Y_UST,US Treasury 10-Yr Benchmark Note,Government Bonds,SELL,5000,99.06,0.4953,0.000247,0.4951,USD,1.0,SETTLED
TXN-202203571,2021-09-13,2021-09-15,CLT-1005,P-115,INFY_IN,Infosys Ltd.,Equity,BUY,5000,223.18,1.1159,0.000427,1.1163,INR,86.5,SETTLED
TXN-202302847,2021-09-14,2021-09-15,CLT-1014,P-141,US_5Y_UST,US Treasury 5-Yr Benchmark Note,Government Bonds,INTEREST,0,0.0,0.2398,0.00024,0.2396,USD,1.0,SETTLED
TXN-202300167,2021-09-14,2021-09-15,CLT-1019,P-156,OPERATING_CASH,Operational Custody Cash Balance,Cash,DIVIDEND,0,0.0,0.0474,4.7e-05,0.0474,USD,1.0,SETTLED
TXN-202102075,2021-09-14,2021-09-16,CLT-1023,P-169,AZN_LN,AstraZeneca PLC,Equity,SELL,1000,278.9,0.2789,4.5e-05,0.2789,GBP,0.79,SETTLED
TXN-202103635,2021-09-14,2021-09-16,CLT-1003,P-110,AAPL,Apple Inc.,Equity,BUY,50000,140.86,7.043,0.002483,7.0455,USD,1.0,SETTLED
TXN-202204066,2021-09-15,2021-09-17,CLT-1017,P-151,SAP_GY,SAP SE,Equity,BUY,50000,304.84,15.242,0.003845,15.2458,EUR,0.92,SETTLED
TXN-202200051,2021-09-16,2021-09-17,CLT-1022,P-165,GLD_ETF,SPDR Gold Shares Institutional Trust,ETF,BUY,50000,98.14,4.907,0.002045,4.909,USD,1.0,SETTLED
TXN-202103440,2021-09-16,2021-09-20,CLT-1003,P-108,XOM,Exxon Mobil Corp.,Equity,BUY,50000,254.87,12.7435,0.004439,12.7479,USD,1.0,SETTLED
TXN-202204256,2021-09-17,2021-09-20,CLT-1009,P-125,PLD_REIT,Prologis Global Logistics REIT,REIT,BUY,10000,101.7,1.017,0.000497,1.0175,USD,1.0,SETTLED
TXN-202504749,2021-09-17,2021-09-20,CLT-1021,P-163,GLD_ETF,SPDR Gold Shares Institutional Trust,ETF,SELL,500,96.28,0.0481,1.5e-05,0.0481,USD,1.0,SETTLED
TXN-202403088,2021-09-17,2021-09-20,CLT-1008,P-122,JGB_10Y,Japan Government Bond 10-Yr 0.8%,Government Bonds,SELL,500,97.5,0.0488,1e-05,0.0488,JPY,152.0,SETTLED
TXN-202505159,2021-09-20,2021-09-21,CLT-1003,P-108,EUR_LIQUIDITY_FUND,EUR Institutional Liquidity Master Fund,Money Market,BUY,2500,100.9,0.2522,7.4e-05,0.2523,EUR,0.92,SETTLED
TXN-202402983,2021-09-20,2021-09-22,CLT-1012,P-132,CORP_HY_USD,US High Yield Corporate Credit Note,Corporate Bonds,BUY,500,97.34,0.0487,2.1e-05,0.0487,USD,1.0,SETTLED
TXN-202505224,2021-09-21,2021-09-22,CLT-1004,P-111,UK_10Y_GILT,UK Gilt 3.75% 2033,Government Bonds,BUY,5000,96.62,0.4831,0.000183,0.4833,GBP,0.79,SETTLED
TXN-202204841,2021-09-21,2021-09-23,CLT-1022,P-165,6758_JP,Sony Group Corp.,Equity,BUY,10000,148.08,1.4808,0.000535,1.4813,JPY,152.0,SETTLED
TXN-202102190,2021-09-21,2021-09-23,CLT-1024,P-171,JPM,JPMorgan Chase & Co.,Equity,BUY,25000,198.08,4.952,0.001706,4.9537,USD,1.0,SETTLED
TXN-202501994,2021-09-21,2021-09-22,CLT-1010,P-127,EUR_LIQUIDITY_FUND,EUR Institutional Liquidity Master Fund,Money Market,SELL,25000,98.86,2.4715,0.000656,2.4708,EUR,0.92,SETTLED
TXN-202400538,2021-09-21,2021-09-23,CLT-1010,P-129,XOM,Exxon Mobil Corp.,Equity,BUY,500,89.27,0.0446,1.9e-05,0.0446,USD,1.0,SETTLED
TXN-202502929,2021-09-22,2021-09-24,CLT-1011,P-131,HDFCBANK_IN,HDFC Bank Ltd.,Equity,BUY,25000,242.8,6.07,0.001401,6.0714,INR,86.5,SETTLED
TXN-202403653,2021-09-22,2021-09-24,CLT-1003,P-109,NOVN_SW,Novartis AG,Equity,SELL,500,258.99,0.1295,2.1e-05,0.1295,CHF,0.88,SETTLED
TXN-202502699,2021-09-23,2021-09-24,CLT-1012,P-133,US_5Y_UST,US Treasury 5-Yr Benchmark Note,Government Bonds,FEE,0,0.0,0.0052,0.0052,-0.0052,USD,1.0,SETTLED
TXN-202104600,2021-09-23,2021-09-27,CLT-1003,P-106,UNH,UnitedHealth Group,Equity,SELL,5000,96.58,0.4829,0.000118,0.4828,USD,1.0,SETTLED
TXN-202101700,2021-09-23,2021-09-24,CLT-1010,P-126,PLD_REIT,Prologis Global Logistics REIT,REIT,SELL,25000,102.9,2.5725,0.000612,2.5719,USD,1.0,SETTLED
TXN-202304362,2021-09-23,2021-09-27,CLT-1024,P-170,CORP_HY_USD,US High Yield Corporate Credit Note,Corporate Bonds,BUY,25000,95.21,2.3803,0.00118,2.3815,USD,1.0,SETTLED
TXN-202401088,2021-09-24,2021-09-27,CLT-1006,P-117,INR_OVERNIGHT_CASH,Institutional INR Overnight Liquid Fund,Money Market,INTEREST,0,0.0,0.1678,0.000168,0.1676,INR,86.5,SETTLED
TXN-202200966,2021-09-24,2021-09-27,CLT-1006,P-118,OPERATING_CASH,Operational Custody Cash Balance,Cash,BUY,50000,95.74,4.787,0.00218,4.7892,USD,1.0,SETTLED
TXN-202503434,2021-09-24,2021-09-28,CLT-1018,P-152,BHARTIARTL_IN,Bharti Airtel Ltd.,Equity,SELL,500,337.41,0.1687,7.4e-05,0.1686,INR,86.5,SETTLED
TXN-202200996,2021-09-24,2021-09-28,CLT-1013,P-139,7203_JP,Toyota Motor Corp.,Equity,FEE,0,0.0,0.0388,0.0388,-0.0388,JPY,152.0,SETTLED
TXN-202103995,2021-09-27,2021-09-29,CLT-1019,P-156,MSFT,Microsoft Corp.,Equity,DIVIDEND,0,0.0,0.0787,7.9e-05,0.0786,USD,1.0,SETTLED
TXN-202402793,2021-09-27,2021-09-29,CLT-1014,P-142,NVDA,NVIDIA Corp.,Equity,BUY,5000,278.92,1.3946,0.000246,1.3948,USD,1.0,SETTLED
TXN-202502404,2021-09-27,2021-09-28,CLT-1017,P-149,INR_OVERNIGHT_CASH,Institutional INR Overnight Liquid Fund,Money Market,DIVIDEND,0,0.0,0.0723,7.2e-05,0.0722,INR,86.5,SETTLED
TXN-202503304,2021-09-27,2021-09-28,CLT-1020,P-159,IND_10Y_GSEC,India Sovereign G-Sec 7.18% 2033,Government Bonds,BUY,5000,99.75,0.4988,0.000113,0.4989,INR,86.5,SETTLED
TXN-202102685,2021-09-27,2021-09-29,CLT-1015,P-144,XOM,Exxon Mobil Corp.,Equity,INTEREST,0,0.0,0.1807,0.000181,0.1805,USD,1.0,SETTLED
TXN-202301932,2021-09-28,2021-09-30,CLT-1018,P-153,DBS_SP,DBS Group Holdings,Equity,BUY,25000,275.27,6.8818,0.001938,6.8837,SGD,1.34,FAILED
TXN-202505144,2021-09-28,2021-09-29,CLT-1005,P-114,US_5Y_UST,US Treasury 5-Yr Benchmark Note,Government Bonds,SELL,1000,95.39,0.0954,3.2e-05,0.0954,USD,1.0,PENDING
TXN-202103065,2021-09-28,2021-09-30,CLT-1011,P-131,GOOGL,Alphabet Inc.,Equity,INTEREST,0,0.0,0.242,0.000242,0.2418,USD,1.0,SETTLED
TXN-202203211,2021-09-29,2021-09-30,CLT-1007,P-120,GER_10Y_BUND,Germany Bund 2.60% 2033,Government Bonds,BUY,1000,98.18,0.0982,4.9e-05,0.0982,EUR,0.92,SETTLED
TXN-202102370,2021-09-29,2021-10-01,CLT-1001,P-101,7203_JP,Toyota Motor Corp.,Equity,BUY,500,243.96,0.122,5.9e-05,0.1221,JPY,152.0,SETTLED
TXN-202200151,2021-09-30,2021-10-04,CLT-1025,P-174,ICICIBANK_IN,ICICI Bank Ltd.,Equity,SELL,2500,192.24,0.4806,0.000186,0.4804,INR,86.5,SETTLED
TXN-202104045,2021-09-30,2021-10-04,CLT-1011,P-131,XOM,Exxon Mobil Corp.,Equity,BUY,1000,189.63,0.1896,5.5e-05,0.1897,USD,1.0,SETTLED
TXN-202303977,2021-10-01,2021-10-04,CLT-1023,P-168,OPERATING_CASH,Operational Custody Cash Balance,Cash,BUY,25000,98.28,2.457,0.000913,2.4579,USD,1.0,SETTLED
TXN-202503734,2021-10-04,2021-10-05,CLT-1019,P-157,UK_10Y_GILT,UK Gilt 3.75% 2033,Government Bonds,DIVIDEND,0,0.0,0.1302,0.00013,0.1301,GBP,0.79,SETTLED
TXN-202302827,2021-10-04,2021-10-05,CLT-1013,P-140,IND_10Y_GSEC,India Sovereign G-Sec 7.18% 2033,Government Bonds,BUY,1000,95.11,0.0951,4.1e-05,0.0951,INR,86.5,SETTLED
TXN-202504499,2021-10-04,2021-10-06,CLT-1025,P-174,TCS_IN,Tata Consultancy Services,Equity,SELL,50000,141.67,7.0835,0.001155,7.0823,INR,86.5,SETTLED
TXN-202200406,2021-10-04,2021-10-05,CLT-1003,P-110,UK_10Y_GILT,UK Gilt 3.75% 2033,Government Bonds,BUY,50000,96.21,4.8105,0.000975,4.8115,GBP,0.79,SETTLED
TXN-202101460,2021-10-04,2021-10-05,CLT-1002,P-104,GLD_ETF,SPDR Gold Shares Institutional Trust,ETF,SELL,25000,102.42,2.5605,0.000519,2.56,USD,1.0,SETTLED
TXN-202100910,2021-10-04,2021-10-06,CLT-1020,P-160,GOOGL,Alphabet Inc.,Equity,SELL,25000,253.36,6.334,0.001033,6.333,USD,1.0,SETTLED
TXN-202402583,2021-10-04,2021-10-06,CLT-1010,P-129,CORP_HY_USD,US High Yield Corporate Credit Note,Corporate Bonds,SELL,10000,99.07,0.9907,0.000326,0.9904,USD,1.0,SETTLED
TXN-202101265,2021-10-04,2021-10-06,CLT-1009,P-124,DBS_SP,DBS Group Holdings,Equity,SELL,50000,286.1,14.305,0.004979,14.3,SGD,1.34,SETTLED
TXN-202400123,2021-10-05,2021-10-07,CLT-1018,P-154,NOVN_SW,Novartis AG,Equity,SELL,2500,66.54,0.1664,5.8e-05,0.1663,CHF,0.88,SETTLED
TXN-202501304,2021-10-05,2021-10-07,CLT-1007,P-120,JPM,JPMorgan Chase & Co.,Equity,BUY,2500,126.41,0.316,0.000157,0.3162,USD,1.0,SETTLED
TXN-202201586,2021-10-05,2021-10-07,CLT-1021,P-163,AAPL,Apple Inc.,Equity,WITHDRAWAL,0,1.0,1.0714,0.0001,-1.0714,USD,1.0,SETTLED
TXN-202101420,2021-10-05,2021-10-07,CLT-1002,P-105,ICICIBANK_IN,ICICI Bank Ltd.,Equity,INTEREST,0,0.0,0.0879,8.8e-05,0.0878,INR,86.5,SETTLED
TXN-202301047,2021-10-05,2021-10-06,CLT-1017,P-149,GLD_ETF,SPDR Gold Shares Institutional Trust,ETF,BUY,500,97.6,0.0488,1.8e-05,0.0488,USD,1.0,SETTLED
TXN-202502619,2021-10-06,2021-10-08,CLT-1003,P-107,LT_IN,Larsen & Toubro Ltd.,Equity,SELL,5000,326.81,1.6341,0.000733,1.6334,INR,86.5,SETTLED
TXN-202401593,2021-10-06,2021-10-08,CLT-1021,P-163,ASML_NA,ASML Holding NV,Equity,BUY,1000,46.59,0.0466,2.3e-05,0.0466,EUR,0.92,SETTLED
TXN-202401288,2021-10-06,2021-10-08,CLT-1001,P-101,7203_JP,Toyota Motor Corp.,Equity,BUY,5000,143.57,0.7178,0.000328,0.7181,JPY,152.0,SETTLED
TXN-202304942,2021-10-06,2021-10-08,CLT-1018,P-154,ICICIBANK_IN,ICICI Bank Ltd.,Equity,BUY,25000,245.96,6.149,0.003014,6.152,INR,86.5,SETTLED
TXN-202401163,2021-10-06,2021-10-07,CLT-1013,P-139,PLD_REIT,Prologis Global Logistics REIT,REIT,SELL,2500,96.43,0.2411,6.1e-05,0.241,USD,1.0,SETTLED
TXN-202302352,2021-10-06,2021-10-07,CLT-1012,P-134,US_5Y_UST,US Treasury 5-Yr Benchmark Note,Government Bonds,DIVIDEND,0,0.0,0.168,0.000168,0.1678,USD,1.0,SETTLED
TXN-202103720,2021-10-06,2021-10-08,CLT-1015,P-147,UNH,UnitedHealth Group,Equity,SELL,25000,187.85,4.6963,0.001035,4.6953,USD,1.0,SETTLED
TXN-202403408,2021-10-07,2021-10-08,CLT-1021,P-163,GLD_ETF,SPDR Gold Shares Institutional Trust,ETF,BUY,10000,98.8,0.988,0.000187,0.9882,USD,1.0,SETTLED
TXN-202501429,2021-10-07,2021-10-08,CLT-1001,P-103,IND_10Y_GSEC,India Sovereign G-Sec 7.18% 2033,Government Bonds,BUY,10000,102.93,1.0293,0.000232,1.0295,INR,86.5,SETTLED
TXN-202302222,2021-10-07,2021-10-08,CLT-1011,P-130,US_5Y_UST,US Treasury 5-Yr Benchmark Note,Government Bonds,BUY,25000,100.02,2.5005,0.000782,2.5013,USD,1.0,SETTLED
TXN-202200276,2021-10-08,2021-10-11,CLT-1022,P-166,GER_10Y_BUND,Germany Bund 2.60% 2033,Government Bonds,INTEREST,0,0.0,0.1712,0.000171,0.171,EUR,0.92,SETTLED
TXN-202200661,2021-10-11,2021-10-13,CLT-1014,P-143,CORP_IG_USD,US Investment Grade Corporate Bond Fund,Corporate Bonds,FEE,0,0.0,0.023,0.023,-0.023,USD,1.0,SETTLED
TXN-202403623,2021-10-11,2021-10-12,CLT-1015,P-145,GER_10Y_BUND,Germany Bund 2.60% 2033,Government Bonds,BUY,2500,97.31,0.2433,4.2e-05,0.2433,EUR,0.92,SETTLED
TXN-202202981,2021-10-11,2021-10-13,CLT-1017,P-151,INFY_IN,Infosys Ltd.,Equity,BUY,5000,113.75,0.5687,0.000224,0.5689,INR,86.5,SETTLED
TXN-202203916,2021-10-11,2021-10-13,CLT-1024,P-171,MSFT,Microsoft Corp.,Equity,BUY,500,302.49,0.1512,5.2e-05,0.1513,USD,1.0,SETTLED
TXN-202204011,2021-10-11,2021-10-12,CLT-1018,P-155,JGB_10Y,Japan Government Bond 10-Yr 0.8%,Government Bonds,BUY,2500,100.74,0.2519,6.6e-05,0.252,JPY,152.0,SETTLED
TXN-202205086,2021-10-11,2021-10-12,CLT-1013,P-136,USD_TREAS_MMF,Institutional USD Treasury Money Market Fund,Money Market,DEPOSIT,0,1.0,0.9713,0.0001,0.9713,USD,1.0,SETTLED
TXN-202101125,2021-10-11,2021-10-12,CLT-1008,P-121,JGB_10Y,Japan Government Bond 10-Yr 0.8%,Government Bonds,DIVIDEND,0,0.0,0.2375,0.000237,0.2373,JPY,152.0,SETTLED
TXN-202103165,2021-10-11,2021-10-13,CLT-1007,P-120,HDFCBANK_IN,HDFC Bank Ltd.,Equity,SELL,1000,340.29,0.3403,9.6e-05,0.3402,INR,86.5,SETTLED
TXN-202405123,2021-10-11,2021-10-12,CLT-1017,P-149,JGB_10Y,Japan Government Bond 10-Yr 0.8%,Government Bonds,INTEREST,0,0.0,0.1099,0.00011,0.1098,JPY,152.0,SETTLED
TXN-202104070,2021-10-11,2021-10-13,CLT-1022,P-166,INFY_IN,Infosys Ltd.,Equity,FEE,0,0.0,0.0434,0.0434,-0.0434,INR,86.5,SETTLED
TXN-202500704,2021-10-11,2021-10-13,CLT-1021,P-161,CORP_HY_USD,US High Yield Corporate Credit Note,Corporate Bonds,BUY,2500,99.26,0.2482,9.1e-05,0.2483,USD,1.0,SETTLED
TXN-202500634,2021-10-11,2021-10-12,CLT-1022,P-165,US_5Y_UST,US Treasury 5-Yr Benchmark Note,Government Bonds,BUY,50000,100.07,5.0035,0.001444,5.0049,USD,1.0,SETTLED
TXN-202501199,2021-10-11,2021-10-13,CLT-1012,P-133,NVDA,NVIDIA Corp.,Equity,BUY,50000,67.76,3.388,0.001373,3.3894,USD,1.0,SETTLED
TXN-202505009,2021-10-12,2021-10-14,CLT-1012,P-133,JPM,JPMorgan Chase & Co.,Equity,BUY,500,335.72,0.1679,6.1e-05,0.168,USD,1.0,SETTLED
TXN-202100590,2021-10-12,2021-10-14,CLT-1010,P-126,JPM,JPMorgan Chase & Co.,Equity,FEE,0,0.0,0.0124,0.0124,-0.0124,USD,1.0,SETTLED
TXN-202105215,2021-10-13,2021-10-15,CLT-1015,P-144,CORP_IG_EUR,Euro High Grade Corporate Bond Note,Corporate Bonds,BUY,50000,101.55,5.0775,0.002219,5.0797,EUR,0.92,SETTLED
TXN-202500664,2021-10-13,2021-10-14,CLT-1010,P-127,IND_10Y_GSEC,India Sovereign G-Sec 7.18% 2033,Government Bonds,INTEREST,0,0.0,0.0342,3.4e-05,0.0342,INR,86.5,SETTLED
TXN-202200686,2021-10-13,2021-10-14,CLT-1006,P-117,INFRA_GLOBAL_TRUST,Global Infrastructure Core Income Note,Alternatives,DIVIDEND,0,0.0,0.1473,0.000147,0.1472,USD,1.0,SETTLED
TXN-202501659,2021-10-13,2021-10-15,CLT-1024,P-171,UNH,UnitedHealth Group,Equity,DIVIDEND,0,0.0,0.144,0.000144,0.1439,USD,1.0,SETTLED
TXN-202404138,2021-10-13,2021-10-15,CLT-1022,P-166,AAPL,Apple Inc.,Equity,DIVIDEND,0,0.0,0.2188,0.000219,0.2186,USD,1.0,SETTLED
TXN-202502209,2021-10-13,2021-10-15,CLT-1023,P-168,NVDA,NVIDIA Corp.,Equity,SELL,2500,46.28,0.1157,5.1e-05,0.1156,USD,1.0,SETTLED
TXN-202202896,2021-10-14,2021-10-18,CLT-1001,P-103,JPM,JPMorgan Chase & Co.,Equity,SELL,10000,265.44,2.6544,0.000768,2.6536,USD,1.0,SETTLED
TXN-202504404,2021-10-15,2021-10-19,CLT-1018,P-152,MSFT,Microsoft Corp.,Equity,BUY,25000,65.32,1.633,0.000776,1.6338,USD,1.0,SETTLED
TXN-202402423,2021-10-18,2021-10-20,CLT-1018,P-155,6758_JP,Sony Group Corp.,Equity,BUY,5000,73.03,0.3651,0.00015,0.3652,JPY,152.0,SETTLED
TXN-202203996,2021-10-18,2021-10-20,CLT-1001,P-103,AZN_LN,AstraZeneca PLC,Equity,SELL,1000,121.67,0.1217,3.6e-05,0.1217,GBP,0.79,SETTLED
TXN-202303897,2021-10-18,2021-10-20,CLT-1023,P-169,NVDA,NVIDIA Corp.,Equity,DEPOSIT,0,1.0,2.9844,0.0001,2.9844,USD,1.0,SETTLED
TXN-202302092,2021-10-18,2021-10-19,CLT-1009,P-124,EUR_LIQUIDITY_FUND,EUR Institutional Liquidity Master Fund,Money Market,SELL,1000,99.58,0.0996,2.5e-05,0.0996,EUR,0.92,SETTLED
TXN-202501344,2021-10-18,2021-10-19,CLT-1006,P-116,OPERATING_CASH,Operational Custody Cash Balance,Cash,BUY,5000,95.74,0.4787,0.000228,0.4789,USD,1.0,SETTLED
TXN-202402633,2021-10-18,2021-10-20,CLT-1001,P-101,ASML_NA,ASML Holding NV,Equity,INTEREST,0,0.0,0.1954,0.000195,0.1952,EUR,0.92,SETTLED
TXN-202200626,2021-10-18,2021-10-19,CLT-1014,P-141,US_5Y_UST,US Treasury 5-Yr Benchmark Note,Government Bonds,INTEREST,0,0.0,0.1443,0.000144,0.1442,USD,1.0,SETTLED
TXN-202400978,2021-10-18,2021-10-20,CLT-1020,P-160,CORP_HY_USD,US High Yield Corporate Credit Note,Corporate Bonds,DIVIDEND,0,0.0,0.1718,0.000172,0.1716,USD,1.0,SETTLED
TXN-202202421,2021-10-18,2021-10-19,CLT-1017,P-151,US_5Y_UST,US Treasury 5-Yr Benchmark Note,Government Bonds,BUY,50000,95.92,4.796,0.001032,4.797,USD,1.0,SETTLED
TXN-202501139,2021-10-19,2021-10-21,CLT-1008,P-121,6758_JP,Sony Group Corp.,Equity,WITHDRAWAL,0,1.0,2.114,0.0001,-2.114,JPY,152.0,SETTLED
TXN-202402848,2021-10-20,2021-10-21,CLT-1013,P-139,UK_10Y_GILT,UK Gilt 3.75% 2033,Government Bonds,DIVIDEND,0,0.0,0.1466,0.000147,0.1465,GBP,0.79,SETTLED
TXN-202501534,2021-10-21,2021-10-22,CLT-1020,P-160,GER_10Y_BUND,Germany Bund 2.60% 2033,Government Bonds,SELL,50000,97.17,4.8585,0.001821,4.8567,EUR,0.92,SETTLED
TXN-202502254,2021-10-22,2021-10-26,CLT-1012,P-132,HDFCBANK_IN,HDFC Bank Ltd.,Equity,BUY,25000,57.39,1.4347,0.0005,1.4352,INR,86.5,SETTLED
TXN-202502199,2021-10-22,2021-10-26,CLT-1019,P-157,BHARTIARTL_IN,Bharti Airtel Ltd.,Equity,SELL,5000,245.8,1.229,0.000214,1.2288,INR,86.5,SETTLED
TXN-202501709,2021-10-25,2021-10-27,CLT-1017,P-150,CORP_IG_EUR,Euro High Grade Corporate Bond Note,Corporate Bonds,BUY,500,96.74,0.0484,1.3e-05,0.0484,EUR,0.92,SETTLED
TXN-202300332,2021-10-25,2021-10-27,CLT-1022,P-164,ASML_NA,ASML Holding NV,Equity,SELL,2500,341.27,0.8532,0.000334,0.8529,EUR,0.92,SETTLED
TXN-202305242,2021-10-25,2021-10-27,CLT-1005,P-113,CORP_HY_USD,US High Yield Corporate Credit Note,Corporate Bonds,INTEREST,0,0.0,0.1901,0.00019,0.1899,USD,1.0,SETTLED
TXN-202304277,2021-10-25,2021-10-27,CLT-1022,P-165,6758_JP,Sony Group Corp.,Equity,BUY,10000,202.34,2.0234,0.000438,2.0238,JPY,152.0,SETTLED
TXN-202102840,2021-10-25,2021-10-27,CLT-1008,P-121,SHEL_LN,Shell PLC,Equity,DIVIDEND,0,0.0,0.1781,0.000178,0.1779,GBP,0.79,SETTLED
TXN-202502434,2021-10-25,2021-10-27,CLT-1005,P-115,INFY_IN,Infosys Ltd.,Equity,SELL,5000,329.86,1.6493,0.000469,1.6488,INR,86.5,SETTLED
TXN-202200701,2021-10-26,2021-10-27,CLT-1003,P-106,IND_10Y_GSEC,India Sovereign G-Sec 7.18% 2033,Government Bonds,BUY,2500,98.72,0.2468,0.000107,0.2469,INR,86.5,SETTLED
TXN-202502779,2021-10-26,2021-10-28,CLT-1019,P-158,AZN_LN,AstraZeneca PLC,Equity,SELL,50000,268.64,13.432,0.003542,13.4285,GBP,0.79,SETTLED
TXN-202101205,2021-10-26,2021-10-28,CLT-1006,P-116,XOM,Exxon Mobil Corp.,Equity,BUY,500,97.39,0.0487,1e-05,0.0487,USD,1.0,FAILED
TXN-202403873,2021-10-27,2021-10-29,CLT-1010,P-127,HDFCBANK_IN,HDFC Bank Ltd.,Equity,INTEREST,0,0.0,0.0919,9.2e-05,0.0918,INR,86.5,SETTLED
TXN-202200191,2021-10-28,2021-11-01,CLT-1003,P-107,NVDA,NVIDIA Corp.,Equity,BUY,1000,252.18,0.2522,0.000114,0.2523,USD,1.0,SETTLED
TXN-202504934,2021-10-29,2021-11-02,CLT-1013,P-136,HDFCBANK_IN,HDFC Bank Ltd.,Equity,BUY,500,269.02,0.1345,4.7e-05,0.1345,INR,86.5,SETTLED
TXN-202102900,2021-10-29,2021-11-02,CLT-1010,P-129,AMZN,Amazon.com Inc.,Equity,DIVIDEND,0,0.0,0.1826,0.000183,0.1824,USD,1.0,SETTLED
TXN-202401443,2021-10-29,2021-11-02,CLT-1012,P-132,ICICIBANK_IN,ICICI Bank Ltd.,Equity,SELL,5000,217.76,1.0888,0.000522,1.0883,INR,86.5,SETTLED
TXN-202501729,2021-11-01,2021-11-02,CLT-1019,P-158,INR_OVERNIGHT_CASH,Institutional INR Overnight Liquid Fund,Money Market,BUY,50000,97.4,4.87,0.000808,4.8708,INR,86.5,SETTLED
TXN-202100085,2021-11-01,2021-11-03,CLT-1018,P-153,XOM,Exxon Mobil Corp.,Equity,SELL,10000,203.55,2.0355,0.000717,2.0348,USD,1.0,SETTLED
TXN-202202411,2021-11-01,2021-11-02,CLT-1001,P-101,EUR_LIQUIDITY_FUND,EUR Institutional Liquidity Master Fund,Money Market,BUY,25000,99.38,2.4845,0.000687,2.4852,EUR,0.92,SETTLED
TXN-202400208,2021-11-01,2021-11-03,CLT-1025,P-174,ICICIBANK_IN,ICICI Bank Ltd.,Equity,SELL,1000,311.69,0.3117,4.8e-05,0.3117,INR,86.5,SETTLED
TXN-202204561,2021-11-01,2021-11-03,CLT-1008,P-121,JPM,JPMorgan Chase & Co.,Equity,BUY,1000,142.09,0.1421,4.5e-05,0.1421,USD,1.0,SETTLED
TXN-202303457,2021-11-01,2021-11-03,CLT-1013,P-137,AZN_LN,AstraZeneca PLC,Equity,DIVIDEND,0,0.0,0.1284,0.000128,0.1283,GBP,0.79,SETTLED
TXN-202100735,2021-11-02,2021-11-03,CLT-1013,P-138,GER_10Y_BUND,Germany Bund 2.60% 2033,Government Bonds,BUY,2500,101.97,0.2549,5.5e-05,0.255,EUR,0.92,SETTLED
TXN-202301947,2021-11-02,2021-11-04,CLT-1006,P-116,CORP_HY_USD,US High Yield Corporate Credit Note,Corporate Bonds,SELL,500,97.52,0.0488,1.4e-05,0.0488,USD,1.0,PENDING
TXN-202504314,2021-11-04,2021-11-08,CLT-1014,P-141,JPM,JPMorgan Chase & Co.,Equity,BUY,50000,170.1,8.505,0.003256,8.5083,USD,1.0,SETTLED
TXN-202504949,2021-11-04,2021-11-05,CLT-1010,P-129,US_5Y_UST,US Treasury 5-Yr Benchmark Note,Government Bonds,WITHDRAWAL,0,1.0,2.8435,0.0001,-2.8435,USD,1.0,SETTLED
TXN-202101650,2021-11-04,2021-11-08,CLT-1001,P-103,SHEL_LN,Shell PLC,Equity,BUY,50000,302.84,15.142,0.002335,15.1443,GBP,0.79,SETTLED
TXN-202200566,2021-11-05,2021-11-09,CLT-1018,P-153,AZN_LN,AstraZeneca PLC,Equity,BUY,50000,268.92,13.446,0.005606,13.4516,GBP,0.79,SETTLED
TXN-202303747,2021-11-05,2021-11-09,CLT-1009,P-123,CORP_IG_EUR,Euro High Grade Corporate Bond Note,Corporate Bonds,BUY,500,101.97,0.051,2.4e-05,0.051,EUR,0.92,SETTLED
TXN-202404763,2021-11-05,2021-11-09,CLT-1016,P-148,LT_IN,Larsen & Toubro Ltd.,Equity,BUY,10000,55.02,0.5502,0.000271,0.5505,INR,86.5,SETTLED
TXN-202502339,2021-11-08,2021-11-09,CLT-1019,P-156,INFRA_GLOBAL_TRUST,Global Infrastructure Core Income Note,Alternatives,BUY,50000,98.97,4.9485,0.001256,4.9498,USD,1.0,SETTLED
TXN-202404158,2021-11-08,2021-11-10,CLT-1008,P-121,6758_JP,Sony Group Corp.,Equity,FEE,0,0.0,0.008,0.008,-0.008,JPY,152.0,SETTLED
TXN-202503034,2021-11-08,2021-11-10,CLT-1017,P-150,SHEL_LN,Shell PLC,Equity,SELL,25000,241.02,6.0255,0.001022,6.0245,GBP,0.79,SETTLED
TXN-202100435,2021-11-08,2021-11-10,CLT-1009,P-124,XOM,Exxon Mobil Corp.,Equity,BUY,50000,90.34,4.517,0.001464,4.5185,USD,1.0,SETTLED
TXN-202304467,2021-11-08,2021-11-10,CLT-1017,P-151,NOVN_SW,Novartis AG,Equity,BUY,500,254.6,0.1273,2.7e-05,0.1273,CHF,0.88,SETTLED
TXN-202401253,2021-11-08,2021-11-09,CLT-1018,P-154,IND_10Y_GSEC,India Sovereign G-Sec 7.18% 2033,Government Bonds,SELL,50000,97.18,4.859,0.001657,4.8573,INR,86.5,SETTLED
TXN-202402258,2021-11-08,2021-11-10,CLT-1002,P-104,GOOGL,Alphabet Inc.,Equity,INTEREST,0,0.0,0.2245,0.000225,0.2243,USD,1.0,SETTLED
TXN-202202031,2021-11-09,2021-11-11,CLT-1011,P-131,HDFCBANK_IN,HDFC Bank Ltd.,Equity,BUY,1000,242.67,0.2427,4.7e-05,0.2427,INR,86.5,SETTLED
TXN-202304952,2021-11-10,2021-11-12,CLT-1001,P-102,LT_IN,Larsen & Toubro Ltd.,Equity,SELL,50000,126.99,6.3495,0.001859,6.3476,INR,86.5,SETTLED
TXN-202502014,2021-11-10,2021-11-12,CLT-1024,P-172,LT_IN,Larsen & Toubro Ltd.,Equity,BUY,2500,160.66,0.4017,9.8e-05,0.4018,INR,86.5,PENDING
TXN-202304427,2021-11-10,2021-11-12,CLT-1013,P-137,MSFT,Microsoft Corp.,Equity,TRANSFER,0,1.0,2.8168,0.0001,-2.8168,USD,1.0,SETTLED
TXN-202202106,2021-11-11,2021-11-15,CLT-1002,P-104,CORP_IG_EUR,Euro High Grade Corporate Bond Note,Corporate Bonds,SELL,500,95.82,0.0479,8e-06,0.0479,EUR,0.92,SETTLED
TXN-202501784,2021-11-11,2021-11-15,CLT-1005,P-112,AZN_LN,AstraZeneca PLC,Equity,SELL,25000,293.78,7.3445,0.002717,7.3418,GBP,0.79,SETTLED
TXN-202203121,2021-11-12,2021-11-16,CLT-1014,P-142,AAPL,Apple Inc.,Equity,BUY,500,211.64,0.1058,3.8e-05,0.1058,USD,1.0,SETTLED
TXN-202103705,2021-11-12,2021-11-15,CLT-1018,P-152,US_10Y_UST,US Treasury 10-Yr Benchmark Note,Government Bonds,SELL,500,99.27,0.0496,1.2e-05,0.0496,USD,1.0,SETTLED
TXN-202204181,2021-11-15,2021-11-16,CLT-1024,P-172,INR_OVERNIGHT_CASH,Institutional INR Overnight Liquid Fund,Money Market,DIVIDEND,0,0.0,0.0195,1.9e-05,0.0195,INR,86.5,SETTLED
TXN-202200021,2021-11-15,2021-11-17,CLT-1005,P-114,INFY_IN,Infosys Ltd.,Equity,BUY,10000,163.78,1.6378,0.000288,1.6381,INR,86.5,SETTLED
TXN-202203011,2021-11-15,2021-11-17,CLT-1012,P-133,7203_JP,Toyota Motor Corp.,Equity,FEE,0,0.0,0.0121,0.0121,-0.0121,JPY,152.0,SETTLED
TXN-202403723,2021-11-15,2021-11-17,CLT-1020,P-159,6758_JP,Sony Group Corp.,Equity,SELL,1000,252.56,0.2526,5.9e-05,0.2525,JPY,152.0,SETTLED
TXN-202302042,2021-11-15,2021-11-16,CLT-1025,P-173,EUR_LIQUIDITY_FUND,EUR Institutional Liquidity Master Fund,Money Market,SELL,10000,100.15,1.0015,0.000447,1.0011,EUR,0.92,SETTLED
TXN-202501869,2021-11-16,2021-11-18,CLT-1010,P-129,AZN_LN,AstraZeneca PLC,Equity,SELL,500,96.62,0.0483,2.3e-05,0.0483,GBP,0.79,SETTLED
TXN-202500589,2021-11-16,2021-11-18,CLT-1020,P-159,7203_JP,Toyota Motor Corp.,Equity,SELL,50000,246.13,12.3065,0.004484,12.302,JPY,152.0,SETTLED
TXN-202303077,2021-11-17,2021-11-18,CLT-1023,P-169,JGB_10Y,Japan Government Bond 10-Yr 0.8%,Government Bonds,WITHDRAWAL,0,1.0,3.1153,0.0001,-3.1153,JPY,152.0,SETTLED
TXN-202104255,2021-11-17,2021-11-18,CLT-1016,P-148,IND_10Y_GSEC,India Sovereign G-Sec 7.18% 2033,Government Bonds,BUY,10000,98.94,0.9894,0.000425,0.9898,INR,86.5,SETTLED
TXN-202404398,2021-11-17,2021-11-19,CLT-1022,P-165,XOM,Exxon Mobil Corp.,Equity,BUY,10000,165.04,1.6504,0.000248,1.6506,USD,1.0,SETTLED
TXN-202101345,2021-11-17,2021-11-19,CLT-1010,P-127,ASML_NA,ASML Holding NV,Equity,BUY,25000,317.84,7.946,0.002396,7.9484,EUR,0.92,SETTLED
TXN-202202926,2021-11-18,2021-11-22,CLT-1014,P-142,JPM,JPMorgan Chase & Co.,Equity,BUY,25000,259.91,6.4978,0.001016,6.4988,USD,1.0,SETTLED
TXN-202204526,2021-11-18,2021-11-19,CLT-1013,P-138,USD_TREAS_MMF,Institutional USD Treasury Money Market Fund,Money Market,DIVIDEND,0,0.0,0.0883,8.8e-05,0.0882,USD,1.0,SETTLED
TXN-202502829,2021-11-19,2021-11-23,CLT-1013,P-140,BHARTIARTL_IN,Bharti Airtel Ltd.,Equity,SELL,500,192.43,0.0962,4.7e-05,0.0962,INR,86.5,SETTLED
TXN-202105185,2021-11-19,2021-11-22,CLT-1014,P-141,US_5Y_UST,US Treasury 5-Yr Benchmark Note,Government Bonds,SELL,25000,98.74,2.4685,0.001144,2.4674,USD,1.0,SETTLED
TXN-202101130,2021-11-22,2021-11-23,CLT-1022,P-166,PLD_REIT,Prologis Global Logistics REIT,REIT,FEE,0,0.0,0.0158,0.0158,-0.0158,USD,1.0,SETTLED
TXN-202101120,2021-11-22,2021-11-24,CLT-1002,P-104,SHEL_LN,Shell PLC,Equity,SELL,500,303.38,0.1517,7.1e-05,0.1516,GBP,0.79,SETTLED
TXN-202305112,2021-11-22,2021-11-23,CLT-1010,P-127,INFRA_GLOBAL_TRUST,Global Infrastructure Core Income Note,Alternatives,INTEREST,0,0.0,0.1669,0.000167,0.1667,USD,1.0,SETTLED
TXN-202300142,2021-11-22,2021-11-23,CLT-1015,P-146,USD_TREAS_MMF,Institutional USD Treasury Money Market Fund,Money Market,SELL,1000,97.79,0.0978,-0.002,0.0978,USD,1.0,SETTLED
TXN-202101390,2021-11-22,2021-11-24,CLT-1006,P-116,6758_JP,Sony Group Corp.,Equity,SELL,50000,47.29,2.3645,0.000644,2.3639,JPY,152.0,SETTLED
TXN-202501314,2021-11-22,2021-11-24,CLT-1023,P-168,MSFT,Microsoft Corp.,Equity,BUY,2500,116.86,0.2922,0.000143,0.2923,USD,1.0,SETTLED
TXN-202101755,2021-11-22,2021-11-24,CLT-1022,P-164,JPM,JPMorgan Chase & Co.,Equity,BUY,1000,317.39,0.3174,6.1e-05,0.3175,USD,1.0,SETTLED
TXN-202301382,2021-11-22,2021-11-24,CLT-1001,P-102,CORP_HY_USD,US High Yield Corporate Credit Note,Corporate Bonds,BUY,500,96.09,0.048,1.8e-05,0.048,USD,1.0,SETTLED
TXN-202303772,2021-11-22,2021-11-24,CLT-1021,P-161,7203_JP,Toyota Motor Corp.,Equity,TRANSFER,0,1.0,2.7618,0.0001,-2.7618,JPY,152.0,SETTLED
TXN-202504604,2021-11-22,2021-11-24,CLT-1002,P-105,CORP_IG_EUR,Euro High Grade Corporate Bond Note,Corporate Bonds,SELL,10000,101.5,1.015,0.000497,1.0145,EUR,0.92,PENDING
TXN-202103820,2021-11-22,2021-11-24,CLT-1005,P-113,XOM,Exxon Mobil Corp.,Equity,FEE,0,0.0,0.036,0.036,-0.036,USD,1.0,SETTLED
TXN-202300572,2021-11-22,2021-11-24,CLT-1024,P-172,CORP_IG_EUR,Euro High Grade Corporate Bond Note,Corporate Bonds,SELL,25000,102.87,2.5718,0.001007,2.5708,EUR,0.92,SETTLED
TXN-202500349,2021-11-22,2021-11-24,CLT-1018,P-152,6758_JP,Sony Group Corp.,Equity,SELL,50000,107.5,5.375,0.0025,5.3725,JPY,152.0,SETTLED
TXN-202503874,2021-11-22,2021-11-24,CLT-1021,P-163,NOVN_SW,Novartis AG,Equity,BUY,25000,296.65,7.4162,0.002184,7.4184,CHF,0.88,SETTLED
TXN-202104175,2021-11-22,2021-11-24,CLT-1018,P-154,INFY_IN,Infosys Ltd.,Equity,SELL,2500,339.11,0.8478,0.00038,0.8474,INR,86.5,SETTLED
TXN-202203616,2021-11-22,2021-11-24,CLT-1001,P-102,DBS_SP,DBS Group Holdings,Equity,WITHDRAWAL,0,1.0,1.0148,0.0001,-1.0148,SGD,1.34,SETTLED
TXN-202105010,2021-11-23,2021-11-24,CLT-1012,P-134,INR_OVERNIGHT_CASH,Institutional INR Overnight Liquid Fund,Money Market,BUY,500,97.11,0.0486,1.5e-05,0.0486,INR,86.5,SETTLED
TXN-202304217,2021-11-24,2021-11-25,CLT-1024,P-171,OPERATING_CASH,Operational Custody Cash Balance,Cash,INTEREST,0,0.0,0.2427,0.000243,0.2425,USD,1.0,SETTLED
TXN-202201891,2021-11-24,2021-11-26,CLT-1006,P-118,AAPL,Apple Inc.,Equity,BUY,2500,232.54,0.5814,0.000232,0.5816,USD,1.0,SETTLED
TXN-202103885,2021-11-24,2021-11-26,CLT-1002,P-104,LT_IN,Larsen & Toubro Ltd.,Equity,BUY,500,195.36,0.0977,2.7e-05,0.0977,INR,86.5,PENDING
TXN-202502384,2021-11-24,2021-11-26,CLT-1001,P-102,GOOGL,Alphabet Inc.,Equity,SELL,5000,217.02,1.0851,0.000195,1.0849,USD,1.0,SETTLED
TXN-202103110,2021-11-25,2021-11-26,CLT-1014,P-141,US_10Y_UST,US Treasury 10-Yr Benchmark Note,Government Bonds,BUY,1000,101.47,0.1015,1.7e-05,0.1015,USD,1.0,SETTLED
TXN-202301802,2021-11-25,2021-11-29,CLT-1013,P-139,JPM,JPMorgan Chase & Co.,Equity,INTEREST,0,0.0,0.0354,3.5e-05,0.0354,USD,1.0,SETTLED
TXN-202404108,2021-11-26,2021-11-29,CLT-1025,P-173,JGB_10Y,Japan Government Bond 10-Yr 0.8%,Government Bonds,SELL,25000,95.07,2.3767,0.000677,2.376,JPY,152.0,SETTLED
TXN-202404133,2021-11-26,2021-11-29,CLT-1022,P-166,US_5Y_UST,US Treasury 5-Yr Benchmark Note,Government Bonds,FEE,0,0.0,0.0282,0.0282,-0.0282,USD,1.0,SETTLED
TXN-202303607,2021-11-29,2021-12-01,CLT-1002,P-104,NOVN_SW,Novartis AG,Equity,BUY,500,87.17,0.0436,1.6e-05,0.0436,CHF,0.88,SETTLED
TXN-202303357,2021-11-29,2021-12-01,CLT-1024,P-171,XOM,Exxon Mobil Corp.,Equity,INTEREST,0,0.0,0.2184,0.000218,0.2182,USD,1.0,SETTLED
TXN-202401728,2021-11-29,2021-12-01,CLT-1025,P-173,SHEL_LN,Shell PLC,Equity,BUY,50000,273.04,13.652,0.005322,13.6573,GBP,0.79,SETTLED
TXN-202502149,2021-11-29,2021-11-30,CLT-1002,P-105,OPERATING_CASH,Operational Custody Cash Balance,Cash,BUY,50000,102.05,5.1025,0.002289,5.1048,USD,1.0,SETTLED
TXN-202502334,2021-11-29,2021-12-01,CLT-1020,P-159,TCS_IN,Tata Consultancy Services,Equity,FEE,0,0.0,0.0287,0.0287,-0.0287,INR,86.5,SETTLED
TXN-202202071,2021-11-29,2021-12-01,CLT-1008,P-122,UNH,UnitedHealth Group,Equity,BUY,5000,215.01,1.0751,0.000188,1.0753,USD,1.0,SETTLED
TXN-202304212,2021-11-29,2021-11-30,CLT-1005,P-114,USD_TREAS_MMF,Institutional USD Treasury Money Market Fund,Money Market,FEE,0,0.0,0.0314,0.0314,-0.0314,USD,1.0,SETTLED
TXN-202104420,2021-11-29,2021-11-30,CLT-1010,P-126,GER_10Y_BUND,Germany Bund 2.60% 2033,Government Bonds,SELL,2500,100.33,0.2508,4.2e-05,0.2508,EUR,0.92,SETTLED
TXN-202202941,2021-11-30,2021-12-01,CLT-1006,P-118,OPERATING_CASH,Operational Custody Cash Balance,Cash,SELL,500,97.6,0.0488,2.2e-05,0.0488,USD,1.0,SETTLED
TXN-202100625,2021-11-30,2021-12-02,CLT-1006,P-117,MSFT,Microsoft Corp.,Equity,BUY,500,56.25,0.0281,7e-06,0.0281,USD,1.0,SETTLED
TXN-202205146,2021-12-01,2021-12-03,CLT-1023,P-169,MSFT,Microsoft Corp.,Equity,BUY,50000,248.97,12.4485,0.002577,12.4511,USD,1.0,PENDING
TXN-202304292,2021-12-01,2021-12-02,CLT-1006,P-118,EUR_LIQUIDITY_FUND,EUR Institutional Liquidity Master Fund,Money Market,BUY,1000,95.66,0.0957,2e-05,0.0957,EUR,0.92,SETTLED
TXN-202300762,2021-12-01,2021-12-03,CLT-1002,P-105,CORP_IG_EUR,Euro High Grade Corporate Bond Note,Corporate Bonds,BUY,50000,95.53,4.7765,0.001499,4.778,EUR,0.92,SETTLED
TXN-202501769,2021-12-01,2021-12-02,CLT-1018,P-155,EUR_LIQUIDITY_FUND,EUR Institutional Liquidity Master Fund,Money Market,BUY,500,97.77,0.0489,2e-05,0.0489,EUR,0.92,SETTLED
TXN-202504919,2021-12-01,2021-12-03,CLT-1001,P-101,CORP_IG_EUR,Euro High Grade Corporate Bond Note,Corporate Bonds,SELL,500,99.46,0.0497,8e-06,0.0497,EUR,0.92,SETTLED
TXN-202300972,2021-12-03,2021-12-07,CLT-1005,P-114,INFY_IN,Infosys Ltd.,Equity,BUY,500,157.75,0.0789,1.8e-05,0.0789,INR,86.5,SETTLED
TXN-202505104,2021-12-03,2021-12-06,CLT-1013,P-138,US_10Y_UST,US Treasury 10-Yr Benchmark Note,Government Bonds,BUY,5000,99.81,0.499,0.000198,0.4992,USD,1.0,SETTLED
TXN-202301762,2021-12-06,2021-12-07,CLT-1009,P-124,US_10Y_UST,US Treasury 10-Yr Benchmark Note,Government Bonds,DIVIDEND,0,0.0,0.1975,0.000198,0.1973,USD,1.0,SETTLED
TXN-202200666,2021-12-06,2021-12-08,CLT-1011,P-130,7203_JP,Toyota Motor Corp.,Equity,SELL,5000,76.25,0.3812,0.000155,0.381,JPY,152.0,SETTLED
TXN-202100645,2021-12-06,2021-12-07,CLT-1021,P-163,INFRA_GLOBAL_TRUST,Global Infrastructure Core Income Note,Alternatives,SELL,2500,101.36,0.2534,9.7e-05,0.2533,USD,1.0,SETTLED
TXN-202404928,2021-12-06,2021-12-08,CLT-1018,P-155,AZN_LN,AstraZeneca PLC,Equity,SELL,10000,244.2,2.442,0.000674,2.4413,GBP,0.79,SETTLED
TXN-202500219,2021-12-06,2021-12-08,CLT-1006,P-116,CORP_HY_USD,US High Yield Corporate Credit Note,Corporate Bonds,BUY,5000,96.79,0.484,0.000101,0.4841,USD,1.0,SETTLED
TXN-202200066,2021-12-06,2021-12-08,CLT-1010,P-127,CORP_HY_USD,US High Yield Corporate Credit Note,Corporate Bonds,TRANSFER,0,1.0,1.6305,0.0001,-1.6305,USD,1.0,SETTLED
TXN-202501179,2021-12-06,2021-12-08,CLT-1003,P-107,SHEL_LN,Shell PLC,Equity,BUY,1000,267.98,0.268,0.000123,0.2681,GBP,0.79,SETTLED
TXN-202400263,2021-12-07,2021-12-09,CLT-1010,P-126,XOM,Exxon Mobil Corp.,Equity,SELL,500,314.51,0.1573,5.1e-05,0.1572,USD,1.0,SETTLED
TXN-202204101,2021-12-07,2021-12-09,CLT-1025,P-174,TCS_IN,Tata Consultancy Services,Equity,BUY,2500,215.06,0.5376,0.000198,0.5378,INR,86.5,SETTLED
TXN-202401638,2021-12-07,2021-12-09,CLT-1010,P-126,CORP_HY_USD,US High Yield Corporate Credit Note,Corporate Bonds,DIVIDEND,0,0.0,0.1763,0.000176,0.1761,USD,1.0,SETTLED
TXN-202301532,2021-12-07,2021-12-09,CLT-1003,P-108,AZN_LN,AstraZeneca PLC,Equity,BUY,5000,79.59,0.398,8.5e-05,0.3981,GBP,0.79,SETTLED
TXN-202102290,2021-12-08,2021-12-10,CLT-1021,P-162,CORP_IG_EUR,Euro High Grade Corporate Bond Note,Corporate Bonds,DIVIDEND,0,0.0,0.1221,0.000122,0.122,EUR,0.92,SETTLED
TXN-202100580,2021-12-08,2021-12-10,CLT-1003,P-107,NOVN_SW,Novartis AG,Equity,SELL,2500,179.17,0.4479,0.000135,0.4478,CHF,0.88,SETTLED
TXN-202200736,2021-12-08,2021-12-10,CLT-1023,P-167,JPM,JPMorgan Chase & Co.,Equity,BUY,10000,56.17,0.5617,0.000213,0.5619,USD,1.0,SETTLED
TXN-202300102,2021-12-08,2021-12-10,CLT-1009,P-124,CORP_IG_USD,US Investment Grade Corporate Bond Fund,Corporate Bonds,BUY,1000,102.7,0.1027,3.9e-05,0.1027,USD,1.0,SETTLED
TXN-202101495,2021-12-09,2021-12-10,CLT-1001,P-101,EUR_LIQUIDITY_FUND,EUR Institutional Liquidity Master Fund,Money Market,SELL,10000,95.8,0.958,0.000363,0.9576,EUR,0.92,SETTLED
TXN-202403008,2021-12-09,2021-12-10,CLT-1018,P-154,OPERATING_CASH,Operational Custody Cash Balance,Cash,DEPOSIT,0,1.0,0.375,0.0001,0.375,USD,1.0,SETTLED
TXN-202101040,2021-12-10,2021-12-14,CLT-1016,P-148,AMZN,Amazon.com Inc.,Equity,BUY,10000,107.72,1.0772,0.000468,1.0777,USD,1.0,SETTLED
TXN-202502859,2021-12-10,2021-12-13,CLT-1018,P-155,JGB_10Y,Japan Government Bond 10-Yr 0.8%,Government Bonds,DIVIDEND,0,0.0,0.0974,9.7e-05,0.0973,JPY,152.0,SETTLED
TXN-202400728,2021-12-13,2021-12-15,CLT-1018,P-152,DBS_SP,DBS Group Holdings,Equity,BUY,2500,165.58,0.414,9.8e-05,0.4141,SGD,1.34,SETTLED
TXN-202103815,2021-12-13,2021-12-14,CLT-1010,P-126,EUR_LIQUIDITY_FUND,EUR Institutional Liquidity Master Fund,Money Market,SELL,2500,96.1,0.2402,8e-05,0.2401,EUR,0.92,SETTLED
TXN-202104520,2021-12-13,2021-12-15,CLT-1013,P-138,ICICIBANK_IN,ICICI Bank Ltd.,Equity,SELL,2500,313.92,0.7848,0.000239,0.7846,INR,86.5,SETTLED
TXN-202303292,2021-12-13,2021-12-14,CLT-1005,P-115,GER_10Y_BUND,Germany Bund 2.60% 2033,Government Bonds,BUY,500,101.65,0.0508,9e-06,0.0508,EUR,0.92,SETTLED
TXN-202204586,2021-12-13,2021-12-15,CLT-1013,P-140,DBS_SP,DBS Group Holdings,Equity,INTEREST,0,0.0,0.0875,8.7e-05,0.0874,SGD,1.34,SETTLED
TXN-202300257,2021-12-13,2021-12-15,CLT-1010,P-127,CORP_HY_USD,US High Yield Corporate Credit Note,Corporate Bonds,INTEREST,0,0.0,0.1545,0.000155,0.1543,USD,1.0,SETTLED
TXN-202201481,2021-12-13,2021-12-15,CLT-1001,P-101,6758_JP,Sony Group Corp.,Equity,BUY,1000,271.88,0.2719,9.2e-05,0.272,JPY,152.0,SETTLED
TXN-202303397,2021-12-14,2021-12-16,CLT-1001,P-101,ASML_NA,ASML Holding NV,Equity,SELL,25000,297.84,7.446,0.002483,7.4435,EUR,0.92,SETTLED
TXN-202202406,2021-12-15,2021-12-16,CLT-1014,P-141,JGB_10Y,Japan Government Bond 10-Yr 0.8%,Government Bonds,SELL,50000,98.17,4.9085,0.001145,4.9074,JPY,152.0,SETTLED
TXN-202201536,2021-12-15,2021-12-17,CLT-1015,P-145,DBS_SP,DBS Group Holdings,Equity,BUY,500,165.88,0.0829,4.1e-05,0.0829,SGD,1.34,SETTLED
TXN-202504149,2021-12-15,2021-12-17,CLT-1015,P-147,TCS_IN,Tata Consultancy Services,Equity,SELL,10000,225.38,2.2538,0.000852,2.2529,INR,86.5,SETTLED
TXN-202200901,2021-12-16,2021-12-20,CLT-1023,P-167,NOVN_SW,Novartis AG,Equity,SELL,5000,132.25,0.6613,0.000104,0.6612,CHF,0.88,SETTLED
TXN-202104870,2021-12-16,2021-12-17,CLT-1024,P-172,GLD_ETF,SPDR Gold Shares Institutional Trust,ETF,SELL,50000,100.47,5.0235,0.002,5.0215,USD,1.0,SETTLED
TXN-202403908,2021-12-16,2021-12-17,CLT-1008,P-122,GLD_ETF,SPDR Gold Shares Institutional Trust,ETF,BUY,2500,95.67,0.2392,9.3e-05,0.2393,USD,1.0,SETTLED
TXN-202203146,2021-12-17,2021-12-20,CLT-1012,P-132,INFRA_GLOBAL_TRUST,Global Infrastructure Core Income Note,Alternatives,SELL,25000,95.04,2.376,0.000837,2.3752,USD,1.0,SETTLED
TXN-202103075,2021-12-17,2021-12-20,CLT-1023,P-167,US_5Y_UST,US Treasury 5-Yr Benchmark Note,Government Bonds,DIVIDEND,0,0.0,0.1167,0.000117,0.1166,USD,1.0,SETTLED
TXN-202404698,2021-12-17,2021-12-21,CLT-1014,P-141,ASML_NA,ASML Holding NV,Equity,INTEREST,0,0.0,0.0736,7.4e-05,0.0735,EUR,0.92,SETTLED
TXN-202100100,2021-12-17,2021-12-21,CLT-1010,P-127,SAP_GY,SAP SE,Equity,BUY,25000,224.86,5.6215,0.002287,5.6238,EUR,0.92,SETTLED
TXN-202204866,2021-12-20,2021-12-22,CLT-1022,P-164,NOVN_SW,Novartis AG,Equity,SELL,25000,229.35,5.7337,0.00199,5.7317,CHF,0.88,SETTLED
TXN-202203116,2021-12-20,2021-12-22,CLT-1005,P-112,SAP_GY,SAP SE,Equity,DIVIDEND,0,0.0,0.2213,0.000221,0.2211,EUR,0.92,SETTLED
TXN-202201791,2021-12-20,2021-12-22,CLT-1014,P-142,CORP_IG_EUR,Euro High Grade Corporate Bond Note,Corporate Bonds,SELL,1000,98.24,0.0982,2.1e-05,0.0982,EUR,0.92,SETTLED
TXN-202102910,2021-12-20,2021-12-22,CLT-1015,P-146,HDFCBANK_IN,HDFC Bank Ltd.,Equity,SELL,500,261.1,0.1306,3.2e-05,0.1306,INR,86.5,SETTLED
TXN-202502999,2021-12-20,2021-12-21,CLT-1002,P-105,PLD_REIT,Prologis Global Logistics REIT,REIT,BUY,50000,96.67,4.8335,0.001248,4.8347,USD,1.0,PENDING
TXN-202303197,2021-12-20,2021-12-22,CLT-1014,P-143,INFY_IN,Infosys Ltd.,Equity,TRANSFER,0,1.0,0.4856,0.0001,-0.4856,INR,86.5,SETTLED
TXN-202201111,2021-12-20,2021-12-21,CLT-1003,P-106,INFRA_GLOBAL_TRUST,Global Infrastructure Core Income Note,Alternatives,BUY,10000,95.3,0.953,0.00034,0.9533,USD,1.0,SETTLED
TXN-202501764,2021-12-22,2021-12-24,CLT-1008,P-121,ICICIBANK_IN,ICICI Bank Ltd.,Equity,BUY,1000,103.95,0.104,1.6e-05,0.104,INR,86.5,SETTLED
TXN-202504049,2021-12-22,2021-12-24,CLT-1009,P-125,ICICIBANK_IN,ICICI Bank Ltd.,Equity,BUY,2500,169.33,0.4233,9.4e-05,0.4234,INR,86.5,SETTLED
TXN-202202206,2021-12-23,2021-12-24,CLT-1022,P-164,US_5Y_UST,US Treasury 5-Yr Benchmark Note,Government Bonds,SELL,500,96.3,0.0481,1e-05,0.0481,USD,1.0,SETTLED
TXN-202101860,2021-12-23,2021-12-24,CLT-1013,P-138,INR_OVERNIGHT_CASH,Institutional INR Overnight Liquid Fund,Money Market,INTEREST,0,0.0,0.0917,9.2e-05,0.0916,INR,86.5,SETTLED
TXN-202203021,2021-12-23,2021-12-24,CLT-1012,P-134,US_10Y_UST,US Treasury 10-Yr Benchmark Note,Government Bonds,BUY,1000,102.86,0.1029,4e-05,0.1029,USD,1.0,SETTLED
TXN-202200556,2021-12-24,2021-12-28,CLT-1017,P-150,INFY_IN,Infosys Ltd.,Equity,WITHDRAWAL,0,1.0,1.4147,0.0001,-1.4147,INR,86.5,PENDING
TXN-202504564,2021-12-24,2021-12-28,CLT-1022,P-164,CORP_HY_USD,US High Yield Corporate Credit Note,Corporate Bonds,SELL,1000,96.15,0.0961,2.5e-05,0.0961,USD,1.0,SETTLED
TXN-202503989,2021-12-27,2021-12-28,CLT-1013,P-136,GER_10Y_BUND,Germany Bund 2.60% 2033,Government Bonds,SELL,2500,102.02,0.255,5.7e-05,0.2549,EUR,0.92,SETTLED
TXN-202201451,2021-12-27,2021-12-29,CLT-1017,P-149,SHEL_LN,Shell PLC,Equity,SELL,10000,312.51,3.1251,0.000887,3.1242,GBP,0.79,SETTLED
TXN-202503124,2021-12-27,2021-12-28,CLT-1020,P-160,UK_10Y_GILT,UK Gilt 3.75% 2033,Government Bonds,SELL,500,96.49,0.0482,1.1e-05,0.0482,GBP,0.79,SETTLED
TXN-202400653,2021-12-27,2021-12-29,CLT-1001,P-102,NVDA,NVIDIA Corp.,Equity,SELL,25000,59.53,1.4883,0.000624,1.4877,USD,1.0,SETTLED
TXN-202300932,2021-12-27,2021-12-29,CLT-1010,P-128,7203_JP,Toyota Motor Corp.,Equity,BUY,2500,56.14,0.1404,4.2e-05,0.1404,JPY,152.0,SETTLED
TXN-202505064,2021-12-27,2021-12-29,CLT-1005,P-112,CORP_HY_USD,US High Yield Corporate Credit Note,Corporate Bonds,BUY,500,98.26,0.0491,1.9e-05,0.0491,USD,1.0,SETTLED
TXN-202401078,2021-12-27,2021-12-29,CLT-1005,P-113,MSFT,Microsoft Corp.,Equity,BUY,50000,213.1,10.655,0.00307,10.6581,USD,1.0,SETTLED
TXN-202105155,2021-12-27,2021-12-28,CLT-1025,P-174,US_10Y_UST,US Treasury 10-Yr Benchmark Note,Government Bonds,INTEREST,0,0.0,0.0275,2.8e-05,0.0275,USD,1.0,SETTLED
TXN-202102485,2021-12-28,2021-12-30,CLT-1017,P-150,RELIANCE_IN,Reliance Industries Ltd.,Equity,TRANSFER,0,1.0,2.0298,0.0001,-2.0298,INR,86.5,SETTLED
TXN-202400963,2021-12-29,2021-12-30,CLT-1023,P-167,PLD_REIT,Prologis Global Logistics REIT,REIT,BUY,5000,100.14,0.5007,0.000185,0.5009,USD,1.0,SETTLED
TXN-202201606,2021-12-30,2022-01-03,CLT-1016,P-148,CORP_HY_USD,US High Yield Corporate Credit Note,Corporate Bonds,BUY,50000,97.39,4.8695,0.000976,4.8705,USD,1.0,SETTLED
TXN-202403888,2021-12-30,2022-01-03,CLT-1004,P-111,NVDA,NVIDIA Corp.,Equity,BUY,1000,115.77,0.1158,4e-05,0.1158,USD,1.0,SETTLED
TXN-202300487,2021-12-31,2022-01-04,CLT-1017,P-151,AMZN,Amazon.com Inc.,Equity,SELL,1000,68.94,0.0689,2.7e-05,0.0689,USD,1.0,SETTLED
TXN-202301352,2021-12-31,2022-01-04,CLT-1006,P-117,TCS_IN,Tata Consultancy Services,Equity,BUY,2500,183.57,0.4589,0.000205,0.4591,INR,86.5,SETTLED
TXN-202102445,2021-12-31,2022-01-03,CLT-1018,P-154,INFRA_GLOBAL_TRUST,Global Infrastructure Core Income Note,Alternatives,BUY,2500,99.87,0.2497,5.6e-05,0.2498,USD,1.0,SETTLED
TXN-202301527,2022-01-03,2022-01-05,CLT-1009,P-124,TCS_IN,Tata Consultancy Services,Equity,TRANSFER,0,1.0,0.6121,0.0001,-0.6121,INR,86.5,FAILED
TXN-202100330,2022-01-03,2022-01-05,CLT-1013,P-138,MSFT,Microsoft Corp.,Equity,BUY,5000,140.64,0.7032,0.000262,0.7035,USD,1.0,SETTLED
TXN-202200881,2022-01-03,2022-01-05,CLT-1003,P-106,LT_IN,Larsen & Toubro Ltd.,Equity,SELL,1000,288.89,0.2889,6.6e-05,0.2888,INR,86.5,SETTLED
TXN-202104675,2022-01-03,2022-01-05,CLT-1019,P-158,RELIANCE_IN,Reliance Industries Ltd.,Equity,SELL,25000,285.8,7.145,0.003561,7.1414,INR,86.5,SETTLED
TXN-202204806,2022-01-03,2022-01-05,CLT-1025,P-174,CORP_IG_USD,US Investment Grade Corporate Bond Fund,Corporate Bonds,SELL,1000,96.08,0.0961,3.9e-05,0.0961,USD,1.0,SETTLED
TXN-202503864,2022-01-03,2022-01-05,CLT-1024,P-172,MSFT,Microsoft Corp.,Equity,BUY,10000,281.54,2.8154,0.000779,2.8162,USD,1.0,SETTLED
TXN-202404753,2022-01-04,2022-01-05,CLT-1021,P-163,US_5Y_UST,US Treasury 5-Yr Benchmark Note,Government Bonds,BUY,1000,99.08,0.0991,3.2e-05,0.0991,USD,1.0,SETTLED
TXN-202501464,2022-01-04,2022-01-06,CLT-1003,P-106,AMZN,Amazon.com Inc.,Equity,SELL,2500,245.61,0.614,0.000226,0.6138,USD,1.0,PENDING
TXN-202405193,2022-01-04,2022-01-06,CLT-1003,P-110,SHEL_LN,Shell PLC,Equity,DIVIDEND,0,0.0,0.233,0.000233,0.2328,GBP,0.79,SETTLED
TXN-202400023,2022-01-05,2022-01-06,CLT-1005,P-114,IND_10Y_GSEC,India Sovereign G-Sec 7.18% 2033,Government Bonds,FEE,0,0.0,0.0357,0.0357,-0.0357,INR,86.5,SETTLED
TXN-202401623,2022-01-05,2022-01-07,CLT-1017,P-149,LT_IN,Larsen & Toubro Ltd.,Equity,SELL,25000,96.62,2.4155,0.000905,2.4146,INR,86.5,SETTLED
TXN-202404978,2022-01-06,2022-01-07,CLT-1014,P-142,IND_10Y_GSEC,India Sovereign G-Sec 7.18% 2033,Government Bonds,BUY,50000,100.1,5.005,0.001024,5.006,INR,86.5,SETTLED
TXN-202500339,2022-01-07,2022-01-10,CLT-1013,P-137,UK_10Y_GILT,UK Gilt 3.75% 2033,Government Bonds,BUY,1000,95.15,0.0951,2.8e-05,0.0951,GBP,0.79,SETTLED
TXN-202402208,2022-01-07,2022-01-11,CLT-1010,P-129,DBS_SP,DBS Group Holdings,Equity,INTEREST,0,0.0,0.1654,0.000165,0.1652,SGD,1.34,SETTLED
TXN-202102350,2022-01-07,2022-01-11,CLT-1008,P-121,ICICIBANK_IN,ICICI Bank Ltd.,Equity,BUY,5000,227.47,1.1374,0.000497,1.1379,INR,86.5,SETTLED
TXN-202400853,2022-01-10,2022-01-12,CLT-1022,P-164,AAPL,Apple Inc.,Equity,DEPOSIT,0,1.0,0.692,0.0001,0.692,USD,1.0,PENDING
TXN-202403673,2022-01-10,2022-01-11,CLT-1019,P-158,GLD_ETF,SPDR Gold Shares Institutional Trust,ETF,BUY,2500,97.01,0.2425,0.000116,0.2426,USD,1.0,SETTLED
TXN-202103735,2022-01-10,2022-01-12,CLT-1010,P-127,DBS_SP,DBS Group Holdings,Equity,SELL,25000,122.15,3.0537,0.001431,3.0523,SGD,1.34,SETTLED
TXN-202202241,2022-01-10,2022-01-12,CLT-1013,P-136,6758_JP,Sony Group Corp.,Equity,BUY,1000,338.29,0.3383,0.000158,0.3385,JPY,152.0,SETTLED
TXN-202300392,2022-01-10,2022-01-11,CLT-1021,P-163,USD_TREAS_MMF,Institutional USD Treasury Money Market Fund,Money Market,BUY,5000,98.97,0.4949,0.000105,0.495,USD,1.0,SETTLED
TXN-202203491,2022-01-10,2022-01-12,CLT-1006,P-118,HDFCBANK_IN,HDFC Bank Ltd.,Equity,SELL,1000,246.15,0.2462,9.3e-05,0.2461,INR,86.5,SETTLED
TXN-202201371,2022-01-10,2022-01-12,CLT-1015,P-144,GOOGL,Alphabet Inc.,Equity,BUY,5000,115.1,0.5755,0.000267,0.5758,USD,1.0,SETTLED
TXN-202401238,2022-01-10,2022-01-11,CLT-1008,P-121,JGB_10Y,Japan Government Bond 10-Yr 0.8%,Government Bonds,SELL,1000,95.72,0.0957,4.8e-05,0.0957,JPY,152.0,SETTLED
TXN-202301967,2022-01-10,2022-01-12,CLT-1001,P-103,SHEL_LN,Shell PLC,Equity,SELL,25000,347.39,8.6847,0.001501,8.6832,GBP,0.79,SETTLED
TXN-202501049,2022-01-10,2022-01-12,CLT-1019,P-157,CORP_IG_EUR,Euro High Grade Corporate Bond Note,Corporate Bonds,DEPOSIT,0,1.0,0.7793,0.0001,0.7793,EUR,0.92,SETTLED
TXN-202103005,2022-01-10,2022-01-12,CLT-1020,P-159,DBS_SP,DBS Group Holdings,Equity,DIVIDEND,0,0.0,0.0822,8.2e-05,0.0821,SGD,1.34,SETTLED
TXN-202503144,2022-01-10,2022-01-12,CLT-1010,P-128,MSFT,Microsoft Corp.,Equity,BUY,50000,273.32,13.666,0.003665,13.6697,USD,1.0,SETTLED
TXN-202401563,2022-01-10,2022-01-12,CLT-1010,P-128,LT_IN,Larsen & Toubro Ltd.,Equity,SELL,10000,195.86,1.9586,0.000809,1.9578,INR,86.5,SETTLED
TXN-202303377,2022-01-11,2022-01-13,CLT-1010,P-126,SHEL_LN,Shell PLC,Equity,SELL,5000,231.73,1.1586,0.000481,1.1581,GBP,0.79,SETTLED
TXN-202504044,2022-01-11,2022-01-12,CLT-1009,P-124,GLD_ETF,SPDR Gold Shares Institutional Trust,ETF,DIVIDEND,0,0.0,0.187,0.000187,0.1868,USD,1.0,SETTLED
TXN-202104650,2022-01-12,2022-01-14,CLT-1001,P-101,7203_JP,Toyota Motor Corp.,Equity,DIVIDEND,0,0.0,0.0212,2.1e-05,0.0212,JPY,152.0,SETTLED
TXN-202301862,2022-01-12,2022-01-14,CLT-1020,P-160,JPM,JPMorgan Chase & Co.,Equity,SELL,500,169.87,0.0849,1.3e-05,0.0849,USD,1.0,SETTLED
TXN-202202416,2022-01-13,2022-01-17,CLT-1003,P-106,6758_JP,Sony Group Corp.,Equity,BUY,1000,65.05,0.065,2.6e-05,0.065,JPY,152.0,SETTLED
TXN-202103195,2022-01-14,2022-01-18,CLT-1011,P-131,CORP_IG_EUR,Euro High Grade Corporate Bond Note,Corporate Bonds,SELL,2500,99.48,0.2487,0.00011,0.2486,EUR,0.92,SETTLED
TXN-202203676,2022-01-17,2022-01-19,CLT-1003,P-108,6758_JP,Sony Group Corp.,Equity,SELL,2500,251.56,0.6289,0.000171,0.6287,JPY,152.0,SETTLED
TXN-202500294,2022-01-17,2022-01-19,CLT-1014,P-141,MSFT,Microsoft Corp.,Equity,SELL,50000,92.49,4.6245,0.000711,4.6238,USD,1.0,SETTLED
TXN-202502904,2022-01-17,2022-01-18,CLT-1014,P-141,UK_10Y_GILT,UK Gilt 3.75% 2033,Government Bonds,BUY,50000,97.06,4.853,0.00124,4.8542,GBP,0.79,SETTLED
TXN-202101705,2022-01-17,2022-01-19,CLT-1008,P-121,XOM,Exxon Mobil Corp.,Equity,DEPOSIT,0,1.0,1.4893,0.0001,1.4893,USD,1.0,SETTLED
TXN-202302597,2022-01-17,2022-01-19,CLT-1008,P-121,INFY_IN,Infosys Ltd.,Equity,SELL,25000,206.32,5.158,0.000777,5.1572,INR,86.5,SETTLED
TXN-202303432,2022-01-17,2022-01-18,CLT-1002,P-105,US_10Y_UST,US Treasury 10-Yr Benchmark Note,Government Bonds,SELL,5000,95.04,0.4752,0.00019,0.475,USD,1.0,SETTLED
TXN-202503249,2022-01-17,2022-01-19,CLT-1008,P-122,LT_IN,Larsen & Toubro Ltd.,Equity,TRANSFER,0,1.0,1.1408,0.0001,-1.1408,INR,86.5,SETTLED
TXN-202201616,2022-01-17,2022-01-19,CLT-1006,P-116,SHEL_LN,Shell PLC,Equity,BUY,2500,309.74,0.7743,0.000309,0.7746,GBP,0.79,SETTLED
TXN-202200306,2022-01-17,2022-01-19,CLT-1001,P-103,CORP_IG_USD,US Investment Grade Corporate Bond Fund,Corporate Bonds,SELL,10000,99.61,0.9961,0.000301,0.9958,USD,1.0,SETTLED
TXN-202201941,2022-01-18,2022-01-19,CLT-1017,P-151,EUR_LIQUIDITY_FUND,EUR Institutional Liquidity Master Fund,Money Market,BUY,5000,95.34,0.4767,0.000215,0.4769,EUR,0.92,SETTLED
TXN-202401328,2022-01-18,2022-01-19,CLT-1015,P-147,US_10Y_UST,US Treasury 10-Yr Benchmark Note,Government Bonds,SELL,10000,96.89,0.9689,0.000229,0.9687,USD,1.0,SETTLED
TXN-202301292,2022-01-18,2022-01-20,CLT-1003,P-110,CORP_IG_USD,US Investment Grade Corporate Bond Fund,Corporate Bonds,BUY,500,100.56,0.0503,1e-05,0.0503,USD,1.0,SETTLED
TXN-202203336,2022-01-18,2022-01-20,CLT-1022,P-166,INFY_IN,Infosys Ltd.,Equity,DEPOSIT,0,1.0,0.2235,0.0001,0.2235,INR,86.5,SETTLED
TXN-202500979,2022-01-18,2022-01-20,CLT-1003,P-110,INFY_IN,Infosys Ltd.,Equity,BUY,25000,68.6,1.715,0.000552,1.7156,INR,86.5,SETTLED
TXN-202203631,2022-01-19,2022-01-21,CLT-1004,P-111,DBS_SP,DBS Group Holdings,Equity,SELL,1000,136.86,0.1369,4.3e-05,0.1369,SGD,1.34,SETTLED
TXN-202102340,2022-01-20,2022-01-21,CLT-1024,P-172,EUR_LIQUIDITY_FUND,EUR Institutional Liquidity Master Fund,Money Market,BUY,500,97.54,0.0488,2.3e-05,0.0488,EUR,0.92,SETTLED
TXN-202500004,2022-01-20,2022-01-24,CLT-1024,P-171,NVDA,NVIDIA Corp.,Equity,BUY,1000,123.44,0.1234,6.1e-05,0.1235,USD,1.0,SETTLED
TXN-202301062,2022-01-21,2022-01-25,CLT-1009,P-123,NVDA,NVIDIA Corp.,Equity,BUY,2500,275.91,0.6898,0.000222,0.69,USD,1.0,SETTLED
TXN-202103320,2022-01-21,2022-01-24,CLT-1006,P-116,US_10Y_UST,US Treasury 10-Yr Benchmark Note,Government Bonds,SELL,5000,95.13,0.4757,0.000173,0.4755,USD,1.0,SETTLED
TXN-202200096,2022-01-24,2022-01-26,CLT-1018,P-152,ASML_NA,ASML Holding NV,Equity,BUY,10000,228.31,2.2831,0.000757,2.2839,EUR,0.92,SETTLED
TXN-202301962,2022-01-24,2022-01-25,CLT-1007,P-119,INFRA_GLOBAL_TRUST,Global Infrastructure Core Income Note,Alternatives,SELL,25000,98.83,2.4707,0.00105,2.4696,USD,1.0,SETTLED
TXN-202304672,2022-01-24,2022-01-26,CLT-1024,P-172,CORP_IG_EUR,Euro High Grade Corporate Bond Note,Corporate Bonds,SELL,2500,102.04,0.2551,9.9e-05,0.255,EUR,0.92,SETTLED
TXN-202303907,2022-01-24,2022-01-26,CLT-1022,P-165,SHEL_LN,Shell PLC,Equity,SELL,50000,92.48,4.624,0.00141,4.6226,GBP,0.79,SETTLED
TXN-202500694,2022-01-24,2022-01-26,CLT-1021,P-161,LT_IN,Larsen & Toubro Ltd.,Equity,SELL,500,93.45,0.0467,1.6e-05,0.0467,INR,86.5,SETTLED
TXN-202203606,2022-01-24,2022-01-26,CLT-1006,P-116,INFY_IN,Infosys Ltd.,Equity,BUY,5000,139.65,0.6983,0.000106,0.6984,INR,86.5,SETTLED
TXN-202101815,2022-01-24,2022-01-26,CLT-1009,P-123,TCS_IN,Tata Consultancy Services,Equity,BUY,500,313.48,0.1567,3.9e-05,0.1567,INR,86.5,SETTLED
TXN-202300537,2022-01-24,2022-01-26,CLT-1021,P-163,AAPL,Apple Inc.,Equity,BUY,25000,254.68,6.367,0.001048,6.368,USD,1.0,SETTLED
TXN-202200956,2022-01-25,2022-01-27,CLT-1023,P-168,7203_JP,Toyota Motor Corp.,Equity,BUY,50000,77.26,3.863,0.00172,3.8647,JPY,152.0,SETTLED
TXN-202102930,2022-01-25,2022-01-27,CLT-1012,P-135,ASML_NA,ASML Holding NV,Equity,SELL,1000,348.69,0.3487,9.3e-05,0.3486,EUR,0.92,SETTLED
TXN-202402788,2022-01-26,2022-01-28,CLT-1020,P-159,AZN_LN,AstraZeneca PLC,Equity,BUY,1000,147.52,0.1475,3.9e-05,0.1475,GBP,0.79,SETTLED
TXN-202503224,2022-01-27,2022-01-31,CLT-1011,P-130,ICICIBANK_IN,ICICI Bank Ltd.,Equity,FEE,0,0.0,0.0323,0.0323,-0.0323,INR,86.5,SETTLED
TXN-202204476,2022-01-27,2022-01-31,CLT-1003,P-110,LT_IN,Larsen & Toubro Ltd.,Equity,SELL,50000,73.26,3.663,0.001127,3.6619,INR,86.5,PENDING
TXN-202300082,2022-01-27,2022-01-28,CLT-1016,P-148,EUR_LIQUIDITY_FUND,EUR Institutional Liquidity Master Fund,Money Market,INTEREST,0,0.0,0.2475,0.000247,0.2473,EUR,0.92,SETTLED
TXN-202502049,2022-01-27,2022-01-28,CLT-1015,P-144,JGB_10Y,Japan Government Bond 10-Yr 0.8%,Government Bonds,BUY,500,101.4,0.0507,1.5e-05,0.0507,JPY,152.0,SETTLED
TXN-202502649,2022-01-27,2022-01-31,CLT-1017,P-150,AMZN,Amazon.com Inc.,Equity,BUY,5000,147.86,0.7393,0.000286,0.7396,USD,1.0,SETTLED
TXN-202103600,2022-01-28,2022-01-31,CLT-1010,P-128,GER_10Y_BUND,Germany Bund 2.60% 2033,Government Bonds,SELL,5000,97.88,0.4894,0.000211,0.4892,EUR,0.92,SETTLED
TXN-202300707,2022-01-28,2022-01-31,CLT-1014,P-143,UK_10Y_GILT,UK Gilt 3.75% 2033,Government Bonds,SELL,2500,97.11,0.2428,7.2e-05,0.2427,GBP,0.79,SETTLED
TXN-202102610,2022-01-28,2022-02-01,CLT-1002,P-105,DBS_SP,DBS Group Holdings,Equity,BUY,10000,187.37,1.8737,0.0007,1.8744,SGD,1.34,SETTLED
TXN-202504874,2022-01-31,2022-02-02,CLT-1005,P-113,NOVN_SW,Novartis AG,Equity,BUY,2500,242.78,0.6069,0.000148,0.607,CHF,0.88,SETTLED
TXN-202201476,2022-01-31,2022-02-02,CLT-1009,P-124,AMZN,Amazon.com Inc.,Equity,BUY,500,128.14,0.0641,2.3e-05,0.0641,USD,1.0,SETTLED
TXN-202302437,2022-01-31,2022-02-02,CLT-1001,P-103,XOM,Exxon Mobil Corp.,Equity,BUY,5000,255.92,1.2796,0.000538,1.2801,USD,1.0,SETTLED
TXN-202500779,2022-01-31,2022-02-02,CLT-1008,P-122,CORP_HY_USD,US High Yield Corporate Credit Note,Corporate Bonds,FEE,0,0.0,0.0093,0.0093,-0.0093,USD,1.0,SETTLED
TXN-202402233,2022-01-31,2022-02-02,CLT-1001,P-103,AZN_LN,AstraZeneca PLC,Equity,BUY,5000,297.36,1.4868,0.000625,1.4874,GBP,0.79,SETTLED
TXN-202100930,2022-01-31,2022-02-02,CLT-1003,P-108,LT_IN,Larsen & Toubro Ltd.,Equity,SELL,2500,161.08,0.4027,0.000185,0.4025,INR,86.5,SETTLED
TXN-202402698,2022-01-31,2022-02-01,CLT-1002,P-105,USD_TREAS_MMF,Institutional USD Treasury Money Market Fund,Money Market,BUY,5000,102.26,0.5113,0.000237,0.5115,USD,1.0,SETTLED
TXN-202504009,2022-01-31,2022-02-02,CLT-1012,P-132,JPM,JPMorgan Chase & Co.,Equity,BUY,1000,153.22,0.1532,6.3e-05,0.1533,USD,1.0,SETTLED
TXN-202500494,2022-01-31,2022-02-01,CLT-1018,P-153,INR_OVERNIGHT_CASH,Institutional INR Overnight Liquid Fund,Money Market,BUY,10000,98.2,0.982,0.000345,0.9823,INR,86.5,SETTLED
TXN-202200396,2022-01-31,2022-02-02,CLT-1017,P-151,INFY_IN,Infosys Ltd.,Equity,DIVIDEND,0,0.0,0.1584,0.000158,0.1582,INR,86.5,SETTLED
TXN-202403808,2022-01-31,2022-02-02,CLT-1018,P-153,SHEL_LN,Shell PLC,Equity,SELL,2500,181.0,0.4525,0.000219,0.4523,GBP,0.79,SETTLED
TXN-202100065,2022-01-31,2022-02-02,CLT-1012,P-133,ASML_NA,ASML Holding NV,Equity,BUY,5000,71.9,0.3595,0.000154,0.3597,EUR,0.92,SETTLED
TXN-202503169,2022-02-01,2022-02-02,CLT-1012,P-134,INFRA_GLOBAL_TRUST,Global Infrastructure Core Income Note,Alternatives,BUY,10000,95.68,0.9568,0.000372,0.9572,USD,1.0,SETTLED
TXN-202401018,2022-02-02,2022-02-04,CLT-1013,P-140,XOM,Exxon Mobil Corp.,Equity,SELL,25000,317.1,7.9275,0.003476,7.924,USD,1.0,SETTLED
TXN-202101800,2022-02-02,2022-02-04,CLT-1009,P-124,SAP_GY,SAP SE,Equity,BUY,25000,52.19,1.3048,0.000523,1.3053,EUR,0.92,SETTLED
TXN-202500289,2022-02-02,2022-02-04,CLT-1001,P-103,DBS_SP,DBS Group Holdings,Equity,BUY,25000,92.46,2.3115,0.001145,2.3126,SGD,1.34,SETTLED
TXN-202501899,2022-02-02,2022-02-04,CLT-1021,P-162,DBS_SP,DBS Group Holdings,Equity,SELL,50000,165.46,8.273,0.001278,8.2717,SGD,1.34,SETTLED
TXN-202501189,2022-02-03,2022-02-07,CLT-1002,P-105,BHARTIARTL_IN,Bharti Airtel Ltd.,Equity,SELL,2500,262.95,0.6574,0.000214,0.6572,INR,86.5,SETTLED
TXN-202402738,2022-02-03,2022-02-04,CLT-1009,P-124,USD_TREAS_MMF,Institutional USD Treasury Money Market Fund,Money Market,SELL,500,98.77,0.0494,8e-06,0.0494,USD,1.0,SETTLED
TXN-202501349,2022-02-04,2022-02-08,CLT-1020,P-160,ASML_NA,ASML Holding NV,Equity,BUY,500,240.17,0.1201,2e-05,0.1201,EUR,0.92,SETTLED
TXN-202400283,2022-02-04,2022-02-08,CLT-1001,P-101,7203_JP,Toyota Motor Corp.,Equity,SELL,500,322.42,0.1612,7.6e-05,0.1611,JPY,152.0,SETTLED
TXN-202102940,2022-02-04,2022-02-08,CLT-1006,P-116,INFY_IN,Infosys Ltd.,Equity,BUY,25000,142.74,3.5685,0.000735,3.5692,INR,86.5,SETTLED
TXN-202204291,2022-02-07,2022-02-08,CLT-1009,P-123,INFRA_GLOBAL_TRUST,Global Infrastructure Core Income Note,Alternatives,BUY,5000,101.48,0.5074,0.000245,0.5076,USD,1.0,SETTLED
TXN-202400738,2022-02-07,2022-02-09,CLT-1003,P-110,UNH,UnitedHealth Group,Equity,BUY,2500,293.36,0.7334,0.000156,0.7336,USD,1.0,SETTLED
TXN-202402893,2022-02-07,2022-02-09,CLT-1010,P-128,SHEL_LN,Shell PLC,Equity,BUY,25000,121.34,3.0335,0.000588,3.0341,GBP,0.79,SETTLED
TXN-202304197,2022-02-07,2022-02-09,CLT-1018,P-152,AMZN,Amazon.com Inc.,Equity,SELL,5000,137.68,0.6884,0.000166,0.6882,USD,1.0,SETTLED
TXN-202101950,2022-02-07,2022-02-09,CLT-1015,P-146,AMZN,Amazon.com Inc.,Equity,DIVIDEND,0,0.0,0.101,0.000101,0.1009,USD,1.0,SETTLED
TXN-202403918,2022-02-07,2022-02-09,CLT-1017,P-150,AMZN,Amazon.com Inc.,Equity,SELL,10000,224.93,2.2493,0.000624,2.2487,USD,1.0,SETTLED
TXN-202102665,2022-02-07,2022-02-09,CLT-1008,P-122,INFY_IN,Infosys Ltd.,Equity,BUY,2500,308.69,0.7717,0.000333,0.772,INR,86.5,SETTLED
TXN-202102135,2022-02-07,2022-02-08,CLT-1013,P-139,JGB_10Y,Japan Government Bond 10-Yr 0.8%,Government Bonds,DIVIDEND,0,0.0,0.1083,0.000108,0.1082,JPY,152.0,SETTLED
TXN-202205001,2022-02-07,2022-02-08,CLT-1019,P-156,EUR_LIQUIDITY_FUND,EUR Institutional Liquidity Master Fund,Money Market,BUY,25000,101.96,2.549,0.00088,2.5499,EUR,0.92,SETTLED
TXN-202403488,2022-02-07,2022-02-09,CLT-1013,P-136,HDFCBANK_IN,HDFC Bank Ltd.,Equity,BUY,25000,157.44,3.936,0.001684,3.9377,INR,86.5,SETTLED
TXN-202501184,2022-02-08,2022-02-10,CLT-1003,P-110,ICICIBANK_IN,ICICI Bank Ltd.,Equity,BUY,1000,329.74,0.3297,0.000163,0.3299,INR,86.5,SETTLED
TXN-202500074,2022-02-08,2022-02-10,CLT-1003,P-107,CORP_HY_USD,US High Yield Corporate Credit Note,Corporate Bonds,INTEREST,0,0.0,0.026,2.6e-05,0.026,USD,1.0,SETTLED
TXN-202104340,2022-02-08,2022-02-09,CLT-1017,P-150,GLD_ETF,SPDR Gold Shares Institutional Trust,ETF,TRANSFER,0,1.0,1.4267,0.0001,-1.4267,USD,1.0,SETTLED
TXN-202503104,2022-02-09,2022-02-11,CLT-1014,P-142,MSFT,Microsoft Corp.,Equity,SELL,1000,237.13,0.2371,7.3e-05,0.237,USD,1.0,SETTLED
TXN-202403718,2022-02-10,2022-02-11,CLT-1019,P-156,GER_10Y_BUND,Germany Bund 2.60% 2033,Government Bonds,BUY,500,99.59,0.0498,2.5e-05,0.0498,EUR,0.92,SETTLED
TXN-202101355,2022-02-10,2022-02-14,CLT-1017,P-149,6758_JP,Sony Group Corp.,Equity,SELL,25000,87.79,2.1947,0.000925,2.1938,JPY,152.0,SETTLED
TXN-202400748,2022-02-11,2022-02-15,CLT-1001,P-103,HDFCBANK_IN,HDFC Bank Ltd.,Equity,BUY,5000,308.21,1.5411,0.000658,1.5418,INR,86.5,SETTLED
TXN-202504929,2022-02-11,2022-02-15,CLT-1013,P-136,TCS_IN,Tata Consultancy Services,Equity,BUY,500,114.72,0.0574,2.1e-05,0.0574,INR,86.5,SETTLED
TXN-202504764,2022-02-11,2022-02-14,CLT-1018,P-153,JGB_10Y,Japan Government Bond 10-Yr 0.8%,Government Bonds,INTEREST,0,0.0,0.034,3.4e-05,0.034,JPY,152.0,SETTLED
TXN-202300032,2022-02-11,2022-02-14,CLT-1003,P-110,PLD_REIT,Prologis Global Logistics REIT,REIT,DIVIDEND,0,0.0,0.1599,0.00016,0.1597,USD,1.0,SETTLED
TXN-202200456,2022-02-11,2022-02-15,CLT-1015,P-146,HDFCBANK_IN,HDFC Bank Ltd.,Equity,SELL,10000,306.58,3.0658,0.001023,3.0648,INR,86.5,SETTLED
TXN-202304162,2022-02-14,2022-02-16,CLT-1022,P-166,UNH,UnitedHealth Group,Equity,INTEREST,0,0.0,0.2286,0.000229,0.2284,USD,1.0,SETTLED
TXN-202401333,2022-02-14,2022-02-15,CLT-1015,P-147,GER_10Y_BUND,Germany Bund 2.60% 2033,Government Bonds,DEPOSIT,0,1.0,1.4234,0.0001,1.4234,EUR,0.92,SETTLED
TXN-202300407,2022-02-14,2022-02-16,CLT-1024,P-172,AZN_LN,AstraZeneca PLC,Equity,BUY,2500,217.55,0.5439,0.000227,0.5441,GBP,0.79,SETTLED
TXN-202400298,2022-02-14,2022-02-16,CLT-1009,P-123,SHEL_LN,Shell PLC,Equity,DEPOSIT,0,1.0,2.5019,0.0001,2.5019,GBP,0.79,SETTLED
TXN-202302602,2022-02-15,2022-02-17,CLT-1004,P-111,DBS_SP,DBS Group Holdings,Equity,TRANSFER,0,1.0,3.1608,0.0001,-3.1608,SGD,1.34,SETTLED
TXN-202500134,2022-02-16,2022-02-18,CLT-1005,P-115,HDFCBANK_IN,HDFC Bank Ltd.,Equity,BUY,10000,312.77,3.1277,0.001038,3.1287,INR,86.5,SETTLED
TXN-202503019,2022-02-17,2022-02-18,CLT-1003,P-110,IND_10Y_GSEC,India Sovereign G-Sec 7.18% 2033,Government Bonds,SELL,5000,97.44,0.4872,0.000154,0.487,INR,86.5,SETTLED
TXN-202204086,2022-02-17,2022-02-21,CLT-1012,P-132,SHEL_LN,Shell PLC,Equity,BUY,25000,225.07,5.6268,0.002007,5.6288,GBP,0.79,SETTLED
TXN-202302957,2022-02-17,2022-02-18,CLT-1017,P-149,INFRA_GLOBAL_TRUST,Global Infrastructure Core Income Note,Alternatives,DIVIDEND,0,0.0,0.1976,0.000198,0.1974,USD,1.0,SETTLED
TXN-202504779,2022-02-17,2022-02-21,CLT-1009,P-125,NVDA,NVIDIA Corp.,Equity,FEE,0,0.0,0.0276,0.0276,-0.0276,USD,1.0,PENDING
TXN-202503994,2022-02-18,2022-02-22,CLT-1021,P-162,AZN_LN,AstraZeneca PLC,Equity,BUY,2500,89.92,0.2248,5.6e-05,0.2249,GBP,0.79,SETTLED
TXN-202103465,2022-02-18,2022-02-22,CLT-1013,P-136,GOOGL,Alphabet Inc.,Equity,BUY,500,145.09,0.0725,3.5e-05,0.0725,USD,1.0,SETTLED
TXN-202401453,2022-02-21,2022-02-22,CLT-1013,P-138,JGB_10Y,Japan Government Bond 10-Yr 0.8%,Government Bonds,BUY,50000,95.15,4.7575,0.00155,4.7591,JPY,152.0,SETTLED
TXN-202103555,2022-02-21,2022-02-22,CLT-1014,P-141,US_10Y_UST,US Treasury 10-Yr Benchmark Note,Government Bonds,DEPOSIT,0,1.0,1.4881,0.0001,1.4881,USD,1.0,SETTLED
TXN-202503524,2022-02-21,2022-02-22,CLT-1009,P-124,US_10Y_UST,US Treasury 10-Yr Benchmark Note,Government Bonds,DEPOSIT,0,1.0,2.8381,0.0001,2.8381,USD,1.0,SETTLED
TXN-202502714,2022-02-21,2022-02-23,CLT-1001,P-102,SHEL_LN,Shell PLC,Equity,SELL,25000,157.87,3.9468,0.001778,3.945,GBP,0.79,SETTLED
TXN-202500569,2022-02-21,2022-02-23,CLT-1007,P-120,NOVN_SW,Novartis AG,Equity,TRANSFER,0,1.0,2.9742,0.0001,-2.9742,CHF,0.88,SETTLED
TXN-202103855,2022-02-22,2022-02-24,CLT-1014,P-141,AMZN,Amazon.com Inc.,Equity,DEPOSIT,0,1.0,2.8982,0.0001,2.8982,USD,1.0,SETTLED
TXN-202201846,2022-02-22,2022-02-24,CLT-1011,P-130,CORP_IG_USD,US Investment Grade Corporate Bond Fund,Corporate Bonds,SELL,25000,102.32,2.558,0.000389,2.5576,USD,1.0,SETTLED
TXN-202200266,2022-02-23,2022-02-25,CLT-1016,P-148,SHEL_LN,Shell PLC,Equity,SELL,5000,183.49,0.9174,0.000438,0.917,GBP,0.79,SETTLED
TXN-202404963,2022-02-23,2022-02-24,CLT-1018,P-152,UK_10Y_GILT,UK Gilt 3.75% 2033,Government Bonds,BUY,10000,95.23,0.9523,0.00036,0.9527,GBP,0.79,SETTLED
TXN-202504419,2022-02-23,2022-02-24,CLT-1018,P-155,INR_OVERNIGHT_CASH,Institutional INR Overnight Liquid Fund,Money Market,DIVIDEND,0,0.0,0.2333,0.000233,0.2331,INR,86.5,SETTLED
TXN-202501669,2022-02-24,2022-02-28,CLT-1013,P-140,HDFCBANK_IN,HDFC Bank Ltd.,Equity,SELL,2500,112.81,0.282,9.7e-05,0.2819,INR,86.5,SETTLED
TXN-202504384,2022-02-24,2022-02-25,CLT-1019,P-157,INR_OVERNIGHT_CASH,Institutional INR Overnight Liquid Fund,Money Market,SELL,2500,99.19,0.248,0.000107,0.2479,INR,86.5,SETTLED
TXN-202304932,2022-02-24,2022-02-25,CLT-1021,P-161,USD_TREAS_MMF,Institutional USD Treasury Money Market Fund,Money Market,BUY,50000,96.73,4.8365,0.001563,4.8381,USD,1.0,SETTLED
TXN-202104345,2022-02-24,2022-02-28,CLT-1018,P-152,AZN_LN,AstraZeneca PLC,Equity,SELL,500,278.99,0.1395,4e-05,0.1395,GBP,0.79,SETTLED
TXN-202504984,2022-02-24,2022-02-28,CLT-1015,P-145,LT_IN,Larsen & Toubro Ltd.,Equity,BUY,2500,48.44,0.1211,5.9e-05,0.1212,INR,86.5,SETTLED
TXN-202300132,2022-02-24,2022-02-28,CLT-1023,P-167,CORP_HY_USD,US High Yield Corporate Credit Note,Corporate Bonds,BUY,1000,96.79,0.0968,3.7e-05,0.0968,USD,1.0,SETTLED
TXN-202103475,2022-02-24,2022-02-25,CLT-1009,P-123,IND_10Y_GSEC,India Sovereign G-Sec 7.18% 2033,Government Bonds,BUY,2500,95.39,0.2385,8.7e-05,0.2386,INR,86.5,SETTLED
TXN-202300977,2022-02-24,2022-02-25,CLT-1012,P-133,IND_10Y_GSEC,India Sovereign G-Sec 7.18% 2033,Government Bonds,INTEREST,0,0.0,0.1255,0.000126,0.1254,INR,86.5,SETTLED
TXN-202404778,2022-02-25,2022-03-01,CLT-1021,P-163,GOOGL,Alphabet Inc.,Equity,BUY,50000,211.97,10.5985,0.00354,10.602,USD,1.0,SETTLED
TXN-202304557,2022-02-25,2022-02-28,CLT-1009,P-123,GER_10Y_BUND,Germany Bund 2.60% 2033,Government Bonds,BUY,25000,95.76,2.394,0.000859,2.3949,EUR,0.92,SETTLED
TXN-202502039,2022-02-25,2022-03-01,CLT-1023,P-168,HDFCBANK_IN,HDFC Bank Ltd.,Equity,BUY,500,252.43,0.1262,3.7e-05,0.1262,INR,86.5,SETTLED
TXN-202404008,2022-02-25,2022-02-28,CLT-1011,P-131,EUR_LIQUIDITY_FUND,EUR Institutional Liquidity Master Fund,Money Market,INTEREST,0,0.0,0.1603,0.00016,0.1601,EUR,0.92,SETTLED
TXN-202301487,2022-02-28,2022-03-01,CLT-1022,P-165,US_5Y_UST,US Treasury 5-Yr Benchmark Note,Government Bonds,SELL,25000,101.32,2.533,0.001231,2.5318,USD,1.0,SETTLED
TXN-202200641,2022-02-28,2022-03-02,CLT-1010,P-126,NOVN_SW,Novartis AG,Equity,DIVIDEND,0,0.0,0.2107,0.000211,0.2105,CHF,0.88,SETTLED
TXN-202305247,2022-02-28,2022-03-02,CLT-1010,P-129,TCS_IN,Tata Consultancy Services,Equity,BUY,2500,201.58,0.504,9.9e-05,0.5041,INR,86.5,SETTLED
TXN-202401808,2022-02-28,2022-03-02,CLT-1010,P-126,XOM,Exxon Mobil Corp.,Equity,DIVIDEND,0,0.0,0.0179,1.8e-05,0.0179,USD,1.0,SETTLED
TXN-202403243,2022-02-28,2022-03-01,CLT-1025,P-174,UK_10Y_GILT,UK Gilt 3.75% 2033,Government Bonds,SELL,1000,99.77,0.0998,2.4e-05,0.0998,GBP,0.79,SETTLED
TXN-202101400,2022-02-28,2022-03-02,CLT-1018,P-155,JPM,JPMorgan Chase & Co.,Equity,BUY,50000,137.34,6.867,0.001727,6.8687,USD,1.0,SETTLED
TXN-202204636,2022-02-28,2022-03-02,CLT-1019,P-158,DBS_SP,DBS Group Holdings,Equity,SELL,1000,125.0,0.125,2.5e-05,0.125,SGD,1.34,SETTLED
TXN-202204536,2022-02-28,2022-03-02,CLT-1012,P-135,TCS_IN,Tata Consultancy Services,Equity,DIVIDEND,0,0.0,0.0862,8.6e-05,0.0861,INR,86.5,SETTLED
TXN-202304987,2022-02-28,2022-03-02,CLT-1010,P-129,MSFT,Microsoft Corp.,Equity,SELL,10000,162.7,1.627,0.00036,1.6266,USD,1.0,SETTLED
TXN-202200111,2022-02-28,2022-03-01,CLT-1005,P-112,US_5Y_UST,US Treasury 5-Yr Benchmark Note,Government Bonds,BUY,25000,95.86,2.3965,0.000589,2.3971,USD,1.0,SETTLED
TXN-202301562,2022-02-28,2022-03-02,CLT-1018,P-155,INFY_IN,Infosys Ltd.,Equity,SELL,10000,348.42,3.4842,0.00172,3.4825,INR,86.5,SETTLED
TXN-202403363,2022-02-28,2022-03-02,CLT-1015,P-144,ASML_NA,ASML Holding NV,Equity,SELL,10000,312.27,3.1227,0.001083,3.1216,EUR,0.92,SETTLED
TXN-202203406,2022-02-28,2022-03-01,CLT-1010,P-126,IND_10Y_GSEC,India Sovereign G-Sec 7.18% 2033,Government Bonds,FEE,0,0.0,0.0237,0.0237,-0.0237,INR,86.5,SETTLED
TXN-202201976,2022-03-01,2022-03-03,CLT-1024,P-172,AZN_LN,AstraZeneca PLC,Equity,BUY,5000,287.25,1.4363,0.000384,1.4367,GBP,0.79,SETTLED
TXN-202102430,2022-03-01,2022-03-03,CLT-1018,P-154,MSFT,Microsoft Corp.,Equity,BUY,50000,117.58,5.879,0.001526,5.8805,USD,1.0,SETTLED
TXN-202105035,2022-03-01,2022-03-03,CLT-1024,P-171,AZN_LN,AstraZeneca PLC,Equity,SELL,500,279.23,0.1396,6.6e-05,0.1395,GBP,0.79,SETTLED
TXN-202402068,2022-03-01,2022-03-02,CLT-1013,P-139,US_5Y_UST,US Treasury 5-Yr Benchmark Note,Government Bonds,BUY,50000,98.77,4.9385,0.001181,4.9397,USD,1.0,SETTLED
TXN-202103715,2022-03-02,2022-03-04,CLT-1022,P-164,BHARTIARTL_IN,Bharti Airtel Ltd.,Equity,SELL,50000,314.65,15.7325,0.007853,15.7246,INR,86.5,SETTLED
TXN-202100345,2022-03-02,2022-03-04,CLT-1023,P-168,SAP_GY,SAP SE,Equity,BUY,50000,137.75,6.8875,0.002659,6.8902,EUR,0.92,PENDING
TXN-202403493,2022-03-02,2022-03-03,CLT-1011,P-130,OPERATING_CASH,Operational Custody Cash Balance,Cash,SELL,50000,97.16,4.858,0.002397,4.8556,USD,1.0,SETTLED
TXN-202400058,2022-03-02,2022-03-04,CLT-1017,P-151,MSFT,Microsoft Corp.,Equity,BUY,5000,62.81,0.314,0.000153,0.3142,USD,1.0,SETTLED
TXN-202402283,2022-03-03,2022-03-07,CLT-1001,P-101,ICICIBANK_IN,ICICI Bank Ltd.,Equity,INTEREST,0,0.0,0.0165,1.7e-05,0.0165,INR,86.5,SETTLED
TXN-202304077,2022-03-03,2022-03-04,CLT-1025,P-173,US_10Y_UST,US Treasury 10-Yr Benchmark Note,Government Bonds,SELL,50000,99.73,4.9865,0.001077,4.9854,USD,1.0,SETTLED
TXN-202200401,2022-03-04,2022-03-07,CLT-1012,P-133,US_10Y_UST,US Treasury 10-Yr Benchmark Note,Government Bonds,BUY,500,97.57,0.0488,2.1e-05,0.0488,USD,1.0,SETTLED
TXN-202301587,2022-03-04,2022-03-07,CLT-1018,P-155,USD_TREAS_MMF,Institutional USD Treasury Money Market Fund,Money Market,BUY,50000,95.82,4.791,0.001781,4.7928,USD,1.0,SETTLED
TXN-202303137,2022-03-04,2022-03-08,CLT-1006,P-116,ICICIBANK_IN,ICICI Bank Ltd.,Equity,SELL,25000,194.21,4.8552,0.00182,4.8534,INR,86.5,SETTLED
TXN-202400013,2022-03-04,2022-03-07,CLT-1003,P-110,GLD_ETF,SPDR Gold Shares Institutional Trust,ETF,TRANSFER,0,1.0,2.2717,0.0001,-2.2717,USD,1.0,SETTLED
TXN-202200461,2022-03-04,2022-03-07,CLT-1003,P-109,UK_10Y_GILT,UK Gilt 3.75% 2033,Government Bonds,BUY,1000,96.15,0.0961,4.2e-05,0.0961,GBP,0.79,SETTLED
TXN-202101335,2022-03-04,2022-03-08,CLT-1013,P-136,TCS_IN,Tata Consultancy Services,Equity,BUY,2500,128.52,0.3213,5.1e-05,0.3214,INR,86.5,SETTLED
TXN-202104125,2022-03-07,2022-03-09,CLT-1003,P-109,BHARTIARTL_IN,Bharti Airtel Ltd.,Equity,INTEREST,0,0.0,0.0759,7.6e-05,0.0758,INR,86.5,SETTLED
TXN-202400868,2022-03-07,2022-03-09,CLT-1010,P-126,CORP_IG_USD,US Investment Grade Corporate Bond Fund,Corporate Bonds,BUY,500,100.29,0.0501,1.1e-05,0.0501,USD,1.0,SETTLED
TXN-202202371,2022-03-07,2022-03-09,CLT-1015,P-144,AMZN,Amazon.com Inc.,Equity,BUY,1000,321.75,0.3217,0.000115,0.3218,USD,1.0,SETTLED
TXN-202403453,2022-03-07,2022-03-08,CLT-1016,P-148,USD_TREAS_MMF,Institutional USD Treasury Money Market Fund,Money Market,INTEREST,0,0.0,0.135,0.000135,0.1349,USD,1.0,SETTLED
TXN-202201071,2022-03-07,2022-03-09,CLT-1022,P-164,XOM,Exxon Mobil Corp.,Equity,BUY,1000,163.32,0.1633,6.1e-05,0.1634,USD,1.0,SETTLED
TXN-202304097,2022-03-08,2022-03-10,CLT-1005,P-114,DBS_SP,DBS Group Holdings,Equity,SELL,10000,157.17,1.5717,0.000273,1.5714,SGD,1.34,SETTLED
TXN-202500244,2022-03-08,2022-03-10,CLT-1015,P-147,INFY_IN,Infosys Ltd.,Equity,SELL,50000,206.07,10.3035,0.004646,10.2989,INR,86.5,SETTLED
TXN-202500934,2022-03-08,2022-03-10,CLT-1023,P-168,SAP_GY,SAP SE,Equity,INTEREST,0,0.0,0.1912,0.000191,0.191,EUR,0.92,SETTLED
TXN-202502849,2022-03-09,2022-03-11,CLT-1013,P-138,NVDA,NVIDIA Corp.,Equity,BUY,1000,121.17,0.1212,3e-05,0.1212,USD,1.0,SETTLED
TXN-202501834,2022-03-09,2022-03-10,CLT-1002,P-104,JGB_10Y,Japan Government Bond 10-Yr 0.8%,Government Bonds,SELL,25000,96.69,2.4173,0.001054,2.4162,JPY,152.0,SETTLED
TXN-202100320,2022-03-09,2022-03-11,CLT-1013,P-139,7203_JP,Toyota Motor Corp.,Equity,SELL,5000,242.75,1.2138,0.000363,1.2134,JPY,152.0,SETTLED
TXN-202203791,2022-03-10,2022-03-14,CLT-1006,P-118,AAPL,Apple Inc.,Equity,SELL,2500,262.7,0.6567,0.000316,0.6564,USD,1.0,SETTLED
TXN-202503269,2022-03-11,2022-03-14,CLT-1021,P-162,JGB_10Y,Japan Government Bond 10-Yr 0.8%,Government Bonds,SELL,2500,98.68,0.2467,0.0001,0.2466,JPY,152.0,SETTLED
TXN-202304357,2022-03-11,2022-03-14,CLT-1006,P-117,GLD_ETF,SPDR Gold Shares Institutional Trust,ETF,SELL,1000,98.77,0.0988,2.4e-05,0.0988,USD,1.0,PENDING
TXN-202201146,2022-03-14,2022-03-16,CLT-1021,P-161,AAPL,Apple Inc.,Equity,DIVIDEND,0,0.0,0.0953,9.5e-05,0.0952,USD,1.0,SETTLED
TXN-202401973,2022-03-14,2022-03-15,CLT-1007,P-120,GER_10Y_BUND,Germany Bund 2.60% 2033,Government Bonds,BUY,25000,100.8,2.52,0.000511,2.5205,EUR,0.92,SETTLED
TXN-202303332,2022-03-14,2022-03-15,CLT-1013,P-139,EUR_LIQUIDITY_FUND,EUR Institutional Liquidity Master Fund,Money Market,SELL,1000,96.56,0.0966,4e-05,0.0966,EUR,0.92,SETTLED
TXN-202301547,2022-03-14,2022-03-16,CLT-1014,P-142,CORP_IG_EUR,Euro High Grade Corporate Bond Note,Corporate Bonds,DIVIDEND,0,0.0,0.2059,0.000206,0.2057,EUR,0.92,SETTLED
TXN-202202656,2022-03-14,2022-03-16,CLT-1011,P-130,UNH,UnitedHealth Group,Equity,INTEREST,0,0.0,0.192,0.000192,0.1918,USD,1.0,SETTLED
TXN-202403068,2022-03-14,2022-03-16,CLT-1019,P-157,TCS_IN,Tata Consultancy Services,Equity,DEPOSIT,0,1.0,2.8678,0.0001,2.8678,INR,86.5,SETTLED
TXN-202400803,2022-03-14,2022-03-16,CLT-1023,P-169,SAP_GY,SAP SE,Equity,SELL,50000,75.92,3.796,0.000881,3.7951,EUR,0.92,SETTLED
TXN-202205211,2022-03-15,2022-03-17,CLT-1009,P-125,LT_IN,Larsen & Toubro Ltd.,Equity,BUY,500,121.76,0.0609,2.7e-05,0.0609,INR,86.5,SETTLED
TXN-202502874,2022-03-16,2022-03-18,CLT-1017,P-150,CORP_IG_EUR,Euro High Grade Corporate Bond Note,Corporate Bonds,DIVIDEND,0,0.0,0.1672,0.000167,0.167,EUR,0.92,SETTLED
TXN-202502669,2022-03-16,2022-03-18,CLT-1009,P-124,DBS_SP,DBS Group Holdings,Equity,BUY,2500,128.79,0.322,5.7e-05,0.3221,SGD,1.34,SETTLED
TXN-202203951,2022-03-16,2022-03-17,CLT-1023,P-168,US_10Y_UST,US Treasury 10-Yr Benchmark Note,Government Bonds,FEE,0,0.0,0.0356,0.0356,-0.0356,USD,1.0,SETTLED
TXN-202201621,2022-03-16,2022-03-18,CLT-1012,P-135,HDFCBANK_IN,HDFC Bank Ltd.,Equity,DIVIDEND,0,0.0,0.2393,0.000239,0.2391,INR,86.5,SETTLED
TXN-202101050,2022-03-17,2022-03-21,CLT-1010,P-126,LT_IN,Larsen & Toubro Ltd.,Equity,SELL,10000,243.17,2.4317,0.001187,2.4305,INR,86.5,SETTLED
TXN-202400648,2022-03-17,2022-03-18,CLT-1009,P-125,US_10Y_UST,US Treasury 10-Yr Benchmark Note,Government Bonds,DEPOSIT,0,1.0,0.4511,0.0001,0.4511,USD,1.0,SETTLED
TXN-202300652,2022-03-18,2022-03-21,CLT-1003,P-109,US_5Y_UST,US Treasury 5-Yr Benchmark Note,Government Bonds,SELL,500,95.3,0.0476,1.4e-05,0.0476,USD,1.0,SETTLED
TXN-202405113,2022-03-18,2022-03-22,CLT-1003,P-109,JPM,JPMorgan Chase & Co.,Equity,SELL,50000,101.16,5.058,0.002518,5.0555,USD,1.0,SETTLED
TXN-202401323,2022-03-21,2022-03-23,CLT-1018,P-153,7203_JP,Toyota Motor Corp.,Equity,SELL,25000,211.99,5.2998,0.00139,5.2984,JPY,152.0,SETTLED
TXN-202304792,2022-03-21,2022-03-22,CLT-1003,P-109,USD_TREAS_MMF,Institutional USD Treasury Money Market Fund,Money Market,SELL,25000,95.24,2.381,0.000943,2.3801,USD,1.0,SETTLED
TXN-202200036,2022-03-21,2022-03-23,CLT-1015,P-145,ICICIBANK_IN,ICICI Bank Ltd.,Equity,BUY,25000,218.82,5.4705,0.000848,5.4713,INR,86.5,SETTLED
TXN-202504194,2022-03-21,2022-03-23,CLT-1012,P-132,XOM,Exxon Mobil Corp.,Equity,DIVIDEND,0,0.0,0.1095,0.00011,0.1094,USD,1.0,SETTLED
TXN-202403823,2022-03-21,2022-03-23,CLT-1011,P-131,6758_JP,Sony Group Corp.,Equity,SELL,500,201.8,0.1009,2.5e-05,0.1009,JPY,152.0,SETTLED
TXN-202304732,2022-03-21,2022-03-23,CLT-1018,P-154,AAPL,Apple Inc.,Equity,BUY,50000,213.4,10.67,0.001744,10.6717,USD,1.0,SETTLED
TXN-202303212,2022-03-21,2022-03-22,CLT-1006,P-117,US_5Y_UST,US Treasury 5-Yr Benchmark Note,Government Bonds,INTEREST,0,0.0,0.1709,0.000171,0.1707,USD,1.0,SETTLED
TXN-202401368,2022-03-21,2022-03-23,CLT-1007,P-120,INFY_IN,Infosys Ltd.,Equity,BUY,25000,197.59,4.9398,0.001838,4.9416,INR,86.5,SETTLED
TXN-202304972,2022-03-21,2022-03-23,CLT-1003,P-108,LT_IN,Larsen & Toubro Ltd.,Equity,BUY,500,81.21,0.0406,1.3e-05,0.0406,INR,86.5,SETTLED
TXN-202202916,2022-03-21,2022-03-23,CLT-1017,P-151,CORP_IG_USD,US Investment Grade Corporate Bond Fund,Corporate Bonds,DEPOSIT,0,1.0,0.2391,0.0001,0.2391,USD,1.0,SETTLED
TXN-202500949,2022-03-21,2022-03-23,CLT-1013,P-140,BHARTIARTL_IN,Bharti Airtel Ltd.,Equity,SELL,10000,228.09,2.2809,0.000602,2.2803,INR,86.5,SETTLED
TXN-202501749,2022-03-21,2022-03-23,CLT-1004,P-111,ICICIBANK_IN,ICICI Bank Ltd.,Equity,SELL,5000,315.0,1.575,0.000258,1.5747,INR,86.5,SETTLED
TXN-202401938,2022-03-21,2022-03-23,CLT-1003,P-106,INFY_IN,Infosys Ltd.,Equity,SELL,500,289.7,0.1449,3.4e-05,0.1449,INR,86.5,PENDING
TXN-202501984,2022-03-22,2022-03-23,CLT-1025,P-174,GLD_ETF,SPDR Gold Shares Institutional Trust,ETF,SELL,50000,99.33,4.9665,0.001228,4.9653,USD,1.0,SETTLED
TXN-202500189,2022-03-23,2022-03-25,CLT-1018,P-153,JPM,JPMorgan Chase & Co.,Equity,BUY,2500,318.08,0.7952,0.000273,0.7955,USD,1.0,SETTLED
TXN-202102975,2022-03-23,2022-03-25,CLT-1013,P-140,CORP_HY_USD,US High Yield Corporate Credit Note,Corporate Bonds,SELL,50000,102.64,5.132,0.001148,5.1309,USD,1.0,SETTLED
TXN-202204261,2022-03-23,2022-03-25,CLT-1003,P-109,TCS_IN,Tata Consultancy Services,Equity,INTEREST,0,0.0,0.1218,0.000122,0.1217,INR,86.5,SETTLED
TXN-202504899,2022-03-25,2022-03-29,CLT-1001,P-103,CORP_HY_USD,US High Yield Corporate Credit Note,Corporate Bonds,SELL,10000,99.14,0.9914,0.000396,0.991,USD,1.0,SETTLED
TXN-202102615,2022-03-25,2022-03-28,CLT-1019,P-157,US_10Y_UST,US Treasury 10-Yr Benchmark Note,Government Bonds,DIVIDEND,0,0.0,0.2017,0.000202,0.2015,USD,1.0,SETTLED
TXN-202303677,2022-03-25,2022-03-29,CLT-1014,P-141,NVDA,NVIDIA Corp.,Equity,BUY,5000,275.24,1.3762,0.000649,1.3768,USD,1.0,SETTLED
TXN-202302322,2022-03-28,2022-03-30,CLT-1019,P-157,JPM,JPMorgan Chase & Co.,Equity,SELL,1000,278.8,0.2788,8e-05,0.2787,USD,1.0,SETTLED
TXN-202100110,2022-03-28,2022-03-30,CLT-1007,P-119,MSFT,Microsoft Corp.,Equity,BUY,1000,219.05,0.219,8.6e-05,0.2191,USD,1.0,SETTLED
TXN-202304082,2022-03-28,2022-03-30,CLT-1019,P-157,MSFT,Microsoft Corp.,Equity,BUY,1000,240.53,0.2405,5.5e-05,0.2406,USD,1.0,SETTLED
TXN-202203351,2022-03-28,2022-03-30,CLT-1022,P-166,SAP_GY,SAP SE,Equity,BUY,10000,308.92,3.0892,0.001493,3.0907,EUR,0.92,SETTLED
TXN-202202141,2022-03-28,2022-03-29,CLT-1005,P-115,US_5Y_UST,US Treasury 5-Yr Benchmark Note,Government Bonds,BUY,500,96.36,0.0482,2e-05,0.0482,USD,1.0,SETTLED
TXN-202102045,2022-03-28,2022-03-29,CLT-1021,P-162,PLD_REIT,Prologis Global Logistics REIT,REIT,DIVIDEND,0,0.0,0.1454,0.000145,0.1453,USD,1.0,SETTLED
TXN-202204891,2022-03-28,2022-03-30,CLT-1020,P-160,AAPL,Apple Inc.,Equity,BUY,2500,103.19,0.258,0.000118,0.2581,USD,1.0,SETTLED
TXN-202504684,2022-03-28,2022-03-30,CLT-1003,P-110,GOOGL,Alphabet Inc.,Equity,SELL,1000,45.66,0.0457,7e-06,0.0457,USD,1.0,SETTLED
TXN-202501824,2022-03-28,2022-03-30,CLT-1021,P-162,SHEL_LN,Shell PLC,Equity,SELL,25000,172.48,4.312,0.001107,4.3109,GBP,0.79,SETTLED
TXN-202202326,2022-03-28,2022-03-30,CLT-1003,P-110,JPM,JPMorgan Chase & Co.,Equity,WITHDRAWAL,0,1.0,0.3199,0.0001,-0.3199,USD,1.0,SETTLED
TXN-202403573,2022-03-29,2022-03-31,CLT-1004,P-111,CORP_IG_USD,US Investment Grade Corporate Bond Fund,Corporate Bonds,SELL,10000,98.45,0.9845,0.00046,0.984,USD,1.0,FAILED
TXN-202300722,2022-03-29,2022-03-31,CLT-1011,P-131,INFY_IN,Infosys Ltd.,Equity,SELL,1000,324.46,0.3245,8e-05,0.3244,INR,86.5,FAILED
TXN-202304532,2022-03-30,2022-03-31,CLT-1005,P-112,INR_OVERNIGHT_CASH,Institutional INR Overnight Liquid Fund,Money Market,SELL,25000,101.63,2.5408,0.000459,2.5403,INR,86.5,SETTLED
TXN-202503274,2022-03-30,2022-04-01,CLT-1010,P-128,RELIANCE_IN,Reliance Industries Ltd.,Equity,BUY,50000,208.58,10.429,0.004173,10.4332,INR,86.5,SETTLED
TXN-202505069,2022-03-30,2022-03-31,CLT-1024,P-170,GLD_ETF,SPDR Gold Shares Institutional Trust,ETF,BUY,1000,102.53,0.1025,5.1e-05,0.1026,USD,1.0,SETTLED
TXN-202200531,2022-03-30,2022-04-01,CLT-1014,P-141,LT_IN,Larsen & Toubro Ltd.,Equity,BUY,5000,104.09,0.5204,0.000195,0.5206,INR,86.5,PENDING
TXN-202404773,2022-03-31,2022-04-04,CLT-1023,P-167,AZN_LN,AstraZeneca PLC,Equity,SELL,500,245.04,0.1225,3.5e-05,0.1225,GBP,0.79,SETTLED
TXN-202202681,2022-04-01,2022-04-05,CLT-1003,P-106,INFY_IN,Infosys Ltd.,Equity,BUY,5000,301.93,1.5096,0.000572,1.5102,INR,86.5,SETTLED
TXN-202101365,2022-04-01,2022-04-05,CLT-1024,P-172,TCS_IN,Tata Consultancy Services,Equity,SELL,25000,67.79,1.6948,0.000764,1.694,INR,86.5,SETTLED
TXN-202104155,2022-04-01,2022-04-05,CLT-1002,P-105,UNH,UnitedHealth Group,Equity,BUY,500,261.13,0.1306,5.1e-05,0.1307,USD,1.0,SETTLED
TXN-202304002,2022-04-01,2022-04-04,CLT-1021,P-161,EUR_LIQUIDITY_FUND,EUR Institutional Liquidity Master Fund,Money Market,FEE,0,0.0,0.0069,0.0069,-0.0069,EUR,0.92,SETTLED
TXN-202304572,2022-04-01,2022-04-05,CLT-1023,P-167,UNH,UnitedHealth Group,Equity,DIVIDEND,0,0.0,0.1142,0.000114,0.1141,USD,1.0,SETTLED
TXN-202302632,2022-04-01,2022-04-05,CLT-1019,P-156,CORP_HY_USD,US High Yield Corporate Credit Note,Corporate Bonds,SELL,500,97.69,0.0488,1.4e-05,0.0488,USD,1.0,SETTLED
TXN-202103325,2022-04-01,2022-04-05,CLT-1012,P-134,ICICIBANK_IN,ICICI Bank Ltd.,Equity,SELL,25000,301.28,7.532,0.002357,7.5296,INR,86.5,SETTLED
TXN-202301502,2022-04-04,2022-04-06,CLT-1012,P-135,AAPL,Apple Inc.,Equity,SELL,50000,177.74,8.887,0.00226,8.8847,USD,1.0,SETTLED
TXN-202204966,2022-04-04,2022-04-06,CLT-1003,P-110,AMZN,Amazon.com Inc.,Equity,DIVIDEND,0,0.0,0.1757,0.000176,0.1755,USD,1.0,SETTLED
TXN-202201966,2022-04-04,2022-04-06,CLT-1023,P-169,HDFCBANK_IN,HDFC Bank Ltd.,Equity,INTEREST,0,0.0,0.026,2.6e-05,0.026,INR,86.5,SETTLED
TXN-202503504,2022-04-04,2022-04-05,CLT-1014,P-141,OPERATING_CASH,Operational Custody Cash Balance,Cash,INTEREST,0,0.0,0.0901,9e-05,0.09,USD,1.0,SETTLED
TXN-202500769,2022-04-04,2022-04-06,CLT-1010,P-129,AZN_LN,AstraZeneca PLC,Equity,FEE,0,0.0,0.0236,0.0236,-0.0236,GBP,0.79,SETTLED
TXN-202104545,2022-04-04,2022-04-06,CLT-1013,P-138,AZN_LN,AstraZeneca PLC,Equity,SELL,25000,72.61,1.8153,0.000707,1.8146,GBP,0.79,SETTLED
TXN-202204571,2022-04-04,2022-04-06,CLT-1017,P-151,TCS_IN,Tata Consultancy Services,Equity,BUY,5000,105.37,0.5269,0.000187,0.5271,INR,86.5,SETTLED
TXN-202500179,2022-04-05,2022-04-06,CLT-1010,P-127,GER_10Y_BUND,Germany Bund 2.60% 2033,Government Bonds,BUY,10000,95.42,0.9542,0.000245,0.9544,EUR,0.92,SETTLED
TXN-202104235,2022-04-05,2022-04-07,CLT-1001,P-103,INFY_IN,Infosys Ltd.,Equity,BUY,2500,156.88,0.3922,0.000168,0.3924,INR,86.5,SETTLED
TXN-202500354,2022-04-05,2022-04-06,CLT-1006,P-118,USD_TREAS_MMF,Institutional USD Treasury Money Market Fund,Money Market,SELL,500,99.8,0.0499,2e-05,0.0499,USD,1.0,SETTLED
TXN-202102130,2022-04-05,2022-04-06,CLT-1022,P-165,IND_10Y_GSEC,India Sovereign G-Sec 7.18% 2033,Government Bonds,BUY,50000,99.12,4.956,0.001085,4.9571,INR,86.5,SETTLED
TXN-202105030,2022-04-06,2022-04-07,CLT-1003,P-107,INR_OVERNIGHT_CASH,Institutional INR Overnight Liquid Fund,Money Market,BUY,2500,95.15,0.2379,9.7e-05,0.238,INR,86.5,SETTLED
TXN-202103205,2022-04-06,2022-04-08,CLT-1008,P-122,NVDA,NVIDIA Corp.,Equity,BUY,10000,338.81,3.3881,0.001564,3.3897,USD,1.0,SETTLED
TXN-202304317,2022-04-06,2022-04-08,CLT-1025,P-174,SAP_GY,SAP SE,Equity,BUY,50000,237.54,11.877,0.005848,11.8828,EUR,0.92,SETTLED
TXN-202300697,2022-04-07,2022-04-08,CLT-1012,P-134,GER_10Y_BUND,Germany Bund 2.60% 2033,Government Bonds,SELL,500,101.97,0.051,2.2e-05,0.051,EUR,0.92,PENDING
TXN-202305207,2022-04-07,2022-04-11,CLT-1010,P-129,CORP_IG_USD,US Investment Grade Corporate Bond Fund,Corporate Bonds,SELL,50000,100.83,5.0415,0.001874,5.0396,USD,1.0,SETTLED
TXN-202201531,2022-04-07,2022-04-11,CLT-1014,P-141,JPM,JPMorgan Chase & Co.,Equity,BUY,1000,129.12,0.1291,5.2e-05,0.1292,USD,1.0,SETTLED
TXN-202504994,2022-04-07,2022-04-08,CLT-1025,P-174,US_10Y_UST,US Treasury 10-Yr Benchmark Note,Government Bonds,BUY,50000,101.74,5.087,0.001673,5.0887,USD,1.0,SETTLED
TXN-202500924,2022-04-08,2022-04-12,CLT-1011,P-130,CORP_IG_EUR,Euro High Grade Corporate Bond Note,Corporate Bonds,SELL,2500,101.7,0.2542,9e-05,0.2541,EUR,0.92,SETTLED
TXN-202100270,2022-04-08,2022-04-12,CLT-1015,P-145,ICICIBANK_IN,ICICI Bank Ltd.,Equity,SELL,2500,128.1,0.3202,0.00015,0.3201,INR,86.5,SETTLED
TXN-202202546,2022-04-08,2022-04-11,CLT-1015,P-146,EUR_LIQUIDITY_FUND,EUR Institutional Liquidity Master Fund,Money Market,WITHDRAWAL,0,1.0,3.2221,0.0001,-3.2221,EUR,0.92,SETTLED
TXN-202404493,2022-04-08,2022-04-12,CLT-1021,P-161,GOOGL,Alphabet Inc.,Equity,WITHDRAWAL,0,1.0,1.934,0.0001,-1.934,USD,1.0,SETTLED
TXN-202104720,2022-04-08,2022-04-12,CLT-1020,P-160,UNH,UnitedHealth Group,Equity,SELL,25000,54.69,1.3673,0.000325,1.367,USD,1.0,SETTLED
TXN-202202066,2022-04-11,2022-04-13,CLT-1011,P-130,JPM,JPMorgan Chase & Co.,Equity,BUY,5000,304.91,1.5246,0.000622,1.5252,USD,1.0,SETTLED
TXN-202102055,2022-04-11,2022-04-13,CLT-1014,P-142,ICICIBANK_IN,ICICI Bank Ltd.,Equity,INTEREST,0,0.0,0.1091,0.000109,0.109,INR,86.5,SETTLED
TXN-202304512,2022-04-11,2022-04-13,CLT-1011,P-130,UNH,UnitedHealth Group,Equity,BUY,2500,56.27,0.1407,4.8e-05,0.1407,USD,1.0,SETTLED
TXN-202301657,2022-04-11,2022-04-13,CLT-1015,P-146,ICICIBANK_IN,ICICI Bank Ltd.,Equity,SELL,5000,136.59,0.6829,0.00033,0.6826,INR,86.5,SETTLED
TXN-202303347,2022-04-11,2022-04-12,CLT-1013,P-138,INFRA_GLOBAL_TRUST,Global Infrastructure Core Income Note,Alternatives,BUY,5000,97.91,0.4895,0.000195,0.4897,USD,1.0,SETTLED
TXN-202400453,2022-04-11,2022-04-13,CLT-1020,P-159,XOM,Exxon Mobil Corp.,Equity,INTEREST,0,0.0,0.1444,0.000144,0.1443,USD,1.0,SETTLED
TXN-202500444,2022-04-11,2022-04-13,CLT-1012,P-133,NOVN_SW,Novartis AG,Equity,BUY,2500,260.24,0.6506,0.000203,0.6508,CHF,0.88,SETTLED
TXN-202404863,2022-04-12,2022-04-14,CLT-1003,P-110,LT_IN,Larsen & Toubro Ltd.,Equity,DIVIDEND,0,0.0,0.1657,0.000166,0.1655,INR,86.5,SETTLED
TXN-202401968,2022-04-12,2022-04-14,CLT-1009,P-123,SAP_GY,SAP SE,Equity,SELL,1000,105.85,0.1058,2.7e-05,0.1058,EUR,0.92,SETTLED
TXN-202405048,2022-04-14,2022-04-18,CLT-1015,P-145,ASML_NA,ASML Holding NV,Equity,BUY,50000,338.89,16.9445,0.008067,16.9526,EUR,0.92,SETTLED
TXN-202504539,2022-04-14,2022-04-18,CLT-1003,P-108,SAP_GY,SAP SE,Equity,SELL,1000,270.13,0.2701,0.000116,0.27,EUR,0.92,SETTLED
TXN-202501779,2022-04-14,2022-04-15,CLT-1002,P-104,PLD_REIT,Prologis Global Logistics REIT,REIT,BUY,1000,100.28,0.1003,4.6e-05,0.1003,USD,1.0,SETTLED
TXN-202101100,2022-04-15,2022-04-19,CLT-1014,P-143,GOOGL,Alphabet Inc.,Equity,BUY,50000,309.77,15.4885,0.004281,15.4928,USD,1.0,SETTLED
TXN-202503219,2022-04-18,2022-04-20,CLT-1010,P-128,RELIANCE_IN,Reliance Industries Ltd.,Equity,WITHDRAWAL,0,1.0,0.6932,0.0001,-0.6932,INR,86.5,SETTLED
TXN-202101725,2022-04-18,2022-04-20,CLT-1021,P-162,GOOGL,Alphabet Inc.,Equity,SELL,1000,70.29,0.0703,1.8e-05,0.0703,USD,1.0,SETTLED
TXN-202402253,2022-04-18,2022-04-20,CLT-1023,P-168,SAP_GY,SAP SE,Equity,BUY,5000,212.21,1.0611,0.000471,1.0616,EUR,0.92,SETTLED
TXN-202303037,2022-04-18,2022-04-19,CLT-1019,P-157,IND_10Y_GSEC,India Sovereign G-Sec 7.18% 2033,Government Bonds,DIVIDEND,0,0.0,0.1893,0.000189,0.1891,INR,86.5,SETTLED
TXN-202203976,2022-04-18,2022-04-20,CLT-1025,P-173,AZN_LN,AstraZeneca PLC,Equity,BUY,2500,341.66,0.8542,0.000258,0.8545,GBP,0.79,PENDING
TXN-202501434,2022-04-18,2022-04-20,CLT-1024,P-172,CORP_HY_USD,US High Yield Corporate Credit Note,Corporate Bonds,DIVIDEND,0,0.0,0.0551,5.5e-05,0.055,USD,1.0,PENDING
TXN-202203321,2022-04-18,2022-04-20,CLT-1013,P-137,AZN_LN,AstraZeneca PLC,Equity,SELL,1000,79.33,0.0793,3.2e-05,0.0793,GBP,0.79,SETTLED
TXN-202200636,2022-04-18,2022-04-20,CLT-1021,P-163,JPM,JPMorgan Chase & Co.,Equity,BUY,10000,313.31,3.1331,0.001028,3.1341,USD,1.0,SETTLED
TXN-202304922,2022-04-18,2022-04-19,CLT-1003,P-108,US_10Y_UST,US Treasury 10-Yr Benchmark Note,Government Bonds,BUY,500,100.97,0.0505,1.7e-05,0.0505,USD,1.0,SETTLED
TXN-202500729,2022-04-18,2022-04-20,CLT-1017,P-149,CORP_IG_EUR,Euro High Grade Corporate Bond Note,Corporate Bonds,SELL,500,100.49,0.0502,1.7e-05,0.0502,EUR,0.92,SETTLED
TXN-202100995,2022-04-18,2022-04-19,CLT-1024,P-170,INFRA_GLOBAL_TRUST,Global Infrastructure Core Income Note,Alternatives,SELL,25000,100.53,2.5133,0.000823,2.5125,USD,1.0,SETTLED
TXN-202201096,2022-04-18,2022-04-20,CLT-1005,P-113,ASML_NA,ASML Holding NV,Equity,SELL,50000,332.39,16.6195,0.005337,16.6142,EUR,0.92,SETTLED
TXN-202101430,2022-04-18,2022-04-20,CLT-1001,P-103,SHEL_LN,Shell PLC,Equity,BUY,5000,185.22,0.9261,0.000161,0.9263,GBP,0.79,SETTLED
TXN-202302432,2022-04-19,2022-04-20,CLT-1001,P-101,EUR_LIQUIDITY_FUND,EUR Institutional Liquidity Master Fund,Money Market,BUY,1000,98.89,0.0989,3.6e-05,0.0989,EUR,0.92,SETTLED
TXN-202402248,2022-04-19,2022-04-20,CLT-1014,P-141,JGB_10Y,Japan Government Bond 10-Yr 0.8%,Government Bonds,DIVIDEND,0,0.0,0.1523,0.000152,0.1521,JPY,152.0,SETTLED
TXN-202102060,2022-04-20,2022-04-21,CLT-1018,P-155,GER_10Y_BUND,Germany Bund 2.60% 2033,Government Bonds,DIVIDEND,0,0.0,0.2391,0.000239,0.2389,EUR,0.92,SETTLED
TXN-202504814,2022-04-20,2022-04-21,CLT-1015,P-147,IND_10Y_GSEC,India Sovereign G-Sec 7.18% 2033,Government Bonds,BUY,500,95.42,0.0477,8e-06,0.0477,INR,86.5,SETTLED
TXN-202500234,2022-04-20,2022-04-22,CLT-1013,P-138,CORP_HY_USD,US High Yield Corporate Credit Note,Corporate Bonds,SELL,50000,100.04,5.002,0.001797,5.0002,USD,1.0,SETTLED
TXN-202502109,2022-04-21,2022-04-25,CLT-1006,P-117,TCS_IN,Tata Consultancy Services,Equity,BUY,500,155.46,0.0777,1.5e-05,0.0777,INR,86.5,PENDING
TXN-202503629,2022-04-21,2022-04-25,CLT-1015,P-146,CORP_IG_USD,US Investment Grade Corporate Bond Fund,Corporate Bonds,FEE,0,0.0,0.0359,0.0359,-0.0359,USD,1.0,SETTLED
TXN-202401933,2022-04-21,2022-04-22,CLT-1001,P-102,US_5Y_UST,US Treasury 5-Yr Benchmark Note,Government Bonds,BUY,500,100.92,0.0505,1.3e-05,0.0505,USD,1.0,SETTLED
TXN-202303937,2022-04-22,2022-04-25,CLT-1014,P-141,IND_10Y_GSEC,India Sovereign G-Sec 7.18% 2033,Government Bonds,DIVIDEND,0,0.0,0.2021,0.000202,0.2019,INR,86.5,SETTLED
TXN-202505139,2022-04-22,2022-04-25,CLT-1010,P-129,IND_10Y_GSEC,India Sovereign G-Sec 7.18% 2033,Government Bonds,DIVIDEND,0,0.0,0.0638,6.4e-05,0.0637,INR,86.5,SETTLED
TXN-202304692,2022-04-25,2022-04-27,CLT-1001,P-101,UNH,UnitedHealth Group,Equity,BUY,25000,329.3,8.2325,0.004111,8.2366,USD,1.0,SETTLED
TXN-202401458,2022-04-25,2022-04-27,CLT-1012,P-135,CORP_HY_USD,US High Yield Corporate Credit Note,Corporate Bonds,BUY,5000,97.55,0.4878,0.000102,0.4879,USD,1.0,SETTLED
TXN-202504249,2022-04-25,2022-04-27,CLT-1009,P-123,XOM,Exxon Mobil Corp.,Equity,BUY,25000,307.35,7.6838,0.003782,7.6876,USD,1.0,SETTLED
TXN-202402093,2022-04-25,2022-04-26,CLT-1003,P-109,US_10Y_UST,US Treasury 10-Yr Benchmark Note,Government Bonds,BUY,2500,98.02,0.245,0.0001,0.2451,USD,1.0,SETTLED
TXN-202403743,2022-04-25,2022-04-27,CLT-1020,P-160,BHARTIARTL_IN,Bharti Airtel Ltd.,Equity,SELL,500,344.55,0.1723,6.3e-05,0.1722,INR,86.5,SETTLED
TXN-202104605,2022-04-25,2022-04-27,CLT-1014,P-141,DBS_SP,DBS Group Holdings,Equity,SELL,500,325.32,0.1627,5.5e-05,0.1626,SGD,1.34,SETTLED
TXN-202303222,2022-04-25,2022-04-27,CLT-1011,P-130,GOOGL,Alphabet Inc.,Equity,DIVIDEND,0,0.0,0.0166,1.7e-05,0.0166,USD,1.0,SETTLED
TXN-202304207,2022-04-25,2022-04-27,CLT-1017,P-150,NVDA,NVIDIA Corp.,Equity,BUY,25000,102.18,2.5545,0.000998,2.5555,USD,1.0,PENDING
TXN-202502704,2022-04-25,2022-04-27,CLT-1004,P-111,CORP_IG_EUR,Euro High Grade Corporate Bond Note,Corporate Bonds,SELL,50000,96.89,4.8445,0.001113,4.8434,EUR,0.92,SETTLED
TXN-202301597,2022-04-25,2022-04-27,CLT-1010,P-128,CORP_IG_EUR,Euro High Grade Corporate Bond Note,Corporate Bonds,SELL,5000,95.11,0.4755,0.000113,0.4754,EUR,0.92,SETTLED
TXN-202502299,2022-04-26,2022-04-28,CLT-1009,P-125,ASML_NA,ASML Holding NV,Equity,BUY,500,45.41,0.0227,9e-06,0.0227,EUR,0.92,SETTLED
TXN-202204156,2022-04-27,2022-04-29,CLT-1017,P-149,HDFCBANK_IN,HDFC Bank Ltd.,Equity,SELL,10000,124.98,1.2498,0.000554,1.2492,INR,86.5,SETTLED
TXN-202104910,2022-04-28,2022-05-02,CLT-1021,P-161,JPM,JPMorgan Chase & Co.,Equity,WITHDRAWAL,0,1.0,2.8278,0.0001,-2.8278,USD,1.0,SETTLED
TXN-202202911,2022-04-28,2022-04-29,CLT-1020,P-160,UK_10Y_GILT,UK Gilt 3.75% 2033,Government Bonds,BUY,1000,102.09,0.1021,5e-05,0.1021,GBP,0.79,SETTLED
TXN-202103060,2022-04-28,2022-05-02,CLT-1013,P-136,RELIANCE_IN,Reliance Industries Ltd.,Equity,BUY,25000,330.04,8.251,0.0041,8.2551,INR,86.5,SETTLED
TXN-202505244,2022-04-29,2022-05-03,CLT-1013,P-139,MSFT,Microsoft Corp.,Equity,SELL,10000,262.96,2.6296,0.000982,2.6286,USD,1.0,SETTLED
TXN-202304382,2022-04-29,2022-05-02,CLT-1018,P-153,GLD_ETF,SPDR Gold Shares Institutional Trust,ETF,BUY,10000,101.01,1.0101,0.000482,1.0106,USD,1.0,SETTLED
TXN-202203766,2022-04-29,2022-05-03,CLT-1019,P-158,DBS_SP,DBS Group Holdings,Equity,SELL,1000,180.9,0.1809,3e-05,0.1809,SGD,1.34,SETTLED
TXN-202401528,2022-04-29,2022-05-03,CLT-1010,P-128,SAP_GY,SAP SE,Equity,TRANSFER,0,1.0,1.6506,0.0001,-1.6506,EUR,0.92,PENDING
TXN-202502414,2022-05-02,2022-05-04,CLT-1023,P-169,JPM,JPMorgan Chase & Co.,Equity,SELL,25000,330.91,8.2728,0.002628,8.2702,USD,1.0,SETTLED
TXN-202203271,2022-05-02,2022-05-03,CLT-1025,P-174,IND_10Y_GSEC,India Sovereign G-Sec 7.18% 2033,Government Bonds,INTEREST,0,0.0,0.1792,0.000179,0.179,INR,86.5,SETTLED
TXN-202504809,2022-05-02,2022-05-03,CLT-1006,P-118,EUR_LIQUIDITY_FUND,EUR Institutional Liquidity Master Fund,Money Market,INTEREST,0,0.0,0.1716,0.000172,0.1714,EUR,0.92,SETTLED
TXN-202504549,2022-05-03,2022-05-04,CLT-1012,P-135,US_10Y_UST,US Treasury 10-Yr Benchmark Note,Government Bonds,DIVIDEND,0,0.0,0.2466,0.000247,0.2464,USD,1.0,SETTLED
TXN-202302947,2022-05-03,2022-05-05,CLT-1001,P-103,6758_JP,Sony Group Corp.,Equity,BUY,50000,319.75,15.9875,0.007383,15.9949,JPY,152.0,SETTLED
TXN-202103235,2022-05-03,2022-05-04,CLT-1008,P-122,USD_TREAS_MMF,Institutional USD Treasury Money Market Fund,Money Market,BUY,2500,101.06,0.2526,0.000111,0.2527,USD,1.0,SETTLED
TXN-202204021,2022-05-03,2022-05-05,CLT-1001,P-101,AMZN,Amazon.com Inc.,Equity,BUY,2500,92.66,0.2316,0.000106,0.2317,USD,1.0,SETTLED
TXN-202302287,2022-05-04,2022-05-06,CLT-1001,P-101,CORP_IG_USD,US Investment Grade Corporate Bond Fund,Corporate Bonds,INTEREST,0,0.0,0.2073,0.000207,0.2071,USD,1.0,SETTLED
TXN-202400833,2022-05-04,2022-05-05,CLT-1018,P-153,INR_OVERNIGHT_CASH,Institutional INR Overnight Liquid Fund,Money Market,BUY,2500,99.61,0.249,0.000101,0.2491,INR,86.5,SETTLED
TXN-202202701,2022-05-05,2022-05-09,CLT-1019,P-158,SHEL_LN,Shell PLC,Equity,SELL,500,274.38,0.1372,4.2e-05,0.1372,GBP,0.79,SETTLED
TXN-202204036,2022-05-05,2022-05-09,CLT-1017,P-150,AAPL,Apple Inc.,Equity,BUY,2500,216.29,0.5407,0.000151,0.5409,USD,1.0,SETTLED
TXN-202200801,2022-05-05,2022-05-09,CLT-1017,P-151,GOOGL,Alphabet Inc.,Equity,BUY,500,288.74,0.1444,3.5e-05,0.1444,USD,1.0,SETTLED
TXN-202302207,2022-05-05,2022-05-09,CLT-1010,P-128,HDFCBANK_IN,HDFC Bank Ltd.,Equity,BUY,10000,286.4,2.864,0.001107,2.8651,INR,86.5,SETTLED
TXN-202401908,2022-05-05,2022-05-06,CLT-1008,P-122,PLD_REIT,Prologis Global Logistics REIT,REIT,INTEREST,0,0.0,0.0966,9.7e-05,0.0965,USD,1.0,SETTLED
TXN-202504179,2022-05-06,2022-05-10,CLT-1024,P-172,SAP_GY,SAP SE,Equity,BUY,2500,54.65,0.1366,6.4e-05,0.1367,EUR,0.92,SETTLED
TXN-202300357,2022-05-06,2022-05-10,CLT-1009,P-123,ICICIBANK_IN,ICICI Bank Ltd.,Equity,SELL,2500,81.12,0.2028,3.5e-05,0.2028,INR,86.5,PENDING
TXN-202400003,2022-05-06,2022-05-10,CLT-1013,P-137,UNH,UnitedHealth Group,Equity,BUY,500,105.69,0.0528,8e-06,0.0528,USD,1.0,SETTLED
TXN-202102280,2022-05-06,2022-05-09,CLT-1012,P-132,PLD_REIT,Prologis Global Logistics REIT,REIT,SELL,50000,101.09,5.0545,0.001047,5.0535,USD,1.0,SETTLED
TXN-202400808,2022-05-06,2022-05-10,CLT-1003,P-109,ASML_NA,ASML Holding NV,Equity,DIVIDEND,0,0.0,0.2418,0.000242,0.2416,EUR,0.92,SETTLED
TXN-202503264,2022-05-06,2022-05-09,CLT-1003,P-106,GLD_ETF,SPDR Gold Shares Institutional Trust,ETF,SELL,25000,99.73,2.4933,0.000961,2.4923,USD,1.0,SETTLED
TXN-202102310,2022-05-09,2022-05-11,CLT-1007,P-120,LT_IN,Larsen & Toubro Ltd.,Equity,BUY,500,332.15,0.1661,8e-05,0.1662,INR,86.5,SETTLED
TXN-202402198,2022-05-09,2022-05-11,CLT-1011,P-130,ASML_NA,ASML Holding NV,Equity,SELL,2500,177.66,0.4441,7.3e-05,0.444,EUR,0.92,SETTLED
TXN-202404088,2022-05-09,2022-05-10,CLT-1003,P-107,INR_OVERNIGHT_CASH,Institutional INR Overnight Liquid Fund,Money Market,DIVIDEND,0,0.0,0.2425,0.000242,0.2423,INR,86.5,SETTLED
TXN-202400533,2022-05-09,2022-05-10,CLT-1014,P-143,US_5Y_UST,US Treasury 5-Yr Benchmark Note,Government Bonds,WITHDRAWAL,0,1.0,2.9277,0.0001,-2.9277,USD,1.0,SETTLED
TXN-202500204,2022-05-09,2022-05-10,CLT-1019,P-157,UK_10Y_GILT,UK Gilt 3.75% 2033,Government Bonds,DIVIDEND,0,0.0,0.1,0.0001,0.0999,GBP,0.79,SETTLED
TXN-202502654,2022-05-09,2022-05-11,CLT-1016,P-148,6758_JP,Sony Group Corp.,Equity,INTEREST,0,0.0,0.1803,0.00018,0.1801,JPY,152.0,SETTLED
TXN-202500784,2022-05-09,2022-05-11,CLT-1020,P-160,HDFCBANK_IN,HDFC Bank Ltd.,Equity,BUY,500,64.63,0.0323,1.1e-05,0.0323,INR,86.5,SETTLED
TXN-202402903,2022-05-09,2022-05-10,CLT-1020,P-160,INFRA_GLOBAL_TRUST,Global Infrastructure Core Income Note,Alternatives,SELL,50000,100.0,5.0,0.001312,4.9987,USD,1.0,SETTLED
TXN-202203466,2022-05-09,2022-05-11,CLT-1013,P-138,7203_JP,Toyota Motor Corp.,Equity,BUY,50000,152.69,7.6345,0.002308,7.6368,JPY,152.0,SETTLED
TXN-202201691,2022-05-09,2022-05-11,CLT-1005,P-114,CORP_HY_USD,US High Yield Corporate Credit Note,Corporate Bonds,DIVIDEND,0,0.0,0.1907,0.000191,0.1905,USD,1.0,SETTLED
TXN-202502079,2022-05-09,2022-05-11,CLT-1013,P-136,NVDA,NVIDIA Corp.,Equity,BUY,1000,285.96,0.286,0.000127,0.2861,USD,1.0,SETTLED
TXN-202102385,2022-05-09,2022-05-11,CLT-1001,P-103,AZN_LN,AstraZeneca PLC,Equity,DIVIDEND,0,0.0,0.2319,0.000232,0.2317,GBP,0.79,SETTLED
TXN-202504744,2022-05-09,2022-05-11,CLT-1025,P-173,MSFT,Microsoft Corp.,Equity,BUY,50000,41.8,2.09,0.000628,2.0906,USD,1.0,SETTLED
TXN-202101740,2022-05-10,2022-05-12,CLT-1023,P-168,TCS_IN,Tata Consultancy Services,Equity,BUY,5000,105.12,0.5256,0.000153,0.5258,INR,86.5,SETTLED
TXN-202304417,2022-05-10,2022-05-11,CLT-1001,P-101,GER_10Y_BUND,Germany Bund 2.60% 2033,Government Bonds,INTEREST,0,0.0,0.1768,0.000177,0.1766,EUR,0.92,SETTLED
TXN-202202541,2022-05-11,2022-05-13,CLT-1023,P-169,HDFCBANK_IN,HDFC Bank Ltd.,Equity,SELL,500,118.55,0.0593,1.6e-05,0.0593,INR,86.5,SETTLED
TXN-202100935,2022-05-11,2022-05-13,CLT-1013,P-139,AAPL,Apple Inc.,Equity,FEE,0,0.0,0.0368,0.0368,-0.0368,USD,1.0,SETTLED
TXN-202402338,2022-05-11,2022-05-13,CLT-1014,P-141,UNH,UnitedHealth Group,Equity,SELL,1000,140.27,0.1403,5.2e-05,0.1402,USD,1.0,SETTLED
TXN-202105140,2022-05-11,2022-05-13,CLT-1001,P-102,HDFCBANK_IN,HDFC Bank Ltd.,Equity,TRANSFER,0,1.0,2.6559,0.0001,-2.6559,INR,86.5,SETTLED
TXN-202202821,2022-05-11,2022-05-13,CLT-1001,P-103,UNH,UnitedHealth Group,Equity,SELL,5000,193.49,0.9675,0.000334,0.9672,USD,1.0,SETTLED
TXN-202502459,2022-05-12,2022-05-16,CLT-1001,P-102,CORP_IG_EUR,Euro High Grade Corporate Bond Note,Corporate Bonds,FEE,0,0.0,0.0289,0.0289,-0.0289,EUR,0.92,SETTLED
TXN-202200771,2022-05-12,2022-05-16,CLT-1008,P-121,AMZN,Amazon.com Inc.,Equity,SELL,50000,137.33,6.8665,0.003167,6.8633,USD,1.0,SETTLED
TXN-202201186,2022-05-13,2022-05-17,CLT-1013,P-138,INFY_IN,Infosys Ltd.,Equity,SELL,5000,92.61,0.4631,0.000101,0.463,INR,86.5,SETTLED
TXN-202101960,2022-05-13,2022-05-17,CLT-1021,P-162,JPM,JPMorgan Chase & Co.,Equity,INTEREST,0,0.0,0.1424,0.000142,0.1423,USD,1.0,SETTLED
TXN-202300472,2022-05-13,2022-05-16,CLT-1022,P-164,GER_10Y_BUND,Germany Bund 2.60% 2033,Government Bonds,BUY,25000,97.13,2.4282,0.001212,2.4294,EUR,0.92,SETTLED
TXN-202402103,2022-05-16,2022-05-18,CLT-1003,P-110,SHEL_LN,Shell PLC,Equity,BUY,1000,259.09,0.2591,5.7e-05,0.2592,GBP,0.79,SETTLED
TXN-202302302,2022-05-16,2022-05-17,CLT-1001,P-102,US_10Y_UST,US Treasury 10-Yr Benchmark Note,Government Bonds,SELL,25000,97.28,2.432,0.000937,2.4311,USD,1.0,SETTLED
TXN-202304477,2022-05-16,2022-05-18,CLT-1013,P-139,LT_IN,Larsen & Toubro Ltd.,Equity,BUY,10000,250.98,2.5098,0.000571,2.5104,INR,86.5,SETTLED
TXN-202104635,2022-05-16,2022-05-18,CLT-1021,P-162,CORP_IG_EUR,Euro High Grade Corporate Bond Note,Corporate Bonds,SELL,5000,101.42,0.5071,0.000228,0.5069,EUR,0.92,SETTLED
TXN-202503574,2022-05-16,2022-05-17,CLT-1025,P-173,JGB_10Y,Japan Government Bond 10-Yr 0.8%,Government Bonds,SELL,2500,101.69,0.2542,9.5e-05,0.2541,JPY,152.0,SETTLED
TXN-202503044,2022-05-16,2022-05-17,CLT-1014,P-141,JGB_10Y,Japan Government Bond 10-Yr 0.8%,Government Bonds,BUY,25000,99.73,2.4933,0.000459,2.4938,JPY,152.0,SETTLED
TXN-202102995,2022-05-16,2022-05-18,CLT-1018,P-152,HDFCBANK_IN,HDFC Bank Ltd.,Equity,SELL,5000,315.84,1.5792,0.000548,1.5787,INR,86.5,SETTLED
TXN-202304422,2022-05-16,2022-05-18,CLT-1014,P-142,AAPL,Apple Inc.,Equity,BUY,2500,332.47,0.8312,0.000345,0.8315,USD,1.0,SETTLED
TXN-202302527,2022-05-16,2022-05-18,CLT-1023,P-168,7203_JP,Toyota Motor Corp.,Equity,WITHDRAWAL,0,1.0,2.3605,0.0001,-2.3605,JPY,152.0,SETTLED
TXN-202404533,2022-05-16,2022-05-17,CLT-1014,P-141,US_5Y_UST,US Treasury 5-Yr Benchmark Note,Government Bonds,SELL,2500,102.64,0.2566,7.6e-05,0.2565,USD,1.0,PENDING
TXN-202401648,2022-05-16,2022-05-18,CLT-1019,P-158,UNH,UnitedHealth Group,Equity,BUY,10000,313.54,3.1354,0.00082,3.1362,USD,1.0,SETTLED
TXN-202403693,2022-05-17,2022-05-19,CLT-1006,P-118,SHEL_LN,Shell PLC,Equity,BUY,2500,253.7,0.6342,0.000276,0.6345,GBP,0.79,SETTLED
TXN-202205166,2022-05-17,2022-05-19,CLT-1012,P-133,CORP_IG_USD,US Investment Grade Corporate Bond Fund,Corporate Bonds,DIVIDEND,0,0.0,0.1731,0.000173,0.1729,USD,1.0,SETTLED
TXN-202300382,2022-05-17,2022-05-19,CLT-1012,P-133,TCS_IN,Tata Consultancy Services,Equity,DIVIDEND,0,0.0,0.1771,0.000177,0.1769,INR,86.5,SETTLED
TXN-202400383,2022-05-17,2022-05-19,CLT-1011,P-130,CORP_IG_USD,US Investment Grade Corporate Bond Fund,Corporate Bonds,SELL,1000,95.32,0.0953,3.5e-05,0.0953,USD,1.0,SETTLED
TXN-202203436,2022-05-17,2022-05-18,CLT-1002,P-104,PLD_REIT,Prologis Global Logistics REIT,REIT,SELL,500,101.43,0.0507,1.2e-05,0.0507,USD,1.0,SETTLED
TXN-202103890,2022-05-17,2022-05-19,CLT-1005,P-113,CORP_IG_USD,US Investment Grade Corporate Bond Fund,Corporate Bonds,SELL,5000,100.08,0.5004,0.000145,0.5003,USD,1.0,SETTLED
TXN-202504379,2022-05-17,2022-05-19,CLT-1013,P-137,GOOGL,Alphabet Inc.,Equity,WITHDRAWAL,0,1.0,1.2663,0.0001,-1.2663,USD,1.0,SETTLED
TXN-202302617,2022-05-17,2022-05-19,CLT-1007,P-120,NVDA,NVIDIA Corp.,Equity,FEE,0,0.0,0.0296,0.0296,-0.0296,USD,1.0,SETTLED
TXN-202100360,2022-05-17,2022-05-19,CLT-1020,P-160,AMZN,Amazon.com Inc.,Equity,DIVIDEND,0,0.0,0.0166,1.7e-05,0.0166,USD,1.0,PENDING
TXN-202404958,2022-05-18,2022-05-20,CLT-1018,P-154,AAPL,Apple Inc.,Equity,SELL,2500,156.75,0.3919,0.000104,0.3918,USD,1.0,SETTLED
TXN-202402728,2022-05-18,2022-05-19,CLT-1005,P-114,PLD_REIT,Prologis Global Logistics REIT,REIT,BUY,25000,101.03,2.5257,0.001086,2.5268,USD,1.0,SETTLED
TXN-202300492,2022-05-18,2022-05-20,CLT-1010,P-129,LT_IN,Larsen & Toubro Ltd.,Equity,SELL,1000,43.85,0.0439,1e-05,0.0439,INR,86.5,PENDING
TXN-202502009,2022-05-18,2022-05-20,CLT-1018,P-153,NOVN_SW,Novartis AG,Equity,BUY,50000,330.35,16.5175,0.003367,16.5209,CHF,0.88,SETTLED
TXN-202104775,2022-05-18,2022-05-19,CLT-1024,P-170,US_5Y_UST,US Treasury 5-Yr Benchmark Note,Government Bonds,FEE,0,0.0,0.0221,0.0221,-0.0221,USD,1.0,SETTLED
TXN-202404368,2022-05-18,2022-05-20,CLT-1005,P-114,XOM,Exxon Mobil Corp.,Equity,DIVIDEND,0,0.0,0.2497,0.00025,0.2495,USD,1.0,SETTLED
TXN-202200891,2022-05-19,2022-05-23,CLT-1017,P-149,7203_JP,Toyota Motor Corp.,Equity,BUY,500,152.05,0.076,2.5e-05,0.076,JPY,152.0,SETTLED
TXN-202100740,2022-05-19,2022-05-23,CLT-1001,P-102,INFY_IN,Infosys Ltd.,Equity,BUY,50000,124.42,6.221,0.002704,6.2237,INR,86.5,SETTLED
TXN-202103695,2022-05-19,2022-05-23,CLT-1012,P-135,CORP_IG_USD,US Investment Grade Corporate Bond Fund,Corporate Bonds,BUY,2500,96.58,0.2414,0.000107,0.2415,USD,1.0,SETTLED
TXN-202402528,2022-05-19,2022-05-23,CLT-1015,P-144,ICICIBANK_IN,ICICI Bank Ltd.,Equity,TRANSFER,0,1.0,3.0542,0.0001,-3.0542,INR,86.5,SETTLED
TXN-202103880,2022-05-19,2022-05-20,CLT-1015,P-147,GER_10Y_BUND,Germany Bund 2.60% 2033,Government Bonds,BUY,10000,100.66,1.0066,0.000298,1.0069,EUR,0.92,SETTLED
TXN-202103435,2022-05-19,2022-05-20,CLT-1015,P-146,IND_10Y_GSEC,India Sovereign G-Sec 7.18% 2033,Government Bonds,INTEREST,0,0.0,0.0979,9.8e-05,0.0978,INR,86.5,SETTLED
TXN-202305147,2022-05-20,2022-05-24,CLT-1017,P-150,SAP_GY,SAP SE,Equity,BUY,25000,150.02,3.7505,0.001251,3.7518,EUR,0.92,SETTLED
TXN-202202151,2022-05-20,2022-05-24,CLT-1013,P-138,ICICIBANK_IN,ICICI Bank Ltd.,Equity,BUY,2500,195.6,0.489,0.0002,0.4892,INR,86.5,SETTLED
TXN-202200521,2022-05-20,2022-05-24,CLT-1015,P-147,CORP_HY_USD,US High Yield Corporate Credit Note,Corporate Bonds,BUY,1000,101.35,0.1013,1.7e-05,0.1013,USD,1.0,SETTLED
TXN-202401898,2022-05-23,2022-05-25,CLT-1013,P-140,XOM,Exxon Mobil Corp.,Equity,SELL,25000,90.64,2.266,0.000519,2.2655,USD,1.0,SETTLED
TXN-202101490,2022-05-23,2022-05-25,CLT-1019,P-156,UNH,UnitedHealth Group,Equity,SELL,500,341.68,0.1708,3.7e-05,0.1708,USD,1.0,SETTLED
TXN-202203161,2022-05-23,2022-05-25,CLT-1017,P-149,SHEL_LN,Shell PLC,Equity,SELL,50000,332.36,16.618,0.00814,16.6099,GBP,0.79,SETTLED
TXN-202303257,2022-05-23,2022-05-24,CLT-1012,P-135,GLD_ETF,SPDR Gold Shares Institutional Trust,ETF,SELL,50000,97.4,4.87,0.002289,4.8677,USD,1.0,SETTLED
TXN-202401718,2022-05-23,2022-05-25,CLT-1024,P-171,XOM,Exxon Mobil Corp.,Equity,BUY,1000,209.26,0.2093,3.7e-05,0.2093,USD,1.0,SETTLED
TXN-202103670,2022-05-23,2022-05-25,CLT-1005,P-114,CORP_HY_USD,US High Yield Corporate Credit Note,Corporate Bonds,BUY,50000,97.55,4.8775,0.001297,4.8788,USD,1.0,SETTLED
TXN-202103610,2022-05-23,2022-05-25,CLT-1017,P-150,DBS_SP,DBS Group Holdings,Equity,SELL,10000,335.01,3.3501,0.001573,3.3485,SGD,1.34,SETTLED
TXN-202200831,2022-05-23,2022-05-25,CLT-1004,P-111,TCS_IN,Tata Consultancy Services,Equity,BUY,25000,324.63,8.1158,0.003208,8.119,INR,86.5,SETTLED
TXN-202400743,2022-05-24,2022-05-26,CLT-1008,P-121,NVDA,NVIDIA Corp.,Equity,SELL,500,344.69,0.1723,3.4e-05,0.1723,USD,1.0,SETTLED
TXN-202304127,2022-05-25,2022-05-27,CLT-1013,P-139,6758_JP,Sony Group Corp.,Equity,DIVIDEND,0,0.0,0.1036,0.000104,0.1035,JPY,152.0,SETTLED
TXN-202101075,2022-05-25,2022-05-27,CLT-1010,P-126,LT_IN,Larsen & Toubro Ltd.,Equity,FEE,0,0.0,0.0065,0.0065,-0.0065,INR,86.5,SETTLED
TXN-202202786,2022-05-25,2022-05-27,CLT-1010,P-127,BHARTIARTL_IN,Bharti Airtel Ltd.,Equity,BUY,5000,136.17,0.6808,0.000303,0.6811,INR,86.5,SETTLED
TXN-202205241,2022-05-25,2022-05-27,CLT-1013,P-137,SAP_GY,SAP SE,Equity,SELL,25000,120.78,3.0195,0.001197,3.0183,EUR,0.92,SETTLED
TXN-202402828,2022-05-25,2022-05-27,CLT-1023,P-168,GOOGL,Alphabet Inc.,Equity,BUY,500,49.27,0.0246,4e-06,0.0246,USD,1.0,SETTLED
TXN-202200246,2022-05-25,2022-05-27,CLT-1001,P-102,MSFT,Microsoft Corp.,Equity,BUY,50000,331.51,16.5755,0.003081,16.5786,USD,1.0,SETTLED
TXN-202101915,2022-05-25,2022-05-27,CLT-1024,P-170,JPM,JPMorgan Chase & Co.,Equity,BUY,50000,207.28,10.364,0.004025,10.368,USD,1.0,SETTLED
TXN-202503774,2022-05-26,2022-05-30,CLT-1001,P-101,7203_JP,Toyota Motor Corp.,Equity,BUY,5000,244.52,1.2226,0.000552,1.2232,JPY,152.0,SETTLED
TXN-202202506,2022-05-26,2022-05-27,CLT-1023,P-167,GLD_ETF,SPDR Gold Shares Institutional Trust,ETF,SELL,1000,101.07,0.1011,3e-05,0.1011,USD,1.0,SETTLED
TXN-202205231,2022-05-26,2022-05-30,CLT-1021,P-162,MSFT,Microsoft Corp.,Equity,DIVIDEND,0,0.0,0.0385,3.9e-05,0.0385,USD,1.0,SETTLED
TXN-202502794,2022-05-26,2022-05-30,CLT-1015,P-145,6758_JP,Sony Group Corp.,Equity,FEE,0,0.0,0.0336,0.0336,-0.0336,JPY,152.0,SETTLED
TXN-202204686,2022-05-26,2022-05-30,CLT-1012,P-132,TCS_IN,Tata Consultancy Services,Equity,SELL,5000,152.97,0.7649,0.000256,0.7646,INR,86.5,SETTLED
TXN-202502124,2022-05-27,2022-05-30,CLT-1007,P-120,US_5Y_UST,US Treasury 5-Yr Benchmark Note,Government Bonds,BUY,5000,102.39,0.512,0.000104,0.5121,USD,1.0,SETTLED
TXN-202303502,2022-05-27,2022-05-30,CLT-1014,P-142,GLD_ETF,SPDR Gold Shares Institutional Trust,ETF,BUY,500,99.57,0.0498,1.7e-05,0.0498,USD,1.0,SETTLED
TXN-202203596,2022-05-27,2022-05-31,CLT-1025,P-174,AMZN,Amazon.com Inc.,Equity,SELL,500,176.86,0.0884,4.4e-05,0.0884,USD,1.0,SETTLED
TXN-202100170,2022-05-27,2022-05-31,CLT-1003,P-108,RELIANCE_IN,Reliance Industries Ltd.,Equity,BUY,5000,95.98,0.4799,7.9e-05,0.48,INR,86.5,SETTLED
TXN-202505044,2022-05-30,2022-05-31,CLT-1010,P-128,EUR_LIQUIDITY_FUND,EUR Institutional Liquidity Master Fund,Money Market,SELL,500,95.54,0.0478,2.3e-05,0.0478,EUR,0.92,SETTLED
TXN-202200791,2022-05-30,2022-06-01,CLT-1018,P-154,7203_JP,Toyota Motor Corp.,Equity,BUY,1000,53.03,0.053,1.1e-05,0.053,JPY,152.0,SETTLED
TXN-202200811,2022-05-30,2022-06-01,CLT-1001,P-103,JPM,JPMorgan Chase & Co.,Equity,FEE,0,0.0,0.0447,0.0447,-0.0447,USD,1.0,SETTLED
TXN-202204006,2022-05-30,2022-06-01,CLT-1022,P-165,7203_JP,Toyota Motor Corp.,Equity,BUY,50000,306.87,15.3435,0.003645,15.3471,JPY,152.0,SETTLED
TXN-202500554,2022-05-30,2022-06-01,CLT-1015,P-145,CORP_IG_USD,US Investment Grade Corporate Bond Fund,Corporate Bonds,WITHDRAWAL,0,1.0,1.7811,0.0001,-1.7811,USD,1.0,SETTLED
TXN-202101730,2022-05-30,2022-05-31,CLT-1006,P-118,US_5Y_UST,US Treasury 5-Yr Benchmark Note,Government Bonds,BUY,25000,96.65,2.4162,0.000767,2.417,USD,1.0,SETTLED
TXN-202201796,2022-05-31,2022-06-02,CLT-1009,P-124,JPM,JPMorgan Chase & Co.,Equity,SELL,50000,333.19,16.6595,0.007122,16.6524,USD,1.0,SETTLED
TXN-202403413,2022-05-31,2022-06-01,CLT-1010,P-128,JGB_10Y,Japan Government Bond 10-Yr 0.8%,Government Bonds,FEE,0,0.0,0.0395,0.0395,-0.0395,JPY,152.0,SETTLED
TXN-202103615,2022-05-31,2022-06-01,CLT-1017,P-151,IND_10Y_GSEC,India Sovereign G-Sec 7.18% 2033,Government Bonds,BUY,5000,101.67,0.5083,0.000188,0.5085,INR,86.5,SETTLED
TXN-202101990,2022-05-31,2022-06-02,CLT-1001,P-103,AMZN,Amazon.com Inc.,Equity,BUY,1000,252.37,0.2524,7.6e-05,0.2525,USD,1.0,SETTLED
TXN-202400643,2022-06-01,2022-06-03,CLT-1010,P-128,NOVN_SW,Novartis AG,Equity,SELL,500,107.09,0.0535,1.1e-05,0.0535,CHF,0.88,SETTLED
TXN-202202636,2022-06-01,2022-06-03,CLT-1020,P-160,BHARTIARTL_IN,Bharti Airtel Ltd.,Equity,SELL,50000,129.2,6.46,0.003142,6.4569,INR,86.5,SETTLED
TXN-202401523,2022-06-01,2022-06-03,CLT-1006,P-117,NVDA,NVIDIA Corp.,Equity,SELL,5000,190.02,0.9501,0.000364,0.9497,USD,1.0,SETTLED
TXN-202501679,2022-06-02,2022-06-06,CLT-1015,P-146,SHEL_LN,Shell PLC,Equity,BUY,10000,283.55,2.8355,0.000442,2.8359,GBP,0.79,SETTLED
TXN-202203396,2022-06-02,2022-06-06,CLT-1014,P-141,RELIANCE_IN,Reliance Industries Ltd.,Equity,SELL,2500,47.29,0.1182,3.3e-05,0.1182,INR,86.5,SETTLED
TXN-202100285,2022-06-03,2022-06-06,CLT-1013,P-136,GLD_ETF,SPDR Gold Shares Institutional Trust,ETF,SELL,50000,95.24,4.762,0.001911,4.7601,USD,1.0,SETTLED
TXN-202401103,2022-06-06,2022-06-08,CLT-1022,P-164,XOM,Exxon Mobil Corp.,Equity,BUY,10000,41.69,0.4169,9.2e-05,0.417,USD,1.0,SETTLED
TXN-202304167,2022-06-06,2022-06-08,CLT-1001,P-102,AMZN,Amazon.com Inc.,Equity,SELL,25000,326.75,8.1687,0.00319,8.1655,USD,1.0,SETTLED
TXN-202500479,2022-06-06,2022-06-08,CLT-1015,P-146,6758_JP,Sony Group Corp.,Equity,INTEREST,0,0.0,0.0978,9.8e-05,0.0977,JPY,152.0,SETTLED
TXN-202204626,2022-06-06,2022-06-07,CLT-1013,P-138,PLD_REIT,Prologis Global Logistics REIT,REIT,BUY,5000,97.26,0.4863,0.000202,0.4865,USD,1.0,SETTLED
TXN-202505014,2022-06-06,2022-06-08,CLT-1005,P-112,TCS_IN,Tata Consultancy Services,Equity,SELL,1000,209.26,0.2093,9.8e-05,0.2092,INR,86.5,SETTLED
TXN-202404853,2022-06-07,2022-06-09,CLT-1010,P-126,7203_JP,Toyota Motor Corp.,Equity,BUY,5000,87.41,0.437,0.000212,0.4372,JPY,152.0,SETTLED
TXN-202302392,2022-06-07,2022-06-08,CLT-1006,P-117,US_10Y_UST,US Treasury 10-Yr Benchmark Note,Government Bonds,SELL,5000,98.03,0.4901,0.000105,0.49,USD,1.0,SETTLED
TXN-202103500,2022-06-07,2022-06-09,CLT-1019,P-156,SHEL_LN,Shell PLC,Equity,BUY,50000,118.49,5.9245,0.000976,5.9255,GBP,0.79,SETTLED
TXN-202401583,2022-06-07,2022-06-08,CLT-1012,P-133,UK_10Y_GILT,UK Gilt 3.75% 2033,Government Bonds,BUY,500,95.28,0.0476,9e-06,0.0476,GBP,0.79,SETTLED
TXN-202300467,2022-06-08,2022-06-09,CLT-1005,P-115,GER_10Y_BUND,Germany Bund 2.60% 2033,Government Bonds,SELL,10000,96.35,0.9635,0.000384,0.9631,EUR,0.92,SETTLED
TXN-202503499,2022-06-08,2022-06-09,CLT-1012,P-134,UK_10Y_GILT,UK Gilt 3.75% 2033,Government Bonds,BUY,1000,96.32,0.0963,1.6e-05,0.0963,GBP,0.79,SETTLED
TXN-202303657,2022-06-08,2022-06-10,CLT-1010,P-128,NOVN_SW,Novartis AG,Equity,DIVIDEND,0,0.0,0.0868,8.7e-05,0.0867,CHF,0.88,SETTLED
TXN-202103135,2022-06-09,2022-06-10,CLT-1023,P-167,IND_10Y_GSEC,India Sovereign G-Sec 7.18% 2033,Government Bonds,SELL,2500,95.46,0.2386,9.6e-05,0.2385,INR,86.5,SETTLED
TXN-202502729,2022-06-09,2022-06-13,CLT-1008,P-122,NOVN_SW,Novartis AG,Equity,BUY,1000,204.12,0.2041,3.1e-05,0.2041,CHF,0.88,SETTLED
TXN-202302682,2022-06-10,2022-06-14,CLT-1018,P-155,UNH,UnitedHealth Group,Equity,SELL,10000,229.99,2.2999,0.000668,2.2992,USD,1.0,SETTLED
TXN-202202991,2022-06-10,2022-06-14,CLT-1016,P-148,7203_JP,Toyota Motor Corp.,Equity,BUY,10000,143.22,1.4322,0.000278,1.4325,JPY,152.0,SETTLED
TXN-202503689,2022-06-10,2022-06-14,CLT-1003,P-108,GOOGL,Alphabet Inc.,Equity,DIVIDEND,0,0.0,0.0763,7.6e-05,0.0762,USD,1.0,SETTLED
TXN-202400193,2022-06-13,2022-06-15,CLT-1001,P-103,6758_JP,Sony Group Corp.,Equity,SELL,10000,262.68,2.6268,0.000946,2.6259,JPY,152.0,SETTLED
TXN-202402493,2022-06-13,2022-06-15,CLT-1020,P-159,UNH,UnitedHealth Group,Equity,BUY,5000,257.09,1.2854,0.000578,1.286,USD,1.0,PENDING
TXN-202402483,2022-06-13,2022-06-15,CLT-1010,P-127,UNH,UnitedHealth Group,Equity,SELL,25000,203.31,5.0827,0.001538,5.0812,USD,1.0,SETTLED
TXN-202404648,2022-06-14,2022-06-15,CLT-1012,P-135,OPERATING_CASH,Operational Custody Cash Balance,Cash,TRANSFER,0,1.0,1.088,0.0001,-1.088,USD,1.0,SETTLED
TXN-202401133,2022-06-14,2022-06-15,CLT-1005,P-112,GER_10Y_BUND,Germany Bund 2.60% 2033,Government Bonds,DIVIDEND,0,0.0,0.0414,4.1e-05,0.0414,EUR,0.92,SETTLED
TXN-202100220,2022-06-16,2022-06-20,CLT-1005,P-114,ASML_NA,ASML Holding NV,Equity,FEE,0,0.0,0.0106,0.0106,-0.0106,EUR,0.92,SETTLED
TXN-202102235,2022-06-16,2022-06-17,CLT-1019,P-156,USD_TREAS_MMF,Institutional USD Treasury Money Market Fund,Money Market,BUY,50000,98.04,4.902,0.001786,4.9038,USD,1.0,SETTLED
TXN-202203651,2022-06-16,2022-06-17,CLT-1002,P-104,EUR_LIQUIDITY_FUND,EUR Institutional Liquidity Master Fund,Money Market,BUY,500,99.08,0.0495,8e-06,0.0495,EUR,0.92,SETTLED
TXN-202401268,2022-06-16,2022-06-20,CLT-1019,P-157,7203_JP,Toyota Motor Corp.,Equity,SELL,500,175.8,0.0879,1.5e-05,0.0879,JPY,152.0,SETTLED
TXN-202402353,2022-06-16,2022-06-20,CLT-1025,P-174,AZN_LN,AstraZeneca PLC,Equity,SELL,5000,333.01,1.665,0.000678,1.6643,GBP,0.79,SETTLED
TXN-202102815,2022-06-17,2022-06-20,CLT-1017,P-150,GLD_ETF,SPDR Gold Shares Institutional Trust,ETF,SELL,500,102.55,0.0513,1.4e-05,0.0513,USD,1.0,SETTLED
TXN-202103365,2022-06-20,2022-06-21,CLT-1009,P-124,US_5Y_UST,US Treasury 5-Yr Benchmark Note,Government Bonds,BUY,25000,96.88,2.422,0.000836,2.4228,USD,1.0,SETTLED
TXN-202202176,2022-06-20,2022-06-21,CLT-1003,P-106,USD_TREAS_MMF,Institutional USD Treasury Money Market Fund,Money Market,DIVIDEND,0,0.0,0.1196,0.00012,0.1195,USD,1.0,SETTLED
TXN-202204696,2022-06-20,2022-06-21,CLT-1001,P-102,UK_10Y_GILT,UK Gilt 3.75% 2033,Government Bonds,WITHDRAWAL,0,1.0,0.4552,0.0001,-0.4552,GBP,0.79,SETTLED
TXN-202203761,2022-06-20,2022-06-21,CLT-1009,P-125,INFRA_GLOBAL_TRUST,Global Infrastructure Core Income Note,Alternatives,FEE,0,0.0,0.0398,0.0398,-0.0398,USD,1.0,SETTLED
TXN-202303642,2022-06-20,2022-06-22,CLT-1006,P-118,CORP_HY_USD,US High Yield Corporate Credit Note,Corporate Bonds,SELL,50000,99.02,4.951,0.002146,4.9489,USD,1.0,SETTLED
TXN-202105250,2022-06-20,2022-06-22,CLT-1020,P-160,TCS_IN,Tata Consultancy Services,Equity,SELL,50000,278.44,13.922,0.003566,13.9184,INR,86.5,SETTLED
TXN-202500239,2022-06-20,2022-06-21,CLT-1014,P-141,JGB_10Y,Japan Government Bond 10-Yr 0.8%,Government Bonds,SELL,5000,98.19,0.4909,0.00023,0.4907,JPY,152.0,SETTLED
TXN-202401193,2022-06-20,2022-06-21,CLT-1012,P-134,EUR_LIQUIDITY_FUND,EUR Institutional Liquidity Master Fund,Money Market,SELL,1000,101.56,0.1016,4.6e-05,0.1016,EUR,0.92,SETTLED
TXN-202500639,2022-06-20,2022-06-22,CLT-1017,P-151,SAP_GY,SAP SE,Equity,BUY,5000,48.93,0.2447,8.8e-05,0.2448,EUR,0.92,SETTLED
TXN-202400888,2022-06-20,2022-06-22,CLT-1008,P-121,HDFCBANK_IN,HDFC Bank Ltd.,Equity,BUY,10000,247.12,2.4712,0.000838,2.472,INR,86.5,SETTLED
TXN-202405163,2022-06-21,2022-06-22,CLT-1009,P-124,GER_10Y_BUND,Germany Bund 2.60% 2033,Government Bonds,BUY,1000,101.64,0.1016,3.4e-05,0.1016,EUR,0.92,SETTLED
TXN-202101600,2022-06-21,2022-06-23,CLT-1003,P-109,INFY_IN,Infosys Ltd.,Equity,SELL,50000,309.67,15.4835,0.00717,15.4763,INR,86.5,SETTLED
TXN-202100600,2022-06-22,2022-06-24,CLT-1014,P-141,CORP_IG_EUR,Euro High Grade Corporate Bond Note,Corporate Bonds,SELL,2500,99.0,0.2475,0.000103,0.2474,EUR,0.92,SETTLED
TXN-202102835,2022-06-22,2022-06-24,CLT-1005,P-114,INFY_IN,Infosys Ltd.,Equity,FEE,0,0.0,0.0359,0.0359,-0.0359,INR,86.5,SETTLED
TXN-202104850,2022-06-22,2022-06-23,CLT-1022,P-164,USD_TREAS_MMF,Institutional USD Treasury Money Market Fund,Money Market,DEPOSIT,0,1.0,2.126,0.0001,2.126,USD,1.0,SETTLED
TXN-202200481,2022-06-23,2022-06-24,CLT-1008,P-121,OPERATING_CASH,Operational Custody Cash Balance,Cash,BUY,25000,97.58,2.4395,0.000709,2.4402,USD,1.0,SETTLED
TXN-202104955,2022-06-23,2022-06-24,CLT-1015,P-144,US_5Y_UST,US Treasury 5-Yr Benchmark Note,Government Bonds,BUY,25000,101.79,2.5448,0.00056,2.5454,USD,1.0,SETTLED
TXN-202203806,2022-06-23,2022-06-27,CLT-1001,P-103,SHEL_LN,Shell PLC,Equity,SELL,10000,204.85,2.0485,0.000553,2.0479,GBP,0.79,SETTLED
TXN-202201016,2022-06-23,2022-06-24,CLT-1017,P-150,OPERATING_CASH,Operational Custody Cash Balance,Cash,TRANSFER,0,1.0,1.2704,0.0001,-1.2704,USD,1.0,SETTLED
TXN-202105045,2022-06-23,2022-06-27,CLT-1009,P-125,ICICIBANK_IN,ICICI Bank Ltd.,Equity,BUY,2500,306.44,0.7661,0.000244,0.7663,INR,86.5,SETTLED
TXN-202303342,2022-06-24,2022-06-28,CLT-1010,P-129,XOM,Exxon Mobil Corp.,Equity,BUY,500,289.63,0.1448,2.6e-05,0.1448,USD,1.0,SETTLED
TXN-202500209,2022-06-24,2022-06-28,CLT-1024,P-171,CORP_IG_EUR,Euro High Grade Corporate Bond Note,Corporate Bonds,DIVIDEND,0,0.0,0.1896,0.00019,0.1894,EUR,0.92,SETTLED
TXN-202404073,2022-06-24,2022-06-28,CLT-1013,P-138,SHEL_LN,Shell PLC,Equity,BUY,25000,306.1,7.6525,0.002375,7.6549,GBP,0.79,SETTLED
TXN-202404828,2022-06-24,2022-06-27,CLT-1004,P-111,UK_10Y_GILT,UK Gilt 3.75% 2033,Government Bonds,BUY,500,96.26,0.0481,1.4e-05,0.0481,GBP,0.79,SETTLED
TXN-202103095,2022-06-27,2022-06-29,CLT-1019,P-156,BHARTIARTL_IN,Bharti Airtel Ltd.,Equity,SELL,1000,98.1,0.0981,2.1e-05,0.0981,INR,86.5,SETTLED
TXN-202404518,2022-06-27,2022-06-29,CLT-1005,P-115,MSFT,Microsoft Corp.,Equity,BUY,1000,258.4,0.2584,0.000112,0.2585,USD,1.0,SETTLED
TXN-202200046,2022-06-27,2022-06-28,CLT-1013,P-140,UK_10Y_GILT,UK Gilt 3.75% 2033,Government Bonds,INTEREST,0,0.0,0.1732,0.000173,0.173,GBP,0.79,FAILED
TXN-202405038,2022-06-27,2022-06-29,CLT-1011,P-130,NVDA,NVIDIA Corp.,Equity,SELL,1000,249.68,0.2497,9.3e-05,0.2496,USD,1.0,SETTLED
TXN-202101155,2022-06-27,2022-06-28,CLT-1024,P-170,EUR_LIQUIDITY_FUND,EUR Institutional Liquidity Master Fund,Money Market,SELL,10000,101.44,1.0144,0.000241,1.0142,EUR,0.92,SETTLED
TXN-202205246,2022-06-27,2022-06-28,CLT-1023,P-168,US_5Y_UST,US Treasury 5-Yr Benchmark Note,Government Bonds,DIVIDEND,0,0.0,0.0479,4.8e-05,0.0479,USD,1.0,SETTLED
TXN-202302312,2022-06-27,2022-06-29,CLT-1008,P-122,CORP_HY_USD,US High Yield Corporate Credit Note,Corporate Bonds,WITHDRAWAL,0,1.0,2.4104,0.0001,-2.4104,USD,1.0,SETTLED
TXN-202301607,2022-06-27,2022-06-29,CLT-1010,P-128,UNH,UnitedHealth Group,Equity,BUY,500,205.41,0.1027,3.8e-05,0.1027,USD,1.0,SETTLED
TXN-202201421,2022-06-27,2022-06-29,CLT-1018,P-153,UNH,UnitedHealth Group,Equity,BUY,500,133.39,0.0667,2.5e-05,0.0667,USD,1.0,SETTLED
TXN-202201406,2022-06-27,2022-06-28,CLT-1001,P-103,OPERATING_CASH,Operational Custody Cash Balance,Cash,SELL,1000,96.17,0.0962,1.6e-05,0.0962,USD,1.0,SETTLED
TXN-202203946,2022-06-28,2022-06-29,CLT-1025,P-174,GLD_ETF,SPDR Gold Shares Institutional Trust,ETF,BUY,2500,98.82,0.247,6.2e-05,0.2471,USD,1.0,SETTLED
TXN-202104845,2022-06-28,2022-06-30,CLT-1013,P-136,CORP_IG_USD,US Investment Grade Corporate Bond Fund,Corporate Bonds,BUY,25000,95.21,2.3803,0.001,2.3813,USD,1.0,SETTLED
TXN-202105040,2022-06-28,2022-06-30,CLT-1003,P-109,NOVN_SW,Novartis AG,Equity,SELL,1000,46.53,0.0465,1.4e-05,0.0465,CHF,0.88,SETTLED
TXN-202403043,2022-06-28,2022-06-29,CLT-1014,P-143,GLD_ETF,SPDR Gold Shares Institutional Trust,ETF,BUY,10000,98.49,0.9849,0.000211,0.9851,USD,1.0,SETTLED
TXN-202304367,2022-06-29,2022-06-30,CLT-1018,P-153,US_10Y_UST,US Treasury 10-Yr Benchmark Note,Government Bonds,BUY,2500,95.27,0.2382,9.3e-05,0.2383,USD,1.0,SETTLED
TXN-202301107,2022-06-29,2022-07-01,CLT-1018,P-152,UNH,UnitedHealth Group,Equity,SELL,2500,339.18,0.8479,0.000313,0.8476,USD,1.0,PENDING
TXN-202303407,2022-06-30,2022-07-04,CLT-1017,P-151,NVDA,NVIDIA Corp.,Equity,INTEREST,0,0.0,0.0732,7.3e-05,0.0731,USD,1.0,SETTLED
TXN-202101230,2022-06-30,2022-07-01,CLT-1009,P-123,INFRA_GLOBAL_TRUST,Global Infrastructure Core Income Note,Alternatives,BUY,5000,97.67,0.4884,0.000174,0.4886,USD,1.0,SETTLED
TXN-202301792,2022-06-30,2022-07-01,CLT-1017,P-151,PLD_REIT,Prologis Global Logistics REIT,REIT,SELL,50000,96.35,4.8175,0.001237,4.8163,USD,1.0,SETTLED
TXN-202100340,2022-07-01,2022-07-05,CLT-1020,P-160,DBS_SP,DBS Group Holdings,Equity,SELL,500,108.61,0.0543,8e-06,0.0543,SGD,1.34,SETTLED
TXN-202202566,2022-07-01,2022-07-04,CLT-1015,P-144,UK_10Y_GILT,UK Gilt 3.75% 2033,Government Bonds,BUY,2500,100.48,0.2512,0.00012,0.2513,GBP,0.79,SETTLED
TXN-202103430,2022-07-01,2022-07-05,CLT-1012,P-134,NVDA,NVIDIA Corp.,Equity,WITHDRAWAL,0,1.0,2.0177,0.0001,-2.0177,USD,1.0,SETTLED
TXN-202104680,2022-07-04,2022-07-05,CLT-1004,P-111,INR_OVERNIGHT_CASH,Institutional INR Overnight Liquid Fund,Money Market,INTEREST,0,0.0,0.2424,0.000242,0.2422,INR,86.5,SETTLED
TXN-202100900,2022-07-04,2022-07-06,CLT-1012,P-132,AMZN,Amazon.com Inc.,Equity,BUY,1000,255.96,0.256,9.4e-05,0.2561,USD,1.0,SETTLED
TXN-202103250,2022-07-04,2022-07-06,CLT-1025,P-173,AMZN,Amazon.com Inc.,Equity,BUY,5000,246.93,1.2347,0.000187,1.2349,USD,1.0,SETTLED
TXN-202102575,2022-07-04,2022-07-06,CLT-1024,P-172,CORP_HY_USD,US High Yield Corporate Credit Note,Corporate Bonds,BUY,25000,96.03,2.4007,0.001037,2.4017,USD,1.0,SETTLED
TXN-202302782,2022-07-04,2022-07-06,CLT-1025,P-174,ICICIBANK_IN,ICICI Bank Ltd.,Equity,BUY,2500,336.35,0.8409,0.000327,0.8412,INR,86.5,SETTLED
TXN-202403208,2022-07-05,2022-07-06,CLT-1015,P-144,JGB_10Y,Japan Government Bond 10-Yr 0.8%,Government Bonds,SELL,1000,98.42,0.0984,2.8e-05,0.0984,JPY,152.0,SETTLED
TXN-202101215,2022-07-05,2022-07-06,CLT-1005,P-112,IND_10Y_GSEC,India Sovereign G-Sec 7.18% 2033,Government Bonds,BUY,2500,97.39,0.2435,4.4e-05,0.2435,INR,86.5,SETTLED
TXN-202301817,2022-07-05,2022-07-07,CLT-1015,P-145,7203_JP,Toyota Motor Corp.,Equity,SELL,50000,100.87,5.0435,0.002211,5.0413,JPY,152.0,SETTLED
TXN-202202601,2022-07-05,2022-07-06,CLT-1013,P-136,GLD_ETF,SPDR Gold Shares Institutional Trust,ETF,SELL,5000,97.68,0.4884,8.7e-05,0.4883,USD,1.0,SETTLED
TXN-202201636,2022-07-05,2022-07-06,CLT-1022,P-166,JGB_10Y,Japan Government Bond 10-Yr 0.8%,Government Bonds,SELL,500,99.03,0.0495,9e-06,0.0495,JPY,152.0,SETTLED
TXN-202404953,2022-07-05,2022-07-06,CLT-1006,P-117,US_5Y_UST,US Treasury 5-Yr Benchmark Note,Government Bonds,SELL,500,96.68,0.0483,8e-06,0.0483,USD,1.0,SETTLED
TXN-202100500,2022-07-06,2022-07-08,CLT-1025,P-174,CORP_IG_USD,US Investment Grade Corporate Bond Fund,Corporate Bonds,INTEREST,0,0.0,0.1604,0.00016,0.1602,USD,1.0,SETTLED
TXN-202202366,2022-07-06,2022-07-08,CLT-1018,P-152,AAPL,Apple Inc.,Equity,SELL,500,181.94,0.091,2.3e-05,0.091,USD,1.0,SETTLED
TXN-202500309,2022-07-06,2022-07-08,CLT-1025,P-174,MSFT,Microsoft Corp.,Equity,SELL,1000,198.78,0.1988,9.4e-05,0.1987,USD,1.0,SETTLED
TXN-202201866,2022-07-06,2022-07-07,CLT-1010,P-128,INFRA_GLOBAL_TRUST,Global Infrastructure Core Income Note,Alternatives,BUY,5000,100.04,0.5002,0.000107,0.5003,USD,1.0,SETTLED
TXN-202203536,2022-07-07,2022-07-11,CLT-1019,P-157,TCS_IN,Tata Consultancy Services,Equity,BUY,2500,258.17,0.6454,0.000294,0.6457,INR,86.5,SETTLED
TXN-202201626,2022-07-08,2022-07-12,CLT-1015,P-145,6758_JP,Sony Group Corp.,Equity,INTEREST,0,0.0,0.1523,0.000152,0.1521,JPY,152.0,SETTLED
TXN-202502764,2022-07-08,2022-07-12,CLT-1023,P-169,SAP_GY,SAP SE,Equity,SELL,1000,130.83,0.1308,4.6e-05,0.1308,EUR,0.92,SETTLED
TXN-202504289,2022-07-11,2022-07-13,CLT-1013,P-136,CORP_IG_EUR,Euro High Grade Corporate Bond Note,Corporate Bonds,INTEREST,0,0.0,0.136,0.000136,0.1359,EUR,0.92,SETTLED
TXN-202303392,2022-07-11,2022-07-12,CLT-1022,P-164,US_5Y_UST,US Treasury 5-Yr Benchmark Note,Government Bonds,BUY,1000,96.2,0.0962,2.8e-05,0.0962,USD,1.0,SETTLED
TXN-202502144,2022-07-11,2022-07-12,CLT-1010,P-128,UK_10Y_GILT,UK Gilt 3.75% 2033,Government Bonds,SELL,50000,98.86,4.943,0.002126,4.9409,GBP,0.79,SETTLED
TXN-202404613,2022-07-11,2022-07-12,CLT-1019,P-156,INR_OVERNIGHT_CASH,Institutional INR Overnight Liquid Fund,Money Market,BUY,2500,95.04,0.2376,4e-05,0.2376,INR,86.5,SETTLED
TXN-202504629,2022-07-11,2022-07-12,CLT-1013,P-136,INFRA_GLOBAL_TRUST,Global Infrastructure Core Income Note,Alternatives,DIVIDEND,0,0.0,0.207,0.000207,0.2068,USD,1.0,SETTLED
TXN-202304807,2022-07-11,2022-07-13,CLT-1003,P-106,MSFT,Microsoft Corp.,Equity,SELL,500,137.47,0.0687,2.9e-05,0.0687,USD,1.0,SETTLED
TXN-202103945,2022-07-11,2022-07-13,CLT-1013,P-138,JPM,JPMorgan Chase & Co.,Equity,TRANSFER,0,1.0,0.4557,0.0001,-0.4557,USD,1.0,SETTLED
TXN-202500424,2022-07-11,2022-07-13,CLT-1011,P-130,LT_IN,Larsen & Toubro Ltd.,Equity,TRANSFER,0,1.0,2.7487,0.0001,-2.7487,INR,86.5,PENDING
TXN-202101435,2022-07-11,2022-07-12,CLT-1006,P-117,EUR_LIQUIDITY_FUND,EUR Institutional Liquidity Master Fund,Money Market,BUY,2500,98.67,0.2467,0.000119,0.2468,EUR,0.92,SETTLED
TXN-202503344,2022-07-11,2022-07-12,CLT-1010,P-127,INFRA_GLOBAL_TRUST,Global Infrastructure Core Income Note,Alternatives,BUY,50000,99.9,4.995,0.001586,4.9966,USD,1.0,SETTLED
TXN-202202091,2022-07-11,2022-07-13,CLT-1013,P-137,SHEL_LN,Shell PLC,Equity,FEE,0,0.0,0.04,0.04,-0.04,GBP,0.79,SETTLED
TXN-202201391,2022-07-12,2022-07-14,CLT-1013,P-137,CORP_IG_USD,US Investment Grade Corporate Bond Fund,Corporate Bonds,SELL,50000,102.37,5.1185,0.001628,5.1169,USD,1.0,SETTLED
TXN-202302407,2022-07-12,2022-07-14,CLT-1001,P-102,LT_IN,Larsen & Toubro Ltd.,Equity,SELL,2500,166.51,0.4163,0.000163,0.4161,INR,86.5,SETTLED
TXN-202201931,2022-07-12,2022-07-14,CLT-1018,P-154,CORP_HY_USD,US High Yield Corporate Credit Note,Corporate Bonds,INTEREST,0,0.0,0.2039,0.000204,0.2037,USD,1.0,SETTLED
TXN-202102630,2022-07-12,2022-07-14,CLT-1019,P-157,6758_JP,Sony Group Corp.,Equity,SELL,5000,281.84,1.4092,0.000499,1.4087,JPY,152.0,SETTLED
TXN-202504204,2022-07-12,2022-07-13,CLT-1021,P-163,JGB_10Y,Japan Government Bond 10-Yr 0.8%,Government Bonds,BUY,50000,98.71,4.9355,0.001216,4.9367,JPY,152.0,SETTLED
TXN-202400248,2022-07-12,2022-07-13,CLT-1006,P-116,US_5Y_UST,US Treasury 5-Yr Benchmark Note,Government Bonds,INTEREST,0,0.0,0.169,0.000169,0.1688,USD,1.0,SETTLED
TXN-202504884,2022-07-12,2022-07-14,CLT-1001,P-101,AAPL,Apple Inc.,Equity,DIVIDEND,0,0.0,0.247,0.000247,0.2468,USD,1.0,SETTLED
TXN-202505129,2022-07-13,2022-07-15,CLT-1015,P-144,CORP_IG_EUR,Euro High Grade Corporate Bond Note,Corporate Bonds,DIVIDEND,0,0.0,0.1468,0.000147,0.1467,EUR,0.92,SETTLED
TXN-202403163,2022-07-13,2022-07-15,CLT-1014,P-141,7203_JP,Toyota Motor Corp.,Equity,BUY,50000,215.65,10.7825,0.004163,10.7867,JPY,152.0,SETTLED
TXN-202203526,2022-07-13,2022-07-14,CLT-1023,P-168,PLD_REIT,Prologis Global Logistics REIT,REIT,BUY,25000,97.56,2.439,0.000436,2.4394,USD,1.0,SETTLED
TXN-202202876,2022-07-14,2022-07-18,CLT-1022,P-165,HDFCBANK_IN,HDFC Bank Ltd.,Equity,SELL,1000,285.76,0.2858,0.000124,0.2857,INR,86.5,SETTLED
TXN-202303362,2022-07-14,2022-07-18,CLT-1024,P-170,BHARTIARTL_IN,Bharti Airtel Ltd.,Equity,BUY,500,96.33,0.0482,1.1e-05,0.0482,INR,86.5,SETTLED
TXN-202100565,2022-07-14,2022-07-15,CLT-1025,P-173,IND_10Y_GSEC,India Sovereign G-Sec 7.18% 2033,Government Bonds,DIVIDEND,0,0.0,0.1501,0.00015,0.1499,INR,86.5,SETTLED
TXN-202203611,2022-07-14,2022-07-18,CLT-1025,P-174,DBS_SP,DBS Group Holdings,Equity,BUY,1000,286.73,0.2867,0.000115,0.2868,SGD,1.34,SETTLED
TXN-202404833,2022-07-15,2022-07-19,CLT-1011,P-130,AZN_LN,AstraZeneca PLC,Equity,BUY,25000,339.52,8.488,0.001671,8.4897,GBP,0.79,SETTLED
TXN-202303262,2022-07-15,2022-07-19,CLT-1012,P-132,6758_JP,Sony Group Corp.,Equity,INTEREST,0,0.0,0.0252,2.5e-05,0.0252,JPY,152.0,SETTLED
TXN-202502879,2022-07-15,2022-07-19,CLT-1025,P-174,XOM,Exxon Mobil Corp.,Equity,BUY,50000,189.3,9.465,0.003437,9.4684,USD,1.0,SETTLED
TXN-202301797,2022-07-15,2022-07-18,CLT-1005,P-112,GLD_ETF,SPDR Gold Shares Institutional Trust,ETF,BUY,1000,99.75,0.0998,4.2e-05,0.0998,USD,1.0,SETTLED
TXN-202100795,2022-07-15,2022-07-18,CLT-1023,P-168,INR_OVERNIGHT_CASH,Institutional INR Overnight Liquid Fund,Money Market,SELL,10000,99.9,0.999,0.000364,0.9986,INR,86.5,SETTLED
TXN-202102145,2022-07-15,2022-07-19,CLT-1023,P-169,SAP_GY,SAP SE,Equity,DIVIDEND,0,0.0,0.0257,2.6e-05,0.0257,EUR,0.92,SETTLED
TXN-202200681,2022-07-18,2022-07-19,CLT-1025,P-173,EUR_LIQUIDITY_FUND,EUR Institutional Liquidity Master Fund,Money Market,SELL,25000,100.79,2.5198,0.000601,2.5192,EUR,0.92,SETTLED
TXN-202502374,2022-07-18,2022-07-20,CLT-1008,P-122,TCS_IN,Tata Consultancy Services,Equity,SELL,5000,293.31,1.4666,0.000296,1.4663,INR,86.5,SETTLED
TXN-202204691,2022-07-18,2022-07-19,CLT-1025,P-173,JGB_10Y,Japan Government Bond 10-Yr 0.8%,Government Bonds,BUY,2500,98.32,0.2458,3.9e-05,0.2458,JPY,152.0,SETTLED
TXN-202301777,2022-07-18,2022-07-19,CLT-1021,P-161,USD_TREAS_MMF,Institutional USD Treasury Money Market Fund,Money Market,BUY,25000,102.34,2.5585,0.000609,2.5591,USD,1.0,SETTLED
TXN-202304622,2022-07-18,2022-07-20,CLT-1021,P-162,CORP_IG_EUR,Euro High Grade Corporate Bond Note,Corporate Bonds,TRANSFER,0,1.0,3.0273,0.0001,-3.0273,EUR,0.92,SETTLED
TXN-202300647,2022-07-18,2022-07-19,CLT-1001,P-101,US_5Y_UST,US Treasury 5-Yr Benchmark Note,Government Bonds,BUY,25000,99.54,2.4885,0.000512,2.489,USD,1.0,SETTLED
TXN-202402083,2022-07-18,2022-07-20,CLT-1013,P-138,INFY_IN,Infosys Ltd.,Equity,BUY,1000,116.05,0.1161,5.2e-05,0.1162,INR,86.5,SETTLED
TXN-202300432,2022-07-18,2022-07-20,CLT-1014,P-142,AZN_LN,AstraZeneca PLC,Equity,BUY,1000,215.02,0.215,4.2e-05,0.215,GBP,0.79,SETTLED
TXN-202201101,2022-07-19,2022-07-20,CLT-1021,P-163,IND_10Y_GSEC,India Sovereign G-Sec 7.18% 2033,Government Bonds,BUY,1000,95.91,0.0959,2.1e-05,0.0959,INR,86.5,PENDING
TXN-202300847,2022-07-19,2022-07-21,CLT-1021,P-162,ASML_NA,ASML Holding NV,Equity,DEPOSIT,0,1.0,0.7295,0.0001,0.7295,EUR,0.92,SETTLED
TXN-202401373,2022-07-19,2022-07-21,CLT-1005,P-114,AAPL,Apple Inc.,Equity,INTEREST,0,0.0,0.1291,0.000129,0.129,USD,1.0,SETTLED
TXN-202104740,2022-07-20,2022-07-21,CLT-1015,P-147,OPERATING_CASH,Operational Custody Cash Balance,Cash,BUY,500,98.1,0.0491,1.2e-05,0.0491,USD,1.0,SETTLED
TXN-202502539,2022-07-20,2022-07-22,CLT-1008,P-122,BHARTIARTL_IN,Bharti Airtel Ltd.,Equity,DIVIDEND,0,0.0,0.0158,1.6e-05,0.0158,INR,86.5,SETTLED
TXN-202101315,2022-07-20,2022-07-21,CLT-1003,P-109,IND_10Y_GSEC,India Sovereign G-Sec 7.18% 2033,Government Bonds,SELL,1000,96.21,0.0962,1.7e-05,0.0962,INR,86.5,SETTLED
TXN-202503944,2022-07-20,2022-07-22,CLT-1012,P-135,XOM,Exxon Mobil Corp.,Equity,BUY,25000,321.41,8.0353,0.00304,8.0383,USD,1.0,SETTLED
TXN-202305142,2022-07-21,2022-07-25,CLT-1025,P-173,MSFT,Microsoft Corp.,Equity,SELL,50000,136.97,6.8485,0.001972,6.8465,USD,1.0,SETTLED
TXN-202100480,2022-07-21,2022-07-25,CLT-1019,P-158,DBS_SP,DBS Group Holdings,Equity,DIVIDEND,0,0.0,0.1227,0.000123,0.1226,SGD,1.34,SETTLED
TXN-202504189,2022-07-22,2022-07-26,CLT-1023,P-168,CORP_HY_USD,US High Yield Corporate Credit Note,Corporate Bonds,SELL,50000,96.66,4.833,0.001222,4.8318,USD,1.0,SETTLED
TXN-202400718,2022-07-22,2022-07-26,CLT-1013,P-137,BHARTIARTL_IN,Bharti Airtel Ltd.,Equity,SELL,1000,231.68,0.2317,8.1e-05,0.2316,INR,86.5,SETTLED
TXN-202500714,2022-07-22,2022-07-26,CLT-1022,P-166,ICICIBANK_IN,ICICI Bank Ltd.,Equity,SELL,2500,55.81,0.1395,4.2e-05,0.1395,INR,86.5,SETTLED
TXN-202202136,2022-07-25,2022-07-27,CLT-1007,P-119,INFY_IN,Infosys Ltd.,Equity,DIVIDEND,0,0.0,0.1063,0.000106,0.1062,INR,86.5,SETTLED
TXN-202103730,2022-07-25,2022-07-26,CLT-1017,P-150,US_10Y_UST,US Treasury 10-Yr Benchmark Note,Government Bonds,BUY,500,95.65,0.0478,1.6e-05,0.0478,USD,1.0,SETTLED
TXN-202504659,2022-07-25,2022-07-27,CLT-1021,P-163,SAP_GY,SAP SE,Equity,BUY,10000,348.44,3.4844,0.001238,3.4856,EUR,0.92,SETTLED
TXN-202303767,2022-07-25,2022-07-27,CLT-1025,P-174,XOM,Exxon Mobil Corp.,Equity,BUY,5000,269.57,1.3478,0.00037,1.3482,USD,1.0,SETTLED
TXN-202301752,2022-07-25,2022-07-27,CLT-1019,P-157,AZN_LN,AstraZeneca PLC,Equity,SELL,10000,41.65,0.4165,9.5e-05,0.4164,GBP,0.79,SETTLED
TXN-202400073,2022-07-25,2022-07-26,CLT-1003,P-110,UK_10Y_GILT,UK Gilt 3.75% 2033,Government Bonds,SELL,25000,101.05,2.5263,0.00066,2.5256,GBP,0.79,SETTLED
TXN-202304882,2022-07-25,2022-07-27,CLT-1016,P-148,AMZN,Amazon.com Inc.,Equity,SELL,10000,166.54,1.6654,0.000484,1.6649,USD,1.0,SETTLED
TXN-202401248,2022-07-26,2022-07-27,CLT-1021,P-161,UK_10Y_GILT,UK Gilt 3.75% 2033,Government Bonds,DIVIDEND,0,0.0,0.2115,0.000211,0.2113,GBP,0.79,SETTLED
TXN-202405208,2022-07-27,2022-07-29,CLT-1021,P-163,JPM,JPMorgan Chase & Co.,Equity,TRANSFER,0,1.0,2.9504,0.0001,-2.9504,USD,1.0,PENDING
TXN-202100450,2022-07-27,2022-07-29,CLT-1022,P-166,7203_JP,Toyota Motor Corp.,Equity,FEE,0,0.0,0.0449,0.0449,-0.0449,JPY,152.0,SETTLED
TXN-202402673,2022-07-27,2022-07-29,CLT-1022,P-164,SHEL_LN,Shell PLC,Equity,TRANSFER,0,1.0,1.4606,0.0001,-1.4606,GBP,0.79,SETTLED
TXN-202102870,2022-07-27,2022-07-28,CLT-1011,P-130,INR_OVERNIGHT_CASH,Institutional INR Overnight Liquid Fund,Money Market,BUY,2500,100.31,0.2508,0.000102,0.2509,INR,86.5,SETTLED
TXN-202302587,2022-07-27,2022-07-29,CLT-1021,P-162,ASML_NA,ASML Holding NV,Equity,INTEREST,0,0.0,0.1714,0.000171,0.1712,EUR,0.92,SETTLED
TXN-202102435,2022-07-28,2022-08-01,CLT-1003,P-109,SHEL_LN,Shell PLC,Equity,BUY,500,156.91,0.0785,3.8e-05,0.0785,GBP,0.79,SETTLED
TXN-202504504,2022-07-28,2022-07-29,CLT-1015,P-144,EUR_LIQUIDITY_FUND,EUR Institutional Liquidity Master Fund,Money Market,SELL,5000,97.89,0.4894,7.6e-05,0.4893,EUR,0.92,SETTLED
TXN-202403728,2022-07-28,2022-07-29,CLT-1002,P-104,INFRA_GLOBAL_TRUST,Global Infrastructure Core Income Note,Alternatives,BUY,1000,98.15,0.0982,3.8e-05,0.0982,USD,1.0,SETTLED
TXN-202402703,2022-07-28,2022-07-29,CLT-1010,P-129,PLD_REIT,Prologis Global Logistics REIT,REIT,BUY,50000,100.73,5.0365,0.001948,5.0384,USD,1.0,SETTLED
TXN-202301427,2022-07-29,2022-08-02,CLT-1018,P-155,TCS_IN,Tata Consultancy Services,Equity,SELL,5000,273.0,1.365,0.000553,1.3644,INR,86.5,SETTLED
TXN-202202481,2022-07-29,2022-08-01,CLT-1007,P-120,US_5Y_UST,US Treasury 5-Yr Benchmark Note,Government Bonds,BUY,5000,100.39,0.502,0.000165,0.5022,USD,1.0,SETTLED
TXN-202304137,2022-07-29,2022-08-02,CLT-1005,P-112,TCS_IN,Tata Consultancy Services,Equity,DIVIDEND,0,0.0,0.2343,0.000234,0.2341,INR,86.5,SETTLED
TXN-202200086,2022-07-29,2022-08-02,CLT-1014,P-142,CORP_IG_EUR,Euro High Grade Corporate Bond Note,Corporate Bonds,DIVIDEND,0,0.0,0.0681,6.8e-05,0.068,EUR,0.92,SETTLED
TXN-202500654,2022-08-01,2022-08-03,CLT-1021,P-162,ASML_NA,ASML Holding NV,Equity,BUY,500,248.09,0.124,6e-05,0.1241,EUR,0.92,SETTLED
TXN-202400223,2022-08-01,2022-08-02,CLT-1025,P-174,JGB_10Y,Japan Government Bond 10-Yr 0.8%,Government Bonds,SELL,10000,96.01,0.9601,0.000297,0.9598,JPY,152.0,SETTLED
TXN-202202611,2022-08-01,2022-08-03,CLT-1007,P-119,ASML_NA,ASML Holding NV,Equity,BUY,50000,207.85,10.3925,0.004269,10.3968,EUR,0.92,SETTLED
TXN-202501924,2022-08-01,2022-08-03,CLT-1010,P-129,ICICIBANK_IN,ICICI Bank Ltd.,Equity,BUY,25000,305.41,7.6353,0.001533,7.6368,INR,86.5,SETTLED
TXN-202301402,2022-08-01,2022-08-03,CLT-1018,P-153,AZN_LN,AstraZeneca PLC,Equity,SELL,2500,341.44,0.8536,0.000353,0.8532,GBP,0.79,SETTLED
TXN-202303562,2022-08-01,2022-08-03,CLT-1022,P-164,AZN_LN,AstraZeneca PLC,Equity,SELL,2500,307.63,0.7691,0.000281,0.7688,GBP,0.79,SETTLED
TXN-202204616,2022-08-01,2022-08-03,CLT-1024,P-171,HDFCBANK_IN,HDFC Bank Ltd.,Equity,SELL,50000,127.43,6.3715,0.001903,6.3696,INR,86.5,SETTLED
TXN-202204646,2022-08-01,2022-08-03,CLT-1012,P-133,NVDA,NVIDIA Corp.,Equity,SELL,25000,297.52,7.438,0.002732,7.4353,USD,1.0,SETTLED
TXN-202200006,2022-08-02,2022-08-04,CLT-1017,P-151,DBS_SP,DBS Group Holdings,Equity,SELL,50000,161.1,8.055,0.002211,8.0528,SGD,1.34,SETTLED
TXN-202500414,2022-08-02,2022-08-04,CLT-1025,P-174,AMZN,Amazon.com Inc.,Equity,BUY,25000,63.42,1.5855,0.000289,1.5858,USD,1.0,SETTLED
TXN-202304272,2022-08-02,2022-08-04,CLT-1002,P-104,NVDA,NVIDIA Corp.,Equity,BUY,10000,300.04,3.0004,0.000568,3.001,USD,1.0,SETTLED
TXN-202503899,2022-08-03,2022-08-05,CLT-1025,P-173,TCS_IN,Tata Consultancy Services,Equity,SELL,50000,103.52,5.176,0.000982,5.175,INR,86.5,SETTLED
TXN-202401983,2022-08-03,2022-08-05,CLT-1025,P-174,DBS_SP,DBS Group Holdings,Equity,SELL,10000,190.57,1.9057,0.000677,1.905,SGD,1.34,SETTLED
TXN-202402148,2022-08-03,2022-08-05,CLT-1004,P-111,GOOGL,Alphabet Inc.,Equity,DIVIDEND,0,0.0,0.2144,0.000214,0.2142,USD,1.0,SETTLED
TXN-202402648,2022-08-04,2022-08-05,CLT-1016,P-148,IND_10Y_GSEC,India Sovereign G-Sec 7.18% 2033,Government Bonds,DIVIDEND,0,0.0,0.0237,2.4e-05,0.0237,INR,86.5,SETTLED
TXN-202200921,2022-08-04,2022-08-05,CLT-1006,P-116,UK_10Y_GILT,UK Gilt 3.75% 2033,Government Bonds,DEPOSIT,0,1.0,3.225,0.0001,3.225,GBP,0.79,SETTLED
TXN-202200041,2022-08-04,2022-08-08,CLT-1005,P-113,UNH,UnitedHealth Group,Equity,WITHDRAWAL,0,1.0,0.4958,0.0001,-0.4958,USD,1.0,PENDING
TXN-202404798,2022-08-05,2022-08-09,CLT-1008,P-122,XOM,Exxon Mobil Corp.,Equity,DEPOSIT,0,1.0,2.9744,0.0001,2.9744,USD,1.0,SETTLED
TXN-202300347,2022-08-05,2022-08-09,CLT-1024,P-172,AZN_LN,AstraZeneca PLC,Equity,DIVIDEND,0,0.0,0.1032,0.000103,0.1031,GBP,0.79,SETTLED
TXN-202303182,2022-08-05,2022-08-09,CLT-1015,P-144,AMZN,Amazon.com Inc.,Equity,SELL,25000,268.92,6.723,0.001105,6.7219,USD,1.0,SETTLED
TXN-202504454,2022-08-05,2022-08-08,CLT-1015,P-145,USD_TREAS_MMF,Institutional USD Treasury Money Market Fund,Money Market,SELL,25000,100.06,2.5015,0.0009,2.5006,USD,1.0,SETTLED
TXN-202505004,2022-08-08,2022-08-10,CLT-1021,P-163,SAP_GY,SAP SE,Equity,BUY,500,118.28,0.0591,2.5e-05,0.0591,EUR,0.92,SETTLED
TXN-202403593,2022-08-08,2022-08-10,CLT-1001,P-101,JPM,JPMorgan Chase & Co.,Equity,SELL,50000,177.9,8.895,0.003409,8.8916,USD,1.0,SETTLED
TXN-202302492,2022-08-08,2022-08-09,CLT-1018,P-152,INR_OVERNIGHT_CASH,Institutional INR Overnight Liquid Fund,Money Market,SELL,5000,98.44,0.4922,0.000175,0.492,INR,86.5,SETTLED
TXN-202303532,2022-08-08,2022-08-10,CLT-1017,P-151,AZN_LN,AstraZeneca PLC,Equity,DIVIDEND,0,0.0,0.0677,6.8e-05,0.0676,GBP,0.79,SETTLED
TXN-202503174,2022-08-08,2022-08-10,CLT-1017,P-150,7203_JP,Toyota Motor Corp.,Equity,SELL,2500,82.84,0.2071,3.7e-05,0.2071,JPY,152.0,SETTLED
TXN-202403178,2022-08-08,2022-08-10,CLT-1014,P-141,BHARTIARTL_IN,Bharti Airtel Ltd.,Equity,SELL,2500,248.99,0.6225,0.000271,0.6222,INR,86.5,SETTLED
TXN-202303712,2022-08-08,2022-08-10,CLT-1013,P-136,SHEL_LN,Shell PLC,Equity,SELL,50000,222.06,11.103,0.001797,11.1012,GBP,0.79,SETTLED
TXN-202300797,2022-08-08,2022-08-09,CLT-1014,P-143,PLD_REIT,Prologis Global Logistics REIT,REIT,BUY,25000,102.72,2.568,0.000442,2.5684,USD,1.0,SETTLED
TXN-202204816,2022-08-08,2022-08-10,CLT-1002,P-105,JPM,JPMorgan Chase & Co.,Equity,SELL,500,54.56,0.0273,5e-06,0.0273,USD,1.0,SETTLED
TXN-202103035,2022-08-08,2022-08-10,CLT-1005,P-115,LT_IN,Larsen & Toubro Ltd.,Equity,BUY,5000,130.43,0.6522,0.000313,0.6525,INR,86.5,SETTLED
TXN-202203981,2022-08-09,2022-08-11,CLT-1005,P-114,RELIANCE_IN,Reliance Industries Ltd.,Equity,SELL,50000,126.0,6.3,0.002229,6.2978,INR,86.5,SETTLED
TXN-202302127,2022-08-10,2022-08-11,CLT-1018,P-153,USD_TREAS_MMF,Institutional USD Treasury Money Market Fund,Money Market,SELL,25000,98.43,2.4607,0.000945,2.4598,USD,1.0,PENDING
TXN-202100540,2022-08-10,2022-08-12,CLT-1013,P-137,SHEL_LN,Shell PLC,Equity,INTEREST,0,0.0,0.0405,4.1e-05,0.0405,GBP,0.79,SETTLED
TXN-202404673,2022-08-11,2022-08-15,CLT-1008,P-121,NOVN_SW,Novartis AG,Equity,SELL,5000,115.12,0.5756,0.000231,0.5754,CHF,0.88,SETTLED
TXN-202400018,2022-08-11,2022-08-15,CLT-1018,P-152,RELIANCE_IN,Reliance Industries Ltd.,Equity,SELL,5000,153.69,0.7684,0.000342,0.7681,INR,86.5,SETTLED
TXN-202300297,2022-08-11,2022-08-12,CLT-1009,P-123,GLD_ETF,SPDR Gold Shares Institutional Trust,ETF,BUY,2500,98.31,0.2458,0.000109,0.2459,USD,1.0,SETTLED
TXN-202302072,2022-08-11,2022-08-15,CLT-1005,P-113,NOVN_SW,Novartis AG,Equity,BUY,50000,124.77,6.2385,0.001983,6.2405,CHF,0.88,SETTLED
TXN-202104085,2022-08-11,2022-08-15,CLT-1009,P-125,CORP_HY_USD,US High Yield Corporate Credit Note,Corporate Bonds,SELL,5000,95.27,0.4763,0.000115,0.4762,USD,1.0,SETTLED
TXN-202401683,2022-08-12,2022-08-15,CLT-1022,P-165,USD_TREAS_MMF,Institutional USD Treasury Money Market Fund,Money Market,INTEREST,0,0.0,0.2045,0.000204,0.2043,USD,1.0,SETTLED
TXN-202101555,2022-08-12,2022-08-15,CLT-1008,P-122,US_5Y_UST,US Treasury 5-Yr Benchmark Note,Government Bonds,SELL,2500,100.89,0.2522,8.3e-05,0.2521,USD,1.0,SETTLED
TXN-202505189,2022-08-12,2022-08-15,CLT-1010,P-127,IND_10Y_GSEC,India Sovereign G-Sec 7.18% 2033,Government Bonds,SELL,50000,97.08,4.854,0.001634,4.8524,INR,86.5,SETTLED
TXN-202203451,2022-08-15,2022-08-17,CLT-1018,P-153,NVDA,NVIDIA Corp.,Equity,DIVIDEND,0,0.0,0.0708,7.1e-05,0.0707,USD,1.0,SETTLED
TXN-202501209,2022-08-15,2022-08-17,CLT-1003,P-108,AZN_LN,AstraZeneca PLC,Equity,FEE,0,0.0,0.0409,0.0409,-0.0409,GBP,0.79,SETTLED
TXN-202103950,2022-08-15,2022-08-16,CLT-1009,P-123,USD_TREAS_MMF,Institutional USD Treasury Money Market Fund,Money Market,SELL,5000,96.39,0.4819,0.000147,0.4818,USD,1.0,SETTLED
TXN-202502074,2022-08-15,2022-08-17,CLT-1002,P-104,RELIANCE_IN,Reliance Industries Ltd.,Equity,DIVIDEND,0,0.0,0.154,0.000154,0.1538,INR,86.5,SETTLED
TXN-202400593,2022-08-15,2022-08-16,CLT-1003,P-108,USD_TREAS_MMF,Institutional USD Treasury Money Market Fund,Money Market,SELL,500,95.64,0.0478,2.3e-05,0.0478,USD,1.0,SETTLED
TXN-202504544,2022-08-15,2022-08-17,CLT-1005,P-114,LT_IN,Larsen & Toubro Ltd.,Equity,BUY,5000,343.92,1.7196,0.000817,1.7204,INR,86.5,SETTLED
TXN-202502244,2022-08-15,2022-08-17,CLT-1016,P-148,MSFT,Microsoft Corp.,Equity,INTEREST,0,0.0,0.0871,8.7e-05,0.087,USD,1.0,SETTLED
TXN-202403838,2022-08-15,2022-08-17,CLT-1019,P-158,LT_IN,Larsen & Toubro Ltd.,Equity,SELL,25000,314.22,7.8555,0.002732,7.8528,INR,86.5,SETTLED
TXN-202101170,2022-08-16,2022-08-18,CLT-1003,P-107,7203_JP,Toyota Motor Corp.,Equity,BUY,10000,228.55,2.2855,0.000526,2.286,JPY,152.0,SETTLED
TXN-202502159,2022-08-16,2022-08-17,CLT-1005,P-112,EUR_LIQUIDITY_FUND,EUR Institutional Liquidity Master Fund,Money Market,BUY,5000,101.81,0.5091,0.00013,0.5092,EUR,0.92,SETTLED
TXN-202101930,2022-08-16,2022-08-17,CLT-1017,P-150,GLD_ETF,SPDR Gold Shares Institutional Trust,ETF,DIVIDEND,0,0.0,0.0947,9.5e-05,0.0946,USD,1.0,SETTLED
TXN-202203231,2022-08-16,2022-08-18,CLT-1002,P-104,HDFCBANK_IN,HDFC Bank Ltd.,Equity,BUY,25000,295.41,7.3853,0.00162,7.3869,INR,86.5,SETTLED
TXN-202204406,2022-08-17,2022-08-19,CLT-1017,P-150,7203_JP,Toyota Motor Corp.,Equity,BUY,10000,134.33,1.3433,0.000238,1.3435,JPY,152.0,SETTLED
TXN-202202591,2022-08-17,2022-08-19,CLT-1013,P-140,XOM,Exxon Mobil Corp.,Equity,BUY,2500,182.48,0.4562,0.000158,0.4564,USD,1.0,SETTLED
TXN-202204196,2022-08-17,2022-08-19,CLT-1024,P-172,LT_IN,Larsen & Toubro Ltd.,Equity,TRANSFER,0,1.0,2.3992,0.0001,-2.3992,INR,86.5,SETTLED
TXN-202200116,2022-08-17,2022-08-19,CLT-1024,P-172,NOVN_SW,Novartis AG,Equity,SELL,5000,129.36,0.6468,0.000278,0.6465,CHF,0.88,PENDING
TXN-202302712,2022-08-17,2022-08-19,CLT-1015,P-145,CORP_IG_USD,US Investment Grade Corporate Bond Fund,Corporate Bonds,SELL,1000,99.09,0.0991,4.2e-05,0.0991,USD,1.0,SETTLED
TXN-202100635,2022-08-17,2022-08-18,CLT-1022,P-164,UK_10Y_GILT,UK Gilt 3.75% 2033,Government Bonds,BUY,10000,95.54,0.9554,0.00021,0.9556,GBP,0.79,SETTLED
TXN-202304157,2022-08-18,2022-08-22,CLT-1001,P-101,7203_JP,Toyota Motor Corp.,Equity,SELL,5000,230.75,1.1538,0.000547,1.1533,JPY,152.0,SETTLED
TXN-202405098,2022-08-19,2022-08-23,CLT-1009,P-124,NVDA,NVIDIA Corp.,Equity,BUY,500,315.08,0.1575,4.6e-05,0.1575,USD,1.0,SETTLED
TXN-202202341,2022-08-19,2022-08-23,CLT-1006,P-116,UNH,UnitedHealth Group,Equity,DIVIDEND,0,0.0,0.2246,0.000225,0.2244,USD,1.0,SETTLED
TXN-202300012,2022-08-19,2022-08-22,CLT-1015,P-147,GER_10Y_BUND,Germany Bund 2.60% 2033,Government Bonds,SELL,500,102.13,0.0511,2.2e-05,0.0511,EUR,0.92,SETTLED
TXN-202502059,2022-08-22,2022-08-24,CLT-1012,P-134,CORP_IG_EUR,Euro High Grade Corporate Bond Note,Corporate Bonds,SELL,10000,101.48,1.0148,0.000161,1.0146,EUR,0.92,SETTLED
TXN-202203621,2022-08-22,2022-08-24,CLT-1003,P-107,LT_IN,Larsen & Toubro Ltd.,Equity,BUY,25000,51.1,1.2775,0.000545,1.278,INR,86.5,SETTLED
TXN-202104470,2022-08-22,2022-08-24,CLT-1019,P-156,7203_JP,Toyota Motor Corp.,Equity,FEE,0,0.0,0.0415,0.0415,-0.0415,JPY,152.0,SETTLED
TXN-202300777,2022-08-22,2022-08-24,CLT-1015,P-147,6758_JP,Sony Group Corp.,Equity,SELL,25000,217.32,5.433,0.000892,5.4321,JPY,152.0,SETTLED
TXN-202300547,2022-08-22,2022-08-24,CLT-1022,P-165,TCS_IN,Tata Consultancy Services,Equity,BUY,25000,100.25,2.5063,0.000953,2.5073,INR,86.5,SETTLED
TXN-202501369,2022-08-22,2022-08-24,CLT-1012,P-133,6758_JP,Sony Group Corp.,Equity,WITHDRAWAL,0,1.0,2.0487,0.0001,-2.0487,JPY,152.0,SETTLED
TXN-202401403,2022-08-22,2022-08-24,CLT-1010,P-129,SHEL_LN,Shell PLC,Equity,BUY,50000,62.63,3.1315,0.001453,3.133,GBP,0.79,SETTLED
TXN-202200371,2022-08-22,2022-08-24,CLT-1013,P-140,INFY_IN,Infosys Ltd.,Equity,TRANSFER,0,1.0,2.0732,0.0001,-2.0732,INR,86.5,SETTLED
TXN-202202266,2022-08-22,2022-08-24,CLT-1017,P-151,6758_JP,Sony Group Corp.,Equity,BUY,50000,318.89,15.9445,0.006384,15.9509,JPY,152.0,SETTLED
TXN-202401633,2022-08-22,2022-08-23,CLT-1025,P-173,GER_10Y_BUND,Germany Bund 2.60% 2033,Government Bonds,BUY,2500,95.35,0.2384,6.9e-05,0.2385,EUR,0.92,SETTLED
TXN-202104220,2022-08-22,2022-08-24,CLT-1005,P-113,6758_JP,Sony Group Corp.,Equity,DIVIDEND,0,0.0,0.1742,0.000174,0.174,JPY,152.0,SETTLED
TXN-202204436,2022-08-23,2022-08-25,CLT-1021,P-163,INFY_IN,Infosys Ltd.,Equity,BUY,2500,152.47,0.3812,0.00016,0.3814,INR,86.5,SETTLED
TXN-202501039,2022-08-23,2022-08-25,CLT-1018,P-153,AAPL,Apple Inc.,Equity,BUY,1000,153.55,0.1535,5.1e-05,0.1536,USD,1.0,SETTLED
TXN-202100835,2022-08-23,2022-08-24,CLT-1015,P-145,PLD_REIT,Prologis Global Logistics REIT,REIT,BUY,5000,102.29,0.5115,0.000128,0.5116,USD,1.0,SETTLED
TXN-202500364,2022-08-23,2022-08-25,CLT-1017,P-151,NVDA,NVIDIA Corp.,Equity,INTEREST,0,0.0,0.1004,0.0001,0.1003,USD,1.0,SETTLED
TXN-202400203,2022-08-24,2022-08-25,CLT-1012,P-132,US_10Y_UST,US Treasury 10-Yr Benchmark Note,Government Bonds,BUY,1000,98.65,0.0987,4.1e-05,0.0987,USD,1.0,SETTLED
TXN-202300962,2022-08-24,2022-08-26,CLT-1003,P-110,DBS_SP,DBS Group Holdings,Equity,INTEREST,0,0.0,0.0278,2.8e-05,0.0278,SGD,1.34,SETTLED
TXN-202201871,2022-08-25,2022-08-29,CLT-1012,P-132,RELIANCE_IN,Reliance Industries Ltd.,Equity,BUY,50000,277.11,13.8555,0.005423,13.8609,INR,86.5,SETTLED
TXN-202303027,2022-08-25,2022-08-29,CLT-1018,P-153,GOOGL,Alphabet Inc.,Equity,BUY,2500,342.08,0.8552,0.000156,0.8554,USD,1.0,SETTLED
TXN-202504614,2022-08-25,2022-08-26,CLT-1002,P-105,UK_10Y_GILT,UK Gilt 3.75% 2033,Government Bonds,BUY,2500,101.79,0.2545,6.1e-05,0.2546,GBP,0.79,SETTLED
TXN-202103470,2022-08-25,2022-08-29,CLT-1010,P-126,JPM,JPMorgan Chase & Co.,Equity,BUY,2500,322.32,0.8058,0.000313,0.8061,USD,1.0,SETTLED
TXN-202200906,2022-08-25,2022-08-29,CLT-1009,P-125,MSFT,Microsoft Corp.,Equity,TRANSFER,0,1.0,2.4066,0.0001,-2.4066,USD,1.0,SETTLED
TXN-202100265,2022-08-26,2022-08-29,CLT-1012,P-135,US_10Y_UST,US Treasury 10-Yr Benchmark Note,Government Bonds,SELL,10000,100.2,1.002,0.0002,1.0018,USD,1.0,SETTLED
TXN-202104240,2022-08-26,2022-08-30,CLT-1010,P-127,UNH,UnitedHealth Group,Equity,SELL,5000,321.62,1.6081,0.00047,1.6076,USD,1.0,SETTLED
TXN-202501219,2022-08-26,2022-08-29,CLT-1024,P-171,EUR_LIQUIDITY_FUND,EUR Institutional Liquidity Master Fund,Money Market,BUY,25000,99.54,2.4885,0.000915,2.4894,EUR,0.92,SETTLED
TXN-202403638,2022-08-26,2022-08-30,CLT-1005,P-113,LT_IN,Larsen & Toubro Ltd.,Equity,SELL,25000,253.52,6.338,0.001194,6.3368,INR,86.5,SETTLED
TXN-202200976,2022-08-26,2022-08-30,CLT-1022,P-166,UNH,UnitedHealth Group,Equity,BUY,5000,125.37,0.6269,0.000312,0.6272,USD,1.0,SETTLED
TXN-202101520,2022-08-26,2022-08-30,CLT-1019,P-156,GOOGL,Alphabet Inc.,Equity,SELL,10000,275.96,2.7596,0.001297,2.7583,USD,1.0,SETTLED
TXN-202102950,2022-08-29,2022-08-31,CLT-1015,P-147,TCS_IN,Tata Consultancy Services,Equity,SELL,500,141.06,0.0705,3e-05,0.0705,INR,86.5,SETTLED
TXN-202501744,2022-08-29,2022-08-30,CLT-1008,P-121,EUR_LIQUIDITY_FUND,EUR Institutional Liquidity Master Fund,Money Market,SELL,2500,95.91,0.2398,5.8e-05,0.2397,EUR,0.92,SETTLED
TXN-202203966,2022-08-29,2022-08-31,CLT-1007,P-119,CORP_IG_USD,US Investment Grade Corporate Bond Fund,Corporate Bonds,BUY,10000,98.16,0.9816,0.000278,0.9819,USD,1.0,SETTLED
TXN-202100235,2022-08-29,2022-08-31,CLT-1005,P-113,SAP_GY,SAP SE,Equity,BUY,5000,340.5,1.7025,0.000449,1.7029,EUR,0.92,SETTLED
TXN-202401868,2022-08-29,2022-08-30,CLT-1007,P-119,US_10Y_UST,US Treasury 10-Yr Benchmark Note,Government Bonds,BUY,1000,98.26,0.0983,1.5e-05,0.0983,USD,1.0,SETTLED
TXN-202304302,2022-08-29,2022-08-30,CLT-1001,P-101,USD_TREAS_MMF,Institutional USD Treasury Money Market Fund,Money Market,SELL,2500,96.98,0.2424,7.6e-05,0.2423,USD,1.0,SETTLED
TXN-202402938,2022-08-29,2022-08-31,CLT-1005,P-113,AAPL,Apple Inc.,Equity,BUY,2500,293.62,0.734,0.000278,0.7343,USD,1.0,SETTLED
TXN-202203711,2022-08-29,2022-08-31,CLT-1006,P-117,ASML_NA,ASML Holding NV,Equity,BUY,25000,257.38,6.4345,0.002074,6.4366,EUR,0.92,SETTLED
TXN-202304682,2022-08-29,2022-08-31,CLT-1001,P-103,INFY_IN,Infosys Ltd.,Equity,SELL,10000,156.92,1.5692,0.000576,1.5686,INR,86.5,SETTLED
TXN-202300087,2022-08-30,2022-09-01,CLT-1004,P-111,AZN_LN,AstraZeneca PLC,Equity,BUY,25000,240.61,6.0152,0.002704,6.0179,GBP,0.79,SETTLED
TXN-202205006,2022-08-31,2022-09-02,CLT-1015,P-147,6758_JP,Sony Group Corp.,Equity,SELL,500,336.73,0.1684,8.2e-05,0.1683,JPY,152.0,SETTLED
TXN-202503609,2022-09-01,2022-09-02,CLT-1024,P-170,EUR_LIQUIDITY_FUND,EUR Institutional Liquidity Master Fund,Money Market,BUY,1000,98.71,0.0987,4.7e-05,0.0987,EUR,0.92,SETTLED
TXN-202402408,2022-09-02,2022-09-06,CLT-1003,P-109,HDFCBANK_IN,HDFC Bank Ltd.,Equity,SELL,1000,284.53,0.2845,9.7e-05,0.2844,INR,86.5,SETTLED
TXN-202202391,2022-09-02,2022-09-06,CLT-1015,P-147,HDFCBANK_IN,HDFC Bank Ltd.,Equity,BUY,10000,94.47,0.9447,0.000381,0.9451,INR,86.5,SETTLED
TXN-202303652,2022-09-02,2022-09-06,CLT-1024,P-171,JPM,JPMorgan Chase & Co.,Equity,TRANSFER,0,1.0,2.4358,0.0001,-2.4358,USD,1.0,SETTLED
TXN-202404713,2022-09-05,2022-09-07,CLT-1013,P-136,SHEL_LN,Shell PLC,Equity,DIVIDEND,0,0.0,0.195,0.000195,0.1948,GBP,0.79,SETTLED
TXN-202203481,2022-09-05,2022-09-07,CLT-1022,P-166,TCS_IN,Tata Consultancy Services,Equity,SELL,2500,97.77,0.2444,0.000102,0.2443,INR,86.5,SETTLED
TXN-202204601,2022-09-05,2022-09-06,CLT-1006,P-117,OPERATING_CASH,Operational Custody Cash Balance,Cash,BUY,2500,102.45,0.2561,6e-05,0.2562,USD,1.0,SETTLED
TXN-202303877,2022-09-05,2022-09-07,CLT-1017,P-150,GOOGL,Alphabet Inc.,Equity,BUY,5000,309.73,1.5487,0.000447,1.5491,USD,1.0,SETTLED
TXN-202404018,2022-09-07,2022-09-08,CLT-1015,P-146,US_5Y_UST,US Treasury 5-Yr Benchmark Note,Government Bonds,TRANSFER,0,1.0,2.4397,0.0001,-2.4397,USD,1.0,SETTLED
TXN-202501144,2022-09-07,2022-09-09,CLT-1003,P-110,XOM,Exxon Mobil Corp.,Equity,BUY,10000,317.78,3.1778,0.001582,3.1794,USD,1.0,SETTLED
TXN-202305162,2022-09-07,2022-09-09,CLT-1010,P-127,LT_IN,Larsen & Toubro Ltd.,Equity,INTEREST,0,0.0,0.0948,9.5e-05,0.0947,INR,86.5,SETTLED
TXN-202200821,2022-09-07,2022-09-08,CLT-1006,P-118,US_5Y_UST,US Treasury 5-Yr Benchmark Note,Government Bonds,SELL,1000,97.25,0.0973,4.4e-05,0.0973,USD,1.0,SETTLED
TXN-202203576,2022-09-08,2022-09-12,CLT-1010,P-127,RELIANCE_IN,Reliance Industries Ltd.,Equity,BUY,25000,133.39,3.3347,0.000852,3.3356,INR,86.5,SETTLED
TXN-202400133,2022-09-09,2022-09-13,CLT-1013,P-140,AAPL,Apple Inc.,Equity,DIVIDEND,0,0.0,0.2043,0.000204,0.2041,USD,1.0,SETTLED
TXN-202102505,2022-09-09,2022-09-13,CLT-1022,P-166,AMZN,Amazon.com Inc.,Equity,WITHDRAWAL,0,1.0,2.2763,0.0001,-2.2763,USD,1.0,SETTLED
TXN-202201341,2022-09-09,2022-09-13,CLT-1014,P-141,LT_IN,Larsen & Toubro Ltd.,Equity,FEE,0,0.0,0.0337,0.0337,-0.0337,INR,86.5,SETTLED
TXN-202304887,2022-09-09,2022-09-13,CLT-1004,P-111,7203_JP,Toyota Motor Corp.,Equity,DIVIDEND,0,0.0,0.0156,1.6e-05,0.0156,JPY,152.0,SETTLED
TXN-202302212,2022-09-12,2022-09-13,CLT-1005,P-112,EUR_LIQUIDITY_FUND,EUR Institutional Liquidity Master Fund,Money Market,SELL,50000,96.41,4.8205,0.000924,4.8196,EUR,0.92,SETTLED
TXN-202301727,2022-09-12,2022-09-14,CLT-1022,P-165,CORP_IG_USD,US Investment Grade Corporate Bond Fund,Corporate Bonds,INTEREST,0,0.0,0.1729,0.000173,0.1727,USD,1.0,SETTLED
TXN-202300787,2022-09-12,2022-09-14,CLT-1010,P-127,NVDA,NVIDIA Corp.,Equity,FEE,0,0.0,0.0196,0.0196,-0.0196,USD,1.0,SETTLED
TXN-202202006,2022-09-12,2022-09-13,CLT-1012,P-134,USD_TREAS_MMF,Institutional USD Treasury Money Market Fund,Money Market,BUY,10000,99.89,0.9989,0.000476,0.9994,USD,1.0,FAILED
TXN-202503424,2022-09-12,2022-09-14,CLT-1019,P-157,ASML_NA,ASML Holding NV,Equity,SELL,10000,340.39,3.4039,0.00147,3.4024,EUR,0.92,SETTLED
TXN-202403608,2022-09-12,2022-09-13,CLT-1013,P-140,USD_TREAS_MMF,Institutional USD Treasury Money Market Fund,Money Market,SELL,10000,102.68,1.0268,0.000295,1.0265,USD,1.0,SETTLED
TXN-202205141,2022-09-13,2022-09-15,CLT-1023,P-167,MSFT,Microsoft Corp.,Equity,SELL,10000,118.39,1.1839,0.000342,1.1836,USD,1.0,SETTLED
TXN-202100385,2022-09-13,2022-09-15,CLT-1003,P-108,AZN_LN,AstraZeneca PLC,Equity,BUY,10000,276.12,2.7612,0.000875,2.7621,GBP,0.79,SETTLED
TXN-202402818,2022-09-14,2022-09-16,CLT-1012,P-132,JPM,JPMorgan Chase & Co.,Equity,FEE,0,0.0,0.0252,0.0252,-0.0252,USD,1.0,SETTLED
TXN-202300702,2022-09-14,2022-09-16,CLT-1023,P-169,NOVN_SW,Novartis AG,Equity,SELL,50000,334.03,16.7015,0.005495,16.696,CHF,0.88,SETTLED
TXN-202302552,2022-09-14,2022-09-15,CLT-1003,P-110,OPERATING_CASH,Operational Custody Cash Balance,Cash,FEE,0,0.0,0.0442,0.0442,-0.0442,USD,1.0,SETTLED
TXN-202401758,2022-09-15,2022-09-16,CLT-1015,P-146,PLD_REIT,Prologis Global Logistics REIT,REIT,DEPOSIT,0,1.0,1.8145,0.0001,1.8145,USD,1.0,SETTLED
TXN-202502084,2022-09-15,2022-09-16,CLT-1017,P-151,GER_10Y_BUND,Germany Bund 2.60% 2033,Government Bonds,FEE,0,0.0,0.0403,0.0403,-0.0403,EUR,0.92,SETTLED
TXN-202504924,2022-09-15,2022-09-19,CLT-1020,P-160,UNH,UnitedHealth Group,Equity,SELL,10000,123.85,1.2385,0.000604,1.2379,USD,1.0,SETTLED
TXN-202302817,2022-09-16,2022-09-20,CLT-1015,P-146,6758_JP,Sony Group Corp.,Equity,SELL,25000,228.36,5.709,0.001587,5.7074,JPY,152.0,SETTLED
TXN-202501504,2022-09-16,2022-09-19,CLT-1003,P-109,GLD_ETF,SPDR Gold Shares Institutional Trust,ETF,DIVIDEND,0,0.0,0.1604,0.00016,0.1602,USD,1.0,SETTLED
TXN-202203306,2022-09-19,2022-09-21,CLT-1007,P-119,MSFT,Microsoft Corp.,Equity,SELL,2500,232.29,0.5807,0.000179,0.5805,USD,1.0,SETTLED
TXN-202401608,2022-09-19,2022-09-21,CLT-1017,P-149,UNH,UnitedHealth Group,Equity,SELL,25000,158.26,3.9565,0.000663,3.9558,USD,1.0,FAILED
TXN-202304527,2022-09-19,2022-09-21,CLT-1018,P-154,AMZN,Amazon.com Inc.,Equity,SELL,25000,329.92,8.248,0.002518,8.2455,USD,1.0,SETTLED
TXN-202100670,2022-09-20,2022-09-22,CLT-1011,P-131,NOVN_SW,Novartis AG,Equity,DIVIDEND,0,0.0,0.2089,0.000209,0.2087,CHF,0.88,SETTLED
TXN-202103725,2022-09-20,2022-09-22,CLT-1015,P-146,6758_JP,Sony Group Corp.,Equity,DIVIDEND,0,0.0,0.213,0.000213,0.2128,JPY,152.0,SETTLED
TXN-202402773,2022-09-20,2022-09-21,CLT-1008,P-121,EUR_LIQUIDITY_FUND,EUR Institutional Liquidity Master Fund,Money Market,BUY,25000,96.94,2.4235,0.001037,2.4245,EUR,0.92,SETTLED
TXN-202100975,2022-09-21,2022-09-23,CLT-1012,P-134,INFY_IN,Infosys Ltd.,Equity,SELL,50000,219.43,10.9715,0.001829,10.9697,INR,86.5,SETTLED
TXN-202202111,2022-09-21,2022-09-23,CLT-1010,P-127,UNH,UnitedHealth Group,Equity,BUY,1000,110.63,0.1106,2.3e-05,0.1106,USD,1.0,SETTLED
TXN-202302562,2022-09-22,2022-09-23,CLT-1013,P-138,JGB_10Y,Japan Government Bond 10-Yr 0.8%,Government Bonds,BUY,10000,95.7,0.957,0.000382,0.9574,JPY,152.0,SETTLED
TXN-202201021,2022-09-22,2022-09-26,CLT-1005,P-112,CORP_IG_USD,US Investment Grade Corporate Bond Fund,Corporate Bonds,BUY,500,97.61,0.0488,1.3e-05,0.0488,USD,1.0,SETTLED
TXN-202303787,2022-09-22,2022-09-26,CLT-1003,P-109,CORP_HY_USD,US High Yield Corporate Credit Note,Corporate Bonds,BUY,10000,97.89,0.9789,0.000227,0.9791,USD,1.0,SETTLED
TXN-202500399,2022-09-23,2022-09-26,CLT-1018,P-155,UK_10Y_GILT,UK Gilt 3.75% 2033,Government Bonds,SELL,500,101.1,0.0505,1.5e-05,0.0505,GBP,0.79,SETTLED
TXN-202403688,2022-09-23,2022-09-26,CLT-1017,P-149,INR_OVERNIGHT_CASH,Institutional INR Overnight Liquid Fund,Money Market,SELL,10000,102.94,1.0294,0.00047,1.0289,INR,86.5,SETTLED
TXN-202500609,2022-09-23,2022-09-27,CLT-1008,P-121,NOVN_SW,Novartis AG,Equity,BUY,25000,231.73,5.7932,0.002109,5.7953,CHF,0.88,SETTLED
TXN-202503924,2022-09-23,2022-09-27,CLT-1013,P-139,JPM,JPMorgan Chase & Co.,Equity,SELL,1000,208.15,0.2082,7.9e-05,0.2081,USD,1.0,SETTLED
TXN-202201816,2022-09-23,2022-09-27,CLT-1012,P-135,AMZN,Amazon.com Inc.,Equity,DIVIDEND,0,0.0,0.1956,0.000196,0.1954,USD,1.0,SETTLED
TXN-202300907,2022-09-23,2022-09-27,CLT-1018,P-153,SAP_GY,SAP SE,Equity,DIVIDEND,0,0.0,0.1356,0.000136,0.1355,EUR,0.92,SETTLED
TXN-202202986,2022-09-26,2022-09-27,CLT-1012,P-134,US_10Y_UST,US Treasury 10-Yr Benchmark Note,Government Bonds,TRANSFER,0,1.0,2.0599,0.0001,-2.0599,USD,1.0,SETTLED
TXN-202103870,2022-09-26,2022-09-28,CLT-1024,P-172,AAPL,Apple Inc.,Equity,BUY,25000,340.0,8.5,0.003161,8.5032,USD,1.0,SETTLED
TXN-202503759,2022-09-26,2022-09-28,CLT-1010,P-129,ASML_NA,ASML Holding NV,Equity,SELL,50000,245.26,12.263,0.005759,12.2572,EUR,0.92,SETTLED
TXN-202502329,2022-09-26,2022-09-27,CLT-1006,P-118,INFRA_GLOBAL_TRUST,Global Infrastructure Core Income Note,Alternatives,SELL,1000,98.79,0.0988,2.9e-05,0.0988,USD,1.0,SETTLED
TXN-202101260,2022-09-26,2022-09-27,CLT-1002,P-104,INFRA_GLOBAL_TRUST,Global Infrastructure Core Income Note,Alternatives,SELL,500,102.12,0.0511,9e-06,0.0511,USD,1.0,SETTLED
TXN-202103700,2022-09-26,2022-09-27,CLT-1012,P-134,GER_10Y_BUND,Germany Bund 2.60% 2033,Government Bonds,BUY,50000,102.42,5.121,0.00194,5.1229,EUR,0.92,SETTLED
TXN-202203936,2022-09-26,2022-09-28,CLT-1017,P-150,SAP_GY,SAP SE,Equity,BUY,2500,81.95,0.2049,6.3e-05,0.205,EUR,0.92,SETTLED
TXN-202301092,2022-09-26,2022-09-27,CLT-1003,P-109,PLD_REIT,Prologis Global Logistics REIT,REIT,BUY,25000,101.23,2.5307,0.000688,2.5314,USD,1.0,SETTLED
TXN-202100945,2022-09-27,2022-09-29,CLT-1025,P-173,ICICIBANK_IN,ICICI Bank Ltd.,Equity,SELL,1000,316.07,0.3161,5.9e-05,0.316,INR,86.5,SETTLED
TXN-202402658,2022-09-27,2022-09-29,CLT-1011,P-130,BHARTIARTL_IN,Bharti Airtel Ltd.,Equity,SELL,2500,188.73,0.4718,0.000198,0.4716,INR,86.5,SETTLED
TXN-202203241,2022-09-28,2022-09-29,CLT-1007,P-119,US_5Y_UST,US Treasury 5-Yr Benchmark Note,Government Bonds,INTEREST,0,0.0,0.0547,5.5e-05,0.0546,USD,1.0,SETTLED
TXN-202202451,2022-09-28,2022-09-30,CLT-1003,P-108,INFY_IN,Infosys Ltd.,Equity,BUY,10000,150.75,1.5075,0.000382,1.5079,INR,86.5,SETTLED
TXN-202403268,2022-09-28,2022-09-29,CLT-1018,P-154,US_5Y_UST,US Treasury 5-Yr Benchmark Note,Government Bonds,SELL,5000,95.01,0.475,0.000121,0.4749,USD,1.0,SETTLED
TXN-202500754,2022-09-28,2022-09-30,CLT-1022,P-165,UNH,UnitedHealth Group,Equity,BUY,1000,270.74,0.2707,9.4e-05,0.2708,USD,1.0,SETTLED
TXN-202105065,2022-09-29,2022-10-03,CLT-1003,P-110,CORP_IG_EUR,Euro High Grade Corporate Bond Note,Corporate Bonds,FEE,0,0.0,0.0354,0.0354,-0.0354,EUR,0.92,SETTLED
TXN-202104890,2022-09-29,2022-09-30,CLT-1021,P-163,UK_10Y_GILT,UK Gilt 3.75% 2033,Government Bonds,SELL,50000,95.78,4.789,0.001347,4.7877,GBP,0.79,SETTLED
TXN-202500259,2022-09-30,2022-10-04,CLT-1015,P-144,NVDA,NVIDIA Corp.,Equity,INTEREST,0,0.0,0.0905,9.1e-05,0.0904,USD,1.0,SETTLED
TXN-202201326,2022-09-30,2022-10-03,CLT-1004,P-111,GLD_ETF,SPDR Gold Shares Institutional Trust,ETF,SELL,25000,98.04,2.451,0.000557,2.4504,USD,1.0,SETTLED
TXN-202103865,2022-09-30,2022-10-04,CLT-1009,P-125,INFY_IN,Infosys Ltd.,Equity,SELL,10000,237.77,2.3777,0.000384,2.3773,INR,86.5,SETTLED
TXN-202102020,2022-10-03,2022-10-05,CLT-1007,P-120,UNH,UnitedHealth Group,Equity,BUY,10000,270.67,2.7067,0.001036,2.7077,USD,1.0,SETTLED
TXN-202402993,2022-10-03,2022-10-05,CLT-1010,P-128,RELIANCE_IN,Reliance Industries Ltd.,Equity,BUY,5000,167.08,0.8354,0.000414,0.8358,INR,86.5,SETTLED
TXN-202403223,2022-10-03,2022-10-05,CLT-1007,P-119,SHEL_LN,Shell PLC,Equity,SELL,500,103.37,0.0517,1.6e-05,0.0517,GBP,0.79,SETTLED
TXN-202100090,2022-10-03,2022-10-04,CLT-1020,P-159,USD_TREAS_MMF,Institutional USD Treasury Money Market Fund,Money Market,SELL,500,102.31,0.0512,1.2e-05,0.0512,USD,1.0,SETTLED
TXN-202204766,2022-10-03,2022-10-05,CLT-1023,P-169,AMZN,Amazon.com Inc.,Equity,WITHDRAWAL,0,1.0,2.0727,0.0001,-2.0727,USD,1.0,SETTLED
TXN-202304242,2022-10-03,2022-10-04,CLT-1012,P-132,IND_10Y_GSEC,India Sovereign G-Sec 7.18% 2033,Government Bonds,TRANSFER,0,1.0,2.3132,0.0001,-2.3132,INR,86.5,SETTLED
TXN-202400518,2022-10-03,2022-10-05,CLT-1013,P-138,TCS_IN,Tata Consultancy Services,Equity,BUY,10000,200.73,2.0073,0.000934,2.0082,INR,86.5,SETTLED
TXN-202104930,2022-10-04,2022-10-05,CLT-1015,P-144,INFRA_GLOBAL_TRUST,Global Infrastructure Core Income Note,Alternatives,SELL,2500,101.23,0.2531,9.8e-05,0.253,USD,1.0,SETTLED
TXN-202301677,2022-10-04,2022-10-06,CLT-1012,P-135,NOVN_SW,Novartis AG,Equity,INTEREST,0,0.0,0.0276,2.8e-05,0.0276,CHF,0.88,SETTLED
TXN-202201456,2022-10-04,2022-10-05,CLT-1009,P-125,JGB_10Y,Japan Government Bond 10-Yr 0.8%,Government Bonds,DIVIDEND,0,0.0,0.1318,0.000132,0.1317,JPY,152.0,SETTLED
TXN-202105150,2022-10-04,2022-10-06,CLT-1020,P-159,ASML_NA,ASML Holding NV,Equity,BUY,25000,288.47,7.2118,0.002248,7.214,EUR,0.92,SETTLED
TXN-202404683,2022-10-05,2022-10-07,CLT-1009,P-124,SAP_GY,SAP SE,Equity,INTEREST,0,0.0,0.0386,3.9e-05,0.0386,EUR,0.92,SETTLED
TXN-202503674,2022-10-06,2022-10-10,CLT-1018,P-154,AAPL,Apple Inc.,Equity,FEE,0,0.0,0.0106,0.0106,-0.0106,USD,1.0,SETTLED
TXN-202100970,2022-10-06,2022-10-10,CLT-1015,P-146,INFY_IN,Infosys Ltd.,Equity,DIVIDEND,0,0.0,0.0626,6.3e-05,0.0625,INR,86.5,SETTLED
TXN-202201161,2022-10-06,2022-10-10,CLT-1012,P-132,RELIANCE_IN,Reliance Industries Ltd.,Equity,SELL,500,199.55,0.0998,2.4e-05,0.0998,INR,86.5,SETTLED
TXN-202205101,2022-10-07,2022-10-11,CLT-1021,P-162,SAP_GY,SAP SE,Equity,BUY,500,55.75,0.0279,8e-06,0.0279,EUR,0.92,SETTLED
TXN-202201166,2022-10-07,2022-10-11,CLT-1018,P-155,CORP_HY_USD,US High Yield Corporate Credit Note,Corporate Bonds,INTEREST,0,0.0,0.1927,0.000193,0.1925,USD,1.0,SETTLED
TXN-202101840,2022-10-07,2022-10-11,CLT-1014,P-142,NOVN_SW,Novartis AG,Equity,INTEREST,0,0.0,0.1492,0.000149,0.1491,CHF,0.88,SETTLED
TXN-202201396,2022-10-07,2022-10-11,CLT-1010,P-129,NVDA,NVIDIA Corp.,Equity,SELL,10000,269.13,2.6913,0.001322,2.69,USD,1.0,SETTLED
TXN-202102245,2022-10-07,2022-10-10,CLT-1001,P-101,PLD_REIT,Prologis Global Logistics REIT,REIT,TRANSFER,0,1.0,0.6277,0.0001,-0.6277,USD,1.0,SETTLED
TXN-202401198,2022-10-07,2022-10-11,CLT-1021,P-162,RELIANCE_IN,Reliance Industries Ltd.,Equity,SELL,50000,188.6,9.43,0.00232,9.4277,INR,86.5,SETTLED
TXN-202405168,2022-10-10,2022-10-12,CLT-1012,P-135,6758_JP,Sony Group Corp.,Equity,SELL,500,80.65,0.0403,1.2e-05,0.0403,JPY,152.0,PENDING
TXN-202401173,2022-10-10,2022-10-12,CLT-1003,P-109,UNH,UnitedHealth Group,Equity,SELL,500,94.83,0.0474,1.9e-05,0.0474,USD,1.0,SETTLED
TXN-202203076,2022-10-10,2022-10-11,CLT-1012,P-135,INFRA_GLOBAL_TRUST,Global Infrastructure Core Income Note,Alternatives,SELL,10000,101.09,1.0109,0.000214,1.0107,USD,1.0,SETTLED
TXN-202405008,2022-10-10,2022-10-12,CLT-1018,P-155,SHEL_LN,Shell PLC,Equity,FEE,0,0.0,0.0104,0.0104,-0.0104,GBP,0.79,SETTLED
TXN-202100875,2022-10-10,2022-10-12,CLT-1012,P-134,MSFT,Microsoft Corp.,Equity,SELL,1000,165.8,0.1658,4.7e-05,0.1658,USD,1.0,SETTLED
TXN-202301567,2022-10-10,2022-10-11,CLT-1007,P-119,GER_10Y_BUND,Germany Bund 2.60% 2033,Government Bonds,SELL,5000,99.68,0.4984,0.000113,0.4983,EUR,0.92,SETTLED
TXN-202201546,2022-10-10,2022-10-12,CLT-1003,P-109,XOM,Exxon Mobil Corp.,Equity,BUY,5000,254.37,1.2718,0.000373,1.2722,USD,1.0,SETTLED
TXN-202301572,2022-10-10,2022-10-11,CLT-1015,P-145,GER_10Y_BUND,Germany Bund 2.60% 2033,Government Bonds,BUY,500,99.59,0.0498,1.9e-05,0.0498,EUR,0.92,SETTLED
TXN-202101780,2022-10-10,2022-10-12,CLT-1006,P-118,ICICIBANK_IN,ICICI Bank Ltd.,Equity,BUY,1000,258.6,0.2586,4.4e-05,0.2586,INR,86.5,SETTLED
TXN-202504514,2022-10-11,2022-10-13,CLT-1020,P-160,SHEL_LN,Shell PLC,Equity,FEE,0,0.0,0.0068,0.0068,-0.0068,GBP,0.79,SETTLED
TXN-202102255,2022-10-11,2022-10-12,CLT-1003,P-109,IND_10Y_GSEC,India Sovereign G-Sec 7.18% 2033,Government Bonds,DIVIDEND,0,0.0,0.1297,0.00013,0.1296,INR,86.5,SETTLED
TXN-202301032,2022-10-12,2022-10-14,CLT-1013,P-137,RELIANCE_IN,Reliance Industries Ltd.,Equity,BUY,2500,336.98,0.8425,0.000395,0.8429,INR,86.5,SETTLED
TXN-202504414,2022-10-13,2022-10-14,CLT-1017,P-150,OPERATING_CASH,Operational Custody Cash Balance,Cash,SELL,5000,101.25,0.5062,0.000223,0.506,USD,1.0,SETTLED
TXN-202102015,2022-10-13,2022-10-17,CLT-1003,P-106,6758_JP,Sony Group Corp.,Equity,SELL,50000,278.72,13.936,0.005757,13.9302,JPY,152.0,SETTLED
TXN-202500549,2022-10-13,2022-10-17,CLT-1003,P-108,AMZN,Amazon.com Inc.,Equity,BUY,5000,200.59,1.003,0.000157,1.0032,USD,1.0,SETTLED
TXN-202301462,2022-10-13,2022-10-14,CLT-1014,P-141,PLD_REIT,Prologis Global Logistics REIT,REIT,DIVIDEND,0,0.0,0.1095,0.00011,0.1094,USD,1.0,SETTLED
TXN-202504529,2022-10-13,2022-10-17,CLT-1003,P-107,CORP_IG_EUR,Euro High Grade Corporate Bond Note,Corporate Bonds,SELL,25000,101.52,2.538,0.000551,2.5374,EUR,0.92,FAILED
TXN-202502534,2022-10-14,2022-10-17,CLT-1022,P-165,JGB_10Y,Japan Government Bond 10-Yr 0.8%,Government Bonds,BUY,50000,102.43,5.1215,0.001488,5.123,JPY,152.0,SETTLED
TXN-202200316,2022-10-14,2022-10-18,CLT-1006,P-118,DBS_SP,DBS Group Holdings,Equity,SELL,2500,294.14,0.7353,0.000298,0.735,SGD,1.34,SETTLED
TXN-202204791,2022-10-14,2022-10-18,CLT-1024,P-170,CORP_IG_USD,US Investment Grade Corporate Bond Fund,Corporate Bonds,BUY,25000,100.08,2.502,0.000714,2.5027,USD,1.0,SETTLED
TXN-202402668,2022-10-17,2022-10-19,CLT-1019,P-158,ASML_NA,ASML Holding NV,Equity,DEPOSIT,0,1.0,1.4459,0.0001,1.4459,EUR,0.92,SETTLED
TXN-202202881,2022-10-17,2022-10-19,CLT-1020,P-160,XOM,Exxon Mobil Corp.,Equity,SELL,25000,77.64,1.941,0.000384,1.9406,USD,1.0,PENDING
TXN-202400323,2022-10-17,2022-10-18,CLT-1006,P-117,US_5Y_UST,US Treasury 5-Yr Benchmark Note,Government Bonds,SELL,25000,98.64,2.466,0.000789,2.4652,USD,1.0,SETTLED
TXN-202202271,2022-10-17,2022-10-19,CLT-1015,P-146,ICICIBANK_IN,ICICI Bank Ltd.,Equity,SELL,500,233.58,0.1168,1.8e-05,0.1168,INR,86.5,SETTLED
TXN-202304347,2022-10-17,2022-10-19,CLT-1003,P-109,7203_JP,Toyota Motor Corp.,Equity,SELL,5000,315.49,1.5775,0.000458,1.577,JPY,152.0,SETTLED
TXN-202205221,2022-10-17,2022-10-19,CLT-1020,P-160,RELIANCE_IN,Reliance Industries Ltd.,Equity,FEE,0,0.0,0.0087,0.0087,-0.0087,INR,86.5,SETTLED
TXN-202404933,2022-10-17,2022-10-19,CLT-1008,P-122,HDFCBANK_IN,HDFC Bank Ltd.,Equity,INTEREST,0,0.0,0.1751,0.000175,0.1749,INR,86.5,SETTLED
TXN-202101210,2022-10-17,2022-10-19,CLT-1012,P-132,JPM,JPMorgan Chase & Co.,Equity,SELL,10000,198.2,1.982,0.00033,1.9817,USD,1.0,SETTLED
TXN-202203911,2022-10-17,2022-10-18,CLT-1001,P-101,USD_TREAS_MMF,Institutional USD Treasury Money Market Fund,Money Market,SELL,2500,96.31,0.2408,6.1e-05,0.2407,USD,1.0,SETTLED
TXN-202204371,2022-10-18,2022-10-20,CLT-1023,P-168,AAPL,Apple Inc.,Equity,BUY,10000,320.39,3.2039,0.001104,3.205,USD,1.0,SETTLED
TXN-202202286,2022-10-18,2022-10-19,CLT-1006,P-117,US_10Y_UST,US Treasury 10-Yr Benchmark Note,Government Bonds,INTEREST,0,0.0,0.2367,0.000237,0.2365,USD,1.0,SETTLED
TXN-202304797,2022-10-18,2022-10-20,CLT-1021,P-163,UNH,UnitedHealth Group,Equity,SELL,1000,235.84,0.2358,7.2e-05,0.2357,USD,1.0,SETTLED
TXN-202100215,2022-10-19,2022-10-20,CLT-1019,P-157,PLD_REIT,Prologis Global Logistics REIT,REIT,BUY,2500,102.56,0.2564,4.7e-05,0.2564,USD,1.0,SETTLED
TXN-202500524,2022-10-19,2022-10-21,CLT-1006,P-118,ICICIBANK_IN,ICICI Bank Ltd.,Equity,SELL,2500,332.72,0.8318,0.000249,0.8316,INR,86.5,SETTLED
TXN-202501439,2022-10-20,2022-10-21,CLT-1012,P-134,INFRA_GLOBAL_TRUST,Global Infrastructure Core Income Note,Alternatives,SELL,50000,96.46,4.823,0.001169,4.8218,USD,1.0,SETTLED
TXN-202402278,2022-10-20,2022-10-21,CLT-1002,P-104,EUR_LIQUIDITY_FUND,EUR Institutional Liquidity Master Fund,Money Market,BUY,1000,98.0,0.098,2.3e-05,0.098,EUR,0.92,SETTLED
TXN-202400893,2022-10-21,2022-10-24,CLT-1016,P-148,US_10Y_UST,US Treasury 10-Yr Benchmark Note,Government Bonds,SELL,2500,101.57,0.2539,0.000108,0.2538,USD,1.0,SETTLED
TXN-202404578,2022-10-21,2022-10-24,CLT-1021,P-161,GLD_ETF,SPDR Gold Shares Institutional Trust,ETF,BUY,2500,96.66,0.2417,0.000107,0.2418,USD,1.0,SETTLED
TXN-202400883,2022-10-24,2022-10-26,CLT-1020,P-159,ASML_NA,ASML Holding NV,Equity,BUY,50000,144.68,7.234,0.001169,7.2352,EUR,0.92,FAILED
TXN-202200816,2022-10-24,2022-10-26,CLT-1016,P-148,NVDA,NVIDIA Corp.,Equity,BUY,500,180.4,0.0902,1.4e-05,0.0902,USD,1.0,SETTLED
TXN-202502454,2022-10-24,2022-10-26,CLT-1015,P-144,ASML_NA,ASML Holding NV,Equity,BUY,500,298.42,0.1492,5.9e-05,0.1493,EUR,0.92,SETTLED
TXN-202104590,2022-10-24,2022-10-26,CLT-1003,P-108,RELIANCE_IN,Reliance Industries Ltd.,Equity,INTEREST,0,0.0,0.1864,0.000186,0.1862,INR,86.5,SETTLED
TXN-202203531,2022-10-24,2022-10-26,CLT-1013,P-140,NVDA,NVIDIA Corp.,Equity,SELL,50000,137.98,6.899,0.001155,6.8978,USD,1.0,SETTLED
TXN-202203971,2022-10-24,2022-10-26,CLT-1012,P-135,DBS_SP,DBS Group Holdings,Equity,SELL,25000,185.87,4.6467,0.001407,4.6453,SGD,1.34,SETTLED
TXN-202404288,2022-10-24,2022-10-26,CLT-1022,P-165,AZN_LN,AstraZeneca PLC,Equity,BUY,2500,314.2,0.7855,0.000128,0.7856,GBP,0.79,SETTLED
TXN-202305127,2022-10-25,2022-10-27,CLT-1002,P-105,SAP_GY,SAP SE,Equity,DIVIDEND,0,0.0,0.1583,0.000158,0.1581,EUR,0.92,SETTLED
TXN-202201501,2022-10-25,2022-10-26,CLT-1019,P-158,USD_TREAS_MMF,Institutional USD Treasury Money Market Fund,Money Market,BUY,10000,99.52,0.9952,0.000481,0.9957,USD,1.0,SETTLED
TXN-202203591,2022-10-25,2022-10-27,CLT-1013,P-137,INFY_IN,Infosys Ltd.,Equity,SELL,500,322.73,0.1614,7.9e-05,0.1613,INR,86.5,SETTLED
TXN-202201036,2022-10-26,2022-10-27,CLT-1015,P-144,INR_OVERNIGHT_CASH,Institutional INR Overnight Liquid Fund,Money Market,SELL,1000,100.07,0.1001,3e-05,0.1001,INR,86.5,SETTLED
TXN-202201651,2022-10-26,2022-10-27,CLT-1011,P-131,UK_10Y_GILT,UK Gilt 3.75% 2033,Government Bonds,BUY,500,98.57,0.0493,1.4e-05,0.0493,GBP,0.79,SETTLED
TXN-202302777,2022-10-27,2022-10-31,CLT-1001,P-102,ICICIBANK_IN,ICICI Bank Ltd.,Equity,BUY,1000,227.59,0.2276,3.5e-05,0.2276,INR,86.5,SETTLED
TXN-202104305,2022-10-27,2022-10-31,CLT-1010,P-128,RELIANCE_IN,Reliance Industries Ltd.,Equity,SELL,1000,121.74,0.1217,3.4e-05,0.1217,INR,86.5,SETTLED
TXN-202102945,2022-10-27,2022-10-28,CLT-1014,P-141,GER_10Y_BUND,Germany Bund 2.60% 2033,Government Bonds,SELL,50000,96.45,4.8225,0.001475,4.821,EUR,0.92,SETTLED
TXN-202403988,2022-10-27,2022-10-31,CLT-1008,P-122,CORP_IG_EUR,Euro High Grade Corporate Bond Note,Corporate Bonds,INTEREST,0,0.0,0.1534,0.000153,0.1532,EUR,0.92,SETTLED
TXN-202504774,2022-10-27,2022-10-31,CLT-1002,P-104,HDFCBANK_IN,HDFC Bank Ltd.,Equity,SELL,5000,45.01,0.2251,3.4e-05,0.2251,INR,86.5,SETTLED
TXN-202300602,2022-10-27,2022-10-31,CLT-1018,P-152,CORP_IG_USD,US Investment Grade Corporate Bond Fund,Corporate Bonds,SELL,5000,96.22,0.4811,0.000196,0.4809,USD,1.0,SETTLED
TXN-202503589,2022-10-28,2022-11-01,CLT-1022,P-164,ICICIBANK_IN,ICICI Bank Ltd.,Equity,BUY,2500,182.0,0.455,0.000131,0.4551,INR,86.5,SETTLED
TXN-202504034,2022-10-28,2022-10-31,CLT-1015,P-147,UK_10Y_GILT,UK Gilt 3.75% 2033,Government Bonds,INTEREST,0,0.0,0.034,3.4e-05,0.034,GBP,0.79,SETTLED
TXN-202100355,2022-10-28,2022-11-01,CLT-1012,P-132,CORP_IG_EUR,Euro High Grade Corporate Bond Note,Corporate Bonds,BUY,25000,95.73,2.3933,0.000669,2.394,EUR,0.92,SETTLED
TXN-202103575,2022-10-31,2022-11-02,CLT-1021,P-162,CORP_HY_USD,US High Yield Corporate Credit Note,Corporate Bonds,SELL,25000,98.86,2.4715,0.001102,2.4704,USD,1.0,SETTLED
TXN-202502734,2022-10-31,2022-11-01,CLT-1024,P-172,UK_10Y_GILT,UK Gilt 3.75% 2033,Government Bonds,SELL,1000,102.61,0.1026,4.3e-05,0.1026,GBP,0.79,SETTLED
TXN-202504459,2022-10-31,2022-11-02,CLT-1008,P-122,TCS_IN,Tata Consultancy Services,Equity,BUY,50000,187.32,9.366,0.002772,9.3688,INR,86.5,SETTLED
TXN-202404868,2022-10-31,2022-11-02,CLT-1011,P-130,GOOGL,Alphabet Inc.,Equity,SELL,50000,241.4,12.07,0.003592,12.0664,USD,1.0,SETTLED
TXN-202503259,2022-10-31,2022-11-01,CLT-1006,P-117,GLD_ETF,SPDR Gold Shares Institutional Trust,ETF,SELL,500,100.27,0.0501,1.4e-05,0.0501,USD,1.0,SETTLED
TXN-202304497,2022-10-31,2022-11-01,CLT-1019,P-158,EUR_LIQUIDITY_FUND,EUR Institutional Liquidity Master Fund,Money Market,SELL,50000,99.24,4.962,0.001043,4.961,EUR,0.92,SETTLED
TXN-202202246,2022-11-01,2022-11-03,CLT-1017,P-150,7203_JP,Toyota Motor Corp.,Equity,SELL,50000,74.06,3.703,0.001616,3.7014,JPY,152.0,SETTLED
TXN-202502489,2022-11-01,2022-11-03,CLT-1010,P-127,UNH,UnitedHealth Group,Equity,BUY,50000,307.18,15.359,0.00448,15.3635,USD,1.0,SETTLED
TXN-202500514,2022-11-01,2022-11-02,CLT-1017,P-150,GLD_ETF,SPDR Gold Shares Institutional Trust,ETF,BUY,10000,98.0,0.98,0.000171,0.9802,USD,1.0,SETTLED
TXN-202105050,2022-11-01,2022-11-03,CLT-1009,P-123,BHARTIARTL_IN,Bharti Airtel Ltd.,Equity,SELL,5000,237.5,1.1875,0.000186,1.1873,INR,86.5,SETTLED
TXN-202301157,2022-11-02,2022-11-04,CLT-1015,P-144,DBS_SP,DBS Group Holdings,Equity,SELL,50000,244.57,12.2285,0.002308,12.2262,SGD,1.34,SETTLED
TXN-202401418,2022-11-02,2022-11-04,CLT-1017,P-151,JPM,JPMorgan Chase & Co.,Equity,SELL,500,109.07,0.0545,1.9e-05,0.0545,USD,1.0,SETTLED
TXN-202102205,2022-11-02,2022-11-04,CLT-1023,P-169,CORP_IG_USD,US Investment Grade Corporate Bond Fund,Corporate Bonds,BUY,2500,101.77,0.2544,9e-05,0.2545,USD,1.0,PENDING
TXN-202201246,2022-11-02,2022-11-04,CLT-1013,P-138,HDFCBANK_IN,HDFC Bank Ltd.,Equity,BUY,50000,215.92,10.796,0.003389,10.7994,INR,86.5,SETTLED
TXN-202400063,2022-11-02,2022-11-04,CLT-1006,P-118,RELIANCE_IN,Reliance Industries Ltd.,Equity,BUY,2500,124.84,0.3121,6.9e-05,0.3122,INR,86.5,SETTLED
TXN-202304702,2022-11-03,2022-11-07,CLT-1018,P-153,HDFCBANK_IN,HDFC Bank Ltd.,Equity,BUY,5000,165.93,0.8296,0.000351,0.83,INR,86.5,SETTLED
TXN-202400823,2022-11-03,2022-11-07,CLT-1009,P-124,RELIANCE_IN,Reliance Industries Ltd.,Equity,DIVIDEND,0,0.0,0.2339,0.000234,0.2337,INR,86.5,SETTLED
TXN-202301237,2022-11-03,2022-11-07,CLT-1013,P-136,JPM,JPMorgan Chase & Co.,Equity,BUY,5000,201.25,1.0063,0.000484,1.0068,USD,1.0,SETTLED
TXN-202105170,2022-11-04,2022-11-08,CLT-1011,P-131,BHARTIARTL_IN,Bharti Airtel Ltd.,Equity,DIVIDEND,0,0.0,0.0429,4.3e-05,0.0429,INR,86.5,SETTLED
TXN-202300242,2022-11-07,2022-11-09,CLT-1006,P-117,MSFT,Microsoft Corp.,Equity,SELL,25000,46.55,1.1638,0.000329,1.1635,USD,1.0,SETTLED
TXN-202501514,2022-11-07,2022-11-08,CLT-1021,P-162,EUR_LIQUIDITY_FUND,EUR Institutional Liquidity Master Fund,Money Market,BUY,10000,96.9,0.969,0.000347,0.9693,EUR,0.92,SETTLED
TXN-202500024,2022-11-07,2022-11-08,CLT-1003,P-109,INFRA_GLOBAL_TRUST,Global Infrastructure Core Income Note,Alternatives,BUY,5000,96.7,0.4835,0.000198,0.4837,USD,1.0,SETTLED
TXN-202302342,2022-11-07,2022-11-09,CLT-1021,P-162,ICICIBANK_IN,ICICI Bank Ltd.,Equity,SELL,10000,61.69,0.6169,0.00027,0.6166,INR,86.5,SETTLED
TXN-202302387,2022-11-07,2022-11-09,CLT-1024,P-170,RELIANCE_IN,Reliance Industries Ltd.,Equity,BUY,25000,258.21,6.4552,0.001914,6.4571,INR,86.5,SETTLED
TXN-202504864,2022-11-07,2022-11-08,CLT-1017,P-150,GER_10Y_BUND,Germany Bund 2.60% 2033,Government Bonds,INTEREST,0,0.0,0.1911,0.000191,0.1909,EUR,0.92,SETTLED
TXN-202502589,2022-11-07,2022-11-09,CLT-1006,P-116,SHEL_LN,Shell PLC,Equity,DIVIDEND,0,0.0,0.2164,0.000216,0.2162,GBP,0.79,SETTLED
TXN-202502974,2022-11-07,2022-11-08,CLT-1018,P-154,OPERATING_CASH,Operational Custody Cash Balance,Cash,SELL,500,98.03,0.049,1.6e-05,0.049,USD,1.0,SETTLED
TXN-202501944,2022-11-07,2022-11-09,CLT-1010,P-129,XOM,Exxon Mobil Corp.,Equity,SELL,10000,45.05,0.4505,0.000156,0.4503,USD,1.0,SETTLED
TXN-202400778,2022-11-08,2022-11-09,CLT-1005,P-113,PLD_REIT,Prologis Global Logistics REIT,REIT,BUY,500,102.91,0.0515,1.9e-05,0.0515,USD,1.0,SETTLED
TXN-202204711,2022-11-08,2022-11-10,CLT-1015,P-146,NVDA,NVIDIA Corp.,Equity,FEE,0,0.0,0.0273,0.0273,-0.0273,USD,1.0,SETTLED
TXN-202102270,2022-11-08,2022-11-10,CLT-1009,P-125,UNH,UnitedHealth Group,Equity,SELL,2500,199.67,0.4992,0.000113,0.4991,USD,1.0,SETTLED
TXN-202505114,2022-11-08,2022-11-09,CLT-1019,P-157,INFRA_GLOBAL_TRUST,Global Infrastructure Core Income Note,Alternatives,SELL,500,102.36,0.0512,1.6e-05,0.0512,USD,1.0,SETTLED
TXN-202101285,2022-11-09,2022-11-11,CLT-1005,P-113,NVDA,NVIDIA Corp.,Equity,BUY,10000,52.35,0.5235,0.000243,0.5237,USD,1.0,SETTLED
TXN-202500269,2022-11-09,2022-11-11,CLT-1005,P-113,CORP_IG_USD,US Investment Grade Corporate Bond Fund,Corporate Bonds,BUY,10000,96.25,0.9625,0.000262,0.9628,USD,1.0,SETTLED
TXN-202303527,2022-11-09,2022-11-10,CLT-1021,P-161,JGB_10Y,Japan Government Bond 10-Yr 0.8%,Government Bonds,INTEREST,0,0.0,0.1517,0.000152,0.1515,JPY,152.0,SETTLED
TXN-202503059,2022-11-09,2022-11-10,CLT-1013,P-138,USD_TREAS_MMF,Institutional USD Treasury Money Market Fund,Money Market,BUY,2500,102.07,0.2552,0.000106,0.2553,USD,1.0,SETTLED
TXN-202402373,2022-11-09,2022-11-11,CLT-1009,P-125,UNH,UnitedHealth Group,Equity,BUY,500,84.09,0.042,1.6e-05,0.042,USD,1.0,SETTLED
TXN-202403073,2022-11-10,2022-11-14,CLT-1022,P-166,BHARTIARTL_IN,Bharti Airtel Ltd.,Equity,SELL,2500,174.23,0.4356,0.000173,0.4354,INR,86.5,SETTLED
TXN-202302577,2022-11-10,2022-11-14,CLT-1022,P-166,MSFT,Microsoft Corp.,Equity,FEE,0,0.0,0.0333,0.0333,-0.0333,USD,1.0,SETTLED
TXN-202403928,2022-11-10,2022-11-14,CLT-1003,P-110,CORP_IG_EUR,Euro High Grade Corporate Bond Note,Corporate Bonds,TRANSFER,0,1.0,3.071,0.0001,-3.071,EUR,0.92,SETTLED
TXN-202304862,2022-11-10,2022-11-14,CLT-1010,P-129,LT_IN,Larsen & Toubro Ltd.,Equity,BUY,500,342.57,0.1713,5.2e-05,0.1714,INR,86.5,SETTLED
TXN-202202936,2022-11-10,2022-11-14,CLT-1024,P-171,7203_JP,Toyota Motor Corp.,Equity,BUY,25000,243.33,6.0832,0.001955,6.0852,JPY,152.0,SETTLED
TXN-202504879,2022-11-10,2022-11-14,CLT-1001,P-101,GOOGL,Alphabet Inc.,Equity,SELL,2500,248.91,0.6223,0.000288,0.622,USD,1.0,SETTLED
TXN-202504319,2022-11-14,2022-11-16,CLT-1003,P-107,ASML_NA,ASML Holding NV,Equity,BUY,5000,106.27,0.5313,0.00017,0.5315,EUR,0.92,SETTLED
TXN-202303637,2022-11-14,2022-11-16,CLT-1015,P-144,ICICIBANK_IN,ICICI Bank Ltd.,Equity,BUY,25000,50.72,1.268,0.000336,1.2683,INR,86.5,SETTLED
TXN-202205091,2022-11-14,2022-11-16,CLT-1024,P-172,AMZN,Amazon.com Inc.,Equity,SELL,5000,275.3,1.3765,0.000555,1.3759,USD,1.0,SETTLED
TXN-202402688,2022-11-14,2022-11-16,CLT-1012,P-132,AZN_LN,AstraZeneca PLC,Equity,BUY,25000,319.41,7.9853,0.003234,7.9885,GBP,0.79,SETTLED
TXN-202104705,2022-11-14,2022-11-16,CLT-1017,P-149,CORP_IG_EUR,Euro High Grade Corporate Bond Note,Corporate Bonds,BUY,2500,95.07,0.2377,5.8e-05,0.2378,EUR,0.92,SETTLED
TXN-202402188,2022-11-14,2022-11-15,CLT-1006,P-117,USD_TREAS_MMF,Institutional USD Treasury Money Market Fund,Money Market,DIVIDEND,0,0.0,0.1938,0.000194,0.1936,USD,1.0,SETTLED
TXN-202302452,2022-11-14,2022-11-15,CLT-1022,P-165,UK_10Y_GILT,UK Gilt 3.75% 2033,Government Bonds,BUY,50000,101.94,5.097,0.001978,5.099,GBP,0.79,SETTLED
TXN-202400243,2022-11-14,2022-11-15,CLT-1015,P-146,OPERATING_CASH,Operational Custody Cash Balance,Cash,DIVIDEND,0,0.0,0.0299,3e-05,0.0299,USD,1.0,SETTLED
TXN-202402908,2022-11-15,2022-11-16,CLT-1014,P-141,INFRA_GLOBAL_TRUST,Global Infrastructure Core Income Note,Alternatives,DIVIDEND,0,0.0,0.1736,0.000174,0.1734,USD,1.0,SETTLED
TXN-202301902,2022-11-15,2022-11-16,CLT-1003,P-110,INR_OVERNIGHT_CASH,Institutional INR Overnight Liquid Fund,Money Market,SELL,5000,96.55,0.4828,0.00015,0.4827,INR,86.5,SETTLED
TXN-202303872,2022-11-16,2022-11-18,CLT-1018,P-155,CORP_IG_EUR,Euro High Grade Corporate Bond Note,Corporate Bonds,BUY,50000,96.47,4.8235,0.001366,4.8249,EUR,0.92,SETTLED
TXN-202102520,2022-11-16,2022-11-18,CLT-1006,P-118,ICICIBANK_IN,ICICI Bank Ltd.,Equity,SELL,5000,272.47,1.3624,0.00058,1.3618,INR,86.5,SETTLED
TXN-202503544,2022-11-16,2022-11-17,CLT-1025,P-174,US_10Y_UST,US Treasury 10-Yr Benchmark Note,Government Bonds,BUY,5000,95.17,0.4758,0.000154,0.476,USD,1.0,SETTLED
TXN-202301282,2022-11-16,2022-11-18,CLT-1014,P-142,INFY_IN,Infosys Ltd.,Equity,BUY,25000,147.86,3.6965,0.000569,3.6971,INR,86.5,SETTLED
TXN-202204221,2022-11-17,2022-11-21,CLT-1016,P-148,BHARTIARTL_IN,Bharti Airtel Ltd.,Equity,BUY,500,258.91,0.1295,3.2e-05,0.1295,INR,86.5,SETTLED
TXN-202104185,2022-11-17,2022-11-21,CLT-1002,P-104,XOM,Exxon Mobil Corp.,Equity,INTEREST,0,0.0,0.1459,0.000146,0.1458,USD,1.0,SETTLED
TXN-202304697,2022-11-17,2022-11-18,CLT-1012,P-135,PLD_REIT,Prologis Global Logistics REIT,REIT,INTEREST,0,0.0,0.1152,0.000115,0.1151,USD,1.0,SETTLED
TXN-202104250,2022-11-17,2022-11-18,CLT-1010,P-129,USD_TREAS_MMF,Institutional USD Treasury Money Market Fund,Money Market,DIVIDEND,0,0.0,0.1902,0.00019,0.19,USD,1.0,SETTLED
TXN-202404603,2022-11-18,2022-11-21,CLT-1010,P-129,JGB_10Y,Japan Government Bond 10-Yr 0.8%,Government Bonds,SELL,10000,100.09,1.0009,0.000195,1.0007,JPY,152.0,SETTLED
TXN-202200196,2022-11-18,2022-11-21,CLT-1018,P-153,US_10Y_UST,US Treasury 10-Yr Benchmark Note,Government Bonds,FEE,0,0.0,0.0238,0.0238,-0.0238,USD,1.0,SETTLED
TXN-202102105,2022-11-18,2022-11-22,CLT-1001,P-103,RELIANCE_IN,Reliance Industries Ltd.,Equity,SELL,1000,129.38,0.1294,2.4e-05,0.1294,INR,86.5,SETTLED
TXN-202503554,2022-11-21,2022-11-22,CLT-1018,P-155,INFRA_GLOBAL_TRUST,Global Infrastructure Core Income Note,Alternatives,SELL,5000,97.45,0.4873,7.8e-05,0.4872,USD,1.0,SETTLED
TXN-202402113,2022-11-21,2022-11-23,CLT-1018,P-153,7203_JP,Toyota Motor Corp.,Equity,SELL,1000,107.14,0.1071,2.3e-05,0.1071,JPY,152.0,SETTLED
TXN-202105245,2022-11-21,2022-11-23,CLT-1005,P-114,INFY_IN,Infosys Ltd.,Equity,SELL,10000,259.96,2.5996,0.000427,2.5992,INR,86.5,SETTLED
TXN-202300107,2022-11-21,2022-11-23,CLT-1019,P-158,6758_JP,Sony Group Corp.,Equity,SELL,10000,119.78,1.1978,0.000384,1.1974,JPY,152.0,SETTLED
TXN-202504649,2022-11-21,2022-11-22,CLT-1021,P-161,UK_10Y_GILT,UK Gilt 3.75% 2033,Government Bonds,SELL,1000,96.94,0.0969,2.6e-05,0.0969,GBP,0.79,SETTLED
TXN-202405013,2022-11-21,2022-11-23,CLT-1014,P-142,ICICIBANK_IN,ICICI Bank Ltd.,Equity,FEE,0,0.0,0.0314,0.0314,-0.0314,INR,86.5,SETTLED
TXN-202302832,2022-11-21,2022-11-23,CLT-1007,P-120,DBS_SP,DBS Group Holdings,Equity,SELL,25000,165.31,4.1327,0.000626,4.1321,SGD,1.34,SETTLED
TXN-202403753,2022-11-21,2022-11-23,CLT-1001,P-102,ASML_NA,ASML Holding NV,Equity,BUY,500,333.51,0.1668,7.9e-05,0.1669,EUR,0.92,SETTLED
TXN-202102165,2022-11-21,2022-11-22,CLT-1010,P-128,UK_10Y_GILT,UK Gilt 3.75% 2033,Government Bonds,BUY,10000,100.31,1.0031,0.00049,1.0036,GBP,0.79,SETTLED
TXN-202500039,2022-11-21,2022-11-23,CLT-1005,P-115,CORP_IG_USD,US Investment Grade Corporate Bond Fund,Corporate Bonds,FEE,0,0.0,0.0221,0.0221,-0.0221,USD,1.0,SETTLED
TXN-202403003,2022-11-22,2022-11-24,CLT-1010,P-129,JPM,JPMorgan Chase & Co.,Equity,BUY,1000,93.73,0.0937,2.8e-05,0.0937,USD,1.0,SETTLED
TXN-202304487,2022-11-22,2022-11-24,CLT-1003,P-106,RELIANCE_IN,Reliance Industries Ltd.,Equity,TRANSFER,0,1.0,0.4147,0.0001,-0.4147,INR,86.5,SETTLED
TXN-202501079,2022-11-22,2022-11-24,CLT-1001,P-102,DBS_SP,DBS Group Holdings,Equity,SELL,1000,86.54,0.0865,2.2e-05,0.0865,SGD,1.34,SETTLED
TXN-202201031,2022-11-22,2022-11-24,CLT-1013,P-136,7203_JP,Toyota Motor Corp.,Equity,SELL,25000,222.38,5.5595,0.002711,5.5568,JPY,152.0,SETTLED
TXN-202104735,2022-11-22,2022-11-24,CLT-1015,P-146,UNH,UnitedHealth Group,Equity,FEE,0,0.0,0.0177,0.0177,-0.0177,USD,1.0,SETTLED
TXN-202401833,2022-11-23,2022-11-25,CLT-1002,P-105,AZN_LN,AstraZeneca PLC,Equity,BUY,5000,122.77,0.6139,0.000183,0.6141,GBP,0.79,SETTLED
TXN-202403148,2022-11-23,2022-11-25,CLT-1013,P-136,XOM,Exxon Mobil Corp.,Equity,BUY,1000,232.26,0.2323,4.4e-05,0.2323,USD,1.0,SETTLED
TXN-202503909,2022-11-24,2022-11-28,CLT-1010,P-127,MSFT,Microsoft Corp.,Equity,SELL,2500,333.08,0.8327,0.000128,0.8326,USD,1.0,SETTLED
TXN-202301612,2022-11-28,2022-11-30,CLT-1020,P-160,DBS_SP,DBS Group Holdings,Equity,SELL,500,58.58,0.0293,9e-06,0.0293,SGD,1.34,SETTLED
TXN-202503319,2022-11-28,2022-11-29,CLT-1007,P-120,US_10Y_UST,US Treasury 10-Yr Benchmark Note,Government Bonds,BUY,25000,102.18,2.5545,0.000679,2.5552,USD,1.0,SETTLED
TXN-202504294,2022-11-28,2022-11-30,CLT-1021,P-161,NVDA,NVIDIA Corp.,Equity,INTEREST,0,0.0,0.0528,5.3e-05,0.0527,USD,1.0,SETTLED
TXN-202202226,2022-11-28,2022-11-30,CLT-1003,P-108,CORP_IG_EUR,Euro High Grade Corporate Bond Note,Corporate Bonds,BUY,25000,102.17,2.5543,0.000757,2.5551,EUR,0.92,SETTLED
TXN-202104170,2022-11-28,2022-11-30,CLT-1011,P-130,ICICIBANK_IN,ICICI Bank Ltd.,Equity,TRANSFER,0,1.0,2.7615,0.0001,-2.7615,INR,86.5,SETTLED
TXN-202401553,2022-11-28,2022-11-30,CLT-1021,P-162,MSFT,Microsoft Corp.,Equity,BUY,10000,320.84,3.2084,0.001416,3.2098,USD,1.0,SETTLED
TXN-202203601,2022-11-29,2022-11-30,CLT-1003,P-109,GER_10Y_BUND,Germany Bund 2.60% 2033,Government Bonds,BUY,25000,101.07,2.5267,0.000662,2.5274,EUR,0.92,SETTLED
TXN-202501554,2022-11-29,2022-12-01,CLT-1008,P-121,JPM,JPMorgan Chase & Co.,Equity,BUY,10000,224.28,2.2428,0.000857,2.2437,USD,1.0,SETTLED
TXN-202505074,2022-11-29,2022-12-01,CLT-1019,P-156,INFY_IN,Infosys Ltd.,Equity,DIVIDEND,0,0.0,0.0693,6.9e-05,0.0692,INR,86.5,SETTLED
TXN-202502689,2022-11-30,2022-12-02,CLT-1008,P-122,AAPL,Apple Inc.,Equity,SELL,1000,94.01,0.094,2.8e-05,0.094,USD,1.0,SETTLED
TXN-202502284,2022-11-30,2022-12-02,CLT-1010,P-127,CORP_IG_USD,US Investment Grade Corporate Bond Fund,Corporate Bonds,BUY,1000,98.83,0.0988,2.8e-05,0.0988,USD,1.0,SETTLED
TXN-202200216,2022-11-30,2022-12-01,CLT-1003,P-107,INR_OVERNIGHT_CASH,Institutional INR Overnight Liquid Fund,Money Market,SELL,10000,99.07,0.9907,0.00047,0.9902,INR,86.5,SETTLED
TXN-202200451,2022-11-30,2022-12-02,CLT-1021,P-163,CORP_IG_USD,US Investment Grade Corporate Bond Fund,Corporate Bonds,DIVIDEND,0,0.0,0.1709,0.000171,0.1707,USD,1.0,SETTLED
TXN-202304087,2022-12-01,2022-12-02,CLT-1012,P-135,OPERATING_CASH,Operational Custody Cash Balance,Cash,WITHDRAWAL,0,1.0,2.3575,0.0001,-2.3575,USD,1.0,SETTLED
TXN-202405188,2022-12-01,2022-12-02,CLT-1006,P-117,IND_10Y_GSEC,India Sovereign G-Sec 7.18% 2033,Government Bonds,BUY,50000,102.15,5.1075,0.002395,5.1099,INR,86.5,SETTLED
TXN-202303592,2022-12-01,2022-12-05,CLT-1012,P-133,INFY_IN,Infosys Ltd.,Equity,DIVIDEND,0,0.0,0.0489,4.9e-05,0.0489,INR,86.5,SETTLED
TXN-202204651,2022-12-01,2022-12-02,CLT-1010,P-128,JGB_10Y,Japan Government Bond 10-Yr 0.8%,Government Bonds,DIVIDEND,0,0.0,0.0527,5.3e-05,0.0526,JPY,152.0,SETTLED
TXN-202304462,2022-12-01,2022-12-05,CLT-1017,P-150,ICICIBANK_IN,ICICI Bank Ltd.,Equity,BUY,1000,293.35,0.2933,8.8e-05,0.2934,INR,86.5,SETTLED
TXN-202300712,2022-12-01,2022-12-05,CLT-1007,P-119,AMZN,Amazon.com Inc.,Equity,BUY,2500,78.57,0.1964,5.5e-05,0.1965,USD,1.0,SETTLED
TXN-202101235,2022-12-02,2022-12-06,CLT-1018,P-153,GOOGL,Alphabet Inc.,Equity,BUY,5000,93.22,0.4661,0.000205,0.4663,USD,1.0,SETTLED
TXN-202100030,2022-12-02,2022-12-06,CLT-1013,P-139,6758_JP,Sony Group Corp.,Equity,BUY,5000,189.3,0.9465,0.000319,0.9468,JPY,152.0,SETTLED
TXN-202300812,2022-12-02,2022-12-05,CLT-1008,P-121,EUR_LIQUIDITY_FUND,EUR Institutional Liquidity Master Fund,Money Market,SELL,1000,98.83,0.0988,4.7e-05,0.0988,EUR,0.92,SETTLED
TXN-202202871,2022-12-05,2022-12-07,CLT-1016,P-148,BHARTIARTL_IN,Bharti Airtel Ltd.,Equity,TRANSFER,0,1.0,2.0729,0.0001,-2.0729,INR,86.5,SETTLED
TXN-202401508,2022-12-05,2022-12-06,CLT-1010,P-127,PLD_REIT,Prologis Global Logistics REIT,REIT,SELL,10000,101.47,1.0147,0.00019,1.0145,USD,1.0,SETTLED
TXN-202303217,2022-12-05,2022-12-06,CLT-1024,P-172,GLD_ETF,SPDR Gold Shares Institutional Trust,ETF,BUY,10000,102.87,1.0287,0.000177,1.0289,USD,1.0,SETTLED
TXN-202500114,2022-12-05,2022-12-07,CLT-1006,P-116,CORP_IG_USD,US Investment Grade Corporate Bond Fund,Corporate Bonds,SELL,10000,102.75,1.0275,0.000439,1.0271,USD,1.0,SETTLED
TXN-202501089,2022-12-05,2022-12-07,CLT-1014,P-141,INFY_IN,Infosys Ltd.,Equity,BUY,50000,312.36,15.618,0.005796,15.6238,INR,86.5,FAILED
TXN-202102090,2022-12-05,2022-12-07,CLT-1003,P-109,LT_IN,Larsen & Toubro Ltd.,Equity,DIVIDEND,0,0.0,0.2105,0.00021,0.2103,INR,86.5,SETTLED
TXN-202202626,2022-12-05,2022-12-06,CLT-1004,P-111,GLD_ETF,SPDR Gold Shares Institutional Trust,ETF,SELL,25000,99.56,2.489,0.000461,2.4885,USD,1.0,SETTLED
TXN-202301442,2022-12-05,2022-12-06,CLT-1017,P-150,EUR_LIQUIDITY_FUND,EUR Institutional Liquidity Master Fund,Money Market,SELL,2500,100.7,0.2517,0.000118,0.2516,EUR,0.92,SETTLED
TXN-202203216,2022-12-05,2022-12-07,CLT-1007,P-119,ASML_NA,ASML Holding NV,Equity,SELL,5000,163.91,0.8196,0.00026,0.8193,EUR,0.92,SETTLED
TXN-202203176,2022-12-05,2022-12-07,CLT-1008,P-122,AAPL,Apple Inc.,Equity,SELL,500,168.62,0.0843,4e-05,0.0843,USD,1.0,SETTLED
TXN-202101855,2022-12-05,2022-12-07,CLT-1023,P-168,GOOGL,Alphabet Inc.,Equity,SELL,500,157.68,0.0788,3.5e-05,0.0788,USD,1.0,SETTLED
TXN-202302662,2022-12-05,2022-12-06,CLT-1009,P-124,UK_10Y_GILT,UK Gilt 3.75% 2033,Government Bonds,TRANSFER,0,1.0,0.983,0.0001,-0.983,GBP,0.79,SETTLED
TXN-202204426,2022-12-05,2022-12-06,CLT-1021,P-163,US_10Y_UST,US Treasury 10-Yr Benchmark Note,Government Bonds,SELL,50000,98.78,4.939,0.000998,4.938,USD,1.0,SETTLED
TXN-202405228,2022-12-05,2022-12-06,CLT-1009,P-123,JGB_10Y,Japan Government Bond 10-Yr 0.8%,Government Bonds,BUY,5000,99.31,0.4965,0.00022,0.4967,JPY,152.0,SETTLED
TXN-202101920,2022-12-05,2022-12-07,CLT-1018,P-154,GOOGL,Alphabet Inc.,Equity,BUY,1000,227.52,0.2275,7.1e-05,0.2276,USD,1.0,SETTLED
TXN-202300452,2022-12-05,2022-12-06,CLT-1023,P-167,US_10Y_UST,US Treasury 10-Yr Benchmark Note,Government Bonds,BUY,5000,100.14,0.5007,0.000244,0.5009,USD,1.0,SETTLED
TXN-202102970,2022-12-05,2022-12-07,CLT-1013,P-137,NOVN_SW,Novartis AG,Equity,SELL,50000,180.1,9.005,0.002469,9.0025,CHF,0.88,SETTLED
TXN-202104640,2022-12-05,2022-12-07,CLT-1025,P-174,LT_IN,Larsen & Toubro Ltd.,Equity,SELL,500,178.98,0.0895,4.1e-05,0.0895,INR,86.5,SETTLED
TXN-202202761,2022-12-05,2022-12-07,CLT-1013,P-139,CORP_IG_USD,US Investment Grade Corporate Bond Fund,Corporate Bonds,SELL,10000,98.96,0.9896,0.000358,0.9892,USD,1.0,SETTLED
TXN-202104805,2022-12-05,2022-12-07,CLT-1013,P-139,7203_JP,Toyota Motor Corp.,Equity,BUY,10000,284.36,2.8436,0.000827,2.8444,JPY,152.0,SETTLED
TXN-202303992,2022-12-05,2022-12-07,CLT-1025,P-174,RELIANCE_IN,Reliance Industries Ltd.,Equity,DIVIDEND,0,0.0,0.0815,8.2e-05,0.0814,INR,86.5,SETTLED
TXN-202102390,2022-12-06,2022-12-08,CLT-1005,P-112,HDFCBANK_IN,HDFC Bank Ltd.,Equity,SELL,500,85.03,0.0425,1.5e-05,0.0425,INR,86.5,SETTLED
TXN-202303057,2022-12-06,2022-12-08,CLT-1007,P-119,TCS_IN,Tata Consultancy Services,Equity,SELL,5000,178.26,0.8913,0.000428,0.8909,INR,86.5,SETTLED
TXN-202400598,2022-12-06,2022-12-07,CLT-1003,P-108,GER_10Y_BUND,Germany Bund 2.60% 2033,Government Bonds,SELL,500,100.39,0.0502,2.3e-05,0.0502,EUR,0.92,SETTLED
TXN-202301357,2022-12-06,2022-12-08,CLT-1006,P-117,6758_JP,Sony Group Corp.,Equity,DIVIDEND,0,0.0,0.2094,0.000209,0.2092,JPY,152.0,SETTLED
TXN-202104135,2022-12-07,2022-12-08,CLT-1013,P-136,JGB_10Y,Japan Government Bond 10-Yr 0.8%,Government Bonds,SELL,50000,101.96,5.098,0.001096,5.0969,JPY,152.0,SETTLED
TXN-202302137,2022-12-07,2022-12-09,CLT-1018,P-152,ICICIBANK_IN,ICICI Bank Ltd.,Equity,BUY,10000,73.75,0.7375,0.000146,0.7376,INR,86.5,SETTLED
TXN-202205236,2022-12-07,2022-12-08,CLT-1011,P-130,USD_TREAS_MMF,Institutional USD Treasury Money Market Fund,Money Market,BUY,50000,97.33,4.8665,0.0014,4.8679,USD,1.0,SETTLED
TXN-202404123,2022-12-07,2022-12-08,CLT-1003,P-110,GER_10Y_BUND,Germany Bund 2.60% 2033,Government Bonds,BUY,2500,100.89,0.2522,8.1e-05,0.2523,EUR,0.92,SETTLED
TXN-202301517,2022-12-08,2022-12-09,CLT-1017,P-150,IND_10Y_GSEC,India Sovereign G-Sec 7.18% 2033,Government Bonds,DIVIDEND,0,0.0,0.0389,3.9e-05,0.0389,INR,86.5,SETTLED
TXN-202400788,2022-12-08,2022-12-12,CLT-1003,P-109,SHEL_LN,Shell PLC,Equity,BUY,5000,97.83,0.4891,0.000159,0.4893,GBP,0.79,SETTLED
TXN-202203236,2022-12-09,2022-12-13,CLT-1015,P-147,MSFT,Microsoft Corp.,Equity,DIVIDEND,0,0.0,0.045,4.5e-05,0.045,USD,1.0,FAILED
TXN-202503309,2022-12-09,2022-12-12,CLT-1009,P-125,IND_10Y_GSEC,India Sovereign G-Sec 7.18% 2033,Government Bonds,BUY,50000,102.74,5.137,0.001661,5.1387,INR,86.5,SETTLED
TXN-202405063,2022-12-09,2022-12-13,CLT-1010,P-127,TCS_IN,Tata Consultancy Services,Equity,SELL,2500,253.4,0.6335,0.000214,0.6333,INR,86.5,PENDING
TXN-202403213,2022-12-09,2022-12-12,CLT-1008,P-122,US_10Y_UST,US Treasury 10-Yr Benchmark Note,Government Bonds,TRANSFER,0,1.0,3.3431,0.0001,-3.3431,USD,1.0,SETTLED
TXN-202200756,2022-12-12,2022-12-14,CLT-1014,P-142,GOOGL,Alphabet Inc.,Equity,BUY,50000,200.27,10.0135,0.001934,10.0154,USD,1.0,SETTLED
TXN-202302067,2022-12-12,2022-12-13,CLT-1012,P-133,PLD_REIT,Prologis Global Logistics REIT,REIT,SELL,5000,101.38,0.5069,8e-05,0.5068,USD,1.0,SETTLED
TXN-202402758,2022-12-12,2022-12-13,CLT-1004,P-111,EUR_LIQUIDITY_FUND,EUR Institutional Liquidity Master Fund,Money Market,SELL,1000,100.54,0.1005,2.1e-05,0.1005,EUR,0.92,SETTLED
TXN-202102820,2022-12-12,2022-12-14,CLT-1018,P-155,LT_IN,Larsen & Toubro Ltd.,Equity,BUY,1000,278.86,0.2789,0.000111,0.279,INR,86.5,SETTLED
TXN-202504259,2022-12-12,2022-12-14,CLT-1003,P-109,CORP_IG_EUR,Euro High Grade Corporate Bond Note,Corporate Bonds,BUY,50000,101.09,5.0545,0.001797,5.0563,EUR,0.92,SETTLED
TXN-202500659,2022-12-12,2022-12-13,CLT-1018,P-153,IND_10Y_GSEC,India Sovereign G-Sec 7.18% 2033,Government Bonds,BUY,2500,98.74,0.2469,6.7e-05,0.247,INR,86.5,SETTLED
TXN-202303707,2022-12-13,2022-12-15,CLT-1024,P-172,BHARTIARTL_IN,Bharti Airtel Ltd.,Equity,BUY,50000,147.82,7.391,0.001253,7.3923,INR,86.5,SETTLED
TXN-202404523,2022-12-14,2022-12-16,CLT-1008,P-121,XOM,Exxon Mobil Corp.,Equity,SELL,2500,203.35,0.5084,0.000244,0.5082,USD,1.0,SETTLED
TXN-202201756,2022-12-14,2022-12-15,CLT-1003,P-107,GLD_ETF,SPDR Gold Shares Institutional Trust,ETF,BUY,50000,98.43,4.9215,0.000954,4.9225,USD,1.0,SETTLED
TXN-202100180,2022-12-14,2022-12-16,CLT-1002,P-104,7203_JP,Toyota Motor Corp.,Equity,FEE,0,0.0,0.0419,0.0419,-0.0419,JPY,152.0,SETTLED
TXN-202502164,2022-12-15,2022-12-19,CLT-1013,P-137,AMZN,Amazon.com Inc.,Equity,INTEREST,0,0.0,0.1818,0.000182,0.1816,USD,1.0,SETTLED
TXN-202103585,2022-12-16,2022-12-20,CLT-1013,P-136,HDFCBANK_IN,HDFC Bank Ltd.,Equity,INTEREST,0,0.0,0.042,4.2e-05,0.042,INR,86.5,SETTLED
TXN-202303982,2022-12-16,2022-12-19,CLT-1011,P-130,US_10Y_UST,US Treasury 10-Yr Benchmark Note,Government Bonds,BUY,1000,97.69,0.0977,4.2e-05,0.0977,USD,1.0,SETTLED
TXN-202103395,2022-12-16,2022-12-20,CLT-1015,P-146,AZN_LN,AstraZeneca PLC,Equity,INTEREST,0,0.0,0.0796,8e-05,0.0795,GBP,0.79,SETTLED
TXN-202400113,2022-12-16,2022-12-19,CLT-1014,P-143,UK_10Y_GILT,UK Gilt 3.75% 2033,Government Bonds,SELL,2500,97.47,0.2437,4e-05,0.2437,GBP,0.79,SETTLED
TXN-202500439,2022-12-16,2022-12-20,CLT-1010,P-129,AMZN,Amazon.com Inc.,Equity,BUY,500,340.31,0.1702,5.3e-05,0.1703,USD,1.0,SETTLED
TXN-202503064,2022-12-19,2022-12-21,CLT-1018,P-153,AMZN,Amazon.com Inc.,Equity,BUY,2500,166.97,0.4174,0.00018,0.4176,USD,1.0,SETTLED
TXN-202201046,2022-12-19,2022-12-21,CLT-1021,P-162,SHEL_LN,Shell PLC,Equity,SELL,25000,341.72,8.543,0.002962,8.54,GBP,0.79,SETTLED
TXN-202103930,2022-12-19,2022-12-20,CLT-1011,P-130,USD_TREAS_MMF,Institutional USD Treasury Money Market Fund,Money Market,BUY,50000,96.3,4.815,0.001498,4.8165,USD,1.0,SETTLED
TXN-202403543,2022-12-19,2022-12-21,CLT-1013,P-138,6758_JP,Sony Group Corp.,Equity,FEE,0,0.0,0.0381,0.0381,-0.0381,JPY,152.0,SETTLED
TXN-202403998,2022-12-19,2022-12-20,CLT-1009,P-125,USD_TREAS_MMF,Institutional USD Treasury Money Market Fund,Money Market,SELL,500,97.29,0.0486,1.9e-05,0.0486,USD,1.0,SETTLED
TXN-202400463,2022-12-19,2022-12-21,CLT-1003,P-110,ASML_NA,ASML Holding NV,Equity,BUY,1000,316.72,0.3167,6.1e-05,0.3168,EUR,0.92,SETTLED
TXN-202503399,2022-12-19,2022-12-21,CLT-1013,P-136,NVDA,NVIDIA Corp.,Equity,SELL,50000,340.03,17.0015,0.005674,16.9958,USD,1.0,SETTLED
TXN-202303577,2022-12-19,2022-12-21,CLT-1012,P-132,AMZN,Amazon.com Inc.,Equity,SELL,500,253.88,0.1269,4.1e-05,0.1269,USD,1.0,PENDING
TXN-202103210,2022-12-19,2022-12-21,CLT-1001,P-101,NVDA,NVIDIA Corp.,Equity,INTEREST,0,0.0,0.0606,6.1e-05,0.0605,USD,1.0,SETTLED
TXN-202404768,2022-12-19,2022-12-21,CLT-1009,P-125,NOVN_SW,Novartis AG,Equity,BUY,25000,340.31,8.5077,0.00334,8.511,CHF,0.88,SETTLED
TXN-202501754,2022-12-19,2022-12-20,CLT-1024,P-171,INFRA_GLOBAL_TRUST,Global Infrastructure Core Income Note,Alternatives,BUY,1000,100.91,0.1009,2.3e-05,0.1009,USD,1.0,SETTLED
TXN-202104370,2022-12-20,2022-12-22,CLT-1002,P-104,7203_JP,Toyota Motor Corp.,Equity,DIVIDEND,0,0.0,0.1426,0.000143,0.1425,JPY,152.0,SETTLED
TXN-202301672,2022-12-21,2022-12-23,CLT-1018,P-152,RELIANCE_IN,Reliance Industries Ltd.,Equity,TRANSFER,0,1.0,1.111,0.0001,-1.111,INR,86.5,SETTLED
TXN-202201506,2022-12-22,2022-12-26,CLT-1025,P-174,ASML_NA,ASML Holding NV,Equity,BUY,500,335.62,0.1678,3.7e-05,0.1678,EUR,0.92,SETTLED
TXN-202504829,2022-12-23,2022-12-26,CLT-1009,P-125,OPERATING_CASH,Operational Custody Cash Balance,Cash,DIVIDEND,0,0.0,0.1413,0.000141,0.1412,USD,1.0,SETTLED
TXN-202401258,2022-12-23,2022-12-26,CLT-1004,P-111,IND_10Y_GSEC,India Sovereign G-Sec 7.18% 2033,Government Bonds,BUY,1000,96.65,0.0966,2.1e-05,0.0966,INR,86.5,SETTLED
TXN-202303242,2022-12-23,2022-12-27,CLT-1025,P-173,AZN_LN,AstraZeneca PLC,Equity,DIVIDEND,0,0.0,0.2283,0.000228,0.2281,GBP,0.79,SETTLED
TXN-202302037,2022-12-26,2022-12-27,CLT-1003,P-109,INFRA_GLOBAL_TRUST,Global Infrastructure Core Income Note,Alternatives,BUY,500,99.46,0.0497,1.3e-05,0.0497,USD,1.0,SETTLED
TXN-202104490,2022-12-26,2022-12-27,CLT-1009,P-124,GER_10Y_BUND,Germany Bund 2.60% 2033,Government Bonds,INTEREST,0,0.0,0.1398,0.00014,0.1397,EUR,0.92,SETTLED
TXN-202100400,2022-12-26,2022-12-28,CLT-1006,P-118,ASML_NA,ASML Holding NV,Equity,DEPOSIT,0,1.0,0.2643,0.0001,0.2643,EUR,0.92,SETTLED
TXN-202101270,2022-12-26,2022-12-28,CLT-1015,P-147,BHARTIARTL_IN,Bharti Airtel Ltd.,Equity,SELL,25000,272.81,6.8202,0.00118,6.819,INR,86.5,FAILED
TXN-202402923,2022-12-26,2022-12-28,CLT-1013,P-138,HDFCBANK_IN,HDFC Bank Ltd.,Equity,SELL,1000,40.83,0.0408,8e-06,0.0408,INR,86.5,SETTLED
TXN-202105085,2022-12-26,2022-12-27,CLT-1010,P-129,JGB_10Y,Japan Government Bond 10-Yr 0.8%,Government Bonds,BUY,5000,100.72,0.5036,0.000232,0.5038,JPY,152.0,SETTLED
TXN-202101545,2022-12-26,2022-12-28,CLT-1009,P-123,CORP_IG_EUR,Euro High Grade Corporate Bond Note,Corporate Bonds,SELL,1000,95.08,0.0951,4.2e-05,0.0951,EUR,0.92,SETTLED
TXN-202102775,2022-12-26,2022-12-28,CLT-1012,P-132,MSFT,Microsoft Corp.,Equity,INTEREST,0,0.0,0.2006,0.000201,0.2004,USD,1.0,SETTLED
TXN-202505019,2022-12-26,2022-12-28,CLT-1019,P-156,RELIANCE_IN,Reliance Industries Ltd.,Equity,TRANSFER,0,1.0,2.8802,0.0001,-2.8802,INR,86.5,SETTLED
TXN-202304592,2022-12-27,2022-12-28,CLT-1010,P-129,US_10Y_UST,US Treasury 10-Yr Benchmark Note,Government Bonds,SELL,5000,101.16,0.5058,9.4e-05,0.5057,USD,1.0,SETTLED
TXN-202301872,2022-12-28,2022-12-29,CLT-1010,P-129,GER_10Y_BUND,Germany Bund 2.60% 2033,Government Bonds,SELL,2500,99.01,0.2475,4.4e-05,0.2475,EUR,0.92,SETTLED
TXN-202401693,2022-12-28,2022-12-30,CLT-1003,P-107,SHEL_LN,Shell PLC,Equity,DIVIDEND,0,0.0,0.0382,3.8e-05,0.0382,GBP,0.79,SETTLED
TXN-202404878,2022-12-28,2022-12-30,CLT-1019,P-158,BHARTIARTL_IN,Bharti Airtel Ltd.,Equity,INTEREST,0,0.0,0.1715,0.000172,0.1713,INR,86.5,SETTLED
TXN-202503539,2022-12-28,2022-12-30,CLT-1005,P-113,AZN_LN,AstraZeneca PLC,Equity,SELL,25000,280.01,7.0003,0.001636,6.9987,GBP,0.79,SETTLED
TXN-202403343,2022-12-30,2023-01-02,CLT-1007,P-119,INFRA_GLOBAL_TRUST,Global Infrastructure Core Income Note,Alternatives,SELL,5000,102.45,0.5122,0.00014,0.5121,USD,1.0,SETTLED
TXN-202202231,2022-12-30,2023-01-03,CLT-1007,P-120,RELIANCE_IN,Reliance Industries Ltd.,Equity,BUY,5000,293.81,1.469,0.000486,1.4695,INR,86.5,SETTLED
TXN-202404193,2022-12-30,2023-01-02,CLT-1006,P-117,PLD_REIT,Prologis Global Logistics REIT,REIT,DIVIDEND,0,0.0,0.1619,0.000162,0.1617,USD,1.0,FAILED
TXN-202301982,2023-01-02,2023-01-04,CLT-1018,P-152,SHEL_LN,Shell PLC,Equity,FEE,0,0.0,0.0428,0.0428,-0.0428,GBP,0.79,SETTLED
TXN-202203741,2023-01-02,2023-01-03,CLT-1009,P-124,GLD_ETF,SPDR Gold Shares Institutional Trust,ETF,BUY,10000,96.56,0.9656,0.000333,0.9659,USD,1.0,SETTLED
TXN-202200331,2023-01-02,2023-01-03,CLT-1002,P-105,IND_10Y_GSEC,India Sovereign G-Sec 7.18% 2033,Government Bonds,SELL,1000,96.4,0.0964,3.3e-05,0.0964,INR,86.5,SETTLED
TXN-202200866,2023-01-02,2023-01-04,CLT-1019,P-158,INFY_IN,Infosys Ltd.,Equity,SELL,500,269.06,0.1345,6.6e-05,0.1344,INR,86.5,SETTLED
TXN-202202516,2023-01-02,2023-01-03,CLT-1020,P-160,GER_10Y_BUND,Germany Bund 2.60% 2033,Government Bonds,SELL,1000,100.4,0.1004,4.6e-05,0.1004,EUR,0.92,SETTLED
TXN-202100630,2023-01-02,2023-01-04,CLT-1015,P-144,7203_JP,Toyota Motor Corp.,Equity,BUY,50000,61.57,3.0785,0.000893,3.0794,JPY,152.0,SETTLED
TXN-202503469,2023-01-02,2023-01-03,CLT-1001,P-101,PLD_REIT,Prologis Global Logistics REIT,REIT,BUY,500,95.24,0.0476,1.4e-05,0.0476,USD,1.0,SETTLED
TXN-202101765,2023-01-03,2023-01-04,CLT-1003,P-109,US_10Y_UST,US Treasury 10-Yr Benchmark Note,Government Bonds,BUY,25000,101.44,2.536,0.000686,2.5367,USD,1.0,SETTLED
TXN-202500689,2023-01-03,2023-01-05,CLT-1021,P-161,AZN_LN,AstraZeneca PLC,Equity,SELL,1000,77.51,0.0775,1.6e-05,0.0775,GBP,0.79,SETTLED
TXN-202502379,2023-01-03,2023-01-05,CLT-1014,P-141,BHARTIARTL_IN,Bharti Airtel Ltd.,Equity,DIVIDEND,0,0.0,0.1768,0.000177,0.1766,INR,86.5,SETTLED
TXN-202202181,2023-01-04,2023-01-06,CLT-1013,P-139,ASML_NA,ASML Holding NV,Equity,BUY,500,52.09,0.026,1.1e-05,0.026,EUR,0.92,SETTLED
TXN-202403298,2023-01-06,2023-01-10,CLT-1002,P-104,JPM,JPMorgan Chase & Co.,Equity,BUY,500,83.7,0.0418,7e-06,0.0418,USD,1.0,SETTLED
TXN-202104830,2023-01-06,2023-01-10,CLT-1024,P-172,DBS_SP,DBS Group Holdings,Equity,SELL,10000,328.92,3.2892,0.000709,3.2885,SGD,1.34,SETTLED
TXN-202501084,2023-01-06,2023-01-09,CLT-1024,P-171,US_10Y_UST,US Treasury 10-Yr Benchmark Note,Government Bonds,BUY,5000,97.46,0.4873,0.000231,0.4875,USD,1.0,SETTLED
TXN-202204551,2023-01-09,2023-01-10,CLT-1007,P-120,US_10Y_UST,US Treasury 10-Yr Benchmark Note,Government Bonds,INTEREST,0,0.0,0.2116,0.000212,0.2114,USD,1.0,SETTLED
TXN-202203226,2023-01-09,2023-01-11,CLT-1021,P-163,AAPL,Apple Inc.,Equity,FEE,0,0.0,0.0158,0.0158,-0.0158,USD,1.0,SETTLED
TXN-202202026,2023-01-09,2023-01-11,CLT-1024,P-171,ASML_NA,ASML Holding NV,Equity,BUY,1000,182.37,0.1824,8.1e-05,0.1825,EUR,0.92,SETTLED
TXN-202504354,2023-01-09,2023-01-10,CLT-1013,P-139,PLD_REIT,Prologis Global Logistics REIT,REIT,SELL,25000,101.16,2.529,0.000799,2.5282,USD,1.0,SETTLED
TXN-202201306,2023-01-09,2023-01-11,CLT-1025,P-174,ICICIBANK_IN,ICICI Bank Ltd.,Equity,SELL,25000,43.16,1.079,0.00021,1.0788,INR,86.5,SETTLED
TXN-202104755,2023-01-09,2023-01-10,CLT-1003,P-110,US_10Y_UST,US Treasury 10-Yr Benchmark Note,Government Bonds,BUY,500,95.94,0.048,1.3e-05,0.048,USD,1.0,SETTLED
TXN-202202741,2023-01-10,2023-01-12,CLT-1013,P-139,ASML_NA,ASML Holding NV,Equity,BUY,500,163.49,0.0817,2.7e-05,0.0817,EUR,0.92,SETTLED
TXN-202303667,2023-01-10,2023-01-12,CLT-1005,P-115,DBS_SP,DBS Group Holdings,Equity,SELL,2500,269.17,0.6729,0.000197,0.6727,SGD,1.34,SETTLED
TXN-202203331,2023-01-11,2023-01-13,CLT-1022,P-165,SAP_GY,SAP SE,Equity,SELL,50000,332.69,16.6345,0.004514,16.63,EUR,0.92,SETTLED
TXN-202302592,2023-01-11,2023-01-13,CLT-1011,P-130,RELIANCE_IN,Reliance Industries Ltd.,Equity,BUY,10000,114.2,1.142,0.000315,1.1423,INR,86.5,SETTLED
TXN-202102030,2023-01-11,2023-01-12,CLT-1015,P-144,UK_10Y_GILT,UK Gilt 3.75% 2033,Government Bonds,SELL,10000,99.39,0.9939,0.00044,0.9935,GBP,0.79,SETTLED
TXN-202501319,2023-01-11,2023-01-13,CLT-1003,P-108,SAP_GY,SAP SE,Equity,BUY,50000,276.55,13.8275,0.003307,13.8308,EUR,0.92,SETTLED
TXN-202302762,2023-01-12,2023-01-13,CLT-1021,P-161,IND_10Y_GSEC,India Sovereign G-Sec 7.18% 2033,Government Bonds,BUY,50000,100.69,5.0345,0.001297,5.0358,INR,86.5,SETTLED
TXN-202103245,2023-01-12,2023-01-13,CLT-1019,P-156,US_10Y_UST,US Treasury 10-Yr Benchmark Note,Government Bonds,DIVIDEND,0,0.0,0.0616,6.2e-05,0.0615,USD,1.0,SETTLED
TXN-202300457,2023-01-13,2023-01-16,CLT-1024,P-170,INR_OVERNIGHT_CASH,Institutional INR Overnight Liquid Fund,Money Market,BUY,1000,98.0,0.098,1.8e-05,0.098,INR,86.5,SETTLED
TXN-202500469,2023-01-13,2023-01-17,CLT-1011,P-131,CORP_HY_USD,US High Yield Corporate Credit Note,Corporate Bonds,INTEREST,0,0.0,0.2116,0.000212,0.2114,USD,1.0,SETTLED
TXN-202204341,2023-01-13,2023-01-16,CLT-1014,P-142,US_5Y_UST,US Treasury 5-Yr Benchmark Note,Government Bonds,SELL,5000,96.66,0.4833,0.000196,0.4831,USD,1.0,SETTLED
TXN-202400618,2023-01-16,2023-01-18,CLT-1003,P-108,BHARTIARTL_IN,Bharti Airtel Ltd.,Equity,SELL,25000,40.95,1.0238,0.000281,1.0235,INR,86.5,SETTLED
TXN-202403773,2023-01-16,2023-01-18,CLT-1017,P-150,TCS_IN,Tata Consultancy Services,Equity,FEE,0,0.0,0.0446,0.0446,-0.0446,INR,86.5,SETTLED
TXN-202104450,2023-01-16,2023-01-17,CLT-1002,P-105,GLD_ETF,SPDR Gold Shares Institutional Trust,ETF,SELL,25000,99.04,2.476,0.001051,2.4749,USD,1.0,SETTLED
TXN-202202376,2023-01-16,2023-01-18,CLT-1022,P-164,ICICIBANK_IN,ICICI Bank Ltd.,Equity,BUY,10000,261.62,2.6162,0.000713,2.6169,INR,86.5,SETTLED
TXN-202401538,2023-01-16,2023-01-18,CLT-1013,P-140,SHEL_LN,Shell PLC,Equity,SELL,5000,180.77,0.9039,0.000221,0.9037,GBP,0.79,SETTLED
TXN-202304287,2023-01-16,2023-01-18,CLT-1015,P-147,DBS_SP,DBS Group Holdings,Equity,SELL,10000,163.03,1.6303,0.000532,1.6298,SGD,1.34,PENDING
TXN-202102990,2023-01-17,2023-01-18,CLT-1017,P-150,UK_10Y_GILT,UK Gilt 3.75% 2033,Government Bonds,BUY,10000,100.56,1.0056,0.000238,1.0058,GBP,0.79,FAILED
TXN-202500579,2023-01-18,2023-01-20,CLT-1012,P-133,ASML_NA,ASML Holding NV,Equity,BUY,10000,320.33,3.2033,0.000507,3.2038,EUR,0.92,SETTLED
TXN-202501939,2023-01-18,2023-01-20,CLT-1006,P-118,SHEL_LN,Shell PLC,Equity,BUY,2500,89.0,0.2225,4.9e-05,0.2225,GBP,0.79,SETTLED
TXN-202505099,2023-01-18,2023-01-19,CLT-1014,P-141,INR_OVERNIGHT_CASH,Institutional INR Overnight Liquid Fund,Money Market,SELL,5000,96.7,0.4835,9.8e-05,0.4834,INR,86.5,SETTLED
TXN-202302362,2023-01-18,2023-01-19,CLT-1023,P-168,USD_TREAS_MMF,Institutional USD Treasury Money Market Fund,Money Market,SELL,10000,97.33,0.9733,0.0002,0.9731,USD,1.0,SETTLED
TXN-202102790,2023-01-19,2023-01-23,CLT-1015,P-146,CORP_HY_USD,US High Yield Corporate Credit Note,Corporate Bonds,BUY,500,101.43,0.0507,2.5e-05,0.0507,USD,1.0,SETTLED
TXN-202502964,2023-01-19,2023-01-20,CLT-1024,P-172,USD_TREAS_MMF,Institutional USD Treasury Money Market Fund,Money Market,INTEREST,0,0.0,0.1082,0.000108,0.1081,USD,1.0,SETTLED
TXN-202101330,2023-01-20,2023-01-24,CLT-1023,P-168,MSFT,Microsoft Corp.,Equity,SELL,2500,343.84,0.8596,0.000209,0.8594,USD,1.0,SETTLED
TXN-202501539,2023-01-20,2023-01-24,CLT-1010,P-128,HDFCBANK_IN,HDFC Bank Ltd.,Equity,BUY,2500,175.89,0.4397,0.000147,0.4398,INR,86.5,SETTLED
TXN-202300687,2023-01-23,2023-01-24,CLT-1019,P-156,INR_OVERNIGHT_CASH,Institutional INR Overnight Liquid Fund,Money Market,BUY,25000,97.95,2.4487,0.000833,2.4495,INR,86.5,SETTLED
TXN-202100290,2023-01-23,2023-01-24,CLT-1023,P-167,IND_10Y_GSEC,India Sovereign G-Sec 7.18% 2033,Government Bonds,BUY,5000,101.7,0.5085,0.000195,0.5087,INR,86.5,SETTLED
TXN-202300732,2023-01-23,2023-01-25,CLT-1012,P-134,INFY_IN,Infosys Ltd.,Equity,SELL,1000,304.63,0.3046,0.000114,0.3045,INR,86.5,SETTLED
TXN-202201351,2023-01-23,2023-01-25,CLT-1014,P-142,NVDA,NVIDIA Corp.,Equity,SELL,500,47.85,0.0239,5e-06,0.0239,USD,1.0,SETTLED
TXN-202504219,2023-01-23,2023-01-24,CLT-1008,P-122,PLD_REIT,Prologis Global Logistics REIT,REIT,BUY,500,100.0,0.05,1.5e-05,0.05,USD,1.0,SETTLED
TXN-202103350,2023-01-23,2023-01-25,CLT-1025,P-174,CORP_HY_USD,US High Yield Corporate Credit Note,Corporate Bonds,SELL,10000,97.04,0.9704,0.000301,0.9701,USD,1.0,SETTLED
TXN-202500139,2023-01-23,2023-01-25,CLT-1013,P-136,UNH,UnitedHealth Group,Equity,SELL,5000,169.24,0.8462,0.000253,0.8459,USD,1.0,PENDING
TXN-202300747,2023-01-23,2023-01-24,CLT-1013,P-139,UK_10Y_GILT,UK Gilt 3.75% 2033,Government Bonds,BUY,5000,98.01,0.49,0.000138,0.4901,GBP,0.79,SETTLED
TXN-202103230,2023-01-23,2023-01-24,CLT-1021,P-163,EUR_LIQUIDITY_FUND,EUR Institutional Liquidity Master Fund,Money Market,SELL,50000,96.78,4.839,0.001777,4.8372,EUR,0.92,SETTLED
TXN-202202471,2023-01-24,2023-01-26,CLT-1001,P-101,NOVN_SW,Novartis AG,Equity,SELL,5000,167.52,0.8376,0.000331,0.8373,CHF,0.88,SETTLED
TXN-202303107,2023-01-24,2023-01-26,CLT-1002,P-104,DBS_SP,DBS Group Holdings,Equity,FEE,0,0.0,0.0409,0.0409,-0.0409,SGD,1.34,SETTLED
TXN-202500909,2023-01-25,2023-01-26,CLT-1011,P-131,USD_TREAS_MMF,Institutional USD Treasury Money Market Fund,Money Market,SELL,10000,96.43,0.9643,0.000476,0.9638,USD,1.0,SETTLED
TXN-202500964,2023-01-25,2023-01-27,CLT-1010,P-129,ASML_NA,ASML Holding NV,Equity,SELL,500,317.67,0.1588,4.8e-05,0.1588,EUR,0.92,SETTLED
TXN-202504124,2023-01-25,2023-01-26,CLT-1003,P-108,EUR_LIQUIDITY_FUND,EUR Institutional Liquidity Master Fund,Money Market,SELL,500,102.76,0.0514,1.8e-05,0.0514,EUR,0.92,SETTLED
TXN-202301537,2023-01-25,2023-01-27,CLT-1004,P-111,GOOGL,Alphabet Inc.,Equity,SELL,2500,324.03,0.8101,0.000272,0.8098,USD,1.0,SETTLED
TXN-202103975,2023-01-26,2023-01-27,CLT-1010,P-128,EUR_LIQUIDITY_FUND,EUR Institutional Liquidity Master Fund,Money Market,SELL,500,97.53,0.0488,2.1e-05,0.0488,EUR,0.92,SETTLED
TXN-202402538,2023-01-26,2023-01-27,CLT-1018,P-152,INFRA_GLOBAL_TRUST,Global Infrastructure Core Income Note,Alternatives,BUY,10000,98.0,0.98,0.000328,0.9803,USD,1.0,SETTLED
TXN-202102510,2023-01-26,2023-01-30,CLT-1007,P-119,CORP_HY_USD,US High Yield Corporate Credit Note,Corporate Bonds,FEE,0,0.0,0.0234,0.0234,-0.0234,USD,1.0,SETTLED
TXN-202304412,2023-01-30,2023-02-01,CLT-1002,P-105,MSFT,Microsoft Corp.,Equity,DIVIDEND,0,0.0,0.0971,9.7e-05,0.097,USD,1.0,SETTLED
TXN-202203456,2023-01-30,2023-02-01,CLT-1013,P-137,XOM,Exxon Mobil Corp.,Equity,INTEREST,0,0.0,0.0447,4.5e-05,0.0447,USD,1.0,SETTLED
TXN-202100860,2023-01-30,2023-02-01,CLT-1005,P-113,AAPL,Apple Inc.,Equity,BUY,10000,166.83,1.6683,0.000829,1.6691,USD,1.0,SETTLED
TXN-202200496,2023-01-30,2023-02-01,CLT-1015,P-147,AZN_LN,AstraZeneca PLC,Equity,FEE,0,0.0,0.0178,0.0178,-0.0178,GBP,0.79,SETTLED
TXN-202201411,2023-01-30,2023-01-31,CLT-1015,P-144,PLD_REIT,Prologis Global Logistics REIT,REIT,SELL,1000,101.87,0.1019,2e-05,0.1019,USD,1.0,SETTLED
TXN-202305117,2023-01-30,2023-02-01,CLT-1005,P-114,GOOGL,Alphabet Inc.,Equity,DEPOSIT,0,1.0,1.1399,0.0001,1.1399,USD,1.0,SETTLED
TXN-202303807,2023-01-31,2023-02-02,CLT-1006,P-118,6758_JP,Sony Group Corp.,Equity,SELL,1000,216.55,0.2165,4e-05,0.2165,JPY,152.0,SETTLED
TXN-202303497,2023-02-01,2023-02-02,CLT-1020,P-159,OPERATING_CASH,Operational Custody Cash Balance,Cash,SELL,25000,95.02,2.3755,0.001094,2.3744,USD,1.0,SETTLED
TXN-202104885,2023-02-01,2023-02-03,CLT-1015,P-144,NOVN_SW,Novartis AG,Equity,SELL,5000,154.74,0.7737,0.000345,0.7734,CHF,0.88,SETTLED
TXN-202501174,2023-02-02,2023-02-06,CLT-1022,P-165,SHEL_LN,Shell PLC,Equity,INTEREST,0,0.0,0.1404,0.00014,0.1403,GBP,0.79,SETTLED
TXN-202201776,2023-02-02,2023-02-06,CLT-1011,P-130,RELIANCE_IN,Reliance Industries Ltd.,Equity,DIVIDEND,0,0.0,0.2369,0.000237,0.2367,INR,86.5,SETTLED
TXN-202202526,2023-02-03,2023-02-06,CLT-1017,P-151,USD_TREAS_MMF,Institutional USD Treasury Money Market Fund,Money Market,BUY,1000,96.94,0.0969,2.4e-05,0.0969,USD,1.0,SETTLED
TXN-202300727,2023-02-03,2023-02-06,CLT-1007,P-119,INFRA_GLOBAL_TRUST,Global Infrastructure Core Income Note,Alternatives,DIVIDEND,0,0.0,0.2117,0.000212,0.2115,USD,1.0,SETTLED
TXN-202103895,2023-02-03,2023-02-07,CLT-1003,P-110,CORP_HY_USD,US High Yield Corporate Credit Note,Corporate Bonds,BUY,2500,98.48,0.2462,4.7e-05,0.2462,USD,1.0,SETTLED
TXN-202302357,2023-02-03,2023-02-07,CLT-1010,P-129,AMZN,Amazon.com Inc.,Equity,BUY,2500,158.05,0.3951,0.000119,0.3952,USD,1.0,SETTLED
TXN-202400658,2023-02-06,2023-02-07,CLT-1016,P-148,EUR_LIQUIDITY_FUND,EUR Institutional Liquidity Master Fund,Money Market,DIVIDEND,0,0.0,0.0492,4.9e-05,0.0492,EUR,0.92,SETTLED
TXN-202102265,2023-02-06,2023-02-08,CLT-1003,P-107,AAPL,Apple Inc.,Equity,INTEREST,0,0.0,0.0332,3.3e-05,0.0332,USD,1.0,SETTLED
TXN-202103580,2023-02-06,2023-02-07,CLT-1019,P-158,UK_10Y_GILT,UK Gilt 3.75% 2033,Government Bonds,SELL,1000,102.06,0.1021,2.4e-05,0.1021,GBP,0.79,SETTLED
TXN-202204491,2023-02-06,2023-02-08,CLT-1003,P-107,LT_IN,Larsen & Toubro Ltd.,Equity,WITHDRAWAL,0,1.0,1.5819,0.0001,-1.5819,INR,86.5,SETTLED
TXN-202500314,2023-02-06,2023-02-08,CLT-1001,P-101,6758_JP,Sony Group Corp.,Equity,SELL,500,185.95,0.093,3.6e-05,0.093,JPY,152.0,SETTLED
TXN-202500019,2023-02-06,2023-02-07,CLT-1004,P-111,USD_TREAS_MMF,Institutional USD Treasury Money Market Fund,Money Market,SELL,5000,97.1,0.4855,0.000222,0.4853,USD,1.0,SETTLED
TXN-202404943,2023-02-06,2023-02-07,CLT-1001,P-103,US_10Y_UST,US Treasury 10-Yr Benchmark Note,Government Bonds,BUY,1000,101.8,0.1018,3.8e-05,0.1018,USD,1.0,SETTLED
TXN-202402403,2023-02-06,2023-02-08,CLT-1010,P-126,ASML_NA,ASML Holding NV,Equity,BUY,2500,55.85,0.1396,6e-05,0.1397,EUR,0.92,SETTLED
TXN-202301437,2023-02-06,2023-02-07,CLT-1003,P-108,UK_10Y_GILT,UK Gilt 3.75% 2033,Government Bonds,SELL,50000,97.07,4.8535,0.002228,4.8513,GBP,0.79,SETTLED
TXN-202405053,2023-02-06,2023-02-07,CLT-1019,P-156,INR_OVERNIGHT_CASH,Institutional INR Overnight Liquid Fund,Money Market,BUY,500,102.12,0.0511,2.2e-05,0.0511,INR,86.5,SETTLED
TXN-202200516,2023-02-06,2023-02-07,CLT-1025,P-174,JGB_10Y,Japan Government Bond 10-Yr 0.8%,Government Bonds,BUY,25000,101.77,2.5442,0.001069,2.5453,JPY,152.0,SETTLED
TXN-202201281,2023-02-07,2023-02-08,CLT-1010,P-129,IND_10Y_GSEC,India Sovereign G-Sec 7.18% 2033,Government Bonds,BUY,5000,98.67,0.4934,0.000205,0.4936,INR,86.5,SETTLED
TXN-202300562,2023-02-07,2023-02-09,CLT-1013,P-140,HDFCBANK_IN,HDFC Bank Ltd.,Equity,BUY,5000,73.68,0.3684,0.000139,0.3685,INR,86.5,SETTLED
TXN-202203786,2023-02-07,2023-02-09,CLT-1022,P-165,XOM,Exxon Mobil Corp.,Equity,SELL,10000,86.26,0.8626,0.000359,0.8622,USD,1.0,SETTLED
TXN-202502429,2023-02-07,2023-02-09,CLT-1009,P-124,BHARTIARTL_IN,Bharti Airtel Ltd.,Equity,BUY,500,226.3,0.1132,5.6e-05,0.1133,INR,86.5,SETTLED
TXN-202501164,2023-02-08,2023-02-09,CLT-1013,P-136,OPERATING_CASH,Operational Custody Cash Balance,Cash,DIVIDEND,0,0.0,0.1591,0.000159,0.1589,USD,1.0,SETTLED
TXN-202101380,2023-02-09,2023-02-10,CLT-1010,P-128,JGB_10Y,Japan Government Bond 10-Yr 0.8%,Government Bonds,SELL,10000,98.97,0.9897,0.000427,0.9893,JPY,152.0,SETTLED
TXN-202404883,2023-02-10,2023-02-14,CLT-1001,P-102,7203_JP,Toyota Motor Corp.,Equity,DEPOSIT,0,1.0,0.3802,0.0001,0.3802,JPY,152.0,SETTLED
TXN-202302297,2023-02-10,2023-02-13,CLT-1015,P-147,GER_10Y_BUND,Germany Bund 2.60% 2033,Government Bonds,DIVIDEND,0,0.0,0.0972,9.7e-05,0.0971,EUR,0.92,SETTLED
TXN-202200156,2023-02-10,2023-02-14,CLT-1003,P-110,RELIANCE_IN,Reliance Industries Ltd.,Equity,SELL,50000,200.35,10.0175,0.001856,10.0156,INR,86.5,SETTLED
TXN-202402678,2023-02-13,2023-02-14,CLT-1007,P-119,US_10Y_UST,US Treasury 10-Yr Benchmark Note,Government Bonds,DIVIDEND,0,0.0,0.0156,1.6e-05,0.0156,USD,1.0,SETTLED
TXN-202402078,2023-02-13,2023-02-15,CLT-1018,P-154,AMZN,Amazon.com Inc.,Equity,SELL,500,83.26,0.0416,1.1e-05,0.0416,USD,1.0,SETTLED
TXN-202303017,2023-02-13,2023-02-15,CLT-1012,P-133,MSFT,Microsoft Corp.,Equity,BUY,500,145.9,0.073,3.3e-05,0.073,USD,1.0,SETTLED
TXN-202505089,2023-02-13,2023-02-15,CLT-1002,P-105,ASML_NA,ASML Holding NV,Equity,BUY,2500,140.56,0.3514,7.5e-05,0.3515,EUR,0.92,SETTLED
TXN-202400253,2023-02-13,2023-02-15,CLT-1013,P-138,BHARTIARTL_IN,Bharti Airtel Ltd.,Equity,SELL,5000,213.91,1.0696,0.000341,1.0693,INR,86.5,SETTLED
TXN-202101525,2023-02-13,2023-02-15,CLT-1007,P-119,RELIANCE_IN,Reliance Industries Ltd.,Equity,DIVIDEND,0,0.0,0.0425,4.3e-05,0.0425,INR,86.5,SETTLED
TXN-202304442,2023-02-13,2023-02-15,CLT-1005,P-115,GOOGL,Alphabet Inc.,Equity,DIVIDEND,0,0.0,0.1477,0.000148,0.1476,USD,1.0,SETTLED
TXN-202104190,2023-02-14,2023-02-16,CLT-1018,P-152,AAPL,Apple Inc.,Equity,BUY,5000,81.88,0.4094,0.000118,0.4095,USD,1.0,SETTLED
TXN-202504784,2023-02-14,2023-02-15,CLT-1018,P-152,USD_TREAS_MMF,Institutional USD Treasury Money Market Fund,Money Market,INTEREST,0,0.0,0.175,0.000175,0.1748,USD,1.0,SETTLED
TXN-202400348,2023-02-15,2023-02-17,CLT-1006,P-116,LT_IN,Larsen & Toubro Ltd.,Equity,BUY,1000,347.56,0.3476,0.000122,0.3477,INR,86.5,SETTLED
TXN-202303067,2023-02-15,2023-02-17,CLT-1002,P-105,RELIANCE_IN,Reliance Industries Ltd.,Equity,BUY,5000,237.06,1.1853,0.000302,1.1856,INR,86.5,SETTLED
TXN-202205171,2023-02-15,2023-02-16,CLT-1013,P-140,INFRA_GLOBAL_TRUST,Global Infrastructure Core Income Note,Alternatives,BUY,50000,97.0,4.85,0.002242,4.8522,USD,1.0,SETTLED
TXN-202302112,2023-02-15,2023-02-17,CLT-1005,P-115,INFY_IN,Infosys Ltd.,Equity,DIVIDEND,0,0.0,0.0722,7.2e-05,0.0721,INR,86.5,SETTLED
TXN-202504939,2023-02-16,2023-02-20,CLT-1009,P-124,6758_JP,Sony Group Corp.,Equity,BUY,10000,176.61,1.7661,0.000376,1.7665,JPY,152.0,SETTLED
TXN-202103160,2023-02-16,2023-02-20,CLT-1015,P-145,TCS_IN,Tata Consultancy Services,Equity,FEE,0,0.0,0.0347,0.0347,-0.0347,INR,86.5,SETTLED
TXN-202504429,2023-02-16,2023-02-20,CLT-1001,P-102,XOM,Exxon Mobil Corp.,Equity,SELL,5000,277.62,1.3881,0.000608,1.3875,USD,1.0,SETTLED
TXN-202104865,2023-02-17,2023-02-21,CLT-1015,P-147,HDFCBANK_IN,HDFC Bank Ltd.,Equity,SELL,500,288.81,0.1444,6.2e-05,0.1443,INR,86.5,SETTLED
TXN-202401283,2023-02-17,2023-02-20,CLT-1014,P-141,IND_10Y_GSEC,India Sovereign G-Sec 7.18% 2033,Government Bonds,BUY,1000,97.29,0.0973,3e-05,0.0973,INR,86.5,SETTLED
TXN-202102415,2023-02-20,2023-02-21,CLT-1001,P-102,USD_TREAS_MMF,Institutional USD Treasury Money Market Fund,Money Market,SELL,10000,100.65,1.0065,0.000379,1.0061,USD,1.0,SETTLED
TXN-202500574,2023-02-20,2023-02-22,CLT-1021,P-161,INFY_IN,Infosys Ltd.,Equity,BUY,50000,46.19,2.3095,0.000903,2.3104,INR,86.5,SETTLED
TXN-202400233,2023-02-20,2023-02-22,CLT-1011,P-131,CORP_IG_EUR,Euro High Grade Corporate Bond Note,Corporate Bonds,SELL,10000,100.26,1.0026,0.000214,1.0024,EUR,0.92,SETTLED
TXN-202501169,2023-02-20,2023-02-22,CLT-1006,P-117,TCS_IN,Tata Consultancy Services,Equity,INTEREST,0,0.0,0.196,0.000196,0.1958,INR,86.5,SETTLED
TXN-202201081,2023-02-20,2023-02-22,CLT-1003,P-109,AAPL,Apple Inc.,Equity,INTEREST,0,0.0,0.2043,0.000204,0.2041,USD,1.0,SETTLED
TXN-202203696,2023-02-20,2023-02-22,CLT-1021,P-161,7203_JP,Toyota Motor Corp.,Equity,BUY,1000,157.78,0.1578,4.1e-05,0.1578,JPY,152.0,SETTLED
TXN-202101850,2023-02-20,2023-02-22,CLT-1009,P-123,7203_JP,Toyota Motor Corp.,Equity,BUY,50000,206.97,10.3485,0.00224,10.3507,JPY,152.0,SETTLED
TXN-202100510,2023-02-20,2023-02-22,CLT-1021,P-161,7203_JP,Toyota Motor Corp.,Equity,BUY,1000,69.72,0.0697,1.9e-05,0.0697,JPY,152.0,SETTLED
TXN-202200426,2023-02-20,2023-02-21,CLT-1003,P-107,IND_10Y_GSEC,India Sovereign G-Sec 7.18% 2033,Government Bonds,SELL,1000,96.65,0.0966,2.7e-05,0.0966,INR,86.5,SETTLED
TXN-202500044,2023-02-20,2023-02-22,CLT-1005,P-115,CORP_IG_EUR,Euro High Grade Corporate Bond Note,Corporate Bonds,BUY,500,97.8,0.0489,2.1e-05,0.0489,EUR,0.92,SETTLED
TXN-202502844,2023-02-20,2023-02-22,CLT-1006,P-116,XOM,Exxon Mobil Corp.,Equity,FEE,0,0.0,0.0292,0.0292,-0.0292,USD,1.0,SETTLED
TXN-202501129,2023-02-20,2023-02-21,CLT-1025,P-173,INFRA_GLOBAL_TRUST,Global Infrastructure Core Income Note,Alternatives,BUY,5000,95.73,0.4787,0.00018,0.4789,USD,1.0,SETTLED
TXN-202401988,2023-02-20,2023-02-22,CLT-1005,P-113,INFY_IN,Infosys Ltd.,Equity,BUY,25000,209.9,5.2475,0.00208,5.2496,INR,86.5,SETTLED
TXN-202200731,2023-02-20,2023-02-21,CLT-1001,P-103,JGB_10Y,Japan Government Bond 10-Yr 0.8%,Government Bonds,SELL,5000,95.72,0.4786,0.000114,0.4785,JPY,152.0,SETTLED
TXN-202502584,2023-02-20,2023-02-22,CLT-1015,P-145,AZN_LN,AstraZeneca PLC,Equity,SELL,500,103.86,0.0519,2e-05,0.0519,GBP,0.79,SETTLED
TXN-202502424,2023-02-21,2023-02-23,CLT-1019,P-157,MSFT,Microsoft Corp.,Equity,SELL,2500,152.67,0.3817,8.5e-05,0.3816,USD,1.0,SETTLED
TXN-202501299,2023-02-21,2023-02-23,CLT-1024,P-172,GOOGL,Alphabet Inc.,Equity,SELL,50000,347.65,17.3825,0.004674,17.3778,USD,1.0,SETTLED
TXN-202501424,2023-02-21,2023-02-23,CLT-1003,P-107,JPM,JPMorgan Chase & Co.,Equity,BUY,25000,245.43,6.1357,0.001967,6.1377,USD,1.0,SETTLED
TXN-202300532,2023-02-21,2023-02-23,CLT-1010,P-127,XOM,Exxon Mobil Corp.,Equity,FEE,0,0.0,0.042,0.042,-0.042,USD,1.0,FAILED
TXN-202301627,2023-02-22,2023-02-24,CLT-1002,P-105,UNH,UnitedHealth Group,Equity,BUY,10000,246.9,2.469,0.000647,2.4696,USD,1.0,SETTLED
TXN-202103545,2023-02-22,2023-02-24,CLT-1016,P-148,SHEL_LN,Shell PLC,Equity,BUY,5000,95.78,0.4789,7.4e-05,0.479,GBP,0.79,SETTLED
TXN-202501114,2023-02-22,2023-02-24,CLT-1024,P-172,UNH,UnitedHealth Group,Equity,DIVIDEND,0,0.0,0.1116,0.000112,0.1115,USD,1.0,SETTLED
TXN-202401803,2023-02-22,2023-02-23,CLT-1001,P-101,UK_10Y_GILT,UK Gilt 3.75% 2033,Government Bonds,SELL,500,102.45,0.0512,1e-05,0.0512,GBP,0.79,SETTLED
TXN-202502174,2023-02-23,2023-02-27,CLT-1001,P-102,NVDA,NVIDIA Corp.,Equity,SELL,500,131.16,0.0656,3.3e-05,0.0656,USD,1.0,SETTLED
TXN-202105020,2023-02-23,2023-02-24,CLT-1013,P-137,UK_10Y_GILT,UK Gilt 3.75% 2033,Government Bonds,SELL,50000,102.54,5.127,0.00163,5.1254,GBP,0.79,SETTLED
TXN-202503329,2023-02-24,2023-02-28,CLT-1007,P-120,INFY_IN,Infosys Ltd.,Equity,INTEREST,0,0.0,0.2438,0.000244,0.2436,INR,86.5,SETTLED
TXN-202503824,2023-02-24,2023-02-27,CLT-1006,P-117,EUR_LIQUIDITY_FUND,EUR Institutional Liquidity Master Fund,Money Market,BUY,500,102.64,0.0513,8e-06,0.0513,EUR,0.92,SETTLED
TXN-202201706,2023-02-27,2023-03-01,CLT-1017,P-149,CORP_IG_USD,US Investment Grade Corporate Bond Fund,Corporate Bonds,SELL,2500,98.19,0.2455,7.7e-05,0.2454,USD,1.0,SETTLED
TXN-202300217,2023-02-27,2023-03-01,CLT-1014,P-141,HDFCBANK_IN,HDFC Bank Ltd.,Equity,DIVIDEND,0,0.0,0.0249,2.5e-05,0.0249,INR,86.5,SETTLED
TXN-202303957,2023-02-27,2023-03-01,CLT-1008,P-122,GOOGL,Alphabet Inc.,Equity,BUY,50000,237.06,11.853,0.005598,11.8586,USD,1.0,SETTLED
TXN-202104960,2023-02-27,2023-03-01,CLT-1013,P-139,LT_IN,Larsen & Toubro Ltd.,Equity,BUY,2500,92.11,0.2303,7.7e-05,0.2304,INR,86.5,SETTLED
TXN-202501909,2023-02-27,2023-03-01,CLT-1009,P-125,NVDA,NVIDIA Corp.,Equity,DEPOSIT,0,1.0,2.1966,0.0001,2.1966,USD,1.0,SETTLED
TXN-202302077,2023-02-27,2023-03-01,CLT-1009,P-124,ICICIBANK_IN,ICICI Bank Ltd.,Equity,BUY,5000,156.9,0.7845,0.000244,0.7847,INR,86.5,SETTLED
TXN-202504059,2023-02-28,2023-03-02,CLT-1017,P-151,NOVN_SW,Novartis AG,Equity,BUY,5000,94.31,0.4716,8.3e-05,0.4717,CHF,0.88,SETTLED
TXN-202503594,2023-02-28,2023-03-02,CLT-1017,P-150,7203_JP,Toyota Motor Corp.,Equity,FEE,0,0.0,0.0383,0.0383,-0.0383,JPY,152.0,SETTLED
TXN-202503394,2023-02-28,2023-03-02,CLT-1012,P-134,SHEL_LN,Shell PLC,Equity,INTEREST,0,0.0,0.2435,0.000244,0.2433,GBP,0.79,SETTLED
TXN-202300447,2023-02-28,2023-03-02,CLT-1003,P-107,TCS_IN,Tata Consultancy Services,Equity,DIVIDEND,0,0.0,0.0184,1.8e-05,0.0184,INR,86.5,SETTLED
TXN-202403618,2023-02-28,2023-03-02,CLT-1002,P-104,RELIANCE_IN,Reliance Industries Ltd.,Equity,BUY,10000,324.8,3.248,0.000712,3.2487,INR,86.5,SETTLED
TXN-202401228,2023-02-28,2023-03-02,CLT-1009,P-124,UNH,UnitedHealth Group,Equity,DIVIDEND,0,0.0,0.1423,0.000142,0.1422,USD,1.0,SETTLED
TXN-202503739,2023-03-01,2023-03-02,CLT-1025,P-173,US_5Y_UST,US Treasury 5-Yr Benchmark Note,Government Bonds,SELL,50000,102.41,5.1205,0.001383,5.1191,USD,1.0,SETTLED
TXN-202501579,2023-03-02,2023-03-06,CLT-1017,P-149,CORP_HY_USD,US High Yield Corporate Credit Note,Corporate Bonds,BUY,10000,96.49,0.9649,0.000262,0.9652,USD,1.0,SETTLED
TXN-202304147,2023-03-02,2023-03-06,CLT-1013,P-138,LT_IN,Larsen & Toubro Ltd.,Equity,DEPOSIT,0,1.0,1.1836,0.0001,1.1836,INR,86.5,SETTLED
TXN-202400553,2023-03-02,2023-03-03,CLT-1013,P-137,US_5Y_UST,US Treasury 5-Yr Benchmark Note,Government Bonds,SELL,5000,102.28,0.5114,0.000119,0.5113,USD,1.0,SETTLED
TXN-202304297,2023-03-03,2023-03-07,CLT-1025,P-174,CORP_IG_USD,US Investment Grade Corporate Bond Fund,Corporate Bonds,BUY,1000,101.22,0.1012,3.9e-05,0.1012,USD,1.0,SETTLED
TXN-202501854,2023-03-03,2023-03-07,CLT-1017,P-149,ASML_NA,ASML Holding NV,Equity,TRANSFER,0,1.0,2.389,0.0001,-2.389,EUR,0.92,SETTLED
TXN-202200121,2023-03-03,2023-03-07,CLT-1018,P-155,UNH,UnitedHealth Group,Equity,SELL,2500,325.26,0.8132,0.000292,0.8129,USD,1.0,SETTLED
TXN-202204151,2023-03-06,2023-03-08,CLT-1003,P-106,INFY_IN,Infosys Ltd.,Equity,BUY,25000,162.18,4.0545,0.001874,4.0564,INR,86.5,SETTLED
TXN-202402978,2023-03-06,2023-03-08,CLT-1008,P-121,ICICIBANK_IN,ICICI Bank Ltd.,Equity,BUY,25000,260.6,6.515,0.00171,6.5167,INR,86.5,PENDING
TXN-202105115,2023-03-06,2023-03-08,CLT-1024,P-172,AZN_LN,AstraZeneca PLC,Equity,SELL,500,158.29,0.0791,1.8e-05,0.0791,GBP,0.79,SETTLED
TXN-202504799,2023-03-06,2023-03-07,CLT-1006,P-118,INFRA_GLOBAL_TRUST,Global Infrastructure Core Income Note,Alternatives,BUY,10000,97.2,0.972,0.000392,0.9724,USD,1.0,SETTLED
TXN-202200321,2023-03-06,2023-03-07,CLT-1021,P-162,UK_10Y_GILT,UK Gilt 3.75% 2033,Government Bonds,BUY,1000,96.31,0.0963,3.7e-05,0.0963,GBP,0.79,SETTLED
TXN-202402713,2023-03-06,2023-03-07,CLT-1025,P-174,USD_TREAS_MMF,Institutional USD Treasury Money Market Fund,Money Market,BUY,2500,97.15,0.2429,0.000121,0.243,USD,1.0,PENDING
TXN-202503729,2023-03-06,2023-03-08,CLT-1005,P-114,ASML_NA,ASML Holding NV,Equity,SELL,25000,49.42,1.2355,0.000473,1.235,EUR,0.92,SETTLED
TXN-202100495,2023-03-06,2023-03-07,CLT-1012,P-134,US_10Y_UST,US Treasury 10-Yr Benchmark Note,Government Bonds,DIVIDEND,0,0.0,0.2038,0.000204,0.2036,USD,1.0,SETTLED
TXN-202401838,2023-03-06,2023-03-07,CLT-1021,P-161,GLD_ETF,SPDR Gold Shares Institutional Trust,ETF,DIVIDEND,0,0.0,0.1125,0.000113,0.1124,USD,1.0,SETTLED
TXN-202103490,2023-03-07,2023-03-08,CLT-1017,P-150,INR_OVERNIGHT_CASH,Institutional INR Overnight Liquid Fund,Money Market,SELL,500,102.67,0.0513,1e-05,0.0513,INR,86.5,SETTLED
TXN-202401958,2023-03-07,2023-03-09,CLT-1006,P-116,ICICIBANK_IN,ICICI Bank Ltd.,Equity,SELL,2500,261.18,0.653,0.000211,0.6528,INR,86.5,SETTLED
TXN-202101175,2023-03-07,2023-03-08,CLT-1003,P-108,EUR_LIQUIDITY_FUND,EUR Institutional Liquidity Master Fund,Money Market,BUY,500,95.87,0.0479,1.7e-05,0.0479,EUR,0.92,SETTLED
TXN-202101810,2023-03-08,2023-03-10,CLT-1015,P-145,SAP_GY,SAP SE,Equity,BUY,500,323.77,0.1619,3.5e-05,0.1619,EUR,0.92,SETTLED
TXN-202401013,2023-03-08,2023-03-10,CLT-1008,P-122,INFY_IN,Infosys Ltd.,Equity,DEPOSIT,0,1.0,1.532,0.0001,1.532,INR,86.5,SETTLED
TXN-202502449,2023-03-08,2023-03-10,CLT-1010,P-129,ICICIBANK_IN,ICICI Bank Ltd.,Equity,INTEREST,0,0.0,0.1141,0.000114,0.114,INR,86.5,SETTLED
TXN-202504164,2023-03-08,2023-03-10,CLT-1021,P-163,SAP_GY,SAP SE,Equity,SELL,2500,345.89,0.8647,0.000394,0.8643,EUR,0.92,SETTLED
TXN-202103770,2023-03-08,2023-03-09,CLT-1015,P-145,USD_TREAS_MMF,Institutional USD Treasury Money Market Fund,Money Market,BUY,50000,98.58,4.929,0.001419,4.9304,USD,1.0,SETTLED
TXN-202300917,2023-03-09,2023-03-10,CLT-1005,P-113,USD_TREAS_MMF,Institutional USD Treasury Money Market Fund,Money Market,SELL,50000,98.26,4.913,0.001687,4.9113,USD,1.0,SETTLED
TXN-202304767,2023-03-09,2023-03-10,CLT-1013,P-137,GER_10Y_BUND,Germany Bund 2.60% 2033,Government Bonds,INTEREST,0,0.0,0.0849,8.5e-05,0.0848,EUR,0.92,SETTLED
TXN-202500904,2023-03-10,2023-03-13,CLT-1008,P-121,US_10Y_UST,US Treasury 10-Yr Benchmark Note,Government Bonds,BUY,50000,97.32,4.866,0.002218,4.8682,USD,1.0,SETTLED
TXN-202105090,2023-03-10,2023-03-14,CLT-1022,P-164,HDFCBANK_IN,HDFC Bank Ltd.,Equity,SELL,500,345.69,0.1728,7.5e-05,0.1727,INR,86.5,SETTLED
TXN-202100605,2023-03-13,2023-03-15,CLT-1021,P-161,7203_JP,Toyota Motor Corp.,Equity,BUY,1000,46.72,0.0467,1.3e-05,0.0467,JPY,152.0,SETTLED
TXN-202502839,2023-03-13,2023-03-15,CLT-1014,P-142,SAP_GY,SAP SE,Equity,INTEREST,0,0.0,0.0861,8.6e-05,0.086,EUR,0.92,SETTLED
TXN-202303672,2023-03-13,2023-03-15,CLT-1006,P-118,ASML_NA,ASML Holding NV,Equity,BUY,50000,134.76,6.738,0.001462,6.7395,EUR,0.92,SETTLED
TXN-202100965,2023-03-13,2023-03-14,CLT-1008,P-121,JGB_10Y,Japan Government Bond 10-Yr 0.8%,Government Bonds,BUY,1000,100.81,0.1008,4.2e-05,0.1008,JPY,152.0,SETTLED
TXN-202100050,2023-03-13,2023-03-15,CLT-1009,P-123,DBS_SP,DBS Group Holdings,Equity,SELL,10000,89.12,0.8912,0.000206,0.891,SGD,1.34,SETTLED
TXN-202200251,2023-03-13,2023-03-15,CLT-1009,P-125,NOVN_SW,Novartis AG,Equity,INTEREST,0,0.0,0.1994,0.000199,0.1992,CHF,0.88,SETTLED
TXN-202303597,2023-03-13,2023-03-15,CLT-1009,P-125,AMZN,Amazon.com Inc.,Equity,BUY,2500,236.05,0.5901,0.000241,0.5903,USD,1.0,SETTLED
TXN-202304492,2023-03-13,2023-03-15,CLT-1024,P-172,INFY_IN,Infosys Ltd.,Equity,FEE,0,0.0,0.0095,0.0095,-0.0095,INR,86.5,SETTLED
TXN-202303757,2023-03-13,2023-03-14,CLT-1018,P-153,IND_10Y_GSEC,India Sovereign G-Sec 7.18% 2033,Government Bonds,SELL,1000,98.56,0.0986,3.2e-05,0.0986,INR,86.5,SETTLED
TXN-202104810,2023-03-13,2023-03-15,CLT-1006,P-118,SHEL_LN,Shell PLC,Equity,BUY,5000,241.25,1.2063,0.000493,1.2068,GBP,0.79,SETTLED
TXN-202102935,2023-03-13,2023-03-15,CLT-1012,P-134,AAPL,Apple Inc.,Equity,SELL,500,252.59,0.1263,3.2e-05,0.1263,USD,1.0,SETTLED
TXN-202101010,2023-03-13,2023-03-15,CLT-1010,P-129,ICICIBANK_IN,ICICI Bank Ltd.,Equity,INTEREST,0,0.0,0.1434,0.000143,0.1433,INR,86.5,SETTLED
TXN-202503714,2023-03-13,2023-03-15,CLT-1013,P-139,RELIANCE_IN,Reliance Industries Ltd.,Equity,SELL,25000,248.19,6.2047,0.001722,6.203,INR,86.5,SETTLED
TXN-202300897,2023-03-14,2023-03-16,CLT-1012,P-133,XOM,Exxon Mobil Corp.,Equity,INTEREST,0,0.0,0.2242,0.000224,0.224,USD,1.0,SETTLED
TXN-202102700,2023-03-15,2023-03-17,CLT-1012,P-133,BHARTIARTL_IN,Bharti Airtel Ltd.,Equity,SELL,50000,236.72,11.836,0.004076,11.8319,INR,86.5,SETTLED
TXN-202302517,2023-03-15,2023-03-17,CLT-1019,P-157,NVDA,NVIDIA Corp.,Equity,SELL,10000,230.42,2.3042,0.001079,2.3031,USD,1.0,SETTLED
TXN-202503844,2023-03-15,2023-03-17,CLT-1012,P-135,LT_IN,Larsen & Toubro Ltd.,Equity,BUY,50000,89.71,4.4855,0.001894,4.4874,INR,86.5,SETTLED
TXN-202102210,2023-03-15,2023-03-16,CLT-1009,P-124,INFRA_GLOBAL_TRUST,Global Infrastructure Core Income Note,Alternatives,FEE,0,0.0,0.0086,0.0086,-0.0086,USD,1.0,SETTLED
TXN-202201271,2023-03-16,2023-03-20,CLT-1013,P-137,LT_IN,Larsen & Toubro Ltd.,Equity,TRANSFER,0,1.0,3.4005,0.0001,-3.4005,INR,86.5,SETTLED
TXN-202302792,2023-03-17,2023-03-20,CLT-1013,P-140,PLD_REIT,Prologis Global Logistics REIT,REIT,BUY,10000,96.25,0.9625,0.000418,0.9629,USD,1.0,SETTLED
TXN-202401008,2023-03-17,2023-03-21,CLT-1020,P-159,ICICIBANK_IN,ICICI Bank Ltd.,Equity,SELL,1000,149.44,0.1494,6.5e-05,0.1493,INR,86.5,SETTLED
TXN-202400713,2023-03-17,2023-03-21,CLT-1001,P-101,SHEL_LN,Shell PLC,Equity,BUY,5000,180.98,0.9049,0.00045,0.9053,GBP,0.79,SETTLED
TXN-202101735,2023-03-17,2023-03-21,CLT-1011,P-130,7203_JP,Toyota Motor Corp.,Equity,BUY,50000,154.86,7.743,0.001799,7.7448,JPY,152.0,FAILED
TXN-202300317,2023-03-20,2023-03-22,CLT-1023,P-169,CORP_HY_USD,US High Yield Corporate Credit Note,Corporate Bonds,BUY,25000,100.92,2.523,0.000896,2.5239,USD,1.0,SETTLED
TXN-202104610,2023-03-20,2023-03-21,CLT-1022,P-164,INFRA_GLOBAL_TRUST,Global Infrastructure Core Income Note,Alternatives,DIVIDEND,0,0.0,0.188,0.000188,0.1878,USD,1.0,SETTLED
TXN-202404303,2023-03-20,2023-03-21,CLT-1001,P-103,EUR_LIQUIDITY_FUND,EUR Institutional Liquidity Master Fund,Money Market,DIVIDEND,0,0.0,0.12,0.00012,0.1199,EUR,0.92,SETTLED
TXN-202104020,2023-03-20,2023-03-21,CLT-1013,P-138,GER_10Y_BUND,Germany Bund 2.60% 2033,Government Bonds,WITHDRAWAL,0,1.0,1.0297,0.0001,-1.0297,EUR,0.92,SETTLED
TXN-202201916,2023-03-20,2023-03-22,CLT-1008,P-121,NVDA,NVIDIA Corp.,Equity,DIVIDEND,0,0.0,0.0711,7.1e-05,0.071,USD,1.0,SETTLED
TXN-202103765,2023-03-21,2023-03-23,CLT-1019,P-156,HDFCBANK_IN,HDFC Bank Ltd.,Equity,SELL,5000,129.81,0.6491,0.000118,0.649,INR,86.5,SETTLED
TXN-202501404,2023-03-22,2023-03-23,CLT-1025,P-173,PLD_REIT,Prologis Global Logistics REIT,REIT,FEE,0,0.0,0.0148,0.0148,-0.0148,USD,1.0,SETTLED
TXN-202201156,2023-03-22,2023-03-23,CLT-1024,P-171,USD_TREAS_MMF,Institutional USD Treasury Money Market Fund,Money Market,SELL,5000,99.54,0.4977,0.000195,0.4975,USD,1.0,SETTLED
TXN-202503529,2023-03-22,2023-03-23,CLT-1012,P-134,INR_OVERNIGHT_CASH,Institutional INR Overnight Liquid Fund,Money Market,SELL,50000,97.67,4.8835,0.00232,4.8812,INR,86.5,SETTLED
TXN-202301482,2023-03-23,2023-03-27,CLT-1009,P-125,AAPL,Apple Inc.,Equity,INTEREST,0,0.0,0.0906,9.1e-05,0.0905,USD,1.0,SETTLED
TXN-202104310,2023-03-23,2023-03-24,CLT-1023,P-169,USD_TREAS_MMF,Institutional USD Treasury Money Market Fund,Money Market,SELL,50000,97.38,4.869,0.002113,4.8669,USD,1.0,PENDING
TXN-202302862,2023-03-23,2023-03-27,CLT-1002,P-105,SAP_GY,SAP SE,Equity,SELL,500,59.04,0.0295,9e-06,0.0295,EUR,0.92,SETTLED
TXN-202203151,2023-03-23,2023-03-27,CLT-1025,P-173,ICICIBANK_IN,ICICI Bank Ltd.,Equity,INTEREST,0,0.0,0.0492,4.9e-05,0.0492,INR,86.5,SETTLED
TXN-202203141,2023-03-24,2023-03-28,CLT-1017,P-151,AZN_LN,AstraZeneca PLC,Equity,SELL,50000,261.87,13.0935,0.006486,13.087,GBP,0.79,SETTLED
TXN-202504264,2023-03-24,2023-03-28,CLT-1013,P-136,AMZN,Amazon.com Inc.,Equity,SELL,2500,86.1,0.2152,8.5e-05,0.2151,USD,1.0,SETTLED
TXN-202500489,2023-03-24,2023-03-28,CLT-1006,P-118,UNH,UnitedHealth Group,Equity,FEE,0,0.0,0.0388,0.0388,-0.0388,USD,1.0,SETTLED
TXN-202303337,2023-03-24,2023-03-27,CLT-1021,P-161,US_5Y_UST,US Treasury 5-Yr Benchmark Note,Government Bonds,SELL,25000,95.35,2.3838,0.000465,2.3833,USD,1.0,SETTLED
TXN-202302652,2023-03-27,2023-03-28,CLT-1007,P-120,US_10Y_UST,US Treasury 10-Yr Benchmark Note,Government Bonds,BUY,10000,101.48,1.0148,0.000236,1.015,USD,1.0,SETTLED
TXN-202301312,2023-03-27,2023-03-29,CLT-1005,P-113,BHARTIARTL_IN,Bharti Airtel Ltd.,Equity,SELL,1000,278.05,0.2781,0.000108,0.278,INR,86.5,SETTLED
TXN-202504554,2023-03-27,2023-03-28,CLT-1024,P-172,JGB_10Y,Japan Government Bond 10-Yr 0.8%,Government Bonds,SELL,2500,100.15,0.2504,0.000102,0.2503,JPY,152.0,SETTLED
TXN-202503464,2023-03-27,2023-03-29,CLT-1015,P-147,AMZN,Amazon.com Inc.,Equity,BUY,2500,293.28,0.7332,0.000353,0.7336,USD,1.0,SETTLED
TXN-202202336,2023-03-27,2023-03-29,CLT-1004,P-111,DBS_SP,DBS Group Holdings,Equity,TRANSFER,0,1.0,0.7577,0.0001,-0.7577,SGD,1.34,SETTLED
TXN-202300637,2023-03-27,2023-03-29,CLT-1010,P-128,AAPL,Apple Inc.,Equity,BUY,25000,270.72,6.768,0.001682,6.7697,USD,1.0,SETTLED
TXN-202101550,2023-03-27,2023-03-29,CLT-1003,P-109,BHARTIARTL_IN,Bharti Airtel Ltd.,Equity,WITHDRAWAL,0,1.0,0.8927,0.0001,-0.8927,INR,86.5,SETTLED
TXN-202500789,2023-03-27,2023-03-29,CLT-1014,P-142,DBS_SP,DBS Group Holdings,Equity,SELL,25000,339.68,8.492,0.002529,8.4895,SGD,1.34,SETTLED
TXN-202204496,2023-03-27,2023-03-29,CLT-1003,P-106,TCS_IN,Tata Consultancy Services,Equity,SELL,25000,330.08,8.252,0.00266,8.2493,INR,86.5,SETTLED
TXN-202302687,2023-03-27,2023-03-28,CLT-1024,P-170,IND_10Y_GSEC,India Sovereign G-Sec 7.18% 2033,Government Bonds,BUY,5000,102.64,0.5132,0.00016,0.5134,INR,86.5,SETTLED
TXN-202202201,2023-03-28,2023-03-29,CLT-1008,P-121,IND_10Y_GSEC,India Sovereign G-Sec 7.18% 2033,Government Bonds,SELL,2500,97.15,0.2429,7.6e-05,0.2428,INR,86.5,SETTLED
TXN-202300957,2023-03-28,2023-03-29,CLT-1024,P-170,PLD_REIT,Prologis Global Logistics REIT,REIT,BUY,50000,101.19,5.0595,0.002264,5.0618,USD,1.0,SETTLED
TXN-202302002,2023-03-28,2023-03-30,CLT-1014,P-142,6758_JP,Sony Group Corp.,Equity,BUY,5000,149.14,0.7457,0.000371,0.7461,JPY,152.0,SETTLED
TXN-202501004,2023-03-28,2023-03-30,CLT-1009,P-124,AZN_LN,AstraZeneca PLC,Equity,SELL,2500,56.08,0.1402,3.4e-05,0.1402,GBP,0.79,PENDING
TXN-202101500,2023-03-29,2023-03-31,CLT-1023,P-169,INFY_IN,Infosys Ltd.,Equity,SELL,10000,309.66,3.0966,0.001087,3.0955,INR,86.5,SETTLED
TXN-202100750,2023-03-29,2023-03-30,CLT-1020,P-160,US_10Y_UST,US Treasury 10-Yr Benchmark Note,Government Bonds,DIVIDEND,0,0.0,0.2224,0.000222,0.2222,USD,1.0,SETTLED
TXN-202402533,2023-03-29,2023-03-31,CLT-1014,P-141,JPM,JPMorgan Chase & Co.,Equity,WITHDRAWAL,0,1.0,2.0071,0.0001,-2.0071,USD,1.0,SETTLED
TXN-202201926,2023-03-29,2023-03-31,CLT-1011,P-131,XOM,Exxon Mobil Corp.,Equity,BUY,500,224.14,0.1121,3.3e-05,0.1121,USD,1.0,SETTLED
TXN-202403418,2023-03-29,2023-03-30,CLT-1005,P-113,GLD_ETF,SPDR Gold Shares Institutional Trust,ETF,INTEREST,0,0.0,0.0408,4.1e-05,0.0408,USD,1.0,SETTLED
TXN-202303927,2023-03-29,2023-03-31,CLT-1002,P-104,NVDA,NVIDIA Corp.,Equity,BUY,10000,87.52,0.8752,0.00016,0.8754,USD,1.0,SETTLED
TXN-202403093,2023-03-30,2023-03-31,CLT-1020,P-159,IND_10Y_GSEC,India Sovereign G-Sec 7.18% 2033,Government Bonds,BUY,50000,101.29,5.0645,0.002308,5.0668,INR,86.5,SETTLED
TXN-202500604,2023-03-30,2023-04-03,CLT-1015,P-147,TCS_IN,Tata Consultancy Services,Equity,BUY,1000,223.81,0.2238,4.8e-05,0.2238,INR,86.5,SETTLED
TXN-202303582,2023-03-30,2023-04-03,CLT-1025,P-174,BHARTIARTL_IN,Bharti Airtel Ltd.,Equity,DIVIDEND,0,0.0,0.1969,0.000197,0.1967,INR,86.5,SETTLED
TXN-202202616,2023-03-31,2023-04-04,CLT-1021,P-163,6758_JP,Sony Group Corp.,Equity,BUY,2500,120.98,0.3024,8.9e-05,0.3025,JPY,152.0,PENDING
TXN-202402863,2023-03-31,2023-04-03,CLT-1020,P-160,OPERATING_CASH,Operational Custody Cash Balance,Cash,SELL,5000,101.2,0.506,0.000189,0.5058,USD,1.0,SETTLED
TXN-202303007,2023-03-31,2023-04-03,CLT-1009,P-125,INR_OVERNIGHT_CASH,Institutional INR Overnight Liquid Fund,Money Market,BUY,50000,100.55,5.0275,0.002061,5.0296,INR,86.5,SETTLED
TXN-202202281,2023-03-31,2023-04-04,CLT-1007,P-119,CORP_IG_EUR,Euro High Grade Corporate Bond Note,Corporate Bonds,BUY,2500,99.48,0.2487,4.3e-05,0.2487,EUR,0.92,SETTLED
TXN-202101935,2023-04-03,2023-04-05,CLT-1003,P-107,GOOGL,Alphabet Inc.,Equity,BUY,5000,113.32,0.5666,0.000164,0.5668,USD,1.0,SETTLED
TXN-202502464,2023-04-03,2023-04-05,CLT-1022,P-166,LT_IN,Larsen & Toubro Ltd.,Equity,BUY,1000,338.53,0.3385,0.000107,0.3386,INR,86.5,SETTLED
TXN-202402433,2023-04-03,2023-04-05,CLT-1011,P-130,JPM,JPMorgan Chase & Co.,Equity,SELL,50000,146.8,7.34,0.003607,7.3364,USD,1.0,SETTLED
TXN-202104320,2023-04-03,2023-04-04,CLT-1010,P-126,PLD_REIT,Prologis Global Logistics REIT,REIT,SELL,5000,102.07,0.5103,0.00014,0.5102,USD,1.0,SETTLED
TXN-202401773,2023-04-03,2023-04-05,CLT-1010,P-126,CORP_IG_USD,US Investment Grade Corporate Bond Fund,Corporate Bonds,BUY,2500,99.7,0.2492,6.2e-05,0.2493,USD,1.0,SETTLED
TXN-202200971,2023-04-03,2023-04-05,CLT-1005,P-114,JPM,JPMorgan Chase & Co.,Equity,SELL,5000,43.3,0.2165,9.7e-05,0.2164,USD,1.0,SETTLED
TXN-202500324,2023-04-03,2023-04-05,CLT-1018,P-155,NOVN_SW,Novartis AG,Equity,DIVIDEND,0,0.0,0.1149,0.000115,0.1148,CHF,0.88,SETTLED
TXN-202301842,2023-04-03,2023-04-04,CLT-1019,P-157,IND_10Y_GSEC,India Sovereign G-Sec 7.18% 2033,Government Bonds,BUY,1000,96.49,0.0965,1.7e-05,0.0965,INR,86.5,SETTLED
TXN-202403518,2023-04-03,2023-04-05,CLT-1005,P-112,6758_JP,Sony Group Corp.,Equity,FEE,0,0.0,0.0186,0.0186,-0.0186,JPY,152.0,PENDING
TXN-202301732,2023-04-03,2023-04-05,CLT-1021,P-161,RELIANCE_IN,Reliance Industries Ltd.,Equity,SELL,2500,227.16,0.5679,0.000128,0.5678,INR,86.5,SETTLED
TXN-202401473,2023-04-03,2023-04-04,CLT-1013,P-137,IND_10Y_GSEC,India Sovereign G-Sec 7.18% 2033,Government Bonds,TRANSFER,0,1.0,2.6715,0.0001,-2.6715,INR,86.5,SETTLED
TXN-202204706,2023-04-03,2023-04-04,CLT-1012,P-134,US_5Y_UST,US Treasury 5-Yr Benchmark Note,Government Bonds,DIVIDEND,0,0.0,0.1538,0.000154,0.1536,USD,1.0,SETTLED
TXN-202500999,2023-04-03,2023-04-05,CLT-1019,P-158,ICICIBANK_IN,ICICI Bank Ltd.,Equity,SELL,10000,278.42,2.7842,0.001058,2.7831,INR,86.5,PENDING
TXN-202101895,2023-04-04,2023-04-06,CLT-1023,P-169,AAPL,Apple Inc.,Equity,BUY,500,186.9,0.0935,2.6e-05,0.0935,USD,1.0,SETTLED
TXN-202105055,2023-04-04,2023-04-06,CLT-1009,P-124,INFY_IN,Infosys Ltd.,Equity,SELL,5000,60.34,0.3017,6.7e-05,0.3016,INR,86.5,SETTLED
TXN-202400558,2023-04-04,2023-04-06,CLT-1006,P-117,6758_JP,Sony Group Corp.,Equity,INTEREST,0,0.0,0.0639,6.4e-05,0.0638,JPY,152.0,SETTLED
TXN-202204131,2023-04-05,2023-04-07,CLT-1009,P-125,AAPL,Apple Inc.,Equity,SELL,50000,238.35,11.9175,0.005142,11.9124,USD,1.0,SETTLED
TXN-202404448,2023-04-05,2023-04-07,CLT-1022,P-165,TCS_IN,Tata Consultancy Services,Equity,SELL,50000,308.75,15.4375,0.006566,15.4309,INR,86.5,SETTLED
TXN-202403613,2023-04-05,2023-04-07,CLT-1023,P-169,AZN_LN,AstraZeneca PLC,Equity,DIVIDEND,0,0.0,0.0831,8.3e-05,0.083,GBP,0.79,SETTLED
TXN-202301367,2023-04-05,2023-04-06,CLT-1021,P-162,JGB_10Y,Japan Government Bond 10-Yr 0.8%,Government Bonds,BUY,50000,97.1,4.855,0.000975,4.856,JPY,152.0,SETTLED
TXN-202201886,2023-04-05,2023-04-07,CLT-1001,P-102,AMZN,Amazon.com Inc.,Equity,BUY,2500,132.22,0.3306,0.000125,0.3307,USD,1.0,SETTLED
TXN-202504479,2023-04-05,2023-04-07,CLT-1013,P-136,AAPL,Apple Inc.,Equity,SELL,1000,117.35,0.1173,2.3e-05,0.1173,USD,1.0,SETTLED
TXN-202300077,2023-04-05,2023-04-06,CLT-1002,P-105,INR_OVERNIGHT_CASH,Institutional INR Overnight Liquid Fund,Money Market,FEE,0,0.0,0.0066,0.0066,-0.0066,INR,86.5,SETTLED
TXN-202500129,2023-04-06,2023-04-07,CLT-1001,P-101,INR_OVERNIGHT_CASH,Institutional INR Overnight Liquid Fund,Money Market,SELL,5000,101.71,0.5085,9.1e-05,0.5084,INR,86.5,SETTLED
TXN-202400258,2023-04-06,2023-04-07,CLT-1021,P-161,GLD_ETF,SPDR Gold Shares Institutional Trust,ETF,SELL,50000,96.86,4.843,0.002027,4.841,USD,1.0,SETTLED
TXN-202402608,2023-04-06,2023-04-07,CLT-1019,P-157,GER_10Y_BUND,Germany Bund 2.60% 2033,Government Bonds,SELL,1000,102.48,0.1025,1.6e-05,0.1025,EUR,0.92,SETTLED
TXN-202204901,2023-04-06,2023-04-07,CLT-1023,P-168,EUR_LIQUIDITY_FUND,EUR Institutional Liquidity Master Fund,Money Market,DIVIDEND,0,0.0,0.1763,0.000176,0.1761,EUR,0.92,SETTLED
TXN-202500344,2023-04-06,2023-04-07,CLT-1002,P-105,GLD_ETF,SPDR Gold Shares Institutional Trust,ETF,SELL,500,100.05,0.05,1.7e-05,0.05,USD,1.0,SETTLED
TXN-202300892,2023-04-10,2023-04-12,CLT-1017,P-149,AZN_LN,AstraZeneca PLC,Equity,SELL,5000,86.27,0.4314,0.000105,0.4313,GBP,0.79,SETTLED
TXN-202101715,2023-04-10,2023-04-12,CLT-1012,P-132,7203_JP,Toyota Motor Corp.,Equity,BUY,1000,136.06,0.1361,2.5e-05,0.1361,JPY,152.0,FAILED
TXN-202101045,2023-04-10,2023-04-12,CLT-1023,P-167,CORP_IG_USD,US Investment Grade Corporate Bond Fund,Corporate Bonds,DIVIDEND,0,0.0,0.0566,5.7e-05,0.0565,USD,1.0,SETTLED
TXN-202401213,2023-04-10,2023-04-12,CLT-1009,P-124,ASML_NA,ASML Holding NV,Equity,BUY,2500,335.27,0.8382,0.000298,0.8385,EUR,0.92,SETTLED
TXN-202500099,2023-04-10,2023-04-12,CLT-1017,P-151,BHARTIARTL_IN,Bharti Airtel Ltd.,Equity,SELL,25000,295.46,7.3865,0.002896,7.3836,INR,86.5,SETTLED
TXN-202202121,2023-04-10,2023-04-11,CLT-1016,P-148,JGB_10Y,Japan Government Bond 10-Yr 0.8%,Government Bonds,BUY,50000,102.94,5.147,0.00126,5.1483,JPY,152.0,SETTLED
TXN-202102150,2023-04-10,2023-04-12,CLT-1024,P-170,AMZN,Amazon.com Inc.,Equity,WITHDRAWAL,0,1.0,3.0914,0.0001,-3.0914,USD,1.0,SETTLED
TXN-202101870,2023-04-10,2023-04-11,CLT-1003,P-108,US_5Y_UST,US Treasury 5-Yr Benchmark Note,Government Bonds,BUY,25000,101.09,2.5272,0.00038,2.5276,USD,1.0,SETTLED
TXN-202203266,2023-04-11,2023-04-13,CLT-1014,P-143,XOM,Exxon Mobil Corp.,Equity,BUY,1000,294.28,0.2943,0.000115,0.2944,USD,1.0,SETTLED
TXN-202502269,2023-04-11,2023-04-13,CLT-1017,P-150,7203_JP,Toyota Motor Corp.,Equity,FEE,0,0.0,0.008,0.008,-0.008,JPY,152.0,SETTLED
TXN-202503199,2023-04-12,2023-04-13,CLT-1021,P-162,PLD_REIT,Prologis Global Logistics REIT,REIT,SELL,500,99.92,0.05,1.9e-05,0.05,USD,1.0,SETTLED
TXN-202501384,2023-04-12,2023-04-13,CLT-1002,P-105,INR_OVERNIGHT_CASH,Institutional INR Overnight Liquid Fund,Money Market,SELL,5000,96.72,0.4836,0.0001,0.4835,INR,86.5,SETTLED
TXN-202405138,2023-04-13,2023-04-14,CLT-1019,P-157,INR_OVERNIGHT_CASH,Institutional INR Overnight Liquid Fund,Money Market,DIVIDEND,0,0.0,0.1116,0.000112,0.1115,INR,86.5,SETTLED
TXN-202100260,2023-04-13,2023-04-17,CLT-1001,P-101,LT_IN,Larsen & Toubro Ltd.,Equity,BUY,50000,214.35,10.7175,0.003441,10.7209,INR,86.5,SETTLED
TXN-202504444,2023-04-13,2023-04-17,CLT-1023,P-169,UNH,UnitedHealth Group,Equity,FEE,0,0.0,0.0139,0.0139,-0.0139,USD,1.0,PENDING
TXN-202104825,2023-04-14,2023-04-18,CLT-1012,P-135,CORP_IG_USD,US Investment Grade Corporate Bond Fund,Corporate Bonds,BUY,5000,102.27,0.5113,0.000123,0.5114,USD,1.0,SETTLED
TXN-202402228,2023-04-14,2023-04-18,CLT-1003,P-110,GOOGL,Alphabet Inc.,Equity,DIVIDEND,0,0.0,0.0516,5.2e-05,0.0515,USD,1.0,SETTLED
TXN-202500584,2023-04-14,2023-04-18,CLT-1015,P-144,6758_JP,Sony Group Corp.,Equity,BUY,25000,121.09,3.0272,0.000658,3.0279,JPY,152.0,SETTLED
TXN-202301617,2023-04-17,2023-04-19,CLT-1005,P-115,XOM,Exxon Mobil Corp.,Equity,WITHDRAWAL,0,1.0,2.0793,0.0001,-2.0793,USD,1.0,SETTLED
TXN-202301277,2023-04-17,2023-04-18,CLT-1021,P-163,GLD_ETF,SPDR Gold Shares Institutional Trust,ETF,SELL,500,100.15,0.0501,1.4e-05,0.0501,USD,1.0,SETTLED
TXN-202500984,2023-04-17,2023-04-18,CLT-1002,P-104,GLD_ETF,SPDR Gold Shares Institutional Trust,ETF,BUY,50000,98.6,4.93,0.002014,4.932,USD,1.0,SETTLED
TXN-202303777,2023-04-17,2023-04-19,CLT-1003,P-106,LT_IN,Larsen & Toubro Ltd.,Equity,SELL,500,102.68,0.0513,2.4e-05,0.0513,INR,86.5,SETTLED
TXN-202203871,2023-04-17,2023-04-19,CLT-1022,P-165,6758_JP,Sony Group Corp.,Equity,BUY,25000,45.08,1.127,0.000298,1.1273,JPY,152.0,SETTLED
TXN-202303857,2023-04-17,2023-04-19,CLT-1014,P-142,AAPL,Apple Inc.,Equity,DIVIDEND,0,0.0,0.0248,2.5e-05,0.0248,USD,1.0,SETTLED
TXN-202502939,2023-04-17,2023-04-18,CLT-1025,P-174,UK_10Y_GILT,UK Gilt 3.75% 2033,Government Bonds,DEPOSIT,0,1.0,0.5258,0.0001,0.5258,GBP,0.79,SETTLED
TXN-202402123,2023-04-17,2023-04-18,CLT-1006,P-117,GLD_ETF,SPDR Gold Shares Institutional Trust,ETF,DIVIDEND,0,0.0,0.1446,0.000145,0.1445,USD,1.0,SETTLED
TXN-202402363,2023-04-17,2023-04-19,CLT-1024,P-172,SHEL_LN,Shell PLC,Equity,BUY,2500,115.6,0.289,0.000142,0.2891,GBP,0.79,SETTLED
TXN-202100925,2023-04-17,2023-04-19,CLT-1009,P-125,INFY_IN,Infosys Ltd.,Equity,BUY,1000,228.04,0.228,7.5e-05,0.2281,INR,86.5,SETTLED
TXN-202101585,2023-04-19,2023-04-20,CLT-1012,P-134,US_10Y_UST,US Treasury 10-Yr Benchmark Note,Government Bonds,BUY,500,95.3,0.0476,1.8e-05,0.0476,USD,1.0,SETTLED
TXN-202504074,2023-04-19,2023-04-21,CLT-1017,P-151,AZN_LN,AstraZeneca PLC,Equity,BUY,10000,206.18,2.0618,0.000625,2.0624,GBP,0.79,SETTLED
TXN-202202441,2023-04-19,2023-04-21,CLT-1014,P-143,6758_JP,Sony Group Corp.,Equity,WITHDRAWAL,0,1.0,1.9054,0.0001,-1.9054,JPY,152.0,SETTLED
TXN-202302482,2023-04-20,2023-04-24,CLT-1009,P-125,NOVN_SW,Novartis AG,Equity,BUY,25000,200.39,5.0098,0.001811,5.0116,CHF,0.88,SETTLED
TXN-202504484,2023-04-21,2023-04-25,CLT-1009,P-123,NOVN_SW,Novartis AG,Equity,INTEREST,0,0.0,0.2178,0.000218,0.2176,CHF,0.88,SETTLED
TXN-202104225,2023-04-21,2023-04-25,CLT-1003,P-106,XOM,Exxon Mobil Corp.,Equity,BUY,500,265.24,0.1326,3.4e-05,0.1326,USD,1.0,SETTLED
TXN-202101165,2023-04-21,2023-04-24,CLT-1003,P-107,GER_10Y_BUND,Germany Bund 2.60% 2033,Government Bonds,BUY,2500,96.29,0.2407,0.000105,0.2408,EUR,0.92,SETTLED
TXN-202100895,2023-04-21,2023-04-25,CLT-1024,P-172,6758_JP,Sony Group Corp.,Equity,SELL,50000,349.61,17.4805,0.007348,17.4732,JPY,152.0,SETTLED
TXN-202403048,2023-04-24,2023-04-26,CLT-1006,P-116,LT_IN,Larsen & Toubro Ltd.,Equity,SELL,500,293.81,0.1469,4.5e-05,0.1469,INR,86.5,SETTLED
TXN-202300042,2023-04-24,2023-04-25,CLT-1005,P-114,EUR_LIQUIDITY_FUND,EUR Institutional Liquidity Master Fund,Money Market,SELL,500,100.07,0.05,1.6e-05,0.05,EUR,0.92,SETTLED
TXN-202301052,2023-04-24,2023-04-25,CLT-1008,P-122,GER_10Y_BUND,Germany Bund 2.60% 2033,Government Bonds,TRANSFER,0,1.0,2.838,0.0001,-2.838,EUR,0.92,SETTLED
TXN-202203906,2023-04-24,2023-04-26,CLT-1006,P-118,AAPL,Apple Inc.,Equity,TRANSFER,0,1.0,0.7924,0.0001,-0.7924,USD,1.0,SETTLED
TXN-202304822,2023-04-24,2023-04-25,CLT-1017,P-151,IND_10Y_GSEC,India Sovereign G-Sec 7.18% 2033,Government Bonds,BUY,10000,102.09,1.0209,0.00017,1.0211,INR,86.5,SETTLED
TXN-202502529,2023-04-24,2023-04-26,CLT-1019,P-156,AAPL,Apple Inc.,Equity,WITHDRAWAL,0,1.0,3.0436,0.0001,-3.0436,USD,1.0,SETTLED
TXN-202403658,2023-04-24,2023-04-26,CLT-1015,P-147,NVDA,NVIDIA Corp.,Equity,BUY,50000,46.45,2.3225,0.001034,2.3235,USD,1.0,FAILED
TXN-202501879,2023-04-24,2023-04-26,CLT-1025,P-173,AAPL,Apple Inc.,Equity,SELL,5000,169.26,0.8463,0.000148,0.8462,USD,1.0,SETTLED
TXN-202104815,2023-04-25,2023-04-27,CLT-1013,P-137,NVDA,NVIDIA Corp.,Equity,INTEREST,0,0.0,0.1526,0.000153,0.1524,USD,1.0,SETTLED
TXN-202204811,2023-04-25,2023-04-27,CLT-1019,P-156,GOOGL,Alphabet Inc.,Equity,WITHDRAWAL,0,1.0,0.948,0.0001,-0.948,USD,1.0,SETTLED
TXN-202304897,2023-04-25,2023-04-26,CLT-1019,P-157,US_5Y_UST,US Treasury 5-Yr Benchmark Note,Government Bonds,BUY,25000,95.39,2.3847,0.000743,2.3854,USD,1.0,SETTLED
TXN-202304337,2023-04-25,2023-04-27,CLT-1022,P-164,ASML_NA,ASML Holding NV,Equity,INTEREST,0,0.0,0.1265,0.000127,0.1264,EUR,0.92,SETTLED
TXN-202503314,2023-04-26,2023-04-28,CLT-1021,P-162,XOM,Exxon Mobil Corp.,Equity,SELL,5000,154.57,0.7729,0.000159,0.7727,USD,1.0,SETTLED
TXN-202304037,2023-04-27,2023-05-01,CLT-1005,P-115,AMZN,Amazon.com Inc.,Equity,INTEREST,0,0.0,0.0665,6.7e-05,0.0664,USD,1.0,SETTLED
TXN-202504054,2023-04-27,2023-04-28,CLT-1004,P-111,USD_TREAS_MMF,Institutional USD Treasury Money Market Fund,Money Market,BUY,25000,101.02,2.5255,0.00039,2.5259,USD,1.0,SETTLED
TXN-202404038,2023-05-01,2023-05-03,CLT-1009,P-125,SHEL_LN,Shell PLC,Equity,BUY,2500,328.64,0.8216,0.00027,0.8219,GBP,0.79,SETTLED
TXN-202401828,2023-05-01,2023-05-02,CLT-1020,P-160,US_5Y_UST,US Treasury 5-Yr Benchmark Note,Government Bonds,BUY,50000,96.87,4.8435,0.001665,4.8452,USD,1.0,SETTLED
TXN-202103290,2023-05-01,2023-05-03,CLT-1006,P-117,BHARTIARTL_IN,Bharti Airtel Ltd.,Equity,DIVIDEND,0,0.0,0.2305,0.000231,0.2303,INR,86.5,SETTLED
TXN-202303187,2023-05-01,2023-05-03,CLT-1014,P-142,CORP_IG_USD,US Investment Grade Corporate Bond Fund,Corporate Bonds,BUY,25000,98.78,2.4695,0.001086,2.4706,USD,1.0,SETTLED
TXN-202104060,2023-05-01,2023-05-03,CLT-1014,P-142,ASML_NA,ASML Holding NV,Equity,SELL,2500,43.15,0.1079,2.4e-05,0.1079,EUR,0.92,SETTLED
TXN-202404793,2023-05-01,2023-05-02,CLT-1013,P-139,INFRA_GLOBAL_TRUST,Global Infrastructure Core Income Note,Alternatives,BUY,10000,98.81,0.9881,0.000385,0.9885,USD,1.0,SETTLED
TXN-202104275,2023-05-01,2023-05-03,CLT-1025,P-173,MSFT,Microsoft Corp.,Equity,BUY,1000,337.85,0.3378,6e-05,0.3379,USD,1.0,SETTLED
TXN-202104160,2023-05-01,2023-05-03,CLT-1003,P-106,GOOGL,Alphabet Inc.,Equity,DIVIDEND,0,0.0,0.0579,5.8e-05,0.0578,USD,1.0,SETTLED
TXN-202303587,2023-05-02,2023-05-04,CLT-1005,P-115,HDFCBANK_IN,HDFC Bank Ltd.,Equity,BUY,50000,302.73,15.1365,0.005596,15.1421,INR,86.5,SETTLED
TXN-202301422,2023-05-02,2023-05-03,CLT-1022,P-165,IND_10Y_GSEC,India Sovereign G-Sec 7.18% 2033,Government Bonds,DIVIDEND,0,0.0,0.1986,0.000199,0.1984,INR,86.5,SETTLED
TXN-202200751,2023-05-02,2023-05-04,CLT-1003,P-107,HDFCBANK_IN,HDFC Bank Ltd.,Equity,BUY,25000,326.05,8.1512,0.002065,8.1533,INR,86.5,SETTLED
TXN-202203061,2023-05-02,2023-05-03,CLT-1001,P-101,INFRA_GLOBAL_TRUST,Global Infrastructure Core Income Note,Alternatives,SELL,5000,96.46,0.4823,0.000149,0.4822,USD,1.0,SETTLED
TXN-202503009,2023-05-02,2023-05-03,CLT-1018,P-154,PLD_REIT,Prologis Global Logistics REIT,REIT,BUY,2500,96.1,0.2402,0.00011,0.2403,USD,1.0,SETTLED
TXN-202205081,2023-05-02,2023-05-04,CLT-1009,P-125,7203_JP,Toyota Motor Corp.,Equity,SELL,25000,60.54,1.5135,0.000354,1.5131,JPY,152.0,SETTLED
TXN-202200631,2023-05-03,2023-05-04,CLT-1017,P-151,OPERATING_CASH,Operational Custody Cash Balance,Cash,SELL,50000,95.72,4.786,0.001065,4.7849,USD,1.0,SETTLED
TXN-202304222,2023-05-03,2023-05-05,CLT-1010,P-127,DBS_SP,DBS Group Holdings,Equity,BUY,2500,215.3,0.5383,0.000264,0.5386,SGD,1.34,PENDING
TXN-202400163,2023-05-03,2023-05-05,CLT-1004,P-111,CORP_IG_EUR,Euro High Grade Corporate Bond Note,Corporate Bonds,FEE,0,0.0,0.0429,0.0429,-0.0429,EUR,0.92,SETTLED
TXN-202301987,2023-05-04,2023-05-08,CLT-1019,P-156,RELIANCE_IN,Reliance Industries Ltd.,Equity,BUY,1000,271.04,0.271,0.000133,0.2711,INR,86.5,SETTLED
TXN-202502624,2023-05-04,2023-05-05,CLT-1012,P-134,INFRA_GLOBAL_TRUST,Global Infrastructure Core Income Note,Alternatives,BUY,2500,98.18,0.2455,9.2e-05,0.2456,USD,1.0,SETTLED
TXN-202102000,2023-05-05,2023-05-09,CLT-1004,P-111,RELIANCE_IN,Reliance Industries Ltd.,Equity,SELL,500,70.68,0.0353,9e-06,0.0353,INR,86.5,SETTLED
TXN-202304517,2023-05-05,2023-05-08,CLT-1010,P-129,US_10Y_UST,US Treasury 10-Yr Benchmark Note,Government Bonds,BUY,500,98.77,0.0494,1.5e-05,0.0494,USD,1.0,SETTLED
TXN-202405068,2023-05-05,2023-05-09,CLT-1021,P-162,TCS_IN,Tata Consultancy Services,Equity,SELL,10000,198.33,1.9833,0.000466,1.9828,INR,86.5,SETTLED
TXN-202504704,2023-05-05,2023-05-09,CLT-1003,P-107,SHEL_LN,Shell PLC,Equity,INTEREST,0,0.0,0.2295,0.00023,0.2293,GBP,0.79,SETTLED
TXN-202204281,2023-05-05,2023-05-09,CLT-1015,P-146,XOM,Exxon Mobil Corp.,Equity,SELL,50000,170.07,8.5035,0.00233,8.5012,USD,1.0,SETTLED
TXN-202400798,2023-05-05,2023-05-08,CLT-1020,P-160,INFRA_GLOBAL_TRUST,Global Infrastructure Core Income Note,Alternatives,FEE,0,0.0,0.0279,0.0279,-0.0279,USD,1.0,SETTLED
TXN-202501469,2023-05-05,2023-05-08,CLT-1023,P-169,IND_10Y_GSEC,India Sovereign G-Sec 7.18% 2033,Government Bonds,SELL,2500,102.15,0.2554,4.8e-05,0.2554,INR,86.5,SETTLED
TXN-202300362,2023-05-05,2023-05-08,CLT-1012,P-134,EUR_LIQUIDITY_FUND,EUR Institutional Liquidity Master Fund,Money Market,FEE,0,0.0,0.0098,0.0098,-0.0098,EUR,0.92,SETTLED
TXN-202505049,2023-05-08,2023-05-10,CLT-1013,P-140,ICICIBANK_IN,ICICI Bank Ltd.,Equity,SELL,500,242.09,0.121,5.1e-05,0.1209,INR,86.5,SETTLED
TXN-202305107,2023-05-08,2023-05-10,CLT-1001,P-103,AZN_LN,AstraZeneca PLC,Equity,BUY,50000,202.72,10.136,0.002079,10.1381,GBP,0.79,SETTLED
TXN-202404893,2023-05-08,2023-05-10,CLT-1007,P-120,GOOGL,Alphabet Inc.,Equity,SELL,10000,288.96,2.8896,0.000816,2.8888,USD,1.0,SETTLED
TXN-202202816,2023-05-08,2023-05-09,CLT-1019,P-158,OPERATING_CASH,Operational Custody Cash Balance,Cash,BUY,2500,101.1,0.2527,0.000117,0.2528,USD,1.0,SETTLED
TXN-202101310,2023-05-08,2023-05-09,CLT-1014,P-143,UK_10Y_GILT,UK Gilt 3.75% 2033,Government Bonds,FEE,0,0.0,0.0151,0.0151,-0.0151,GBP,0.79,SETTLED
TXN-202103845,2023-05-08,2023-05-10,CLT-1005,P-112,INFY_IN,Infosys Ltd.,Equity,BUY,25000,275.65,6.8912,0.003261,6.8945,INR,86.5,FAILED
TXN-202101760,2023-05-08,2023-05-09,CLT-1022,P-164,UK_10Y_GILT,UK Gilt 3.75% 2033,Government Bonds,WITHDRAWAL,0,1.0,2.9934,0.0001,-2.9934,GBP,0.79,PENDING
TXN-202200206,2023-05-08,2023-05-10,CLT-1011,P-130,RELIANCE_IN,Reliance Industries Ltd.,Equity,SELL,10000,115.93,1.1593,0.000543,1.1588,INR,86.5,SETTLED
TXN-202202766,2023-05-09,2023-05-11,CLT-1015,P-146,CORP_IG_EUR,Euro High Grade Corporate Bond Note,Corporate Bonds,SELL,5000,96.02,0.4801,0.00022,0.4799,EUR,0.92,SETTLED
TXN-202102895,2023-05-09,2023-05-11,CLT-1003,P-109,RELIANCE_IN,Reliance Industries Ltd.,Equity,SELL,500,279.35,0.1397,4.7e-05,0.1397,INR,86.5,SETTLED
TXN-202301667,2023-05-09,2023-05-11,CLT-1010,P-129,NOVN_SW,Novartis AG,Equity,INTEREST,0,0.0,0.105,0.000105,0.1049,CHF,0.88,SETTLED
TXN-202400288,2023-05-10,2023-05-12,CLT-1006,P-116,GOOGL,Alphabet Inc.,Equity,BUY,2500,70.22,0.1756,6e-05,0.1757,USD,1.0,SETTLED
TXN-202301757,2023-05-10,2023-05-12,CLT-1019,P-158,7203_JP,Toyota Motor Corp.,Equity,SELL,50000,93.21,4.6605,0.002107,4.6584,JPY,152.0,SETTLED
TXN-202204001,2023-05-10,2023-05-12,CLT-1019,P-156,TCS_IN,Tata Consultancy Services,Equity,BUY,25000,44.93,1.1233,0.000406,1.1237,INR,86.5,SETTLED
TXN-202403943,2023-05-10,2023-05-12,CLT-1009,P-124,ICICIBANK_IN,ICICI Bank Ltd.,Equity,FEE,0,0.0,0.0196,0.0196,-0.0196,INR,86.5,PENDING
TXN-202405078,2023-05-10,2023-05-11,CLT-1006,P-117,JGB_10Y,Japan Government Bond 10-Yr 0.8%,Government Bonds,BUY,2500,99.03,0.2476,7.2e-05,0.2477,JPY,152.0,SETTLED
TXN-202404013,2023-05-11,2023-05-15,CLT-1013,P-137,AZN_LN,AstraZeneca PLC,Equity,SELL,25000,346.51,8.6628,0.003303,8.6595,GBP,0.79,SETTLED
TXN-202403473,2023-05-11,2023-05-12,CLT-1002,P-105,INR_OVERNIGHT_CASH,Institutional INR Overnight Liquid Fund,Money Market,SELL,10000,99.37,0.9937,0.000374,0.9933,INR,86.5,PENDING
TXN-202301407,2023-05-11,2023-05-15,CLT-1006,P-117,CORP_IG_EUR,Euro High Grade Corporate Bond Note,Corporate Bonds,SELL,25000,102.48,2.562,0.001271,2.5607,EUR,0.92,SETTLED
TXN-202404483,2023-05-11,2023-05-12,CLT-1009,P-124,US_5Y_UST,US Treasury 5-Yr Benchmark Note,Government Bonds,BUY,2500,95.48,0.2387,6.9e-05,0.2388,USD,1.0,SETTLED
TXN-202302317,2023-05-12,2023-05-16,CLT-1010,P-128,ICICIBANK_IN,ICICI Bank Ltd.,Equity,SELL,50000,43.99,2.1995,0.001028,2.1985,INR,86.5,SETTLED
TXN-202304372,2023-05-12,2023-05-16,CLT-1021,P-163,SHEL_LN,Shell PLC,Equity,SELL,2500,194.86,0.4872,8.7e-05,0.4871,GBP,0.79,SETTLED
TXN-202503149,2023-05-12,2023-05-16,CLT-1002,P-104,NOVN_SW,Novartis AG,Equity,DEPOSIT,0,1.0,1.914,0.0001,1.914,CHF,0.88,SETTLED
TXN-202302247,2023-05-15,2023-05-16,CLT-1006,P-117,UK_10Y_GILT,UK Gilt 3.75% 2033,Government Bonds,DIVIDEND,0,0.0,0.1821,0.000182,0.1819,GBP,0.79,SETTLED
TXN-202304617,2023-05-15,2023-05-17,CLT-1003,P-108,ICICIBANK_IN,ICICI Bank Ltd.,Equity,BUY,10000,52.25,0.5225,0.000164,0.5227,INR,86.5,SETTLED
TXN-202503299,2023-05-15,2023-05-16,CLT-1001,P-101,IND_10Y_GSEC,India Sovereign G-Sec 7.18% 2033,Government Bonds,SELL,50000,97.19,4.8595,0.000904,4.8586,INR,86.5,SETTLED
TXN-202403153,2023-05-15,2023-05-17,CLT-1013,P-136,CORP_IG_EUR,Euro High Grade Corporate Bond Note,Corporate Bonds,SELL,25000,97.13,2.4282,0.000698,2.4275,EUR,0.92,SETTLED
TXN-202100470,2023-05-15,2023-05-17,CLT-1003,P-108,ASML_NA,ASML Holding NV,Equity,SELL,50000,264.46,13.223,0.00326,13.2197,EUR,0.92,SETTLED
TXN-202104985,2023-05-15,2023-05-17,CLT-1006,P-117,AMZN,Amazon.com Inc.,Equity,BUY,500,136.82,0.0684,3e-05,0.0684,USD,1.0,SETTLED
TXN-202200446,2023-05-15,2023-05-16,CLT-1016,P-148,PLD_REIT,Prologis Global Logistics REIT,REIT,SELL,25000,102.48,2.562,0.000415,2.5616,USD,1.0,SETTLED
TXN-202305072,2023-05-15,2023-05-17,CLT-1023,P-167,AZN_LN,AstraZeneca PLC,Equity,DIVIDEND,0,0.0,0.2374,0.000237,0.2372,GBP,0.79,SETTLED
TXN-202303852,2023-05-15,2023-05-17,CLT-1010,P-128,SAP_GY,SAP SE,Equity,BUY,50000,157.35,7.8675,0.002966,7.8705,EUR,0.92,SETTLED
TXN-202201211,2023-05-15,2023-05-17,CLT-1024,P-171,ICICIBANK_IN,ICICI Bank Ltd.,Equity,SELL,2500,135.89,0.3397,0.000154,0.3395,INR,86.5,SETTLED
TXN-202400623,2023-05-15,2023-05-17,CLT-1004,P-111,HDFCBANK_IN,HDFC Bank Ltd.,Equity,BUY,5000,234.03,1.1702,0.000403,1.1706,INR,86.5,SETTLED
TXN-202304917,2023-05-16,2023-05-18,CLT-1023,P-167,SAP_GY,SAP SE,Equity,BUY,2500,306.64,0.7666,0.00023,0.7668,EUR,0.92,SETTLED
TXN-202100535,2023-05-16,2023-05-18,CLT-1025,P-174,NOVN_SW,Novartis AG,Equity,DIVIDEND,0,0.0,0.0631,6.3e-05,0.063,CHF,0.88,SETTLED
TXN-202404033,2023-05-17,2023-05-18,CLT-1017,P-151,USD_TREAS_MMF,Institutional USD Treasury Money Market Fund,Money Market,SELL,500,97.78,0.0489,2e-05,0.0489,USD,1.0,SETTLED
TXN-202403433,2023-05-17,2023-05-18,CLT-1003,P-107,US_10Y_UST,US Treasury 10-Yr Benchmark Note,Government Bonds,BUY,1000,96.65,0.0966,4.5e-05,0.0966,USD,1.0,SETTLED
TXN-202302382,2023-05-17,2023-05-19,CLT-1008,P-122,SHEL_LN,Shell PLC,Equity,DIVIDEND,0,0.0,0.2225,0.000223,0.2223,GBP,0.79,SETTLED
TXN-202404028,2023-05-18,2023-05-22,CLT-1003,P-106,UNH,UnitedHealth Group,Equity,SELL,5000,70.3,0.3515,0.000134,0.3514,USD,1.0,PENDING
TXN-202402383,2023-05-19,2023-05-22,CLT-1002,P-104,INR_OVERNIGHT_CASH,Institutional INR Overnight Liquid Fund,Money Market,SELL,500,99.09,0.0495,2.1e-05,0.0495,INR,86.5,SETTLED
TXN-202500459,2023-05-19,2023-05-22,CLT-1010,P-126,IND_10Y_GSEC,India Sovereign G-Sec 7.18% 2033,Government Bonds,BUY,2500,98.12,0.2453,8.2e-05,0.2454,INR,86.5,SETTLED
TXN-202300002,2023-05-19,2023-05-23,CLT-1009,P-125,UNH,UnitedHealth Group,Equity,BUY,500,152.44,0.0762,3.2e-05,0.0762,USD,1.0,SETTLED
TXN-202403393,2023-05-19,2023-05-23,CLT-1015,P-145,SHEL_LN,Shell PLC,Equity,SELL,25000,143.78,3.5945,0.001098,3.5934,GBP,0.79,SETTLED
TXN-202302097,2023-05-22,2023-05-24,CLT-1005,P-113,GOOGL,Alphabet Inc.,Equity,SELL,25000,203.78,5.0945,0.001431,5.0931,USD,1.0,SETTLED
TXN-202304677,2023-05-22,2023-05-24,CLT-1019,P-157,HDFCBANK_IN,HDFC Bank Ltd.,Equity,SELL,2500,307.19,0.768,0.000291,0.7677,INR,86.5,SETTLED
TXN-202203026,2023-05-22,2023-05-23,CLT-1024,P-171,JGB_10Y,Japan Government Bond 10-Yr 0.8%,Government Bonds,SELL,10000,98.03,0.9803,0.000387,0.9799,JPY,152.0,SETTLED
TXN-202402153,2023-05-22,2023-05-23,CLT-1003,P-108,GLD_ETF,SPDR Gold Shares Institutional Trust,ETF,SELL,25000,95.77,2.3942,0.001061,2.3931,USD,1.0,SETTLED
TXN-202302917,2023-05-22,2023-05-23,CLT-1007,P-119,IND_10Y_GSEC,India Sovereign G-Sec 7.18% 2033,Government Bonds,DEPOSIT,0,1.0,3.3609,0.0001,3.3609,INR,86.5,SETTLED
TXN-202301197,2023-05-22,2023-05-24,CLT-1023,P-168,HDFCBANK_IN,HDFC Bank Ltd.,Equity,SELL,50000,254.09,12.7045,0.002177,12.7023,INR,86.5,SETTLED
TXN-202401353,2023-05-22,2023-05-24,CLT-1002,P-104,BHARTIARTL_IN,Bharti Airtel Ltd.,Equity,SELL,10000,254.61,2.5461,0.000492,2.5456,INR,86.5,SETTLED
TXN-202302907,2023-05-23,2023-05-24,CLT-1012,P-133,INR_OVERNIGHT_CASH,Institutional INR Overnight Liquid Fund,Money Market,BUY,500,97.56,0.0488,1.6e-05,0.0488,INR,86.5,SETTLED
TXN-202203781,2023-05-23,2023-05-25,CLT-1003,P-106,ASML_NA,ASML Holding NV,Equity,BUY,5000,70.79,0.354,8.8e-05,0.3541,EUR,0.92,SETTLED
TXN-202301662,2023-05-24,2023-05-26,CLT-1018,P-153,JPM,JPMorgan Chase & Co.,Equity,BUY,1000,214.08,0.2141,7.1e-05,0.2142,USD,1.0,SETTLED
TXN-202400683,2023-05-24,2023-05-26,CLT-1005,P-115,AMZN,Amazon.com Inc.,Equity,SELL,1000,189.47,0.1895,4.5e-05,0.1895,USD,1.0,SETTLED
TXN-202501699,2023-05-24,2023-05-25,CLT-1002,P-104,USD_TREAS_MMF,Institutional USD Treasury Money Market Fund,Money Market,SELL,500,101.23,0.0506,1.6e-05,0.0506,USD,1.0,SETTLED
TXN-202501544,2023-05-25,2023-05-26,CLT-1002,P-105,USD_TREAS_MMF,Institutional USD Treasury Money Market Fund,Money Market,SELL,10000,102.12,1.0212,0.000443,1.0208,USD,1.0,SETTLED
TXN-202502599,2023-05-25,2023-05-26,CLT-1023,P-169,GER_10Y_BUND,Germany Bund 2.60% 2033,Government Bonds,DIVIDEND,0,0.0,0.129,0.000129,0.1289,EUR,0.92,SETTLED
TXN-202403423,2023-05-26,2023-05-30,CLT-1012,P-135,NVDA,NVIDIA Corp.,Equity,BUY,5000,203.59,1.0179,0.000424,1.0183,USD,1.0,SETTLED
TXN-202301937,2023-05-29,2023-05-30,CLT-1012,P-135,EUR_LIQUIDITY_FUND,EUR Institutional Liquidity Master Fund,Money Market,INTEREST,0,0.0,0.1531,0.000153,0.1529,EUR,0.92,FAILED
TXN-202405158,2023-05-29,2023-05-30,CLT-1016,P-148,US_10Y_UST,US Treasury 10-Yr Benchmark Note,Government Bonds,DIVIDEND,0,0.0,0.0811,8.1e-05,0.081,USD,1.0,SETTLED
TXN-202503429,2023-05-29,2023-05-31,CLT-1022,P-164,DBS_SP,DBS Group Holdings,Equity,DIVIDEND,0,0.0,0.1903,0.00019,0.1901,SGD,1.34,SETTLED
TXN-202205206,2023-05-29,2023-05-30,CLT-1014,P-143,US_10Y_UST,US Treasury 10-Yr Benchmark Note,Government Bonds,SELL,5000,101.05,0.5052,0.000155,0.505,USD,1.0,PENDING
TXN-202504719,2023-05-29,2023-05-31,CLT-1023,P-169,SHEL_LN,Shell PLC,Equity,BUY,1000,172.04,0.172,6.1e-05,0.1721,GBP,0.79,SETTLED
TXN-202102360,2023-05-29,2023-05-31,CLT-1008,P-121,CORP_HY_USD,US High Yield Corporate Credit Note,Corporate Bonds,INTEREST,0,0.0,0.0657,6.6e-05,0.0656,USD,1.0,SETTLED
TXN-202102115,2023-05-30,2023-06-01,CLT-1009,P-125,GOOGL,Alphabet Inc.,Equity,BUY,25000,291.17,7.2793,0.003514,7.2828,USD,1.0,SETTLED
TXN-202501254,2023-05-30,2023-05-31,CLT-1019,P-158,OPERATING_CASH,Operational Custody Cash Balance,Cash,BUY,1000,102.92,0.1029,5.1e-05,0.103,USD,1.0,SETTLED
TXN-202100070,2023-05-30,2023-06-01,CLT-1009,P-124,AMZN,Amazon.com Inc.,Equity,BUY,1000,243.66,0.2437,6.8e-05,0.2438,USD,1.0,SETTLED
TXN-202402928,2023-05-30,2023-06-01,CLT-1009,P-123,GOOGL,Alphabet Inc.,Equity,BUY,500,105.04,0.0525,8e-06,0.0525,USD,1.0,SETTLED
TXN-202101180,2023-05-31,2023-06-01,CLT-1015,P-145,US_5Y_UST,US Treasury 5-Yr Benchmark Note,Government Bonds,SELL,50000,101.02,5.051,0.000843,5.0502,USD,1.0,SETTLED
TXN-202504104,2023-06-01,2023-06-02,CLT-1002,P-105,US_5Y_UST,US Treasury 5-Yr Benchmark Note,Government Bonds,WITHDRAWAL,0,1.0,2.9436,0.0001,-2.9436,USD,1.0,SETTLED
TXN-202404143,2023-06-02,2023-06-06,CLT-1021,P-161,NOVN_SW,Novartis AG,Equity,BUY,50000,229.84,11.492,0.002964,11.495,CHF,0.88,SETTLED
TXN-202402918,2023-06-02,2023-06-05,CLT-1005,P-114,US_10Y_UST,US Treasury 10-Yr Benchmark Note,Government Bonds,BUY,10000,97.33,0.9733,0.000436,0.9737,USD,1.0,SETTLED
TXN-202203811,2023-06-05,2023-06-07,CLT-1012,P-132,LT_IN,Larsen & Toubro Ltd.,Equity,SELL,50000,300.7,15.035,0.006002,15.029,INR,86.5,SETTLED
TXN-202103480,2023-06-05,2023-06-07,CLT-1018,P-152,ASML_NA,ASML Holding NV,Equity,BUY,50000,289.36,14.468,0.005913,14.4739,EUR,0.92,SETTLED
TXN-202302797,2023-06-05,2023-06-06,CLT-1011,P-130,USD_TREAS_MMF,Institutional USD Treasury Money Market Fund,Money Market,BUY,25000,100.2,2.505,0.001236,2.5062,USD,1.0,SETTLED
TXN-202203346,2023-06-05,2023-06-07,CLT-1020,P-160,MSFT,Microsoft Corp.,Equity,BUY,50000,54.17,2.7085,0.000602,2.7091,USD,1.0,SETTLED
TXN-202203771,2023-06-05,2023-06-07,CLT-1006,P-118,BHARTIARTL_IN,Bharti Airtel Ltd.,Equity,DIVIDEND,0,0.0,0.172,0.000172,0.1718,INR,86.5,SETTLED
TXN-202404658,2023-06-05,2023-06-07,CLT-1015,P-146,CORP_HY_USD,US High Yield Corporate Credit Note,Corporate Bonds,BUY,50000,101.25,5.0625,0.001966,5.0645,USD,1.0,SETTLED
TXN-202103080,2023-06-05,2023-06-07,CLT-1017,P-149,SAP_GY,SAP SE,Equity,SELL,1000,284.17,0.2842,0.000135,0.2841,EUR,0.92,SETTLED
TXN-202102335,2023-06-05,2023-06-06,CLT-1019,P-156,USD_TREAS_MMF,Institutional USD Treasury Money Market Fund,Money Market,SELL,500,99.56,0.0498,1.9e-05,0.0498,USD,1.0,SETTLED
TXN-202504274,2023-06-05,2023-06-07,CLT-1002,P-105,UNH,UnitedHealth Group,Equity,SELL,50000,113.13,5.6565,0.000984,5.6555,USD,1.0,SETTLED
TXN-202201076,2023-06-05,2023-06-06,CLT-1017,P-149,EUR_LIQUIDITY_FUND,EUR Institutional Liquidity Master Fund,Money Market,BUY,500,100.28,0.0501,1.5e-05,0.0501,EUR,0.92,SETTLED
TXN-202205226,2023-06-07,2023-06-09,CLT-1013,P-136,NOVN_SW,Novartis AG,Equity,SELL,500,130.16,0.0651,3e-05,0.0651,CHF,0.88,SETTLED
TXN-202104895,2023-06-07,2023-06-08,CLT-1020,P-159,GLD_ETF,SPDR Gold Shares Institutional Trust,ETF,BUY,500,97.15,0.0486,9e-06,0.0486,USD,1.0,SETTLED
TXN-202404543,2023-06-07,2023-06-09,CLT-1012,P-135,DBS_SP,DBS Group Holdings,Equity,SELL,500,173.35,0.0867,3.7e-05,0.0867,SGD,1.34,SETTLED
TXN-202200301,2023-06-08,2023-06-12,CLT-1015,P-145,SAP_GY,SAP SE,Equity,SELL,1000,146.08,0.1461,7.1e-05,0.146,EUR,0.92,SETTLED
TXN-202304257,2023-06-08,2023-06-12,CLT-1009,P-123,DBS_SP,DBS Group Holdings,Equity,TRANSFER,0,1.0,2.0523,0.0001,-2.0523,SGD,1.34,SETTLED
TXN-202302122,2023-06-09,2023-06-13,CLT-1014,P-141,7203_JP,Toyota Motor Corp.,Equity,SELL,1000,213.97,0.214,8.4e-05,0.2139,JPY,152.0,SETTLED
TXN-202505214,2023-06-09,2023-06-13,CLT-1013,P-138,JPM,JPMorgan Chase & Co.,Equity,DIVIDEND,0,0.0,0.2379,0.000238,0.2377,USD,1.0,SETTLED
TXN-202503484,2023-06-09,2023-06-12,CLT-1018,P-153,INFRA_GLOBAL_TRUST,Global Infrastructure Core Income Note,Alternatives,BUY,50000,100.21,5.0105,0.00166,5.0122,USD,1.0,SETTLED
TXN-202202906,2023-06-12,2023-06-14,CLT-1022,P-165,XOM,Exxon Mobil Corp.,Equity,BUY,500,135.82,0.0679,3.3e-05,0.0679,USD,1.0,SETTLED
TXN-202402263,2023-06-12,2023-06-13,CLT-1006,P-118,US_10Y_UST,US Treasury 10-Yr Benchmark Note,Government Bonds,BUY,5000,97.24,0.4862,0.000195,0.4864,USD,1.0,SETTLED
TXN-202200656,2023-06-12,2023-06-14,CLT-1024,P-172,CORP_HY_USD,US High Yield Corporate Credit Note,Corporate Bonds,TRANSFER,0,1.0,2.8135,0.0001,-2.8135,USD,1.0,SETTLED
TXN-202402613,2023-06-12,2023-06-13,CLT-1003,P-107,USD_TREAS_MMF,Institutional USD Treasury Money Market Fund,Money Market,TRANSFER,0,1.0,3.4037,0.0001,-3.4037,USD,1.0,SETTLED
TXN-202301957,2023-06-12,2023-06-13,CLT-1013,P-139,IND_10Y_GSEC,India Sovereign G-Sec 7.18% 2033,Government Bonds,INTEREST,0,0.0,0.1515,0.000151,0.1513,INR,86.5,SETTLED
TXN-202104245,2023-06-12,2023-06-14,CLT-1001,P-103,UNH,UnitedHealth Group,Equity,SELL,2500,260.11,0.6503,0.000258,0.65,USD,1.0,PENDING
TXN-202105240,2023-06-12,2023-06-13,CLT-1023,P-168,INR_OVERNIGHT_CASH,Institutional INR Overnight Liquid Fund,Money Market,BUY,5000,98.54,0.4927,0.000182,0.4929,INR,86.5,SETTLED
TXN-202105160,2023-06-12,2023-06-14,CLT-1012,P-134,GOOGL,Alphabet Inc.,Equity,BUY,500,310.53,0.1553,7.5e-05,0.1554,USD,1.0,SETTLED
TXN-202301142,2023-06-12,2023-06-13,CLT-1006,P-118,IND_10Y_GSEC,India Sovereign G-Sec 7.18% 2033,Government Bonds,WITHDRAWAL,0,1.0,1.7824,0.0001,-1.7824,INR,86.5,SETTLED
TXN-202303237,2023-06-12,2023-06-13,CLT-1019,P-156,INR_OVERNIGHT_CASH,Institutional INR Overnight Liquid Fund,Money Market,INTEREST,0,0.0,0.1101,0.00011,0.11,INR,86.5,SETTLED
TXN-202401393,2023-06-12,2023-06-13,CLT-1022,P-164,GLD_ETF,SPDR Gold Shares Institutional Trust,ETF,SELL,5000,99.74,0.4987,0.000236,0.4985,USD,1.0,SETTLED
TXN-202300122,2023-06-12,2023-06-14,CLT-1014,P-142,RELIANCE_IN,Reliance Industries Ltd.,Equity,INTEREST,0,0.0,0.1756,0.000176,0.1754,INR,86.5,SETTLED
TXN-202104510,2023-06-12,2023-06-13,CLT-1008,P-122,US_5Y_UST,US Treasury 5-Yr Benchmark Note,Government Bonds,WITHDRAWAL,0,1.0,0.38,0.0001,-0.38,USD,1.0,SETTLED
TXN-202301102,2023-06-12,2023-06-13,CLT-1009,P-124,INR_OVERNIGHT_CASH,Institutional INR Overnight Liquid Fund,Money Market,BUY,25000,97.84,2.446,0.000732,2.4467,INR,86.5,SETTLED
TXN-202404638,2023-06-12,2023-06-13,CLT-1020,P-159,IND_10Y_GSEC,India Sovereign G-Sec 7.18% 2033,Government Bonds,SELL,50000,95.46,4.773,0.001736,4.7713,INR,86.5,SETTLED
TXN-202400933,2023-06-13,2023-06-15,CLT-1025,P-174,CORP_HY_USD,US High Yield Corporate Credit Note,Corporate Bonds,BUY,5000,101.1,0.5055,0.00019,0.5057,USD,1.0,SETTLED
TXN-202200501,2023-06-13,2023-06-15,CLT-1003,P-109,INFY_IN,Infosys Ltd.,Equity,TRANSFER,0,1.0,0.273,0.0001,-0.273,INR,86.5,SETTLED
TXN-202103000,2023-06-13,2023-06-15,CLT-1021,P-161,XOM,Exxon Mobil Corp.,Equity,FEE,0,0.0,0.0203,0.0203,-0.0203,USD,1.0,SETTLED
TXN-202201486,2023-06-13,2023-06-15,CLT-1012,P-132,TCS_IN,Tata Consultancy Services,Equity,INTEREST,0,0.0,0.2133,0.000213,0.2131,INR,86.5,SETTLED
TXN-202400313,2023-06-14,2023-06-16,CLT-1005,P-112,HDFCBANK_IN,HDFC Bank Ltd.,Equity,DIVIDEND,0,0.0,0.1759,0.000176,0.1757,INR,86.5,SETTLED
TXN-202303837,2023-06-14,2023-06-15,CLT-1008,P-121,EUR_LIQUIDITY_FUND,EUR Institutional Liquidity Master Fund,Money Market,SELL,10000,100.15,1.0015,0.000266,1.0012,EUR,0.92,SETTLED
TXN-202303522,2023-06-14,2023-06-15,CLT-1024,P-171,GER_10Y_BUND,Germany Bund 2.60% 2033,Government Bonds,SELL,10000,95.02,0.9502,0.000296,0.9499,EUR,0.92,SETTLED
TXN-202202661,2023-06-14,2023-06-16,CLT-1015,P-147,HDFCBANK_IN,HDFC Bank Ltd.,Equity,SELL,5000,295.55,1.4777,0.000487,1.4772,INR,86.5,SETTLED
TXN-202102250,2023-06-15,2023-06-19,CLT-1016,P-148,TCS_IN,Tata Consultancy Services,Equity,FEE,0,0.0,0.0109,0.0109,-0.0109,INR,86.5,SETTLED
TXN-202205046,2023-06-15,2023-06-19,CLT-1024,P-172,XOM,Exxon Mobil Corp.,Equity,BUY,500,73.68,0.0368,1.8e-05,0.0368,USD,1.0,SETTLED
TXN-202503664,2023-06-16,2023-06-20,CLT-1016,P-148,LT_IN,Larsen & Toubro Ltd.,Equity,INTEREST,0,0.0,0.1325,0.000133,0.1324,INR,86.5,SETTLED
TXN-202300982,2023-06-16,2023-06-20,CLT-1011,P-130,BHARTIARTL_IN,Bharti Airtel Ltd.,Equity,DIVIDEND,0,0.0,0.2206,0.000221,0.2204,INR,86.5,SETTLED
TXN-202202081,2023-06-16,2023-06-19,CLT-1018,P-155,UK_10Y_GILT,UK Gilt 3.75% 2033,Government Bonds,SELL,5000,97.86,0.4893,0.0002,0.4891,GBP,0.79,SETTLED
TXN-202504114,2023-06-16,2023-06-19,CLT-1012,P-135,USD_TREAS_MMF,Institutional USD Treasury Money Market Fund,Money Market,BUY,10000,101.02,1.0102,0.000217,1.0104,USD,1.0,SETTLED
TXN-202102725,2023-06-16,2023-06-20,CLT-1023,P-169,DBS_SP,DBS Group Holdings,Equity,INTEREST,0,0.0,0.198,0.000198,0.1978,SGD,1.34,SETTLED
TXN-202102830,2023-06-16,2023-06-19,CLT-1025,P-173,UK_10Y_GILT,UK Gilt 3.75% 2033,Government Bonds,SELL,2500,102.92,0.2573,7.6e-05,0.2572,GBP,0.79,SETTLED
TXN-202104365,2023-06-19,2023-06-21,CLT-1023,P-168,UNH,UnitedHealth Group,Equity,SELL,2500,265.12,0.6628,0.000144,0.6627,USD,1.0,SETTLED
TXN-202305092,2023-06-19,2023-06-21,CLT-1018,P-153,INFY_IN,Infosys Ltd.,Equity,BUY,10000,130.44,1.3044,0.000297,1.3047,INR,86.5,SETTLED
TXN-202402708,2023-06-19,2023-06-20,CLT-1010,P-128,EUR_LIQUIDITY_FUND,EUR Institutional Liquidity Master Fund,Money Market,INTEREST,0,0.0,0.0368,3.7e-05,0.0368,EUR,0.92,SETTLED
TXN-202304567,2023-06-19,2023-06-21,CLT-1011,P-131,SHEL_LN,Shell PLC,Equity,FEE,0,0.0,0.0095,0.0095,-0.0095,GBP,0.79,SETTLED
TXN-202503769,2023-06-19,2023-06-20,CLT-1024,P-170,JGB_10Y,Japan Government Bond 10-Yr 0.8%,Government Bonds,BUY,500,97.34,0.0487,1.6e-05,0.0487,JPY,152.0,SETTLED
TXN-202300137,2023-06-19,2023-06-21,CLT-1006,P-116,MSFT,Microsoft Corp.,Equity,SELL,1000,83.92,0.0839,3.4e-05,0.0839,USD,1.0,SETTLED
TXN-202401873,2023-06-20,2023-06-22,CLT-1016,P-148,ASML_NA,ASML Holding NV,Equity,DIVIDEND,0,0.0,0.1747,0.000175,0.1745,EUR,0.92,SETTLED
TXN-202100190,2023-06-22,2023-06-26,CLT-1009,P-124,ASML_NA,ASML Holding NV,Equity,BUY,2500,309.41,0.7735,0.00015,0.7736,EUR,0.92,SETTLED
TXN-202401243,2023-06-22,2023-06-26,CLT-1003,P-107,RELIANCE_IN,Reliance Industries Ltd.,Equity,INTEREST,0,0.0,0.0619,6.2e-05,0.0618,INR,86.5,PENDING
TXN-202204431,2023-06-22,2023-06-26,CLT-1015,P-146,NVDA,NVIDIA Corp.,Equity,BUY,50000,297.07,14.8535,0.003973,14.8575,USD,1.0,SETTLED
TXN-202304802,2023-06-22,2023-06-23,CLT-1023,P-167,IND_10Y_GSEC,India Sovereign G-Sec 7.18% 2033,Government Bonds,BUY,2500,102.18,0.2555,0.000107,0.2556,INR,86.5,SETTLED
TXN-202502344,2023-06-23,2023-06-27,CLT-1004,P-111,NOVN_SW,Novartis AG,Equity,SELL,10000,172.84,1.7284,0.000293,1.7281,CHF,0.88,SETTLED
TXN-202403738,2023-06-23,2023-06-27,CLT-1008,P-122,ICICIBANK_IN,ICICI Bank Ltd.,Equity,BUY,25000,234.26,5.8565,0.002833,5.8593,INR,86.5,SETTLED
TXN-202101320,2023-06-23,2023-06-27,CLT-1019,P-156,ICICIBANK_IN,ICICI Bank Ltd.,Equity,SELL,25000,134.91,3.3727,0.001415,3.3713,INR,86.5,SETTLED
TXN-202100095,2023-06-23,2023-06-27,CLT-1012,P-135,GOOGL,Alphabet Inc.,Equity,BUY,25000,158.58,3.9645,0.001882,3.9664,USD,1.0,SETTLED
TXN-202100575,2023-06-23,2023-06-27,CLT-1025,P-174,MSFT,Microsoft Corp.,Equity,BUY,5000,333.45,1.6672,0.000581,1.6678,USD,1.0,SETTLED
TXN-202300017,2023-06-26,2023-06-27,CLT-1006,P-118,GLD_ETF,SPDR Gold Shares Institutional Trust,ETF,TRANSFER,0,1.0,1.8113,0.0001,-1.8113,USD,1.0,SETTLED
TXN-202202381,2023-06-26,2023-06-28,CLT-1012,P-133,RELIANCE_IN,Reliance Industries Ltd.,Equity,SELL,50000,66.93,3.3465,0.000874,3.3456,INR,86.5,SETTLED
TXN-202404423,2023-06-26,2023-06-28,CLT-1021,P-162,RELIANCE_IN,Reliance Industries Ltd.,Equity,FEE,0,0.0,0.0192,0.0192,-0.0192,INR,86.5,FAILED
TXN-202104375,2023-06-26,2023-06-27,CLT-1013,P-136,UK_10Y_GILT,UK Gilt 3.75% 2033,Government Bonds,DIVIDEND,0,0.0,0.2439,0.000244,0.2437,GBP,0.79,SETTLED
TXN-202301472,2023-06-26,2023-06-28,CLT-1023,P-168,DBS_SP,DBS Group Holdings,Equity,SELL,10000,141.46,1.4146,0.000577,1.414,SGD,1.34,SETTLED
TXN-202403013,2023-06-26,2023-06-27,CLT-1001,P-101,INFRA_GLOBAL_TRUST,Global Infrastructure Core Income Note,Alternatives,INTEREST,0,0.0,0.0791,7.9e-05,0.079,USD,1.0,SETTLED
TXN-202502659,2023-06-26,2023-06-28,CLT-1003,P-109,ASML_NA,ASML Holding NV,Equity,TRANSFER,0,1.0,1.9165,0.0001,-1.9165,EUR,0.92,PENDING
TXN-202103155,2023-06-26,2023-06-28,CLT-1021,P-162,XOM,Exxon Mobil Corp.,Equity,SELL,2500,151.09,0.3777,9.7e-05,0.3776,USD,1.0,SETTLED
TXN-202301707,2023-06-26,2023-06-28,CLT-1015,P-146,XOM,Exxon Mobil Corp.,Equity,BUY,1000,219.2,0.2192,0.000108,0.2193,USD,1.0,SETTLED
TXN-202201971,2023-06-26,2023-06-27,CLT-1014,P-142,INFRA_GLOBAL_TRUST,Global Infrastructure Core Income Note,Alternatives,SELL,10000,95.56,0.9556,0.000328,0.9553,USD,1.0,SETTLED
TXN-202501954,2023-06-26,2023-06-27,CLT-1025,P-173,US_5Y_UST,US Treasury 5-Yr Benchmark Note,Government Bonds,BUY,2500,100.86,0.2521,7e-05,0.2522,USD,1.0,SETTLED
TXN-202202951,2023-06-27,2023-06-28,CLT-1014,P-142,INFRA_GLOBAL_TRUST,Global Infrastructure Core Income Note,Alternatives,SELL,10000,102.86,1.0286,0.000186,1.0284,USD,1.0,SETTLED
TXN-202203646,2023-06-27,2023-06-29,CLT-1014,P-141,XOM,Exxon Mobil Corp.,Equity,INTEREST,0,0.0,0.0316,3.2e-05,0.0316,USD,1.0,SETTLED
TXN-202504689,2023-06-27,2023-06-29,CLT-1010,P-129,JPM,JPMorgan Chase & Co.,Equity,TRANSFER,0,1.0,2.8816,0.0001,-2.8816,USD,1.0,SETTLED
TXN-202504119,2023-06-28,2023-06-30,CLT-1013,P-139,NOVN_SW,Novartis AG,Equity,DEPOSIT,0,1.0,2.4371,0.0001,2.4371,CHF,0.88,SETTLED
TXN-202103780,2023-06-28,2023-06-30,CLT-1019,P-157,MSFT,Microsoft Corp.,Equity,INTEREST,0,0.0,0.188,0.000188,0.1878,USD,1.0,SETTLED
TXN-202301697,2023-06-28,2023-06-30,CLT-1023,P-167,CORP_IG_EUR,Euro High Grade Corporate Bond Note,Corporate Bonds,DIVIDEND,0,0.0,0.0473,4.7e-05,0.0473,EUR,0.92,SETTLED
TXN-202303682,2023-06-28,2023-06-29,CLT-1015,P-147,EUR_LIQUIDITY_FUND,EUR Institutional Liquidity Master Fund,Money Market,SELL,25000,95.12,2.378,0.001142,2.3769,EUR,0.92,SETTLED
TXN-202204506,2023-06-28,2023-06-30,CLT-1007,P-119,AMZN,Amazon.com Inc.,Equity,BUY,50000,110.38,5.519,0.001528,5.5205,USD,1.0,SETTLED
TXN-202104945,2023-06-28,2023-06-29,CLT-1021,P-162,US_5Y_UST,US Treasury 5-Yr Benchmark Note,Government Bonds,FEE,0,0.0,0.039,0.039,-0.039,USD,1.0,SETTLED
TXN-202303452,2023-06-28,2023-06-29,CLT-1018,P-153,US_10Y_UST,US Treasury 10-Yr Benchmark Note,Government Bonds,SELL,2500,101.27,0.2532,9.1e-05,0.2531,USD,1.0,SETTLED
TXN-202201771,2023-06-29,2023-06-30,CLT-1014,P-143,IND_10Y_GSEC,India Sovereign G-Sec 7.18% 2033,Government Bonds,DIVIDEND,0,0.0,0.0886,8.9e-05,0.0885,INR,86.5,SETTLED
TXN-202102730,2023-06-29,2023-07-03,CLT-1018,P-153,NOVN_SW,Novartis AG,Equity,DIVIDEND,0,0.0,0.2431,0.000243,0.2429,CHF,0.88,SETTLED
TXN-202301257,2023-06-29,2023-06-30,CLT-1013,P-136,IND_10Y_GSEC,India Sovereign G-Sec 7.18% 2033,Government Bonds,DIVIDEND,0,0.0,0.0996,0.0001,0.0995,INR,86.5,SETTLED
TXN-202504389,2023-06-30,2023-07-04,CLT-1016,P-148,AMZN,Amazon.com Inc.,Equity,SELL,50000,305.73,15.2865,0.005615,15.2809,USD,1.0,SETTLED
TXN-202102645,2023-06-30,2023-07-04,CLT-1005,P-113,CORP_HY_USD,US High Yield Corporate Credit Note,Corporate Bonds,BUY,25000,99.72,2.493,0.001003,2.494,USD,1.0,SETTLED
TXN-202501999,2023-06-30,2023-07-04,CLT-1007,P-120,XOM,Exxon Mobil Corp.,Equity,BUY,500,300.22,0.1501,2.6e-05,0.1501,USD,1.0,SETTLED
TXN-202400343,2023-06-30,2023-07-04,CLT-1007,P-120,CORP_HY_USD,US High Yield Corporate Credit Note,Corporate Bonds,SELL,1000,99.26,0.0993,2.1e-05,0.0993,USD,1.0,SETTLED
TXN-202504754,2023-06-30,2023-07-04,CLT-1008,P-121,BHARTIARTL_IN,Bharti Airtel Ltd.,Equity,BUY,1000,44.08,0.0441,1.7e-05,0.0441,INR,86.5,SETTLED
TXN-202500369,2023-06-30,2023-07-04,CLT-1014,P-143,SHEL_LN,Shell PLC,Equity,DIVIDEND,0,0.0,0.1485,0.000149,0.1484,GBP,0.79,SETTLED
TXN-202204226,2023-06-30,2023-07-03,CLT-1021,P-163,UK_10Y_GILT,UK Gilt 3.75% 2033,Government Bonds,BUY,10000,100.92,1.0092,0.000214,1.0094,GBP,0.79,SETTLED
TXN-202202256,2023-07-03,2023-07-04,CLT-1001,P-102,UK_10Y_GILT,UK Gilt 3.75% 2033,Government Bonds,SELL,25000,96.76,2.419,0.000482,2.4185,GBP,0.79,SETTLED
TXN-202204906,2023-07-03,2023-07-05,CLT-1023,P-167,ASML_NA,ASML Holding NV,Equity,DEPOSIT,0,1.0,0.2586,0.0001,0.2586,EUR,0.92,SETTLED
TXN-202203421,2023-07-03,2023-07-04,CLT-1001,P-102,USD_TREAS_MMF,Institutional USD Treasury Money Market Fund,Money Market,BUY,50000,102.83,5.1415,0.001652,5.1432,USD,1.0,SETTLED
TXN-202203486,2023-07-03,2023-07-05,CLT-1005,P-112,SHEL_LN,Shell PLC,Equity,BUY,5000,292.79,1.464,0.000331,1.4643,GBP,0.79,SETTLED
TXN-202401858,2023-07-03,2023-07-04,CLT-1003,P-107,USD_TREAS_MMF,Institutional USD Treasury Money Market Fund,Money Market,BUY,25000,99.32,2.483,0.000822,2.4838,USD,1.0,SETTLED
TXN-202404693,2023-07-03,2023-07-05,CLT-1010,P-128,AZN_LN,AstraZeneca PLC,Equity,SELL,50000,224.63,11.2315,0.004874,11.2266,GBP,0.79,SETTLED
TXN-202305017,2023-07-03,2023-07-05,CLT-1009,P-125,LT_IN,Larsen & Toubro Ltd.,Equity,SELL,50000,302.83,15.1415,0.006208,15.1353,INR,86.5,SETTLED
TXN-202205116,2023-07-04,2023-07-05,CLT-1023,P-168,JGB_10Y,Japan Government Bond 10-Yr 0.8%,Government Bonds,DEPOSIT,0,1.0,2.5027,0.0001,2.5027,JPY,152.0,SETTLED
TXN-202303912,2023-07-04,2023-07-06,CLT-1003,P-108,CORP_HY_USD,US High Yield Corporate Credit Note,Corporate Bonds,BUY,10000,97.0,0.97,0.000299,0.9703,USD,1.0,SETTLED
TXN-202204861,2023-07-04,2023-07-06,CLT-1024,P-170,CORP_HY_USD,US High Yield Corporate Credit Note,Corporate Bonds,INTEREST,0,0.0,0.2401,0.00024,0.2399,USD,1.0,SETTLED
TXN-202202296,2023-07-05,2023-07-06,CLT-1021,P-161,GER_10Y_BUND,Germany Bund 2.60% 2033,Government Bonds,BUY,500,100.42,0.0502,1.8e-05,0.0502,EUR,0.92,SETTLED
TXN-202304902,2023-07-05,2023-07-07,CLT-1012,P-133,TCS_IN,Tata Consultancy Services,Equity,FEE,0,0.0,0.0426,0.0426,-0.0426,INR,86.5,SETTLED
TXN-202200841,2023-07-05,2023-07-07,CLT-1007,P-119,XOM,Exxon Mobil Corp.,Equity,BUY,50000,154.31,7.7155,0.003796,7.7193,USD,1.0,SETTLED
TXN-202304332,2023-07-06,2023-07-10,CLT-1021,P-162,LT_IN,Larsen & Toubro Ltd.,Equity,SELL,2500,319.99,0.8,0.00034,0.7997,INR,86.5,SETTLED
TXN-202205186,2023-07-06,2023-07-07,CLT-1005,P-113,USD_TREAS_MMF,Institutional USD Treasury Money Market Fund,Money Market,TRANSFER,0,1.0,1.6759,0.0001,-1.6759,USD,1.0,SETTLED
TXN-202404923,2023-07-06,2023-07-07,CLT-1015,P-145,INFRA_GLOBAL_TRUST,Global Infrastructure Core Income Note,Alternatives,SELL,5000,96.42,0.4821,9.8e-05,0.482,USD,1.0,SETTLED
TXN-202202496,2023-07-07,2023-07-11,CLT-1005,P-114,CORP_IG_EUR,Euro High Grade Corporate Bond Note,Corporate Bonds,BUY,50000,97.87,4.8935,0.001474,4.895,EUR,0.92,SETTLED
TXN-202404443,2023-07-07,2023-07-11,CLT-1010,P-127,AAPL,Apple Inc.,Equity,BUY,10000,195.34,1.9534,0.000372,1.9538,USD,1.0,SETTLED
TXN-202400213,2023-07-10,2023-07-11,CLT-1018,P-153,GER_10Y_BUND,Germany Bund 2.60% 2033,Government Bonds,SELL,2500,101.06,0.2526,0.0001,0.2525,EUR,0.92,SETTLED
TXN-202501974,2023-07-10,2023-07-12,CLT-1020,P-160,LT_IN,Larsen & Toubro Ltd.,Equity,SELL,500,168.39,0.0842,3.4e-05,0.0842,INR,86.5,SETTLED
TXN-202403588,2023-07-10,2023-07-12,CLT-1014,P-142,NOVN_SW,Novartis AG,Equity,BUY,50000,195.87,9.7935,0.003643,9.7971,CHF,0.88,SETTLED
TXN-202301122,2023-07-10,2023-07-12,CLT-1007,P-119,JPM,JPMorgan Chase & Co.,Equity,FEE,0,0.0,0.044,0.044,-0.044,USD,1.0,SETTLED
TXN-202404803,2023-07-10,2023-07-11,CLT-1013,P-138,US_5Y_UST,US Treasury 5-Yr Benchmark Note,Government Bonds,SELL,1000,95.93,0.0959,3.5e-05,0.0959,USD,1.0,SETTLED
TXN-202505079,2023-07-10,2023-07-11,CLT-1024,P-170,OPERATING_CASH,Operational Custody Cash Balance,Cash,SELL,5000,100.62,0.5031,0.00016,0.5029,USD,1.0,SETTLED
TXN-202401818,2023-07-10,2023-07-12,CLT-1025,P-173,AAPL,Apple Inc.,Equity,DIVIDEND,0,0.0,0.0539,5.4e-05,0.0538,USD,1.0,SETTLED
TXN-202502924,2023-07-10,2023-07-12,CLT-1001,P-103,RELIANCE_IN,Reliance Industries Ltd.,Equity,SELL,10000,185.69,1.8569,0.000818,1.8561,INR,86.5,SETTLED
TXN-202301857,2023-07-10,2023-07-12,CLT-1003,P-106,GOOGL,Alphabet Inc.,Equity,BUY,10000,342.97,3.4297,0.001009,3.4307,USD,1.0,SETTLED
TXN-202404723,2023-07-10,2023-07-12,CLT-1021,P-161,TCS_IN,Tata Consultancy Services,Equity,SELL,10000,128.02,1.2802,0.000357,1.2798,INR,86.5,SETTLED
TXN-202101030,2023-07-11,2023-07-13,CLT-1023,P-169,NOVN_SW,Novartis AG,Equity,SELL,50000,91.95,4.5975,0.001482,4.596,CHF,0.88,SETTLED
TXN-202202486,2023-07-11,2023-07-13,CLT-1012,P-135,MSFT,Microsoft Corp.,Equity,BUY,10000,307.21,3.0721,0.000636,3.0727,USD,1.0,SETTLED
TXN-202304847,2023-07-11,2023-07-13,CLT-1024,P-170,ASML_NA,ASML Holding NV,Equity,DIVIDEND,0,0.0,0.2164,0.000216,0.2162,EUR,0.92,SETTLED
TXN-202302852,2023-07-12,2023-07-13,CLT-1002,P-105,UK_10Y_GILT,UK Gilt 3.75% 2033,Government Bonds,SELL,500,99.58,0.0498,1.2e-05,0.0498,GBP,0.79,SETTLED
TXN-202102580,2023-07-13,2023-07-14,CLT-1018,P-152,INFRA_GLOBAL_TRUST,Global Infrastructure Core Income Note,Alternatives,SELL,2500,95.33,0.2383,8.4e-05,0.2382,USD,1.0,SETTLED
TXN-202103535,2023-07-13,2023-07-17,CLT-1019,P-158,HDFCBANK_IN,HDFC Bank Ltd.,Equity,BUY,500,283.75,0.1419,2.2e-05,0.1419,INR,86.5,SETTLED
TXN-202504094,2023-07-13,2023-07-17,CLT-1010,P-127,DBS_SP,DBS Group Holdings,Equity,SELL,2500,161.67,0.4042,0.00019,0.404,SGD,1.34,SETTLED
TXN-202504469,2023-07-14,2023-07-17,CLT-1012,P-132,UK_10Y_GILT,UK Gilt 3.75% 2033,Government Bonds,BUY,1000,98.59,0.0986,4.6e-05,0.0986,GBP,0.79,SETTLED
TXN-202500809,2023-07-14,2023-07-17,CLT-1015,P-144,EUR_LIQUIDITY_FUND,EUR Institutional Liquidity Master Fund,Money Market,BUY,5000,99.09,0.4955,0.000158,0.4957,EUR,0.92,SETTLED
TXN-202200926,2023-07-14,2023-07-17,CLT-1013,P-136,UK_10Y_GILT,UK Gilt 3.75% 2033,Government Bonds,BUY,500,95.74,0.0479,2.3e-05,0.0479,GBP,0.79,SETTLED
TXN-202402063,2023-07-17,2023-07-19,CLT-1008,P-121,HDFCBANK_IN,HDFC Bank Ltd.,Equity,SELL,25000,176.15,4.4037,0.000822,4.4029,INR,86.5,SETTLED
TXN-202103455,2023-07-17,2023-07-19,CLT-1022,P-164,ASML_NA,ASML Holding NV,Equity,TRANSFER,0,1.0,1.4279,0.0001,-1.4279,EUR,0.92,SETTLED
TXN-202304727,2023-07-17,2023-07-19,CLT-1009,P-123,CORP_HY_USD,US High Yield Corporate Credit Note,Corporate Bonds,DIVIDEND,0,0.0,0.1407,0.000141,0.1406,USD,1.0,SETTLED
TXN-202303012,2023-07-17,2023-07-19,CLT-1024,P-171,SHEL_LN,Shell PLC,Equity,SELL,5000,193.39,0.9669,0.000452,0.9664,GBP,0.79,SETTLED
TXN-202204881,2023-07-17,2023-07-19,CLT-1006,P-117,CORP_IG_EUR,Euro High Grade Corporate Bond Note,Corporate Bonds,WITHDRAWAL,0,1.0,1.3719,0.0001,-1.3719,EUR,0.92,SETTLED
TXN-202401138,2023-07-17,2023-07-19,CLT-1022,P-166,AMZN,Amazon.com Inc.,Equity,BUY,5000,43.6,0.218,7.5e-05,0.2181,USD,1.0,SETTLED
TXN-202200091,2023-07-17,2023-07-18,CLT-1022,P-166,IND_10Y_GSEC,India Sovereign G-Sec 7.18% 2033,Government Bonds,BUY,1000,95.55,0.0955,2.8e-05,0.0955,INR,86.5,SETTLED
TXN-202102465,2023-07-17,2023-07-19,CLT-1002,P-104,RELIANCE_IN,Reliance Industries Ltd.,Equity,SELL,500,188.43,0.0942,2.2e-05,0.0942,INR,86.5,SETTLED
TXN-202401588,2023-07-18,2023-07-19,CLT-1005,P-115,PLD_REIT,Prologis Global Logistics REIT,REIT,SELL,1000,99.74,0.0997,4.3e-05,0.0997,USD,1.0,SETTLED
TXN-202201641,2023-07-18,2023-07-20,CLT-1011,P-131,AAPL,Apple Inc.,Equity,SELL,500,200.01,0.1,3.5e-05,0.1,USD,1.0,SETTLED
TXN-202300177,2023-07-19,2023-07-21,CLT-1005,P-115,NVDA,NVIDIA Corp.,Equity,BUY,2500,126.17,0.3154,9e-05,0.3155,USD,1.0,SETTLED
TXN-202500054,2023-07-19,2023-07-21,CLT-1015,P-146,BHARTIARTL_IN,Bharti Airtel Ltd.,Equity,BUY,2500,100.09,0.2502,0.000111,0.2503,INR,86.5,SETTLED
TXN-202401658,2023-07-20,2023-07-24,CLT-1001,P-103,JPM,JPMorgan Chase & Co.,Equity,BUY,1000,232.12,0.2321,0.000115,0.2322,USD,1.0,SETTLED
TXN-202101225,2023-07-20,2023-07-24,CLT-1023,P-167,TCS_IN,Tata Consultancy Services,Equity,SELL,5000,44.55,0.2228,0.00011,0.2227,INR,86.5,SETTLED
TXN-202100555,2023-07-20,2023-07-24,CLT-1023,P-169,BHARTIARTL_IN,Bharti Airtel Ltd.,Equity,INTEREST,0,0.0,0.0489,4.9e-05,0.0489,INR,86.5,SETTLED
TXN-202100025,2023-07-20,2023-07-24,CLT-1002,P-105,CORP_IG_EUR,Euro High Grade Corporate Bond Note,Corporate Bonds,SELL,1000,100.12,0.1001,2.6e-05,0.1001,EUR,0.92,PENDING
TXN-202400328,2023-07-21,2023-07-25,CLT-1019,P-156,SAP_GY,SAP SE,Equity,BUY,500,77.68,0.0388,1.2e-05,0.0388,EUR,0.92,SETTLED
TXN-202301927,2023-07-21,2023-07-25,CLT-1008,P-121,DBS_SP,DBS Group Holdings,Equity,BUY,1000,226.19,0.2262,7.1e-05,0.2263,SGD,1.34,FAILED
TXN-202502914,2023-07-24,2023-07-26,CLT-1025,P-174,6758_JP,Sony Group Corp.,Equity,BUY,5000,304.34,1.5217,0.000396,1.5221,JPY,152.0,SETTLED
TXN-202404568,2023-07-24,2023-07-26,CLT-1003,P-109,SAP_GY,SAP SE,Equity,SELL,1000,146.14,0.1461,7.2e-05,0.146,EUR,0.92,SETTLED
TXN-202103515,2023-07-24,2023-07-26,CLT-1013,P-137,ICICIBANK_IN,ICICI Bank Ltd.,Equity,BUY,50000,182.57,9.1285,0.002272,9.1308,INR,86.5,SETTLED
TXN-202201741,2023-07-24,2023-07-26,CLT-1010,P-127,TCS_IN,Tata Consultancy Services,Equity,BUY,1000,332.54,0.3325,6.7e-05,0.3326,INR,86.5,SETTLED
TXN-202402173,2023-07-24,2023-07-26,CLT-1007,P-120,RELIANCE_IN,Reliance Industries Ltd.,Equity,SELL,50000,242.56,12.128,0.003539,12.1245,INR,86.5,PENDING
TXN-202302942,2023-07-24,2023-07-26,CLT-1019,P-157,AZN_LN,AstraZeneca PLC,Equity,SELL,2500,325.58,0.8139,0.000333,0.8136,GBP,0.79,SETTLED
TXN-202302627,2023-07-24,2023-07-26,CLT-1021,P-162,AMZN,Amazon.com Inc.,Equity,BUY,1000,217.5,0.2175,8.5e-05,0.2176,USD,1.0,SETTLED
TXN-202103055,2023-07-24,2023-07-25,CLT-1005,P-114,OPERATING_CASH,Operational Custody Cash Balance,Cash,SELL,2500,100.46,0.2511,0.000124,0.251,USD,1.0,SETTLED
TXN-202103680,2023-07-24,2023-07-26,CLT-1006,P-118,AAPL,Apple Inc.,Equity,SELL,2500,46.72,0.1168,4.8e-05,0.1168,USD,1.0,SETTLED
TXN-202200651,2023-07-24,2023-07-26,CLT-1024,P-172,MSFT,Microsoft Corp.,Equity,BUY,25000,214.6,5.365,0.000924,5.3659,USD,1.0,SETTLED
TXN-202201026,2023-07-25,2023-07-27,CLT-1017,P-150,XOM,Exxon Mobil Corp.,Equity,SELL,25000,223.44,5.586,0.001762,5.5842,USD,1.0,SETTLED
TXN-202104330,2023-07-25,2023-07-27,CLT-1006,P-116,HDFCBANK_IN,HDFC Bank Ltd.,Equity,SELL,25000,142.89,3.5722,0.000761,3.5714,INR,86.5,SETTLED
TXN-202501644,2023-07-25,2023-07-26,CLT-1023,P-169,GLD_ETF,SPDR Gold Shares Institutional Trust,ETF,TRANSFER,0,1.0,2.5983,0.0001,-2.5983,USD,1.0,SETTLED
TXN-202100140,2023-07-26,2023-07-28,CLT-1006,P-116,AAPL,Apple Inc.,Equity,SELL,10000,133.86,1.3386,0.000503,1.3381,USD,1.0,SETTLED
TXN-202402428,2023-07-26,2023-07-28,CLT-1018,P-154,NOVN_SW,Novartis AG,Equity,DIVIDEND,0,0.0,0.0559,5.6e-05,0.0558,CHF,0.88,SETTLED
TXN-202502604,2023-07-26,2023-07-28,CLT-1013,P-136,AMZN,Amazon.com Inc.,Equity,BUY,25000,237.2,5.93,0.002904,5.9329,USD,1.0,SETTLED
TXN-202403193,2023-07-26,2023-07-28,CLT-1015,P-147,TCS_IN,Tata Consultancy Services,Equity,INTEREST,0,0.0,0.1869,0.000187,0.1867,INR,86.5,SETTLED
TXN-202302702,2023-07-26,2023-07-27,CLT-1020,P-160,GER_10Y_BUND,Germany Bund 2.60% 2033,Government Bonds,INTEREST,0,0.0,0.2166,0.000217,0.2164,EUR,0.92,FAILED
TXN-202102490,2023-07-27,2023-07-28,CLT-1006,P-116,INR_OVERNIGHT_CASH,Institutional INR Overnight Liquid Fund,Money Market,INTEREST,0,0.0,0.0623,6.2e-05,0.0622,INR,86.5,SETTLED
TXN-202504834,2023-07-27,2023-07-31,CLT-1013,P-136,SAP_GY,SAP SE,Equity,BUY,1000,110.65,0.1106,4.4e-05,0.1106,EUR,0.92,SETTLED
TXN-202304472,2023-07-27,2023-07-31,CLT-1013,P-138,HDFCBANK_IN,HDFC Bank Ltd.,Equity,SELL,10000,129.75,1.2975,0.00047,1.297,INR,86.5,SETTLED
TXN-202203196,2023-07-28,2023-07-31,CLT-1001,P-101,OPERATING_CASH,Operational Custody Cash Balance,Cash,BUY,10000,102.1,1.021,0.000379,1.0214,USD,1.0,SETTLED
TXN-202405203,2023-07-31,2023-08-02,CLT-1008,P-121,MSFT,Microsoft Corp.,Equity,INTEREST,0,0.0,0.1334,0.000133,0.1333,USD,1.0,SETTLED
TXN-202104625,2023-07-31,2023-08-02,CLT-1018,P-152,INFY_IN,Infosys Ltd.,Equity,SELL,2500,135.26,0.3382,9.5e-05,0.3381,INR,86.5,SETTLED
TXN-202201671,2023-07-31,2023-08-02,CLT-1009,P-124,AAPL,Apple Inc.,Equity,SELL,10000,161.52,1.6152,0.000479,1.6147,USD,1.0,SETTLED
TXN-202301362,2023-07-31,2023-08-01,CLT-1003,P-106,US_5Y_UST,US Treasury 5-Yr Benchmark Note,Government Bonds,SELL,10000,98.98,0.9898,0.000481,0.9893,USD,1.0,SETTLED
TXN-202100295,2023-08-01,2023-08-03,CLT-1004,P-111,AZN_LN,AstraZeneca PLC,Equity,INTEREST,0,0.0,0.0873,8.7e-05,0.0872,GBP,0.79,SETTLED
TXN-202504084,2023-08-01,2023-08-03,CLT-1005,P-113,AAPL,Apple Inc.,Equity,SELL,2500,165.75,0.4144,0.000186,0.4142,USD,1.0,SETTLED
TXN-202102770,2023-08-01,2023-08-02,CLT-1009,P-124,IND_10Y_GSEC,India Sovereign G-Sec 7.18% 2033,Government Bonds,INTEREST,0,0.0,0.088,8.8e-05,0.0879,INR,86.5,SETTLED
TXN-202404563,2023-08-02,2023-08-04,CLT-1005,P-115,SHEL_LN,Shell PLC,Equity,TRANSFER,0,1.0,0.5034,0.0001,-0.5034,GBP,0.79,SETTLED
TXN-202402463,2023-08-02,2023-08-04,CLT-1021,P-162,ICICIBANK_IN,ICICI Bank Ltd.,Equity,SELL,2500,241.76,0.6044,0.000252,0.6041,INR,86.5,SETTLED
TXN-202503419,2023-08-04,2023-08-07,CLT-1012,P-133,PLD_REIT,Prologis Global Logistics REIT,REIT,BUY,10000,102.72,1.0272,0.000499,1.0277,USD,1.0,SETTLED
TXN-202404498,2023-08-04,2023-08-08,CLT-1011,P-130,7203_JP,Toyota Motor Corp.,Equity,SELL,1000,87.33,0.0873,3.7e-05,0.0873,JPY,152.0,SETTLED
TXN-202401153,2023-08-04,2023-08-08,CLT-1024,P-171,ASML_NA,ASML Holding NV,Equity,BUY,500,177.28,0.0886,2.6e-05,0.0886,EUR,0.92,SETTLED
TXN-202501614,2023-08-04,2023-08-08,CLT-1005,P-112,NVDA,NVIDIA Corp.,Equity,BUY,25000,179.96,4.499,0.000927,4.4999,USD,1.0,SETTLED
TXN-202302842,2023-08-04,2023-08-08,CLT-1011,P-131,NOVN_SW,Novartis AG,Equity,SELL,2500,52.88,0.1322,6.3e-05,0.1321,CHF,0.88,SETTLED
TXN-202501584,2023-08-04,2023-08-08,CLT-1014,P-142,LT_IN,Larsen & Toubro Ltd.,Equity,SELL,2500,205.98,0.515,0.000225,0.5148,INR,86.5,SETTLED
TXN-202303847,2023-08-04,2023-08-07,CLT-1022,P-166,USD_TREAS_MMF,Institutional USD Treasury Money Market Fund,Money Market,BUY,5000,102.37,0.5119,0.000134,0.512,USD,1.0,SETTLED
TXN-202103140,2023-08-04,2023-08-07,CLT-1001,P-103,INFRA_GLOBAL_TRUST,Global Infrastructure Core Income Note,Alternatives,BUY,10000,97.25,0.9725,0.000457,0.973,USD,1.0,SETTLED
TXN-202103330,2023-08-07,2023-08-08,CLT-1023,P-167,GER_10Y_BUND,Germany Bund 2.60% 2033,Government Bonds,DIVIDEND,0,0.0,0.2055,0.000205,0.2053,EUR,0.92,SETTLED
TXN-202402998,2023-08-07,2023-08-09,CLT-1002,P-104,AMZN,Amazon.com Inc.,Equity,FEE,0,0.0,0.0432,0.0432,-0.0432,USD,1.0,SETTLED
TXN-202203106,2023-08-07,2023-08-09,CLT-1013,P-138,CORP_HY_USD,US High Yield Corporate Credit Note,Corporate Bonds,BUY,2500,99.55,0.2489,9.1e-05,0.249,USD,1.0,SETTLED
TXN-202401463,2023-08-07,2023-08-09,CLT-1007,P-120,TCS_IN,Tata Consultancy Services,Equity,SELL,50000,232.95,11.6475,0.002956,11.6445,INR,86.5,SETTLED
TXN-202400188,2023-08-07,2023-08-09,CLT-1001,P-103,CORP_IG_USD,US Investment Grade Corporate Bond Fund,Corporate Bonds,SELL,500,102.73,0.0514,1.6e-05,0.0514,USD,1.0,SETTLED
TXN-202200546,2023-08-07,2023-08-09,CLT-1010,P-126,GOOGL,Alphabet Inc.,Equity,FEE,0,0.0,0.0207,0.0207,-0.0207,USD,1.0,SETTLED
TXN-202300022,2023-08-07,2023-08-09,CLT-1005,P-112,CORP_IG_USD,US Investment Grade Corporate Bond Fund,Corporate Bonds,BUY,25000,99.28,2.482,0.001083,2.4831,USD,1.0,SETTLED
TXN-202500739,2023-08-07,2023-08-09,CLT-1024,P-171,TCS_IN,Tata Consultancy Services,Equity,DIVIDEND,0,0.0,0.0509,5.1e-05,0.0508,INR,86.5,SETTLED
TXN-202204941,2023-08-07,2023-08-08,CLT-1010,P-128,INR_OVERNIGHT_CASH,Institutional INR Overnight Liquid Fund,Money Market,SELL,500,97.94,0.049,1.7e-05,0.049,INR,86.5,SETTLED
TXN-202501099,2023-08-08,2023-08-10,CLT-1004,P-111,NVDA,NVIDIA Corp.,Equity,BUY,5000,180.42,0.9021,0.000213,0.9023,USD,1.0,SETTLED
TXN-202301877,2023-08-08,2023-08-09,CLT-1023,P-168,PLD_REIT,Prologis Global Logistics REIT,REIT,SELL,500,96.03,0.048,1.7e-05,0.048,USD,1.0,SETTLED
TXN-202302252,2023-08-08,2023-08-09,CLT-1006,P-118,INR_OVERNIGHT_CASH,Institutional INR Overnight Liquid Fund,Money Market,BUY,2500,100.58,0.2515,4.2e-05,0.2515,INR,86.5,PENDING
TXN-202301682,2023-08-08,2023-08-09,CLT-1012,P-132,GER_10Y_BUND,Germany Bund 2.60% 2033,Government Bonds,BUY,1000,97.45,0.0974,2.6e-05,0.0974,EUR,0.92,SETTLED
TXN-202102635,2023-08-08,2023-08-10,CLT-1020,P-160,GOOGL,Alphabet Inc.,Equity,BUY,25000,54.8,1.37,0.000265,1.3703,USD,1.0,SETTLED
TXN-202205031,2023-08-09,2023-08-11,CLT-1018,P-152,AMZN,Amazon.com Inc.,Equity,SELL,10000,308.17,3.0817,0.000595,3.0811,USD,1.0,PENDING
TXN-202501569,2023-08-10,2023-08-14,CLT-1001,P-102,DBS_SP,DBS Group Holdings,Equity,DIVIDEND,0,0.0,0.0609,6.1e-05,0.0608,SGD,1.34,SETTLED
TXN-202202186,2023-08-10,2023-08-14,CLT-1023,P-168,RELIANCE_IN,Reliance Industries Ltd.,Equity,BUY,10000,45.33,0.4533,8e-05,0.4534,INR,86.5,SETTLED
TXN-202203181,2023-08-11,2023-08-15,CLT-1024,P-172,UNH,UnitedHealth Group,Equity,DEPOSIT,0,1.0,0.614,0.0001,0.614,USD,1.0,SETTLED
TXN-202300752,2023-08-11,2023-08-14,CLT-1017,P-150,GER_10Y_BUND,Germany Bund 2.60% 2033,Government Bonds,FEE,0,0.0,0.0081,0.0081,-0.0081,EUR,0.92,SETTLED
TXN-202300322,2023-08-11,2023-08-15,CLT-1004,P-111,UNH,UnitedHealth Group,Equity,BUY,25000,307.36,7.684,0.003314,7.6873,USD,1.0,PENDING
TXN-202304237,2023-08-11,2023-08-15,CLT-1015,P-146,AAPL,Apple Inc.,Equity,BUY,5000,74.25,0.3713,7.6e-05,0.3714,USD,1.0,SETTLED
TXN-202502894,2023-08-14,2023-08-15,CLT-1012,P-132,UK_10Y_GILT,UK Gilt 3.75% 2033,Government Bonds,SELL,50000,102.21,5.1105,0.001416,5.1091,GBP,0.79,SETTLED
TXN-202202921,2023-08-14,2023-08-16,CLT-1010,P-129,INFY_IN,Infosys Ltd.,Equity,DEPOSIT,0,1.0,2.8379,0.0001,2.8379,INR,86.5,SETTLED
TXN-202304982,2023-08-14,2023-08-16,CLT-1022,P-164,CORP_HY_USD,US High Yield Corporate Credit Note,Corporate Bonds,BUY,1000,95.29,0.0953,3.9e-05,0.0953,USD,1.0,SETTLED
TXN-202102530,2023-08-14,2023-08-15,CLT-1002,P-104,GLD_ETF,SPDR Gold Shares Institutional Trust,ETF,INTEREST,0,0.0,0.1882,0.000188,0.188,USD,1.0,SETTLED
TXN-202501399,2023-08-14,2023-08-16,CLT-1001,P-102,6758_JP,Sony Group Corp.,Equity,BUY,500,90.07,0.045,9e-06,0.045,JPY,152.0,SETTLED
TXN-202204251,2023-08-14,2023-08-15,CLT-1024,P-171,US_10Y_UST,US Treasury 10-Yr Benchmark Note,Government Bonds,SELL,10000,102.12,1.0212,0.000239,1.021,USD,1.0,SETTLED
TXN-202301887,2023-08-14,2023-08-16,CLT-1018,P-152,AMZN,Amazon.com Inc.,Equity,BUY,50000,134.54,6.727,0.002544,6.7295,USD,1.0,SETTLED
TXN-202301692,2023-08-14,2023-08-16,CLT-1024,P-172,UNH,UnitedHealth Group,Equity,SELL,25000,274.88,6.872,0.003157,6.8688,USD,1.0,SETTLED
TXN-202204186,2023-08-14,2023-08-16,CLT-1021,P-163,GOOGL,Alphabet Inc.,Equity,BUY,10000,56.12,0.5612,0.000134,0.5613,USD,1.0,SETTLED
TXN-202501119,2023-08-15,2023-08-16,CLT-1003,P-107,EUR_LIQUIDITY_FUND,EUR Institutional Liquidity Master Fund,Money Market,SELL,50000,96.37,4.8185,0.000873,4.8176,EUR,0.92,SETTLED
TXN-202203446,2023-08-15,2023-08-16,CLT-1018,P-154,INR_OVERNIGHT_CASH,Institutional INR Overnight Liquid Fund,Money Market,DIVIDEND,0,0.0,0.1704,0.00017,0.1702,INR,86.5,SETTLED
TXN-202104150,2023-08-15,2023-08-17,CLT-1010,P-128,AMZN,Amazon.com Inc.,Equity,SELL,5000,102.73,0.5137,8e-05,0.5136,USD,1.0,SETTLED
TXN-202402523,2023-08-15,2023-08-16,CLT-1015,P-146,INFRA_GLOBAL_TRUST,Global Infrastructure Core Income Note,Alternatives,BUY,5000,97.81,0.489,0.000124,0.4891,USD,1.0,SETTLED
TXN-202302397,2023-08-16,2023-08-18,CLT-1006,P-117,7203_JP,Toyota Motor Corp.,Equity,SELL,50000,59.91,2.9955,0.000923,2.9946,JPY,152.0,SETTLED
TXN-202403903,2023-08-16,2023-08-18,CLT-1025,P-173,SAP_GY,SAP SE,Equity,BUY,1000,204.03,0.204,9.5e-05,0.2041,EUR,0.92,SETTLED
TXN-202503014,2023-08-17,2023-08-21,CLT-1020,P-159,GOOGL,Alphabet Inc.,Equity,DIVIDEND,0,0.0,0.2486,0.000249,0.2484,USD,1.0,SETTLED
TXN-202103800,2023-08-17,2023-08-21,CLT-1015,P-147,ASML_NA,ASML Holding NV,Equity,BUY,1000,91.65,0.0916,2.8e-05,0.0916,EUR,0.92,SETTLED
TXN-202503979,2023-08-17,2023-08-21,CLT-1017,P-151,CORP_HY_USD,US High Yield Corporate Credit Note,Corporate Bonds,BUY,2500,101.76,0.2544,0.000109,0.2545,USD,1.0,SETTLED
TXN-202103675,2023-08-17,2023-08-21,CLT-1003,P-110,ICICIBANK_IN,ICICI Bank Ltd.,Equity,DIVIDEND,0,0.0,0.1228,0.000123,0.1227,INR,86.5,SETTLED
TXN-202503189,2023-08-18,2023-08-21,CLT-1002,P-105,INR_OVERNIGHT_CASH,Institutional INR Overnight Liquid Fund,Money Market,SELL,50000,99.76,4.988,0.000876,4.9871,INR,86.5,SETTLED
TXN-202503234,2023-08-18,2023-08-22,CLT-1023,P-167,LT_IN,Larsen & Toubro Ltd.,Equity,INTEREST,0,0.0,0.0339,3.4e-05,0.0339,INR,86.5,SETTLED
TXN-202104300,2023-08-18,2023-08-21,CLT-1025,P-174,GER_10Y_BUND,Germany Bund 2.60% 2033,Government Bonds,SELL,5000,100.12,0.5006,0.000243,0.5004,EUR,0.92,SETTLED
TXN-202202306,2023-08-18,2023-08-21,CLT-1015,P-144,OPERATING_CASH,Operational Custody Cash Balance,Cash,SELL,50000,96.63,4.8315,0.001264,4.8302,USD,1.0,SETTLED
TXN-202204111,2023-08-21,2023-08-23,CLT-1022,P-166,7203_JP,Toyota Motor Corp.,Equity,SELL,5000,297.05,1.4852,0.000434,1.4848,JPY,152.0,SETTLED
TXN-202404208,2023-08-21,2023-08-22,CLT-1010,P-127,IND_10Y_GSEC,India Sovereign G-Sec 7.18% 2033,Government Bonds,FEE,0,0.0,0.0267,0.0267,-0.0267,INR,86.5,SETTLED
TXN-202304652,2023-08-21,2023-08-23,CLT-1006,P-117,HDFCBANK_IN,HDFC Bank Ltd.,Equity,SELL,5000,160.61,0.8031,0.000212,0.8029,INR,86.5,SETTLED
TXN-202404528,2023-08-21,2023-08-23,CLT-1012,P-134,AAPL,Apple Inc.,Equity,BUY,25000,167.06,4.1765,0.001499,4.178,USD,1.0,SETTLED
TXN-202101890,2023-08-21,2023-08-22,CLT-1006,P-117,EUR_LIQUIDITY_FUND,EUR Institutional Liquidity Master Fund,Money Market,BUY,5000,100.16,0.5008,0.000221,0.501,EUR,0.92,SETTLED
TXN-202100230,2023-08-21,2023-08-23,CLT-1007,P-120,TCS_IN,Tata Consultancy Services,Equity,SELL,25000,193.99,4.8498,0.000951,4.8488,INR,86.5,SETTLED
TXN-202201811,2023-08-21,2023-08-23,CLT-1017,P-150,CORP_IG_EUR,Euro High Grade Corporate Bond Note,Corporate Bonds,SELL,5000,102.15,0.5108,0.000211,0.5106,EUR,0.92,SETTLED
TXN-202304052,2023-08-21,2023-08-23,CLT-1010,P-127,RELIANCE_IN,Reliance Industries Ltd.,Equity,BUY,2500,277.77,0.6944,0.000146,0.6945,INR,86.5,SETTLED
TXN-202505134,2023-08-21,2023-08-23,CLT-1015,P-146,ICICIBANK_IN,ICICI Bank Ltd.,Equity,BUY,10000,242.75,2.4275,0.000894,2.4284,INR,86.5,SETTLED
TXN-202403983,2023-08-22,2023-08-23,CLT-1020,P-159,PLD_REIT,Prologis Global Logistics REIT,REIT,DIVIDEND,0,0.0,0.0928,9.3e-05,0.0927,USD,1.0,SETTLED
TXN-202402003,2023-08-22,2023-08-24,CLT-1019,P-156,AAPL,Apple Inc.,Equity,BUY,500,159.79,0.0799,2.4e-05,0.0799,USD,1.0,SETTLED
TXN-202203416,2023-08-22,2023-08-24,CLT-1014,P-143,CORP_IG_EUR,Euro High Grade Corporate Bond Note,Corporate Bonds,SELL,500,98.85,0.0494,1.8e-05,0.0494,EUR,0.92,SETTLED
TXN-202403288,2023-08-23,2023-08-24,CLT-1022,P-164,OPERATING_CASH,Operational Custody Cash Balance,Cash,BUY,2500,98.08,0.2452,9.8e-05,0.2453,USD,1.0,SETTLED
TXN-202503024,2023-08-24,2023-08-25,CLT-1001,P-101,IND_10Y_GSEC,India Sovereign G-Sec 7.18% 2033,Government Bonds,SELL,5000,101.98,0.5099,9.5e-05,0.5098,INR,86.5,SETTLED
TXN-202304247,2023-08-24,2023-08-28,CLT-1010,P-129,RELIANCE_IN,Reliance Industries Ltd.,Equity,BUY,1000,285.82,0.2858,0.00011,0.2859,INR,86.5,SETTLED
TXN-202302922,2023-08-25,2023-08-29,CLT-1023,P-167,JPM,JPMorgan Chase & Co.,Equity,SELL,1000,237.37,0.2374,5.5e-05,0.2373,USD,1.0,SETTLED
TXN-202100145,2023-08-25,2023-08-28,CLT-1009,P-124,USD_TREAS_MMF,Institutional USD Treasury Money Market Fund,Money Market,SELL,50000,100.27,5.0135,0.001207,5.0123,USD,1.0,SETTLED
TXN-202100105,2023-08-28,2023-08-30,CLT-1005,P-115,MSFT,Microsoft Corp.,Equity,BUY,10000,250.81,2.5081,0.000631,2.5087,USD,1.0,SETTLED
TXN-202203511,2023-08-28,2023-08-30,CLT-1001,P-103,6758_JP,Sony Group Corp.,Equity,DIVIDEND,0,0.0,0.1599,0.00016,0.1597,JPY,152.0,SETTLED
TXN-202200611,2023-08-28,2023-08-29,CLT-1003,P-109,US_10Y_UST,US Treasury 10-Yr Benchmark Note,Government Bonds,BUY,5000,96.97,0.4849,0.000233,0.4851,USD,1.0,SETTLED
TXN-202503114,2023-08-28,2023-08-30,CLT-1017,P-150,SHEL_LN,Shell PLC,Equity,DIVIDEND,0,0.0,0.1239,0.000124,0.1238,GBP,0.79,PENDING
TXN-202501864,2023-08-28,2023-08-30,CLT-1018,P-152,AAPL,Apple Inc.,Equity,SELL,10000,50.26,0.5026,9.9e-05,0.5025,USD,1.0,PENDING
TXN-202503339,2023-08-28,2023-08-30,CLT-1014,P-141,LT_IN,Larsen & Toubro Ltd.,Equity,BUY,25000,322.5,8.0625,0.002777,8.0653,INR,86.5,SETTLED
TXN-202304837,2023-08-28,2023-08-29,CLT-1020,P-159,IND_10Y_GSEC,India Sovereign G-Sec 7.18% 2033,Government Bonds,BUY,25000,97.19,2.4297,0.000892,2.4306,INR,86.5,SETTLED
TXN-202303172,2023-08-29,2023-08-30,CLT-1020,P-160,UK_10Y_GILT,UK Gilt 3.75% 2033,Government Bonds,BUY,1000,101.48,0.1015,4.8e-05,0.1015,GBP,0.79,SETTLED
TXN-202103920,2023-08-31,2023-09-04,CLT-1003,P-110,CORP_IG_USD,US Investment Grade Corporate Bond Fund,Corporate Bonds,DIVIDEND,0,0.0,0.0265,2.7e-05,0.0265,USD,1.0,SETTLED
TXN-202102125,2023-08-31,2023-09-04,CLT-1004,P-111,CORP_IG_USD,US Investment Grade Corporate Bond Fund,Corporate Bonds,BUY,50000,100.16,5.008,0.002388,5.0104,USD,1.0,SETTLED
TXN-202100305,2023-09-01,2023-09-05,CLT-1014,P-143,UNH,UnitedHealth Group,Equity,BUY,1000,323.08,0.3231,8.3e-05,0.3232,USD,1.0,SETTLED
TXN-202201836,2023-09-01,2023-09-05,CLT-1025,P-174,JPM,JPMorgan Chase & Co.,Equity,SELL,10000,45.0,0.45,0.000148,0.4499,USD,1.0,SETTLED
TXN-202304502,2023-09-01,2023-09-05,CLT-1025,P-174,ASML_NA,ASML Holding NV,Equity,BUY,50000,172.84,8.642,0.002506,8.6445,EUR,0.92,SETTLED
TXN-202501194,2023-09-01,2023-09-04,CLT-1010,P-128,OPERATING_CASH,Operational Custody Cash Balance,Cash,SELL,500,95.12,0.0476,1.9e-05,0.0476,USD,1.0,SETTLED
TXN-202203371,2023-09-04,2023-09-06,CLT-1021,P-163,LT_IN,Larsen & Toubro Ltd.,Equity,BUY,2500,284.38,0.7109,0.000212,0.7111,INR,86.5,SETTLED
TXN-202104400,2023-09-04,2023-09-05,CLT-1009,P-125,GER_10Y_BUND,Germany Bund 2.60% 2033,Government Bonds,SELL,1000,95.38,0.0954,4.5e-05,0.0954,EUR,0.92,SETTLED
TXN-202503969,2023-09-04,2023-09-06,CLT-1010,P-129,INFY_IN,Infosys Ltd.,Equity,INTEREST,0,0.0,0.073,7.3e-05,0.0729,INR,86.5,SETTLED
TXN-202400608,2023-09-04,2023-09-05,CLT-1013,P-138,INR_OVERNIGHT_CASH,Institutional INR Overnight Liquid Fund,Money Market,BUY,5000,101.43,0.5072,0.00015,0.5073,INR,86.5,PENDING
TXN-202103850,2023-09-04,2023-09-06,CLT-1019,P-158,SAP_GY,SAP SE,Equity,FEE,0,0.0,0.0211,0.0211,-0.0211,EUR,0.92,SETTLED
TXN-202204306,2023-09-04,2023-09-06,CLT-1019,P-158,CORP_IG_USD,US Investment Grade Corporate Bond Fund,Corporate Bonds,DIVIDEND,0,0.0,0.1222,0.000122,0.1221,USD,1.0,SETTLED
TXN-202401493,2023-09-04,2023-09-06,CLT-1014,P-142,MSFT,Microsoft Corp.,Equity,DIVIDEND,0,0.0,0.1104,0.00011,0.1103,USD,1.0,SETTLED
TXN-202100460,2023-09-04,2023-09-06,CLT-1020,P-160,NOVN_SW,Novartis AG,Equity,BUY,500,63.21,0.0316,1.3e-05,0.0316,CHF,0.88,SETTLED
TXN-202304352,2023-09-04,2023-09-05,CLT-1012,P-132,US_10Y_UST,US Treasury 10-Yr Benchmark Note,Government Bonds,SELL,1000,98.86,0.0989,3.7e-05,0.0989,USD,1.0,SETTLED
TXN-202501714,2023-09-04,2023-09-05,CLT-1015,P-147,OPERATING_CASH,Operational Custody Cash Balance,Cash,DIVIDEND,0,0.0,0.2475,0.000247,0.2473,USD,1.0,SETTLED
TXN-202401928,2023-09-05,2023-09-07,CLT-1012,P-135,ASML_NA,ASML Holding NV,Equity,BUY,2500,188.88,0.4722,0.000186,0.4724,EUR,0.92,SETTLED
TXN-202204176,2023-09-05,2023-09-07,CLT-1011,P-130,RELIANCE_IN,Reliance Industries Ltd.,Equity,WITHDRAWAL,0,1.0,1.1192,0.0001,-1.1192,INR,86.5,SETTLED
TXN-202104525,2023-09-05,2023-09-07,CLT-1005,P-114,XOM,Exxon Mobil Corp.,Equity,BUY,500,60.67,0.0303,6e-06,0.0303,USD,1.0,SETTLED
TXN-202102230,2023-09-06,2023-09-08,CLT-1018,P-155,AZN_LN,AstraZeneca PLC,Equity,BUY,1000,86.86,0.0869,3.4e-05,0.0869,GBP,0.79,SETTLED
TXN-202104015,2023-09-06,2023-09-08,CLT-1008,P-122,NVDA,NVIDIA Corp.,Equity,BUY,1000,110.96,0.111,4.8e-05,0.111,USD,1.0,SETTLED
TXN-202103785,2023-09-06,2023-09-08,CLT-1021,P-163,AAPL,Apple Inc.,Equity,DIVIDEND,0,0.0,0.1887,0.000189,0.1885,USD,1.0,SETTLED
TXN-202204381,2023-09-07,2023-09-08,CLT-1025,P-173,INFRA_GLOBAL_TRUST,Global Infrastructure Core Income Note,Alternatives,SELL,500,97.16,0.0486,2.3e-05,0.0486,USD,1.0,SETTLED
TXN-202202236,2023-09-08,2023-09-12,CLT-1023,P-169,UNH,UnitedHealth Group,Equity,DIVIDEND,0,0.0,0.1304,0.00013,0.1303,USD,1.0,SETTLED
TXN-202301372,2023-09-08,2023-09-12,CLT-1012,P-132,XOM,Exxon Mobil Corp.,Equity,BUY,10000,57.18,0.5718,0.000165,0.572,USD,1.0,SETTLED
TXN-202101410,2023-09-08,2023-09-11,CLT-1014,P-142,INR_OVERNIGHT_CASH,Institutional INR Overnight Liquid Fund,Money Market,BUY,2500,96.54,0.2414,8.9e-05,0.2415,INR,86.5,SETTLED
TXN-202403803,2023-09-08,2023-09-11,CLT-1006,P-118,GER_10Y_BUND,Germany Bund 2.60% 2033,Government Bonds,BUY,1000,99.67,0.0997,2.4e-05,0.0997,EUR,0.92,SETTLED
TXN-202202331,2023-09-08,2023-09-12,CLT-1005,P-113,CORP_IG_EUR,Euro High Grade Corporate Bond Note,Corporate Bonds,SELL,5000,101.96,0.5098,9.9e-05,0.5097,EUR,0.92,SETTLED
TXN-202204376,2023-09-11,2023-09-13,CLT-1025,P-174,HDFCBANK_IN,HDFC Bank Ltd.,Equity,FEE,0,0.0,0.0112,0.0112,-0.0112,INR,86.5,SETTLED
TXN-202301897,2023-09-11,2023-09-13,CLT-1007,P-120,SAP_GY,SAP SE,Equity,DIVIDEND,0,0.0,0.2146,0.000215,0.2144,EUR,0.92,FAILED
TXN-202100805,2023-09-11,2023-09-13,CLT-1001,P-103,SHEL_LN,Shell PLC,Equity,BUY,1000,243.81,0.2438,9.4e-05,0.2439,GBP,0.79,SETTLED
TXN-202300522,2023-09-11,2023-09-13,CLT-1005,P-113,JPM,JPMorgan Chase & Co.,Equity,INTEREST,0,0.0,0.1709,0.000171,0.1707,USD,1.0,SETTLED
TXN-202403133,2023-09-11,2023-09-13,CLT-1013,P-138,MSFT,Microsoft Corp.,Equity,BUY,500,114.15,0.0571,1.3e-05,0.0571,USD,1.0,SETTLED
TXN-202504579,2023-09-11,2023-09-13,CLT-1001,P-102,6758_JP,Sony Group Corp.,Equity,WITHDRAWAL,0,1.0,2.0541,0.0001,-2.0541,JPY,152.0,SETTLED
TXN-202402488,2023-09-11,2023-09-12,CLT-1001,P-102,GER_10Y_BUND,Germany Bund 2.60% 2033,Government Bonds,BUY,50000,102.23,5.1115,0.00233,5.1138,EUR,0.92,SETTLED
TXN-202103025,2023-09-11,2023-09-13,CLT-1020,P-160,GOOGL,Alphabet Inc.,Equity,SELL,5000,296.37,1.4818,0.000252,1.4815,USD,1.0,SETTLED
TXN-202402693,2023-09-11,2023-09-13,CLT-1013,P-140,SHEL_LN,Shell PLC,Equity,BUY,5000,217.91,1.0896,0.000458,1.0901,GBP,0.79,SETTLED
TXN-202105120,2023-09-11,2023-09-12,CLT-1010,P-128,PLD_REIT,Prologis Global Logistics REIT,REIT,SELL,5000,98.77,0.4939,0.000131,0.4938,USD,1.0,SETTLED
TXN-202402733,2023-09-12,2023-09-14,CLT-1002,P-105,JPM,JPMorgan Chase & Co.,Equity,FEE,0,0.0,0.0299,0.0299,-0.0299,USD,1.0,SETTLED
TXN-202302897,2023-09-12,2023-09-14,CLT-1017,P-150,BHARTIARTL_IN,Bharti Airtel Ltd.,Equity,BUY,50000,49.01,2.4505,0.00053,2.451,INR,86.5,SETTLED
TXN-202204421,2023-09-12,2023-09-14,CLT-1016,P-148,6758_JP,Sony Group Corp.,Equity,WITHDRAWAL,0,1.0,2.0616,0.0001,-2.0616,JPY,152.0,SETTLED
TXN-202303482,2023-09-12,2023-09-13,CLT-1013,P-136,UK_10Y_GILT,UK Gilt 3.75% 2033,Government Bonds,BUY,2500,97.2,0.243,3.9e-05,0.243,GBP,0.79,SETTLED
TXN-202102155,2023-09-12,2023-09-14,CLT-1005,P-113,JPM,JPMorgan Chase & Co.,Equity,INTEREST,0,0.0,0.2008,0.000201,0.2006,USD,1.0,SETTLED
TXN-202503999,2023-09-13,2023-09-14,CLT-1004,P-111,US_5Y_UST,US Treasury 5-Yr Benchmark Note,Government Bonds,INTEREST,0,0.0,0.0263,2.6e-05,0.0263,USD,1.0,SETTLED
TXN-202104465,2023-09-13,2023-09-14,CLT-1015,P-144,IND_10Y_GSEC,India Sovereign G-Sec 7.18% 2033,Government Bonds,BUY,10000,99.03,0.9903,0.00017,0.9905,INR,86.5,SETTLED
TXN-202104030,2023-09-13,2023-09-15,CLT-1014,P-142,CORP_HY_USD,US High Yield Corporate Credit Note,Corporate Bonds,INTEREST,0,0.0,0.0961,9.6e-05,0.096,USD,1.0,SETTLED
TXN-202102745,2023-09-13,2023-09-15,CLT-1023,P-169,7203_JP,Toyota Motor Corp.,Equity,FEE,0,0.0,0.0167,0.0167,-0.0167,JPY,152.0,SETTLED
TXN-202201176,2023-09-13,2023-09-15,CLT-1022,P-164,RELIANCE_IN,Reliance Industries Ltd.,Equity,WITHDRAWAL,0,1.0,0.8464,0.0001,-0.8464,INR,86.5,SETTLED
TXN-202402133,2023-09-15,2023-09-19,CLT-1024,P-171,MSFT,Microsoft Corp.,Equity,FEE,0,0.0,0.0272,0.0272,-0.0272,USD,1.0,SETTLED
TXN-202204301,2023-09-15,2023-09-19,CLT-1006,P-118,UNH,UnitedHealth Group,Equity,DIVIDEND,0,0.0,0.0337,3.4e-05,0.0337,USD,1.0,SETTLED
TXN-202304752,2023-09-15,2023-09-18,CLT-1010,P-127,USD_TREAS_MMF,Institutional USD Treasury Money Market Fund,Money Market,FEE,0,0.0,0.036,0.036,-0.036,USD,1.0,SETTLED
TXN-202300767,2023-09-18,2023-09-19,CLT-1012,P-135,USD_TREAS_MMF,Institutional USD Treasury Money Market Fund,Money Market,BUY,2500,98.99,0.2475,0.0001,0.2476,USD,1.0,SETTLED
TXN-202404388,2023-09-18,2023-09-20,CLT-1013,P-136,INFY_IN,Infosys Ltd.,Equity,BUY,500,83.9,0.042,1.4e-05,0.042,INR,86.5,SETTLED
TXN-202101385,2023-09-18,2023-09-19,CLT-1011,P-130,INFRA_GLOBAL_TRUST,Global Infrastructure Core Income Note,Alternatives,BUY,50000,96.48,4.824,0.001463,4.8255,USD,1.0,SETTLED
TXN-202401488,2023-09-18,2023-09-20,CLT-1018,P-153,JPM,JPMorgan Chase & Co.,Equity,FEE,0,0.0,0.0252,0.0252,-0.0252,USD,1.0,SETTLED
TXN-202200136,2023-09-18,2023-09-19,CLT-1009,P-124,EUR_LIQUIDITY_FUND,EUR Institutional Liquidity Master Fund,Money Market,INTEREST,0,0.0,0.0762,7.6e-05,0.0761,EUR,0.92,SETTLED
TXN-202502679,2023-09-18,2023-09-20,CLT-1003,P-109,TCS_IN,Tata Consultancy Services,Equity,SELL,500,194.69,0.0973,1.6e-05,0.0973,INR,86.5,SETTLED
TXN-202104935,2023-09-18,2023-09-20,CLT-1025,P-174,DBS_SP,DBS Group Holdings,Equity,FEE,0,0.0,0.0427,0.0427,-0.0427,SGD,1.34,SETTLED
TXN-202200061,2023-09-19,2023-09-20,CLT-1024,P-170,INR_OVERNIGHT_CASH,Institutional INR Overnight Liquid Fund,Money Market,BUY,25000,97.04,2.426,0.000467,2.4265,INR,86.5,SETTLED
TXN-202503889,2023-09-19,2023-09-21,CLT-1009,P-124,XOM,Exxon Mobil Corp.,Equity,BUY,1000,232.95,0.2329,8.4e-05,0.233,USD,1.0,SETTLED
TXN-202102160,2023-09-20,2023-09-21,CLT-1003,P-110,INFRA_GLOBAL_TRUST,Global Infrastructure Core Income Note,Alternatives,DIVIDEND,0,0.0,0.0651,6.5e-05,0.065,USD,1.0,SETTLED
TXN-202401878,2023-09-20,2023-09-22,CLT-1009,P-123,GOOGL,Alphabet Inc.,Equity,BUY,2500,97.66,0.2442,8.1e-05,0.2443,USD,1.0,SETTLED
TXN-202303862,2023-09-20,2023-09-22,CLT-1017,P-151,ASML_NA,ASML Holding NV,Equity,SELL,500,128.27,0.0641,3.1e-05,0.0641,EUR,0.92,SETTLED
TXN-202202501,2023-09-20,2023-09-22,CLT-1015,P-144,RELIANCE_IN,Reliance Industries Ltd.,Equity,BUY,50000,260.7,13.035,0.006067,13.0411,INR,86.5,SETTLED
TXN-202300247,2023-09-21,2023-09-25,CLT-1003,P-106,NOVN_SW,Novartis AG,Equity,BUY,500,111.3,0.0556,2.3e-05,0.0556,CHF,0.88,SETTLED
TXN-202405033,2023-09-21,2023-09-25,CLT-1013,P-138,NOVN_SW,Novartis AG,Equity,DEPOSIT,0,1.0,1.3496,0.0001,1.3496,CHF,0.88,SETTLED
TXN-202202211,2023-09-22,2023-09-25,CLT-1013,P-138,INFRA_GLOBAL_TRUST,Global Infrastructure Core Income Note,Alternatives,TRANSFER,0,1.0,0.6582,0.0001,-0.6582,USD,1.0,SETTLED
TXN-202405118,2023-09-22,2023-09-25,CLT-1020,P-159,US_5Y_UST,US Treasury 5-Yr Benchmark Note,Government Bonds,SELL,5000,99.85,0.4993,0.000215,0.4991,USD,1.0,SETTLED
TXN-202305157,2023-09-25,2023-09-26,CLT-1012,P-132,UK_10Y_GILT,UK Gilt 3.75% 2033,Government Bonds,SELL,2500,101.61,0.254,5.7e-05,0.2539,GBP,0.79,SETTLED
TXN-202400468,2023-09-25,2023-09-27,CLT-1013,P-138,UNH,UnitedHealth Group,Equity,BUY,500,349.26,0.1746,6.3e-05,0.1747,USD,1.0,SETTLED
TXN-202104460,2023-09-25,2023-09-27,CLT-1013,P-137,XOM,Exxon Mobil Corp.,Equity,SELL,2500,175.33,0.4383,0.000195,0.4381,USD,1.0,SETTLED
TXN-202202866,2023-09-25,2023-09-27,CLT-1010,P-129,DBS_SP,DBS Group Holdings,Equity,SELL,10000,321.31,3.2131,0.001152,3.2119,SGD,1.34,SETTLED
TXN-202400773,2023-09-25,2023-09-26,CLT-1021,P-163,IND_10Y_GSEC,India Sovereign G-Sec 7.18% 2033,Government Bonds,FEE,0,0.0,0.0285,0.0285,-0.0285,INR,86.5,SETTLED
TXN-202300412,2023-09-25,2023-09-27,CLT-1003,P-107,GOOGL,Alphabet Inc.,Equity,INTEREST,0,0.0,0.2296,0.00023,0.2294,USD,1.0,SETTLED
TXN-202202536,2023-09-25,2023-09-27,CLT-1001,P-101,CORP_IG_USD,US Investment Grade Corporate Bond Fund,Corporate Bonds,BUY,25000,99.67,2.4918,0.000723,2.4925,USD,1.0,SETTLED
TXN-202402168,2023-09-25,2023-09-27,CLT-1003,P-109,CORP_IG_USD,US Investment Grade Corporate Bond Fund,Corporate Bonds,TRANSFER,0,1.0,2.1264,0.0001,-2.1264,USD,1.0,SETTLED
TXN-202501934,2023-09-25,2023-09-27,CLT-1024,P-172,AAPL,Apple Inc.,Equity,FEE,0,0.0,0.0136,0.0136,-0.0136,USD,1.0,SETTLED
TXN-202300757,2023-09-26,2023-09-28,CLT-1019,P-156,NVDA,NVIDIA Corp.,Equity,DIVIDEND,0,0.0,0.1716,0.000172,0.1714,USD,1.0,SETTLED
TXN-202300677,2023-09-26,2023-09-27,CLT-1005,P-112,EUR_LIQUIDITY_FUND,EUR Institutional Liquidity Master Fund,Money Market,SELL,500,95.66,0.0478,1.9e-05,0.0478,EUR,0.92,SETTLED
TXN-202301922,2023-09-26,2023-09-27,CLT-1003,P-106,INFRA_GLOBAL_TRUST,Global Infrastructure Core Income Note,Alternatives,SELL,10000,98.86,0.9886,0.000484,0.9881,USD,1.0,SETTLED
TXN-202504029,2023-09-26,2023-09-28,CLT-1006,P-117,JPM,JPMorgan Chase & Co.,Equity,INTEREST,0,0.0,0.1056,0.000106,0.1055,USD,1.0,SETTLED
TXN-202400473,2023-09-27,2023-09-28,CLT-1024,P-172,GLD_ETF,SPDR Gold Shares Institutional Trust,ETF,SELL,5000,99.85,0.4993,0.000227,0.4991,USD,1.0,SETTLED
TXN-202502639,2023-09-27,2023-09-28,CLT-1013,P-140,EUR_LIQUIDITY_FUND,EUR Institutional Liquidity Master Fund,Money Market,BUY,2500,102.0,0.255,7.2e-05,0.2551,EUR,0.92,SETTLED
TXN-202303827,2023-09-27,2023-09-28,CLT-1013,P-136,INFRA_GLOBAL_TRUST,Global Infrastructure Core Income Note,Alternatives,BUY,1000,100.9,0.1009,2.4e-05,0.1009,USD,1.0,SETTLED
TXN-202304587,2023-09-27,2023-09-29,CLT-1001,P-102,BHARTIARTL_IN,Bharti Airtel Ltd.,Equity,BUY,2500,139.79,0.3495,0.000168,0.3497,INR,86.5,SETTLED
TXN-202102810,2023-09-27,2023-09-28,CLT-1008,P-121,OPERATING_CASH,Operational Custody Cash Balance,Cash,INTEREST,0,0.0,0.0414,4.1e-05,0.0414,USD,1.0,SETTLED
TXN-202404468,2023-09-28,2023-10-02,CLT-1023,P-168,AZN_LN,AstraZeneca PLC,Equity,TRANSFER,0,1.0,0.6998,0.0001,-0.6998,GBP,0.79,SETTLED
TXN-202203461,2023-09-28,2023-09-29,CLT-1006,P-116,US_10Y_UST,US Treasury 10-Yr Benchmark Note,Government Bonds,BUY,10000,96.77,0.9677,0.000451,0.9682,USD,1.0,SETTLED
TXN-202301542,2023-09-28,2023-10-02,CLT-1022,P-166,BHARTIARTL_IN,Bharti Airtel Ltd.,Equity,SELL,1000,78.69,0.0787,1.8e-05,0.0787,INR,86.5,SETTLED
TXN-202203131,2023-09-29,2023-10-03,CLT-1003,P-107,AMZN,Amazon.com Inc.,Equity,WITHDRAWAL,0,1.0,3.2072,0.0001,-3.2072,USD,1.0,SETTLED
TXN-202204286,2023-09-29,2023-10-03,CLT-1017,P-150,TCS_IN,Tata Consultancy Services,Equity,BUY,5000,70.61,0.353,8e-05,0.3531,INR,86.5,SETTLED
TXN-202400428,2023-09-29,2023-10-03,CLT-1015,P-146,DBS_SP,DBS Group Holdings,Equity,DIVIDEND,0,0.0,0.1126,0.000113,0.1125,SGD,1.34,SETTLED
TXN-202202551,2023-09-29,2023-10-03,CLT-1024,P-171,7203_JP,Toyota Motor Corp.,Equity,SELL,10000,290.09,2.9009,0.000494,2.9004,JPY,152.0,SETTLED
TXN-202504399,2023-09-29,2023-10-02,CLT-1014,P-142,USD_TREAS_MMF,Institutional USD Treasury Money Market Fund,Money Market,SELL,25000,101.88,2.547,0.000512,2.5465,USD,1.0,SETTLED
TXN-202500299,2023-10-02,2023-10-04,CLT-1015,P-146,6758_JP,Sony Group Corp.,Equity,SELL,50000,238.97,11.9485,0.003673,11.9448,JPY,152.0,SETTLED
TXN-202104050,2023-10-02,2023-10-04,CLT-1020,P-159,SAP_GY,SAP SE,Equity,BUY,1000,277.57,0.2776,9.2e-05,0.2777,EUR,0.92,SETTLED
TXN-202501044,2023-10-02,2023-10-03,CLT-1008,P-121,OPERATING_CASH,Operational Custody Cash Balance,Cash,BUY,5000,97.76,0.4888,0.000164,0.489,USD,1.0,SETTLED
TXN-202104025,2023-10-02,2023-10-04,CLT-1007,P-119,7203_JP,Toyota Motor Corp.,Equity,DIVIDEND,0,0.0,0.2274,0.000227,0.2272,JPY,152.0,SETTLED
TXN-202101670,2023-10-03,2023-10-05,CLT-1018,P-153,INFY_IN,Infosys Ltd.,Equity,SELL,2500,274.63,0.6866,0.000283,0.6863,INR,86.5,SETTLED
TXN-202203006,2023-10-03,2023-10-04,CLT-1024,P-170,JGB_10Y,Japan Government Bond 10-Yr 0.8%,Government Bonds,SELL,50000,96.33,4.8165,0.001645,4.8149,JPY,152.0,SETTLED
TXN-202103315,2023-10-03,2023-10-05,CLT-1013,P-138,AMZN,Amazon.com Inc.,Equity,BUY,2500,294.78,0.7369,0.000239,0.7371,USD,1.0,SETTLED
TXN-202105200,2023-10-03,2023-10-05,CLT-1006,P-118,NOVN_SW,Novartis AG,Equity,BUY,5000,299.4,1.497,0.000357,1.4974,CHF,0.88,SETTLED
TXN-202103145,2023-10-03,2023-10-04,CLT-1013,P-138,EUR_LIQUIDITY_FUND,EUR Institutional Liquidity Master Fund,Money Market,BUY,25000,99.21,2.4802,0.000539,2.4807,EUR,0.92,SETTLED
TXN-202402048,2023-10-03,2023-10-04,CLT-1014,P-142,UK_10Y_GILT,UK Gilt 3.75% 2033,Government Bonds,SELL,50000,99.15,4.9575,0.00201,4.9555,GBP,0.79,SETTLED
TXN-202505229,2023-10-04,2023-10-06,CLT-1021,P-162,BHARTIARTL_IN,Bharti Airtel Ltd.,Equity,INTEREST,0,0.0,0.1749,0.000175,0.1747,INR,86.5,SETTLED
TXN-202202771,2023-10-04,2023-10-06,CLT-1014,P-143,AAPL,Apple Inc.,Equity,SELL,500,236.58,0.1183,3.9e-05,0.1183,USD,1.0,SETTLED
TXN-202501364,2023-10-04,2023-10-06,CLT-1006,P-116,UNH,UnitedHealth Group,Equity,BUY,2500,239.89,0.5997,0.00029,0.6,USD,1.0,SETTLED
TXN-202401993,2023-10-04,2023-10-05,CLT-1003,P-109,USD_TREAS_MMF,Institutional USD Treasury Money Market Fund,Money Market,INTEREST,0,0.0,0.1387,0.000139,0.1386,USD,1.0,SETTLED
TXN-202204591,2023-10-05,2023-10-06,CLT-1021,P-162,OPERATING_CASH,Operational Custody Cash Balance,Cash,SELL,50000,96.33,4.8165,0.001297,4.8152,USD,1.0,SETTLED
TXN-202305012,2023-10-05,2023-10-09,CLT-1003,P-108,AAPL,Apple Inc.,Equity,DIVIDEND,0,0.0,0.0543,5.4e-05,0.0542,USD,1.0,SETTLED
TXN-202401913,2023-10-05,2023-10-09,CLT-1021,P-161,SAP_GY,SAP SE,Equity,BUY,500,222.23,0.1111,5.1e-05,0.1112,EUR,0.92,SETTLED
TXN-202500834,2023-10-06,2023-10-09,CLT-1024,P-171,GER_10Y_BUND,Germany Bund 2.60% 2033,Government Bonds,BUY,1000,99.91,0.0999,2.9e-05,0.0999,EUR,0.92,SETTLED
TXN-202100390,2023-10-06,2023-10-10,CLT-1009,P-123,CORP_IG_EUR,Euro High Grade Corporate Bond Note,Corporate Bonds,BUY,10000,97.27,0.9727,0.000366,0.9731,EUR,0.92,SETTLED
TXN-202100915,2023-10-06,2023-10-10,CLT-1010,P-128,DBS_SP,DBS Group Holdings,Equity,BUY,1000,52.16,0.0522,1.5e-05,0.0522,SGD,1.34,PENDING
TXN-202401003,2023-10-09,2023-10-10,CLT-1002,P-105,EUR_LIQUIDITY_FUND,EUR Institutional Liquidity Master Fund,Money Market,DIVIDEND,0,0.0,0.0898,9e-05,0.0897,EUR,0.92,SETTLED
TXN-202501449,2023-10-09,2023-10-11,CLT-1005,P-114,HDFCBANK_IN,HDFC Bank Ltd.,Equity,BUY,5000,333.06,1.6653,0.000686,1.666,INR,86.5,SETTLED
TXN-202201596,2023-10-09,2023-10-10,CLT-1010,P-127,JGB_10Y,Japan Government Bond 10-Yr 0.8%,Government Bonds,SELL,25000,100.98,2.5245,0.001228,2.5233,JPY,152.0,SETTLED
TXN-202501719,2023-10-09,2023-10-11,CLT-1014,P-143,RELIANCE_IN,Reliance Industries Ltd.,Equity,INTEREST,0,0.0,0.07,7e-05,0.0699,INR,86.5,SETTLED
TXN-202504714,2023-10-09,2023-10-11,CLT-1001,P-103,GOOGL,Alphabet Inc.,Equity,SELL,25000,147.43,3.6858,0.000609,3.6852,USD,1.0,SETTLED
TXN-202501494,2023-10-09,2023-10-11,CLT-1017,P-150,NVDA,NVIDIA Corp.,Equity,BUY,5000,274.21,1.3711,0.000553,1.3717,USD,1.0,SETTLED
TXN-202502349,2023-10-09,2023-10-11,CLT-1013,P-136,MSFT,Microsoft Corp.,Equity,BUY,5000,245.09,1.2254,0.000441,1.2258,USD,1.0,SETTLED
TXN-202300442,2023-10-09,2023-10-11,CLT-1025,P-174,BHARTIARTL_IN,Bharti Airtel Ltd.,Equity,BUY,10000,80.24,0.8024,0.000385,0.8028,INR,86.5,SETTLED
TXN-202401113,2023-10-09,2023-10-11,CLT-1010,P-129,ICICIBANK_IN,ICICI Bank Ltd.,Equity,SELL,5000,223.0,1.115,0.000435,1.1146,INR,86.5,SETTLED
TXN-202501134,2023-10-10,2023-10-12,CLT-1024,P-171,TCS_IN,Tata Consultancy Services,Equity,SELL,5000,128.08,0.6404,0.000296,0.6401,INR,86.5,SETTLED
TXN-202103825,2023-10-10,2023-10-11,CLT-1014,P-141,INFRA_GLOBAL_TRUST,Global Infrastructure Core Income Note,Alternatives,BUY,50000,99.22,4.961,0.001237,4.9622,USD,1.0,SETTLED
TXN-202302427,2023-10-10,2023-10-12,CLT-1018,P-155,LT_IN,Larsen & Toubro Ltd.,Equity,BUY,500,132.03,0.066,2.6e-05,0.066,INR,86.5,SETTLED
TXN-202201001,2023-10-11,2023-10-12,CLT-1023,P-169,EUR_LIQUIDITY_FUND,EUR Institutional Liquidity Master Fund,Money Market,SELL,1000,101.86,0.1019,3.6e-05,0.1019,EUR,0.92,SETTLED
TXN-202200351,2023-10-11,2023-10-12,CLT-1020,P-160,JGB_10Y,Japan Government Bond 10-Yr 0.8%,Government Bonds,BUY,1000,102.39,0.1024,2.2e-05,0.1024,JPY,152.0,SETTLED
TXN-202105190,2023-10-11,2023-10-13,CLT-1009,P-125,NVDA,NVIDIA Corp.,Equity,SELL,1000,132.34,0.1323,5.7e-05,0.1322,USD,1.0,SETTLED
TXN-202300792,2023-10-12,2023-10-16,CLT-1013,P-136,TCS_IN,Tata Consultancy Services,Equity,FEE,0,0.0,0.0217,0.0217,-0.0217,INR,86.5,SETTLED
TXN-202403338,2023-10-12,2023-10-13,CLT-1013,P-139,USD_TREAS_MMF,Institutional USD Treasury Money Market Fund,Money Market,BUY,5000,95.63,0.4782,0.000183,0.4784,USD,1.0,SETTLED
TXN-202102600,2023-10-12,2023-10-13,CLT-1022,P-165,IND_10Y_GSEC,India Sovereign G-Sec 7.18% 2033,Government Bonds,BUY,2500,97.59,0.244,8.4e-05,0.2441,INR,86.5,SETTLED
TXN-202103295,2023-10-12,2023-10-16,CLT-1006,P-118,HDFCBANK_IN,HDFC Bank Ltd.,Equity,BUY,1000,75.66,0.0757,1.9e-05,0.0757,INR,86.5,SETTLED
TXN-202401883,2023-10-12,2023-10-13,CLT-1019,P-158,US_10Y_UST,US Treasury 10-Yr Benchmark Note,Government Bonds,SELL,50000,98.47,4.9235,0.001257,4.9222,USD,1.0,SETTLED
TXN-202101900,2023-10-13,2023-10-17,CLT-1010,P-126,AMZN,Amazon.com Inc.,Equity,SELL,5000,347.08,1.7354,0.000473,1.7349,USD,1.0,SETTLED
TXN-202103495,2023-10-13,2023-10-17,CLT-1022,P-165,SHEL_LN,Shell PLC,Equity,BUY,50000,142.21,7.1105,0.00252,7.113,GBP,0.79,SETTLED
TXN-202103915,2023-10-16,2023-10-18,CLT-1008,P-121,CORP_IG_USD,US Investment Grade Corporate Bond Fund,Corporate Bonds,SELL,25000,99.76,2.494,0.000761,2.4932,USD,1.0,SETTLED
TXN-202201091,2023-10-16,2023-10-17,CLT-1025,P-173,JGB_10Y,Japan Government Bond 10-Yr 0.8%,Government Bonds,FEE,0,0.0,0.0197,0.0197,-0.0197,JPY,152.0,SETTLED
TXN-202304812,2023-10-16,2023-10-18,CLT-1012,P-135,GOOGL,Alphabet Inc.,Equity,SELL,10000,323.31,3.2331,0.000712,3.2324,USD,1.0,SETTLED
TXN-202302167,2023-10-16,2023-10-18,CLT-1013,P-140,AAPL,Apple Inc.,Equity,FEE,0,0.0,0.0106,0.0106,-0.0106,USD,1.0,SETTLED
TXN-202302572,2023-10-16,2023-10-18,CLT-1025,P-174,JPM,JPMorgan Chase & Co.,Equity,DIVIDEND,0,0.0,0.1903,0.00019,0.1901,USD,1.0,FAILED
TXN-202103355,2023-10-16,2023-10-18,CLT-1012,P-133,MSFT,Microsoft Corp.,Equity,BUY,1000,164.83,0.1648,4.8e-05,0.1648,USD,1.0,SETTLED
TXN-202100700,2023-10-16,2023-10-18,CLT-1003,P-110,MSFT,Microsoft Corp.,Equity,SELL,5000,60.56,0.3028,5.4e-05,0.3027,USD,1.0,SETTLED
TXN-202103990,2023-10-16,2023-10-17,CLT-1012,P-133,PLD_REIT,Prologis Global Logistics REIT,REIT,SELL,10000,99.93,0.9993,0.0002,0.9991,USD,1.0,SETTLED
TXN-202301002,2023-10-16,2023-10-18,CLT-1007,P-120,RELIANCE_IN,Reliance Industries Ltd.,Equity,INTEREST,0,0.0,0.0902,9e-05,0.0901,INR,86.5,SETTLED
TXN-202301992,2023-10-17,2023-10-19,CLT-1013,P-139,INFY_IN,Infosys Ltd.,Equity,BUY,2500,163.28,0.4082,0.000127,0.4083,INR,86.5,SETTLED
TXN-202204871,2023-10-17,2023-10-18,CLT-1013,P-137,US_5Y_UST,US Treasury 5-Yr Benchmark Note,Government Bonds,SELL,50000,96.5,4.825,0.001391,4.8236,USD,1.0,SETTLED
TXN-202501529,2023-10-19,2023-10-20,CLT-1013,P-140,US_5Y_UST,US Treasury 5-Yr Benchmark Note,Government Bonds,SELL,2500,99.33,0.2483,9.7e-05,0.2482,USD,1.0,SETTLED
TXN-202504004,2023-10-19,2023-10-23,CLT-1020,P-159,CORP_IG_USD,US Investment Grade Corporate Bond Fund,Corporate Bonds,DIVIDEND,0,0.0,0.0714,7.1e-05,0.0713,USD,1.0,SETTLED
TXN-202100015,2023-10-19,2023-10-23,CLT-1005,P-113,INFY_IN,Infosys Ltd.,Equity,SELL,2500,90.06,0.2251,5.6e-05,0.225,INR,86.5,SETTLED
TXN-202400038,2023-10-20,2023-10-24,CLT-1020,P-159,6758_JP,Sony Group Corp.,Equity,SELL,2500,296.74,0.7419,0.000222,0.7417,JPY,152.0,SETTLED
TXN-202305002,2023-10-20,2023-10-24,CLT-1008,P-122,AAPL,Apple Inc.,Equity,BUY,2500,302.05,0.7551,0.000363,0.7555,USD,1.0,SETTLED
TXN-202304407,2023-10-23,2023-10-24,CLT-1006,P-116,JGB_10Y,Japan Government Bond 10-Yr 0.8%,Government Bonds,BUY,2500,96.63,0.2416,8.3e-05,0.2417,JPY,152.0,SETTLED
TXN-202500359,2023-10-23,2023-10-25,CLT-1005,P-115,7203_JP,Toyota Motor Corp.,Equity,INTEREST,0,0.0,0.2199,0.00022,0.2197,JPY,152.0,SETTLED
TXN-202203691,2023-10-23,2023-10-24,CLT-1025,P-174,IND_10Y_GSEC,India Sovereign G-Sec 7.18% 2033,Government Bonds,BUY,50000,99.59,4.9795,0.001241,4.9807,INR,86.5,PENDING
TXN-202303162,2023-10-23,2023-10-25,CLT-1019,P-158,ASML_NA,ASML Holding NV,Equity,BUY,50000,48.46,2.423,0.000609,2.4236,EUR,0.92,SETTLED
TXN-202100155,2023-10-23,2023-10-24,CLT-1015,P-146,OPERATING_CASH,Operational Custody Cash Balance,Cash,BUY,50000,96.1,4.805,0.000834,4.8058,USD,1.0,SETTLED
TXN-202500644,2023-10-23,2023-10-25,CLT-1017,P-150,CORP_IG_USD,US Investment Grade Corporate Bond Fund,Corporate Bonds,DIVIDEND,0,0.0,0.2463,0.000246,0.2461,USD,1.0,SETTLED
TXN-202402023,2023-10-23,2023-10-25,CLT-1023,P-167,RELIANCE_IN,Reliance Industries Ltd.,Equity,DIVIDEND,0,0.0,0.2122,0.000212,0.212,INR,86.5,SETTLED
TXN-202304507,2023-10-23,2023-10-25,CLT-1001,P-101,LT_IN,Larsen & Toubro Ltd.,Equity,BUY,1000,74.1,0.0741,3.1e-05,0.0741,INR,86.5,SETTLED
TXN-202203506,2023-10-23,2023-10-24,CLT-1021,P-161,UK_10Y_GILT,UK Gilt 3.75% 2033,Government Bonds,FEE,0,0.0,0.0334,0.0334,-0.0334,GBP,0.79,SETTLED
TXN-202201631,2023-10-23,2023-10-25,CLT-1023,P-168,CORP_IG_USD,US Investment Grade Corporate Bond Fund,Corporate Bonds,BUY,2500,95.19,0.238,9.8e-05,0.2381,USD,1.0,SETTLED
TXN-202202706,2023-10-23,2023-10-25,CLT-1012,P-134,7203_JP,Toyota Motor Corp.,Equity,WITHDRAWAL,0,1.0,0.5838,0.0001,-0.5838,JPY,152.0,FAILED
TXN-202300277,2023-10-23,2023-10-24,CLT-1006,P-116,IND_10Y_GSEC,India Sovereign G-Sec 7.18% 2033,Government Bonds,BUY,5000,101.19,0.506,0.000201,0.5062,INR,86.5,SETTLED
TXN-202402638,2023-10-23,2023-10-25,CLT-1015,P-144,UNH,UnitedHealth Group,Equity,SELL,1000,146.21,0.1462,5.5e-05,0.1461,USD,1.0,SETTLED
TXN-202404283,2023-10-24,2023-10-25,CLT-1025,P-173,IND_10Y_GSEC,India Sovereign G-Sec 7.18% 2033,Government Bonds,SELL,2500,100.19,0.2505,7.2e-05,0.2504,INR,86.5,SETTLED
TXN-202303282,2023-10-25,2023-10-27,CLT-1019,P-156,CORP_HY_USD,US High Yield Corporate Credit Note,Corporate Bonds,DIVIDEND,0,0.0,0.033,3.3e-05,0.033,USD,1.0,FAILED
TXN-202104140,2023-10-25,2023-10-26,CLT-1015,P-147,US_10Y_UST,US Treasury 10-Yr Benchmark Note,Government Bonds,BUY,2500,95.52,0.2388,8.1e-05,0.2389,USD,1.0,SETTLED
TXN-202403123,2023-10-26,2023-10-30,CLT-1015,P-147,ICICIBANK_IN,ICICI Bank Ltd.,Equity,SELL,1000,226.26,0.2263,8.8e-05,0.2262,INR,86.5,SETTLED
TXN-202204556,2023-10-26,2023-10-27,CLT-1003,P-109,JGB_10Y,Japan Government Bond 10-Yr 0.8%,Government Bonds,SELL,25000,96.23,2.4057,0.000696,2.405,JPY,152.0,SETTLED
TXN-202403933,2023-10-26,2023-10-30,CLT-1022,P-164,CORP_IG_USD,US Investment Grade Corporate Bond Fund,Corporate Bonds,BUY,1000,99.96,0.1,4.6e-05,0.1,USD,1.0,SETTLED
TXN-202301507,2023-10-30,2023-11-01,CLT-1013,P-139,CORP_IG_USD,US Investment Grade Corporate Bond Fund,Corporate Bonds,BUY,1000,97.31,0.0973,3e-05,0.0973,USD,1.0,SETTLED
TXN-202404083,2023-10-30,2023-10-31,CLT-1010,P-129,US_5Y_UST,US Treasury 5-Yr Benchmark Note,Government Bonds,WITHDRAWAL,0,1.0,1.3933,0.0001,-1.3933,USD,1.0,SETTLED
TXN-202200101,2023-10-30,2023-11-01,CLT-1021,P-162,AZN_LN,AstraZeneca PLC,Equity,DIVIDEND,0,0.0,0.055,5.5e-05,0.0549,GBP,0.79,SETTLED
TXN-202200106,2023-10-30,2023-11-01,CLT-1008,P-122,UNH,UnitedHealth Group,Equity,DIVIDEND,0,0.0,0.0385,3.9e-05,0.0385,USD,1.0,SETTLED
TXN-202305167,2023-10-30,2023-10-31,CLT-1014,P-141,EUR_LIQUIDITY_FUND,EUR Institutional Liquidity Master Fund,Money Market,BUY,1000,100.36,0.1004,1.7e-05,0.1004,EUR,0.92,SETTLED
TXN-202301497,2023-10-30,2023-10-31,CLT-1005,P-115,PLD_REIT,Prologis Global Logistics REIT,REIT,BUY,5000,99.64,0.4982,0.000168,0.4984,USD,1.0,SETTLED
TXN-202102305,2023-10-30,2023-11-01,CLT-1002,P-105,6758_JP,Sony Group Corp.,Equity,BUY,10000,217.26,2.1726,0.000485,2.1731,JPY,152.0,SETTLED
TXN-202403058,2023-10-30,2023-11-01,CLT-1023,P-167,CORP_IG_USD,US Investment Grade Corporate Bond Fund,Corporate Bonds,SELL,10000,102.95,1.0295,0.000344,1.0292,USD,1.0,SETTLED
TXN-202302172,2023-10-31,2023-11-02,CLT-1013,P-138,TCS_IN,Tata Consultancy Services,Equity,FEE,0,0.0,0.0229,0.0229,-0.0229,INR,86.5,SETTLED
TXN-202101015,2023-10-31,2023-11-01,CLT-1005,P-114,IND_10Y_GSEC,India Sovereign G-Sec 7.18% 2033,Government Bonds,SELL,2500,97.93,0.2448,0.000118,0.2447,INR,86.5,SETTLED
TXN-202100455,2023-10-31,2023-11-01,CLT-1009,P-124,USD_TREAS_MMF,Institutional USD Treasury Money Market Fund,Money Market,SELL,1000,96.13,0.0961,3.7e-05,0.0961,USD,1.0,SETTLED
TXN-202203206,2023-10-31,2023-11-01,CLT-1012,P-135,GER_10Y_BUND,Germany Bund 2.60% 2033,Government Bonds,SELL,5000,100.78,0.5039,0.000171,0.5037,EUR,0.92,SETTLED
TXN-202502309,2023-11-01,2023-11-02,CLT-1018,P-153,US_5Y_UST,US Treasury 5-Yr Benchmark Note,Government Bonds,WITHDRAWAL,0,1.0,3.0151,0.0001,-3.0151,USD,1.0,SETTLED
TXN-202403083,2023-11-02,2023-11-06,CLT-1021,P-162,BHARTIARTL_IN,Bharti Airtel Ltd.,Equity,SELL,50000,123.28,6.164,0.003017,6.161,INR,86.5,SETTLED
TXN-202201441,2023-11-02,2023-11-06,CLT-1003,P-109,DBS_SP,DBS Group Holdings,Equity,BUY,10000,52.43,0.5243,0.000254,0.5246,SGD,1.34,SETTLED
TXN-202403948,2023-11-02,2023-11-06,CLT-1005,P-115,AMZN,Amazon.com Inc.,Equity,FEE,0,0.0,0.0115,0.0115,-0.0115,USD,1.0,SETTLED
TXN-202204056,2023-11-02,2023-11-06,CLT-1018,P-153,AMZN,Amazon.com Inc.,Equity,DEPOSIT,0,1.0,2.0552,0.0001,2.0552,USD,1.0,SETTLED
TXN-202100205,2023-11-02,2023-11-06,CLT-1003,P-110,CORP_IG_EUR,Euro High Grade Corporate Bond Note,Corporate Bonds,FEE,0,0.0,0.0292,0.0292,-0.0292,EUR,0.92,SETTLED
TXN-202105125,2023-11-03,2023-11-07,CLT-1017,P-151,AAPL,Apple Inc.,Equity,SELL,10000,277.46,2.7746,0.000919,2.7737,USD,1.0,SETTLED
TXN-202104925,2023-11-03,2023-11-06,CLT-1010,P-128,US_10Y_UST,US Treasury 10-Yr Benchmark Note,Government Bonds,BUY,500,99.79,0.0499,8e-06,0.0499,USD,1.0,FAILED
TXN-202404948,2023-11-03,2023-11-06,CLT-1009,P-124,PLD_REIT,Prologis Global Logistics REIT,REIT,SELL,10000,100.91,1.0091,0.000178,1.0089,USD,1.0,SETTLED
TXN-202304777,2023-11-03,2023-11-07,CLT-1018,P-154,ICICIBANK_IN,ICICI Bank Ltd.,Equity,TRANSFER,0,1.0,1.564,0.0001,-1.564,INR,86.5,PENDING
TXN-202204681,2023-11-06,2023-11-08,CLT-1021,P-163,CORP_HY_USD,US High Yield Corporate Credit Note,Corporate Bonds,SELL,50000,99.31,4.9655,0.002343,4.9632,USD,1.0,SETTLED
TXN-202202446,2023-11-06,2023-11-08,CLT-1003,P-110,LT_IN,Larsen & Toubro Ltd.,Equity,BUY,10000,304.41,3.0441,0.001214,3.0453,INR,86.5,SETTLED
TXN-202105165,2023-11-06,2023-11-08,CLT-1013,P-137,CORP_IG_USD,US Investment Grade Corporate Bond Fund,Corporate Bonds,DEPOSIT,0,1.0,2.8238,0.0001,2.8238,USD,1.0,SETTLED
TXN-202503454,2023-11-06,2023-11-07,CLT-1006,P-118,JGB_10Y,Japan Government Bond 10-Yr 0.8%,Government Bonds,SELL,5000,101.21,0.506,0.000129,0.5059,JPY,152.0,SETTLED
TXN-202204016,2023-11-06,2023-11-08,CLT-1010,P-127,XOM,Exxon Mobil Corp.,Equity,SELL,1000,156.01,0.156,3.3e-05,0.156,USD,1.0,SETTLED
TXN-202301127,2023-11-06,2023-11-08,CLT-1016,P-148,AAPL,Apple Inc.,Equity,SELL,10000,93.5,0.935,0.000406,0.9346,USD,1.0,SETTLED
TXN-202301837,2023-11-06,2023-11-07,CLT-1019,P-156,USD_TREAS_MMF,Institutional USD Treasury Money Market Fund,Money Market,BUY,50000,97.64,4.882,0.001754,4.8838,USD,1.0,SETTLED
TXN-202200471,2023-11-07,2023-11-09,CLT-1014,P-143,SHEL_LN,Shell PLC,Equity,SELL,2500,65.76,0.1644,3e-05,0.1644,GBP,0.79,SETTLED
TXN-202301492,2023-11-07,2023-11-09,CLT-1010,P-129,TCS_IN,Tata Consultancy Services,Equity,BUY,5000,268.52,1.3426,0.000544,1.3431,INR,86.5,SETTLED
TXN-202403263,2023-11-07,2023-11-08,CLT-1014,P-141,USD_TREAS_MMF,Institutional USD Treasury Money Market Fund,Money Market,SELL,500,98.16,0.0491,2e-05,0.0491,USD,1.0,SETTLED
TXN-202501454,2023-11-08,2023-11-10,CLT-1014,P-143,CORP_IG_USD,US Investment Grade Corporate Bond Fund,Corporate Bonds,BUY,500,101.44,0.0507,8e-06,0.0507,USD,1.0,SETTLED
TXN-202402513,2023-11-08,2023-11-10,CLT-1017,P-149,AZN_LN,AstraZeneca PLC,Equity,DIVIDEND,0,0.0,0.0697,7e-05,0.0696,GBP,0.79,SETTLED
TXN-202402398,2023-11-09,2023-11-13,CLT-1005,P-115,HDFCBANK_IN,HDFC Bank Ltd.,Equity,INTEREST,0,0.0,0.176,0.000176,0.1758,INR,86.5,SETTLED
TXN-202201591,2023-11-09,2023-11-13,CLT-1020,P-159,DBS_SP,DBS Group Holdings,Equity,DIVIDEND,0,0.0,0.1923,0.000192,0.1921,SGD,1.34,SETTLED
TXN-202202016,2023-11-10,2023-11-14,CLT-1001,P-102,CORP_HY_USD,US High Yield Corporate Credit Note,Corporate Bonds,SELL,25000,100.11,2.5027,0.000571,2.5021,USD,1.0,SETTLED
TXN-202500849,2023-11-10,2023-11-13,CLT-1007,P-119,US_10Y_UST,US Treasury 10-Yr Benchmark Note,Government Bonds,BUY,10000,97.04,0.9704,0.000179,0.9706,USD,1.0,SETTLED
TXN-202100755,2023-11-10,2023-11-13,CLT-1010,P-128,US_10Y_UST,US Treasury 10-Yr Benchmark Note,Government Bonds,SELL,500,98.59,0.0493,1.3e-05,0.0493,USD,1.0,SETTLED
TXN-202301287,2023-11-13,2023-11-15,CLT-1012,P-133,HDFCBANK_IN,HDFC Bank Ltd.,Equity,BUY,500,67.4,0.0337,1e-05,0.0337,INR,86.5,SETTLED
TXN-202204716,2023-11-13,2023-11-14,CLT-1012,P-133,JGB_10Y,Japan Government Bond 10-Yr 0.8%,Government Bonds,INTEREST,0,0.0,0.0251,2.5e-05,0.0251,JPY,152.0,SETTLED
TXN-202400638,2023-11-13,2023-11-15,CLT-1017,P-150,ICICIBANK_IN,ICICI Bank Ltd.,Equity,BUY,50000,228.36,11.418,0.003049,11.421,INR,86.5,SETTLED
TXN-202104540,2023-11-13,2023-11-15,CLT-1012,P-134,BHARTIARTL_IN,Bharti Airtel Ltd.,Equity,SELL,10000,290.08,2.9008,0.001391,2.8994,INR,86.5,SETTLED
TXN-202504109,2023-11-13,2023-11-15,CLT-1008,P-122,CORP_IG_EUR,Euro High Grade Corporate Bond Note,Corporate Bonds,INTEREST,0,0.0,0.0438,4.4e-05,0.0438,EUR,0.92,SETTLED
TXN-202400138,2023-11-14,2023-11-16,CLT-1024,P-170,CORP_IG_EUR,Euro High Grade Corporate Bond Note,Corporate Bonds,BUY,2500,97.32,0.2433,4.5e-05,0.2433,EUR,0.92,SETTLED
TXN-202100365,2023-11-14,2023-11-16,CLT-1019,P-157,XOM,Exxon Mobil Corp.,Equity,SELL,500,85.25,0.0426,1e-05,0.0426,USD,1.0,SETTLED
TXN-202100640,2023-11-15,2023-11-17,CLT-1018,P-152,XOM,Exxon Mobil Corp.,Equity,BUY,500,160.11,0.0801,1.5e-05,0.0801,USD,1.0,SETTLED
TXN-202202891,2023-11-15,2023-11-17,CLT-1006,P-118,ICICIBANK_IN,ICICI Bank Ltd.,Equity,SELL,10000,304.65,3.0465,0.001167,3.0453,INR,86.5,SETTLED
TXN-202202831,2023-11-15,2023-11-17,CLT-1022,P-164,6758_JP,Sony Group Corp.,Equity,SELL,500,201.78,0.1009,4.3e-05,0.1009,JPY,152.0,SETTLED
TXN-202304282,2023-11-16,2023-11-20,CLT-1005,P-113,SAP_GY,SAP SE,Equity,BUY,10000,233.32,2.3332,0.001044,2.3342,EUR,0.92,SETTLED
TXN-202302232,2023-11-16,2023-11-20,CLT-1016,P-148,CORP_HY_USD,US High Yield Corporate Credit Note,Corporate Bonds,SELL,500,95.67,0.0478,2.1e-05,0.0478,USD,1.0,SETTLED
TXN-202203246,2023-11-20,2023-11-22,CLT-1021,P-163,GOOGL,Alphabet Inc.,Equity,BUY,1000,268.88,0.2689,4.9e-05,0.2689,USD,1.0,SETTLED
TXN-202103690,2023-11-20,2023-11-21,CLT-1005,P-113,JGB_10Y,Japan Government Bond 10-Yr 0.8%,Government Bonds,INTEREST,0,0.0,0.1617,0.000162,0.1615,JPY,152.0,SETTLED
TXN-202102890,2023-11-20,2023-11-22,CLT-1004,P-111,JPM,JPMorgan Chase & Co.,Equity,BUY,50000,111.61,5.5805,0.000929,5.5814,USD,1.0,SETTLED
TXN-202504739,2023-11-20,2023-11-22,CLT-1021,P-163,HDFCBANK_IN,HDFC Bank Ltd.,Equity,BUY,50000,58.79,2.9395,0.000593,2.9401,INR,86.5,SETTLED
TXN-202503754,2023-11-20,2023-11-22,CLT-1024,P-170,6758_JP,Sony Group Corp.,Equity,SELL,10000,257.21,2.5721,0.000822,2.5713,JPY,152.0,SETTLED
TXN-202200696,2023-11-20,2023-11-22,CLT-1003,P-110,AZN_LN,AstraZeneca PLC,Equity,SELL,25000,273.56,6.839,0.003036,6.836,GBP,0.79,SETTLED
TXN-202101510,2023-11-21,2023-11-23,CLT-1017,P-151,DBS_SP,DBS Group Holdings,Equity,INTEREST,0,0.0,0.2417,0.000242,0.2415,SGD,1.34,SETTLED
TXN-202503579,2023-11-22,2023-11-24,CLT-1002,P-105,ICICIBANK_IN,ICICI Bank Ltd.,Equity,DIVIDEND,0,0.0,0.1044,0.000104,0.1043,INR,86.5,SETTLED
TXN-202301117,2023-11-22,2023-11-24,CLT-1013,P-138,XOM,Exxon Mobil Corp.,Equity,SELL,10000,178.28,1.7828,0.000277,1.7825,USD,1.0,SETTLED
TXN-202504199,2023-11-22,2023-11-24,CLT-1011,P-130,BHARTIARTL_IN,Bharti Airtel Ltd.,Equity,DIVIDEND,0,0.0,0.0177,1.8e-05,0.0177,INR,86.5,SETTLED
TXN-202403018,2023-11-23,2023-11-24,CLT-1018,P-155,US_5Y_UST,US Treasury 5-Yr Benchmark Note,Government Bonds,BUY,25000,100.74,2.5185,0.000856,2.5194,USD,1.0,FAILED
TXN-202302812,2023-11-23,2023-11-27,CLT-1010,P-129,MSFT,Microsoft Corp.,Equity,DIVIDEND,0,0.0,0.2405,0.00024,0.2403,USD,1.0,SETTLED
TXN-202302027,2023-11-24,2023-11-27,CLT-1010,P-127,JGB_10Y,Japan Government Bond 10-Yr 0.8%,Government Bonds,BUY,1000,100.6,0.1006,2.9e-05,0.1006,JPY,152.0,SETTLED
TXN-202300397,2023-11-24,2023-11-27,CLT-1021,P-161,UK_10Y_GILT,UK Gilt 3.75% 2033,Government Bonds,SELL,50000,100.81,5.0405,0.00116,5.0393,GBP,0.79,SETTLED
TXN-202100850,2023-11-24,2023-11-28,CLT-1013,P-140,MSFT,Microsoft Corp.,Equity,DIVIDEND,0,0.0,0.0298,3e-05,0.0298,USD,1.0,SETTLED
TXN-202302272,2023-11-24,2023-11-27,CLT-1014,P-141,JGB_10Y,Japan Government Bond 10-Yr 0.8%,Government Bonds,SELL,500,98.9,0.0495,2.2e-05,0.0495,JPY,152.0,SETTLED
TXN-202203041,2023-11-24,2023-11-28,CLT-1022,P-166,ASML_NA,ASML Holding NV,Equity,BUY,10000,229.81,2.2981,0.000759,2.2989,EUR,0.92,SETTLED
TXN-202404808,2023-11-27,2023-11-29,CLT-1008,P-121,BHARTIARTL_IN,Bharti Airtel Ltd.,Equity,SELL,10000,166.22,1.6622,0.000562,1.6616,INR,86.5,SETTLED
TXN-202300682,2023-11-27,2023-11-28,CLT-1021,P-163,JGB_10Y,Japan Government Bond 10-Yr 0.8%,Government Bonds,BUY,2500,101.83,0.2546,4.2e-05,0.2546,JPY,152.0,SETTLED
TXN-202205071,2023-11-27,2023-11-28,CLT-1005,P-113,GLD_ETF,SPDR Gold Shares Institutional Trust,ETF,BUY,2500,97.0,0.2425,6.3e-05,0.2426,USD,1.0,SETTLED
TXN-202100445,2023-11-27,2023-11-29,CLT-1025,P-174,ASML_NA,ASML Holding NV,Equity,WITHDRAWAL,0,1.0,2.7076,0.0001,-2.7076,EUR,0.92,SETTLED
TXN-202202276,2023-11-27,2023-11-28,CLT-1018,P-155,GLD_ETF,SPDR Gold Shares Institutional Trust,ETF,BUY,10000,98.76,0.9876,0.000436,0.988,USD,1.0,SETTLED
TXN-202300882,2023-11-27,2023-11-29,CLT-1007,P-119,AMZN,Amazon.com Inc.,Equity,SELL,5000,263.49,1.3175,0.00045,1.317,USD,1.0,SETTLED
TXN-202500564,2023-11-27,2023-11-28,CLT-1019,P-156,JGB_10Y,Japan Government Bond 10-Yr 0.8%,Government Bonds,BUY,500,100.55,0.0503,1.4e-05,0.0503,JPY,152.0,SETTLED
TXN-202103425,2023-11-27,2023-11-28,CLT-1015,P-145,GER_10Y_BUND,Germany Bund 2.60% 2033,Government Bonds,SELL,50000,97.63,4.8815,0.001219,4.8803,EUR,0.92,SETTLED
TXN-202502259,2023-11-27,2023-11-29,CLT-1013,P-138,ASML_NA,ASML Holding NV,Equity,SELL,1000,160.19,0.1602,3.8e-05,0.1602,EUR,0.92,SETTLED
TXN-202400303,2023-11-27,2023-11-29,CLT-1009,P-124,CORP_IG_USD,US Investment Grade Corporate Bond Fund,Corporate Bonds,SELL,10000,97.58,0.9758,0.000339,0.9755,USD,1.0,SETTLED
TXN-202300542,2023-11-28,2023-11-30,CLT-1002,P-105,UNH,UnitedHealth Group,Equity,SELL,500,110.88,0.0554,2.4e-05,0.0554,USD,1.0,SETTLED
TXN-202104120,2023-11-28,2023-11-30,CLT-1023,P-169,DBS_SP,DBS Group Holdings,Equity,BUY,1000,263.29,0.2633,0.0001,0.2634,SGD,1.34,SETTLED
TXN-202300987,2023-11-28,2023-11-30,CLT-1007,P-119,AAPL,Apple Inc.,Equity,INTEREST,0,0.0,0.1008,0.000101,0.1007,USD,1.0,FAILED
TXN-202405183,2023-11-28,2023-11-30,CLT-1010,P-126,AMZN,Amazon.com Inc.,Equity,BUY,10000,226.78,2.2678,0.000683,2.2685,USD,1.0,SETTLED
TXN-202403478,2023-11-29,2023-12-01,CLT-1008,P-122,AMZN,Amazon.com Inc.,Equity,TRANSFER,0,1.0,2.0467,0.0001,-2.0467,USD,1.0,SETTLED
TXN-202300842,2023-11-29,2023-12-01,CLT-1013,P-136,ICICIBANK_IN,ICICI Bank Ltd.,Equity,SELL,50000,236.87,11.8435,0.002634,11.8409,INR,86.5,SETTLED
TXN-202301892,2023-11-29,2023-12-01,CLT-1009,P-124,BHARTIARTL_IN,Bharti Airtel Ltd.,Equity,BUY,500,216.77,0.1084,3.5e-05,0.1084,INR,86.5,SETTLED
TXN-202404818,2023-11-29,2023-12-01,CLT-1012,P-135,RELIANCE_IN,Reliance Industries Ltd.,Equity,INTEREST,0,0.0,0.1688,0.000169,0.1686,INR,86.5,SETTLED
TXN-202104580,2023-11-30,2023-12-04,CLT-1010,P-127,INFY_IN,Infosys Ltd.,Equity,SELL,500,109.81,0.0549,2.7e-05,0.0549,INR,86.5,SETTLED
TXN-202404993,2023-11-30,2023-12-04,CLT-1011,P-131,ASML_NA,ASML Holding NV,Equity,SELL,5000,152.44,0.7622,0.000372,0.7618,EUR,0.92,SETTLED
TXN-202101790,2023-12-01,2023-12-05,CLT-1014,P-143,6758_JP,Sony Group Corp.,Equity,SELL,25000,203.46,5.0865,0.001105,5.0854,JPY,152.0,SETTLED
TXN-202502394,2023-12-04,2023-12-06,CLT-1010,P-126,AZN_LN,AstraZeneca PLC,Equity,SELL,5000,313.71,1.5686,0.00044,1.5682,GBP,0.79,SETTLED
TXN-202103630,2023-12-04,2023-12-06,CLT-1016,P-148,AMZN,Amazon.com Inc.,Equity,SELL,50000,65.0,3.25,0.000973,3.249,USD,1.0,SETTLED
TXN-202503364,2023-12-04,2023-12-05,CLT-1013,P-140,GER_10Y_BUND,Germany Bund 2.60% 2033,Government Bonds,WITHDRAWAL,0,1.0,1.3599,0.0001,-1.3599,EUR,0.92,SETTLED
TXN-202100465,2023-12-04,2023-12-05,CLT-1013,P-140,INFRA_GLOBAL_TRUST,Global Infrastructure Core Income Note,Alternatives,SELL,5000,96.86,0.4843,0.000147,0.4842,USD,1.0,SETTLED
TXN-202200766,2023-12-04,2023-12-06,CLT-1013,P-136,AZN_LN,AstraZeneca PLC,Equity,INTEREST,0,0.0,0.0682,6.8e-05,0.0681,GBP,0.79,PENDING
TXN-202201126,2023-12-05,2023-12-07,CLT-1022,P-166,BHARTIARTL_IN,Bharti Airtel Ltd.,Equity,DIVIDEND,0,0.0,0.1492,0.000149,0.1491,INR,86.5,SETTLED
TXN-202403768,2023-12-05,2023-12-07,CLT-1007,P-119,SHEL_LN,Shell PLC,Equity,FEE,0,0.0,0.0443,0.0443,-0.0443,GBP,0.79,SETTLED
TXN-202204201,2023-12-05,2023-12-07,CLT-1023,P-169,ICICIBANK_IN,ICICI Bank Ltd.,Equity,WITHDRAWAL,0,1.0,0.7968,0.0001,-0.7968,INR,86.5,SETTLED
TXN-202301867,2023-12-05,2023-12-07,CLT-1021,P-163,JPM,JPMorgan Chase & Co.,Equity,FEE,0,0.0,0.0121,0.0121,-0.0121,USD,1.0,SETTLED
TXN-202101020,2023-12-05,2023-12-07,CLT-1014,P-143,ASML_NA,ASML Holding NV,Equity,SELL,50000,51.68,2.584,0.001146,2.5829,EUR,0.92,SETTLED
TXN-202500889,2023-12-06,2023-12-08,CLT-1003,P-110,SAP_GY,SAP SE,Equity,BUY,10000,232.71,2.3271,0.000384,2.3275,EUR,0.92,SETTLED
TXN-202304997,2023-12-06,2023-12-08,CLT-1024,P-171,AAPL,Apple Inc.,Equity,TRANSFER,0,1.0,1.5397,0.0001,-1.5397,USD,1.0,PENDING
TXN-202403313,2023-12-06,2023-12-07,CLT-1006,P-117,IND_10Y_GSEC,India Sovereign G-Sec 7.18% 2033,Government Bonds,BUY,10000,99.76,0.9976,0.00037,0.998,INR,86.5,SETTLED
TXN-202400273,2023-12-06,2023-12-07,CLT-1017,P-150,PLD_REIT,Prologis Global Logistics REIT,REIT,BUY,10000,97.22,0.9722,0.000421,0.9726,USD,1.0,SETTLED
TXN-202403318,2023-12-07,2023-12-11,CLT-1013,P-140,AMZN,Amazon.com Inc.,Equity,SELL,5000,95.72,0.4786,0.000132,0.4785,USD,1.0,SETTLED
TXN-202503074,2023-12-07,2023-12-08,CLT-1002,P-104,OPERATING_CASH,Operational Custody Cash Balance,Cash,BUY,25000,99.18,2.4795,0.000666,2.4802,USD,1.0,SETTLED
TXN-202202346,2023-12-07,2023-12-11,CLT-1019,P-158,CORP_HY_USD,US High Yield Corporate Credit Note,Corporate Bonds,SELL,2500,100.12,0.2503,0.000124,0.2502,USD,1.0,SETTLED
TXN-202402413,2023-12-08,2023-12-11,CLT-1006,P-116,UK_10Y_GILT,UK Gilt 3.75% 2033,Government Bonds,DIVIDEND,0,0.0,0.0672,6.7e-05,0.0671,GBP,0.79,SETTLED
TXN-202200376,2023-12-08,2023-12-12,CLT-1016,P-148,CORP_HY_USD,US High Yield Corporate Credit Note,Corporate Bonds,BUY,25000,96.35,2.4087,0.000804,2.4095,USD,1.0,SETTLED
TXN-202500029,2023-12-11,2023-12-13,CLT-1010,P-128,SHEL_LN,Shell PLC,Equity,SELL,1000,297.47,0.2975,5.4e-05,0.2974,GBP,0.79,SETTLED
TXN-202204781,2023-12-11,2023-12-13,CLT-1017,P-151,AAPL,Apple Inc.,Equity,BUY,10000,197.17,1.9717,0.000727,1.9724,USD,1.0,SETTLED
TXN-202402238,2023-12-11,2023-12-13,CLT-1006,P-118,UNH,UnitedHealth Group,Equity,BUY,50000,125.19,6.2595,0.002847,6.2623,USD,1.0,SETTLED
TXN-202303147,2023-12-11,2023-12-13,CLT-1014,P-142,HDFCBANK_IN,HDFC Bank Ltd.,Equity,FEE,0,0.0,0.0324,0.0324,-0.0324,INR,86.5,SETTLED
TXN-202500264,2023-12-11,2023-12-12,CLT-1021,P-163,OPERATING_CASH,Operational Custody Cash Balance,Cash,BUY,5000,98.2,0.491,0.000125,0.4911,USD,1.0,SETTLED
TXN-202504729,2023-12-11,2023-12-13,CLT-1025,P-174,NVDA,NVIDIA Corp.,Equity,BUY,2500,223.83,0.5596,0.000242,0.5598,USD,1.0,SETTLED
TXN-202404663,2023-12-11,2023-12-13,CLT-1003,P-109,NOVN_SW,Novartis AG,Equity,BUY,50000,268.46,13.423,0.0021,13.4251,CHF,0.88,SETTLED
TXN-202200746,2023-12-11,2023-12-13,CLT-1018,P-153,CORP_HY_USD,US High Yield Corporate Credit Note,Corporate Bonds,BUY,1000,101.44,0.1014,2.3e-05,0.1014,USD,1.0,SETTLED
TXN-202100920,2023-12-11,2023-12-12,CLT-1001,P-102,US_5Y_UST,US Treasury 5-Yr Benchmark Note,Government Bonds,BUY,2500,98.78,0.247,9.8e-05,0.2471,USD,1.0,SETTLED
TXN-202104105,2023-12-11,2023-12-13,CLT-1025,P-174,AMZN,Amazon.com Inc.,Equity,TRANSFER,0,1.0,3.151,0.0001,-3.151,USD,1.0,SETTLED
TXN-202200726,2023-12-11,2023-12-13,CLT-1015,P-144,CORP_HY_USD,US High Yield Corporate Credit Note,Corporate Bonds,BUY,10000,99.93,0.9993,0.000443,0.9997,USD,1.0,SETTLED
TXN-202504854,2023-12-12,2023-12-14,CLT-1003,P-107,CORP_HY_USD,US High Yield Corporate Credit Note,Corporate Bonds,BUY,500,98.85,0.0494,1.8e-05,0.0494,USD,1.0,SETTLED
TXN-202302857,2023-12-12,2023-12-14,CLT-1019,P-158,BHARTIARTL_IN,Bharti Airtel Ltd.,Equity,BUY,1000,228.62,0.2286,9.1e-05,0.2287,INR,86.5,SETTLED
TXN-202501884,2023-12-12,2023-12-14,CLT-1009,P-123,SHEL_LN,Shell PLC,Equity,BUY,10000,292.06,2.9206,0.000536,2.9211,GBP,0.79,SETTLED
TXN-202201806,2023-12-13,2023-12-14,CLT-1015,P-146,GLD_ETF,SPDR Gold Shares Institutional Trust,ETF,BUY,2500,96.83,0.2421,5.1e-05,0.2422,USD,1.0,SETTLED
TXN-202303127,2023-12-13,2023-12-14,CLT-1003,P-107,INR_OVERNIGHT_CASH,Institutional INR Overnight Liquid Fund,Money Market,SELL,25000,95.56,2.389,0.000676,2.3883,INR,86.5,SETTLED
TXN-202300912,2023-12-14,2023-12-18,CLT-1012,P-133,XOM,Exxon Mobil Corp.,Equity,SELL,5000,265.82,1.3291,0.000575,1.3285,USD,1.0,SETTLED
TXN-202500174,2023-12-15,2023-12-18,CLT-1012,P-135,EUR_LIQUIDITY_FUND,EUR Institutional Liquidity Master Fund,Money Market,BUY,10000,95.84,0.9584,0.00026,0.9587,EUR,0.92,SETTLED
TXN-202301637,2023-12-18,2023-12-19,CLT-1018,P-153,GER_10Y_BUND,Germany Bund 2.60% 2033,Government Bonds,BUY,1000,96.18,0.0962,4.3e-05,0.0962,EUR,0.92,SETTLED
TXN-202400523,2023-12-18,2023-12-19,CLT-1025,P-173,EUR_LIQUIDITY_FUND,EUR Institutional Liquidity Master Fund,Money Market,SELL,10000,98.15,0.9815,0.000335,0.9812,EUR,0.92,SETTLED
TXN-202501684,2023-12-18,2023-12-19,CLT-1023,P-167,UK_10Y_GILT,UK Gilt 3.75% 2033,Government Bonds,BUY,10000,95.19,0.9519,0.000278,0.9522,GBP,0.79,SETTLED
TXN-202101885,2023-12-18,2023-12-19,CLT-1009,P-125,INFRA_GLOBAL_TRUST,Global Infrastructure Core Income Note,Alternatives,DEPOSIT,0,1.0,0.4793,0.0001,0.4793,USD,1.0,SETTLED
TXN-202300202,2023-12-18,2023-12-19,CLT-1003,P-107,INR_OVERNIGHT_CASH,Institutional INR Overnight Liquid Fund,Money Market,SELL,10000,98.53,0.9853,0.000241,0.9851,INR,86.5,SETTLED
TXN-202503479,2023-12-18,2023-12-19,CLT-1013,P-139,JGB_10Y,Japan Government Bond 10-Yr 0.8%,Government Bonds,BUY,10000,95.79,0.9579,0.000397,0.9583,JPY,152.0,SETTLED
TXN-202402598,2023-12-18,2023-12-19,CLT-1010,P-128,US_10Y_UST,US Treasury 10-Yr Benchmark Note,Government Bonds,BUY,1000,95.33,0.0953,4.4e-05,0.0953,USD,1.0,SETTLED
TXN-202504284,2023-12-19,2023-12-20,CLT-1017,P-150,GLD_ETF,SPDR Gold Shares Institutional Trust,ETF,BUY,2500,96.52,0.2413,0.000111,0.2414,USD,1.0,SETTLED
TXN-202104615,2023-12-19,2023-12-20,CLT-1010,P-128,EUR_LIQUIDITY_FUND,EUR Institutional Liquidity Master Fund,Money Market,BUY,50000,98.53,4.9265,0.001033,4.9275,EUR,0.92,SETTLED
TXN-202300937,2023-12-19,2023-12-21,CLT-1006,P-118,LT_IN,Larsen & Toubro Ltd.,Equity,SELL,1000,239.99,0.24,8.8e-05,0.2399,INR,86.5,SETTLED
TXN-202303082,2023-12-20,2023-12-22,CLT-1020,P-160,MSFT,Microsoft Corp.,Equity,DIVIDEND,0,0.0,0.1848,0.000185,0.1846,USD,1.0,SETTLED
TXN-202500744,2023-12-20,2023-12-21,CLT-1021,P-163,IND_10Y_GSEC,India Sovereign G-Sec 7.18% 2033,Government Bonds,SELL,10000,99.33,0.9933,0.000289,0.993,INR,86.5,SETTLED
TXN-202402243,2023-12-20,2023-12-21,CLT-1019,P-157,PLD_REIT,Prologis Global Logistics REIT,REIT,SELL,5000,96.28,0.4814,0.000119,0.4813,USD,1.0,SETTLED
TXN-202300592,2023-12-21,2023-12-25,CLT-1009,P-125,ICICIBANK_IN,ICICI Bank Ltd.,Equity,SELL,25000,346.26,8.6565,0.003133,8.6534,INR,86.5,SETTLED
TXN-202503894,2023-12-21,2023-12-25,CLT-1011,P-131,LT_IN,Larsen & Toubro Ltd.,Equity,BUY,50000,307.8,15.39,0.007208,15.3972,INR,86.5,SETTLED
TXN-202200846,2023-12-21,2023-12-25,CLT-1003,P-109,6758_JP,Sony Group Corp.,Equity,SELL,2500,239.72,0.5993,0.000184,0.5991,JPY,152.0,SETTLED
TXN-202100610,2023-12-21,2023-12-22,CLT-1013,P-137,US_10Y_UST,US Treasury 10-Yr Benchmark Note,Government Bonds,BUY,50000,100.51,5.0255,0.000979,5.0265,USD,1.0,SETTLED
TXN-202201726,2023-12-22,2023-12-25,CLT-1001,P-103,JGB_10Y,Japan Government Bond 10-Yr 0.8%,Government Bonds,DIVIDEND,0,0.0,0.0847,8.5e-05,0.0846,JPY,152.0,SETTLED
TXN-202304662,2023-12-22,2023-12-25,CLT-1003,P-108,USD_TREAS_MMF,Institutional USD Treasury Money Market Fund,Money Market,SELL,1000,96.67,0.0967,3.1e-05,0.0967,USD,1.0,SETTLED
TXN-202300822,2023-12-25,2023-12-27,CLT-1015,P-147,NOVN_SW,Novartis AG,Equity,BUY,25000,132.94,3.3235,0.000525,3.324,CHF,0.88,SETTLED
TXN-202400908,2023-12-25,2023-12-27,CLT-1022,P-165,MSFT,Microsoft Corp.,Equity,FEE,0,0.0,0.0359,0.0359,-0.0359,USD,1.0,SETTLED
TXN-202404373,2023-12-25,2023-12-26,CLT-1024,P-171,US_5Y_UST,US Treasury 5-Yr Benchmark Note,Government Bonds,TRANSFER,0,1.0,0.8397,0.0001,-0.8397,USD,1.0,SETTLED
TXN-202303327,2023-12-25,2023-12-27,CLT-1007,P-119,LT_IN,Larsen & Toubro Ltd.,Equity,BUY,5000,233.04,1.1652,0.000406,1.1656,INR,86.5,SETTLED
TXN-202205181,2023-12-25,2023-12-26,CLT-1009,P-124,INR_OVERNIGHT_CASH,Institutional INR Overnight Liquid Fund,Money Market,DIVIDEND,0,0.0,0.236,0.000236,0.2358,INR,86.5,PENDING
TXN-202203381,2023-12-25,2023-12-26,CLT-1002,P-104,GLD_ETF,SPDR Gold Shares Institutional Trust,ETF,SELL,5000,98.69,0.4934,0.000114,0.4933,USD,1.0,SETTLED
TXN-202101470,2023-12-25,2023-12-26,CLT-1014,P-142,EUR_LIQUIDITY_FUND,EUR Institutional Liquidity Master Fund,Money Market,BUY,500,98.12,0.0491,2.4e-05,0.0491,EUR,0.92,SETTLED
TXN-202400408,2023-12-25,2023-12-27,CLT-1013,P-138,RELIANCE_IN,Reliance Industries Ltd.,Equity,SELL,50000,278.67,13.9335,0.006336,13.9272,INR,86.5,SETTLED
TXN-202103400,2023-12-26,2023-12-27,CLT-1010,P-128,EUR_LIQUIDITY_FUND,EUR Institutional Liquidity Master Fund,Money Market,BUY,2500,102.4,0.256,9e-05,0.2561,EUR,0.92,SETTLED
TXN-202200391,2023-12-26,2023-12-27,CLT-1012,P-132,OPERATING_CASH,Operational Custody Cash Balance,Cash,BUY,10000,97.47,0.9747,0.000296,0.975,USD,1.0,SETTLED
TXN-202300352,2023-12-27,2023-12-29,CLT-1014,P-143,TCS_IN,Tata Consultancy Services,Equity,DIVIDEND,0,0.0,0.1756,0.000176,0.1754,INR,86.5,SETTLED
TXN-202202021,2023-12-27,2023-12-28,CLT-1019,P-156,US_10Y_UST,US Treasury 10-Yr Benchmark Note,Government Bonds,SELL,500,100.25,0.0501,9e-06,0.0501,USD,1.0,SETTLED
TXN-202201571,2023-12-27,2023-12-29,CLT-1006,P-117,CORP_IG_EUR,Euro High Grade Corporate Bond Note,Corporate Bonds,INTEREST,0,0.0,0.0872,8.7e-05,0.0871,EUR,0.92,SETTLED
TXN-202401408,2023-12-28,2024-01-01,CLT-1023,P-167,ASML_NA,ASML Holding NV,Equity,SELL,500,117.24,0.0586,1.1e-05,0.0586,EUR,0.92,FAILED
TXN-202504559,2023-12-28,2024-01-01,CLT-1003,P-107,ICICIBANK_IN,ICICI Bank Ltd.,Equity,SELL,500,276.26,0.1381,2.8e-05,0.1381,INR,86.5,SETTLED
TXN-202301012,2023-12-28,2024-01-01,CLT-1015,P-144,CORP_IG_EUR,Euro High Grade Corporate Bond Note,Corporate Bonds,DIVIDEND,0,0.0,0.0568,5.7e-05,0.0567,EUR,0.92,SETTLED
TXN-202500254,2023-12-29,2024-01-02,CLT-1022,P-165,MSFT,Microsoft Corp.,Equity,BUY,5000,265.54,1.3277,0.000641,1.3283,USD,1.0,SETTLED
TXN-202101300,2024-01-01,2024-01-02,CLT-1010,P-128,US_5Y_UST,US Treasury 5-Yr Benchmark Note,Government Bonds,BUY,10000,102.54,1.0254,0.000336,1.0257,USD,1.0,SETTLED
TXN-202304907,2024-01-01,2024-01-02,CLT-1009,P-124,IND_10Y_GSEC,India Sovereign G-Sec 7.18% 2033,Government Bonds,TRANSFER,0,1.0,1.2183,0.0001,-1.2183,INR,86.5,SETTLED
TXN-202200381,2024-01-01,2024-01-03,CLT-1023,P-169,GOOGL,Alphabet Inc.,Equity,INTEREST,0,0.0,0.12,0.00012,0.1199,USD,1.0,SETTLED
TXN-202401573,2024-01-01,2024-01-03,CLT-1005,P-113,XOM,Exxon Mobil Corp.,Equity,INTEREST,0,0.0,0.025,2.5e-05,0.025,USD,1.0,SETTLED
TXN-202304107,2024-01-01,2024-01-03,CLT-1020,P-160,ICICIBANK_IN,ICICI Bank Ltd.,Equity,BUY,500,203.69,0.1018,3.3e-05,0.1018,INR,86.5,SETTLED
TXN-202101905,2024-01-01,2024-01-03,CLT-1018,P-154,BHARTIARTL_IN,Bharti Airtel Ltd.,Equity,INTEREST,0,0.0,0.0891,8.9e-05,0.089,INR,86.5,SETTLED
TXN-202401918,2024-01-01,2024-01-02,CLT-1024,P-170,IND_10Y_GSEC,India Sovereign G-Sec 7.18% 2033,Government Bonds,BUY,2500,96.26,0.2407,9.5e-05,0.2408,INR,86.5,SETTLED
TXN-202500859,2024-01-01,2024-01-02,CLT-1003,P-110,OPERATING_CASH,Operational Custody Cash Balance,Cash,BUY,5000,100.75,0.5038,0.000114,0.5039,USD,1.0,SETTLED
TXN-202503444,2024-01-03,2024-01-05,CLT-1008,P-121,ICICIBANK_IN,ICICI Bank Ltd.,Equity,SELL,50000,199.72,9.986,0.001981,9.984,INR,86.5,SETTLED
TXN-202300062,2024-01-03,2024-01-05,CLT-1001,P-103,HDFCBANK_IN,HDFC Bank Ltd.,Equity,SELL,1000,308.73,0.3087,5.9e-05,0.3086,INR,86.5,SETTLED
TXN-202200241,2024-01-03,2024-01-05,CLT-1010,P-127,XOM,Exxon Mobil Corp.,Equity,DIVIDEND,0,0.0,0.2378,0.000238,0.2376,USD,1.0,SETTLED
TXN-202101845,2024-01-04,2024-01-05,CLT-1008,P-121,OPERATING_CASH,Operational Custody Cash Balance,Cash,SELL,1000,98.35,0.0984,2.6e-05,0.0984,USD,1.0,SETTLED
TXN-202100980,2024-01-04,2024-01-08,CLT-1009,P-124,ICICIBANK_IN,ICICI Bank Ltd.,Equity,BUY,2500,201.02,0.5026,0.000247,0.5028,INR,86.5,SETTLED
TXN-202402358,2024-01-04,2024-01-05,CLT-1018,P-154,USD_TREAS_MMF,Institutional USD Treasury Money Market Fund,Money Market,BUY,1000,100.33,0.1003,4.6e-05,0.1003,USD,1.0,SETTLED
TXN-202502799,2024-01-04,2024-01-05,CLT-1015,P-147,GER_10Y_BUND,Germany Bund 2.60% 2033,Government Bonds,FEE,0,0.0,0.0145,0.0145,-0.0145,EUR,0.92,SETTLED
TXN-202301997,2024-01-04,2024-01-08,CLT-1012,P-135,DBS_SP,DBS Group Holdings,Equity,SELL,10000,172.8,1.728,0.000528,1.7275,SGD,1.34,SETTLED
TXN-202201426,2024-01-04,2024-01-08,CLT-1015,P-147,INFY_IN,Infosys Ltd.,Equity,TRANSFER,0,1.0,0.7346,0.0001,-0.7346,INR,86.5,SETTLED
TXN-202500539,2024-01-05,2024-01-09,CLT-1014,P-142,SHEL_LN,Shell PLC,Equity,BUY,25000,261.66,6.5415,0.002572,6.5441,GBP,0.79,SETTLED
TXN-202202841,2024-01-05,2024-01-09,CLT-1024,P-170,ICICIBANK_IN,ICICI Bank Ltd.,Equity,INTEREST,0,0.0,0.1852,0.000185,0.185,INR,86.5,SETTLED
TXN-202101250,2024-01-08,2024-01-10,CLT-1004,P-111,AMZN,Amazon.com Inc.,Equity,BUY,500,119.92,0.06,1e-05,0.06,USD,1.0,SETTLED
TXN-202304947,2024-01-08,2024-01-10,CLT-1021,P-161,MSFT,Microsoft Corp.,Equity,BUY,50000,290.72,14.536,0.007121,14.5431,USD,1.0,SETTLED
TXN-202202946,2024-01-08,2024-01-10,CLT-1009,P-123,BHARTIARTL_IN,Bharti Airtel Ltd.,Equity,SELL,500,344.78,0.1724,4.3e-05,0.1724,INR,86.5,SETTLED
TXN-202304647,2024-01-08,2024-01-10,CLT-1014,P-142,DBS_SP,DBS Group Holdings,Equity,SELL,1000,154.76,0.1548,7.7e-05,0.1547,SGD,1.34,SETTLED
TXN-202101185,2024-01-08,2024-01-10,CLT-1021,P-163,JPM,JPMorgan Chase & Co.,Equity,SELL,5000,175.9,0.8795,0.00037,0.8791,USD,1.0,SETTLED
TXN-202103225,2024-01-08,2024-01-10,CLT-1022,P-166,ASML_NA,ASML Holding NV,Equity,BUY,2500,163.57,0.4089,0.000171,0.4091,EUR,0.92,SETTLED
TXN-202305122,2024-01-08,2024-01-10,CLT-1013,P-136,LT_IN,Larsen & Toubro Ltd.,Equity,FEE,0,0.0,0.0274,0.0274,-0.0274,INR,86.5,SETTLED
TXN-202200886,2024-01-09,2024-01-10,CLT-1016,P-148,INFRA_GLOBAL_TRUST,Global Infrastructure Core Income Note,Alternatives,BUY,500,100.75,0.0504,2.5e-05,0.0504,USD,1.0,SETTLED
TXN-202204141,2024-01-09,2024-01-11,CLT-1023,P-168,AZN_LN,AstraZeneca PLC,Equity,FEE,0,0.0,0.0084,0.0084,-0.0084,GBP,0.79,SETTLED
TXN-202301187,2024-01-09,2024-01-11,CLT-1017,P-149,AMZN,Amazon.com Inc.,Equity,SELL,5000,149.63,0.7481,0.000116,0.748,USD,1.0,SETTLED
TXN-202501654,2024-01-10,2024-01-12,CLT-1005,P-112,HDFCBANK_IN,HDFC Bank Ltd.,Equity,SELL,1000,242.31,0.2423,8e-05,0.2422,INR,86.5,SETTLED
TXN-202400438,2024-01-10,2024-01-11,CLT-1017,P-149,INR_OVERNIGHT_CASH,Institutional INR Overnight Liquid Fund,Money Market,DIVIDEND,0,0.0,0.0549,5.5e-05,0.0548,INR,86.5,SETTLED
TXN-202103620,2024-01-10,2024-01-12,CLT-1022,P-164,RELIANCE_IN,Reliance Industries Ltd.,Equity,SELL,500,52.31,0.0262,1e-05,0.0262,INR,86.5,SETTLED
TXN-202200506,2024-01-11,2024-01-15,CLT-1014,P-141,GOOGL,Alphabet Inc.,Equity,INTEREST,0,0.0,0.1823,0.000182,0.1821,USD,1.0,SETTLED
TXN-202102735,2024-01-11,2024-01-15,CLT-1021,P-161,CORP_IG_EUR,Euro High Grade Corporate Bond Note,Corporate Bonds,SELL,1000,102.36,0.1024,3.4e-05,0.1024,EUR,0.92,SETTLED
TXN-202101055,2024-01-12,2024-01-16,CLT-1010,P-127,NOVN_SW,Novartis AG,Equity,BUY,2500,169.54,0.4239,0.000136,0.424,CHF,0.88,SETTLED
TXN-202104055,2024-01-12,2024-01-15,CLT-1001,P-101,GER_10Y_BUND,Germany Bund 2.60% 2033,Government Bonds,SELL,50000,101.59,5.0795,0.002013,5.0775,EUR,0.92,SETTLED
TXN-202103755,2024-01-15,2024-01-17,CLT-1015,P-144,AAPL,Apple Inc.,Equity,TRANSFER,0,1.0,2.1394,0.0001,-2.1394,USD,1.0,SETTLED
TXN-202103185,2024-01-15,2024-01-17,CLT-1010,P-126,CORP_IG_EUR,Euro High Grade Corporate Bond Note,Corporate Bonds,SELL,1000,100.4,0.1004,4.4e-05,0.1004,EUR,0.92,SETTLED
TXN-202204656,2024-01-15,2024-01-16,CLT-1009,P-123,INFRA_GLOBAL_TRUST,Global Infrastructure Core Income Note,Alternatives,SELL,50000,101.43,5.0715,0.001267,5.0702,USD,1.0,SETTLED
TXN-202101615,2024-01-15,2024-01-16,CLT-1017,P-149,USD_TREAS_MMF,Institutional USD Treasury Money Market Fund,Money Market,SELL,5000,102.08,0.5104,0.000194,0.5102,USD,1.0,SETTLED
TXN-202200466,2024-01-15,2024-01-17,CLT-1020,P-159,7203_JP,Toyota Motor Corp.,Equity,BUY,2500,334.34,0.8358,0.000137,0.8359,JPY,152.0,SETTLED
TXN-202101255,2024-01-15,2024-01-17,CLT-1022,P-165,NOVN_SW,Novartis AG,Equity,BUY,1000,138.56,0.1386,3.2e-05,0.1386,CHF,0.88,SETTLED
TXN-202400988,2024-01-15,2024-01-17,CLT-1007,P-119,INFY_IN,Infosys Ltd.,Equity,BUY,1000,109.41,0.1094,3e-05,0.1094,INR,86.5,SETTLED
TXN-202303417,2024-01-15,2024-01-16,CLT-1006,P-116,INFRA_GLOBAL_TRUST,Global Infrastructure Core Income Note,Alternatives,TRANSFER,0,1.0,0.8017,0.0001,-0.8017,USD,1.0,SETTLED
TXN-202400993,2024-01-15,2024-01-17,CLT-1013,P-137,MSFT,Microsoft Corp.,Equity,DIVIDEND,0,0.0,0.239,0.000239,0.2388,USD,1.0,SETTLED
TXN-202305192,2024-01-15,2024-01-17,CLT-1001,P-101,TCS_IN,Tata Consultancy Services,Equity,BUY,500,274.76,0.1374,5.7e-05,0.1375,INR,86.5,SETTLED
TXN-202504099,2024-01-15,2024-01-17,CLT-1012,P-133,TCS_IN,Tata Consultancy Services,Equity,SELL,2500,235.38,0.5885,0.00011,0.5884,INR,86.5,SETTLED
TXN-202203921,2024-01-15,2024-01-16,CLT-1015,P-146,JGB_10Y,Japan Government Bond 10-Yr 0.8%,Government Bonds,TRANSFER,0,1.0,2.0702,0.0001,-2.0702,JPY,152.0,SETTLED
TXN-202300807,2024-01-16,2024-01-18,CLT-1024,P-171,AMZN,Amazon.com Inc.,Equity,SELL,1000,310.7,0.3107,0.000139,0.3106,USD,1.0,FAILED
TXN-202302457,2024-01-16,2024-01-17,CLT-1017,P-151,INFRA_GLOBAL_TRUST,Global Infrastructure Core Income Note,Alternatives,BUY,2500,97.86,0.2447,4.5e-05,0.2447,USD,1.0,SETTLED
TXN-202501239,2024-01-16,2024-01-18,CLT-1016,P-148,AMZN,Amazon.com Inc.,Equity,BUY,500,283.75,0.1419,6.8e-05,0.142,USD,1.0,SETTLED
TXN-202302707,2024-01-17,2024-01-19,CLT-1013,P-136,NVDA,NVIDIA Corp.,Equity,FEE,0,0.0,0.0285,0.0285,-0.0285,USD,1.0,SETTLED
TXN-202202356,2024-01-17,2024-01-18,CLT-1022,P-164,US_10Y_UST,US Treasury 10-Yr Benchmark Note,Government Bonds,DIVIDEND,0,0.0,0.1668,0.000167,0.1666,USD,1.0,SETTLED
TXN-202501274,2024-01-17,2024-01-19,CLT-1013,P-139,UNH,UnitedHealth Group,Equity,SELL,1000,347.05,0.3471,9.3e-05,0.347,USD,1.0,SETTLED
TXN-202200186,2024-01-17,2024-01-18,CLT-1013,P-138,IND_10Y_GSEC,India Sovereign G-Sec 7.18% 2033,Government Bonds,BUY,500,99.92,0.05,1.4e-05,0.05,INR,86.5,SETTLED
TXN-202400128,2024-01-18,2024-01-22,CLT-1025,P-173,GOOGL,Alphabet Inc.,Equity,INTEREST,0,0.0,0.1925,0.000193,0.1923,USD,1.0,SETTLED
TXN-202204546,2024-01-18,2024-01-19,CLT-1003,P-106,EUR_LIQUIDITY_FUND,EUR Institutional Liquidity Master Fund,Money Market,SELL,5000,99.61,0.498,0.000194,0.4978,EUR,0.92,SETTLED
TXN-202404583,2024-01-18,2024-01-19,CLT-1013,P-139,INFRA_GLOBAL_TRUST,Global Infrastructure Core Income Note,Alternatives,BUY,10000,99.47,0.9947,0.000418,0.9951,USD,1.0,SETTLED
TXN-202102260,2024-01-18,2024-01-22,CLT-1010,P-127,LT_IN,Larsen & Toubro Ltd.,Equity,BUY,5000,303.23,1.5162,0.000586,1.5168,INR,86.5,SETTLED
TXN-202304892,2024-01-18,2024-01-19,CLT-1001,P-101,INR_OVERNIGHT_CASH,Institutional INR Overnight Liquid Fund,Money Market,TRANSFER,0,1.0,0.432,0.0001,-0.432,INR,86.5,SETTLED
TXN-202203071,2024-01-19,2024-01-23,CLT-1001,P-102,TCS_IN,Tata Consultancy Services,Equity,SELL,10000,320.26,3.2026,0.001085,3.2015,INR,86.5,SETTLED
TXN-202102425,2024-01-22,2024-01-24,CLT-1023,P-168,SAP_GY,SAP SE,Equity,SELL,50000,347.75,17.3875,0.003618,17.3839,EUR,0.92,SETTLED
TXN-202203081,2024-01-22,2024-01-23,CLT-1017,P-150,EUR_LIQUIDITY_FUND,EUR Institutional Liquidity Master Fund,Money Market,BUY,25000,100.31,2.5078,0.000673,2.5085,EUR,0.92,SETTLED
TXN-202300112,2024-01-22,2024-01-23,CLT-1019,P-158,INR_OVERNIGHT_CASH,Institutional INR Overnight Liquid Fund,Money Market,WITHDRAWAL,0,1.0,0.7773,0.0001,-0.7773,INR,86.5,SETTLED
TXN-202405218,2024-01-22,2024-01-24,CLT-1003,P-107,SHEL_LN,Shell PLC,Equity,DIVIDEND,0,0.0,0.145,0.000145,0.1449,GBP,0.79,SETTLED
TXN-202303882,2024-01-22,2024-01-24,CLT-1012,P-132,XOM,Exxon Mobil Corp.,Equity,SELL,5000,219.58,1.0979,0.000238,1.0977,USD,1.0,SETTLED
TXN-202502469,2024-01-22,2024-01-24,CLT-1005,P-113,NOVN_SW,Novartis AG,Equity,SELL,2500,123.22,0.308,7.8e-05,0.3079,CHF,0.88,SETTLED
TXN-202500124,2024-01-23,2024-01-24,CLT-1009,P-124,GER_10Y_BUND,Germany Bund 2.60% 2033,Government Bonds,BUY,500,96.11,0.0481,1.5e-05,0.0481,EUR,0.92,SETTLED
TXN-202104290,2024-01-23,2024-01-25,CLT-1022,P-166,TCS_IN,Tata Consultancy Services,Equity,BUY,500,174.34,0.0872,2.5e-05,0.0872,INR,86.5,SETTLED
TXN-202103305,2024-01-24,2024-01-26,CLT-1015,P-145,NVDA,NVIDIA Corp.,Equity,SELL,5000,119.95,0.5998,0.000218,0.5996,USD,1.0,SETTLED
TXN-202501609,2024-01-24,2024-01-26,CLT-1018,P-152,INFY_IN,Infosys Ltd.,Equity,SELL,500,329.62,0.1648,3.3e-05,0.1648,INR,86.5,SETTLED
TXN-202102965,2024-01-24,2024-01-25,CLT-1012,P-134,GLD_ETF,SPDR Gold Shares Institutional Trust,ETF,DIVIDEND,0,0.0,0.1248,0.000125,0.1247,USD,1.0,SETTLED
TXN-202203901,2024-01-24,2024-01-26,CLT-1011,P-130,6758_JP,Sony Group Corp.,Equity,BUY,1000,260.53,0.2605,7.4e-05,0.2606,JPY,152.0,SETTLED
TXN-202200981,2024-01-24,2024-01-26,CLT-1015,P-144,CORP_HY_USD,US High Yield Corporate Credit Note,Corporate Bonds,DIVIDEND,0,0.0,0.1993,0.000199,0.1991,USD,1.0,SETTLED
TXN-202300802,2024-01-25,2024-01-29,CLT-1018,P-154,NOVN_SW,Novartis AG,Equity,BUY,50000,226.08,11.304,0.001898,11.3059,CHF,0.88,SETTLED
TXN-202101875,2024-01-25,2024-01-26,CLT-1007,P-119,GLD_ETF,SPDR Gold Shares Institutional Trust,ETF,BUY,5000,102.98,0.5149,0.000122,0.515,USD,1.0,SETTLED
TXN-202305172,2024-01-26,2024-01-30,CLT-1001,P-103,SHEL_LN,Shell PLC,Equity,SELL,25000,45.23,1.1307,0.000401,1.1303,GBP,0.79,SETTLED
TXN-202200491,2024-01-29,2024-01-31,CLT-1007,P-120,ASML_NA,ASML Holding NV,Equity,SELL,500,193.29,0.0966,4.3e-05,0.0966,EUR,0.92,SETTLED
TXN-202300667,2024-01-29,2024-01-30,CLT-1017,P-151,IND_10Y_GSEC,India Sovereign G-Sec 7.18% 2033,Government Bonds,SELL,1000,99.62,0.0996,4.1e-05,0.0996,INR,86.5,SETTLED
TXN-202401208,2024-01-29,2024-01-31,CLT-1004,P-111,ICICIBANK_IN,ICICI Bank Ltd.,Equity,INTEREST,0,0.0,0.1026,0.000103,0.1025,INR,86.5,SETTLED
TXN-202302327,2024-01-29,2024-01-31,CLT-1010,P-128,AZN_LN,AstraZeneca PLC,Equity,SELL,500,307.23,0.1536,4.6e-05,0.1536,GBP,0.79,SETTLED
TXN-202402453,2024-01-29,2024-01-31,CLT-1006,P-116,ASML_NA,ASML Holding NV,Equity,BUY,25000,107.53,2.6883,0.000998,2.6893,EUR,0.92,SETTLED
TXN-202503459,2024-01-29,2024-01-30,CLT-1013,P-140,UK_10Y_GILT,UK Gilt 3.75% 2033,Government Bonds,SELL,5000,102.17,0.5109,0.000242,0.5107,GBP,0.79,SETTLED
TXN-202100520,2024-01-29,2024-01-31,CLT-1017,P-150,XOM,Exxon Mobil Corp.,Equity,DIVIDEND,0,0.0,0.1721,0.000172,0.1719,USD,1.0,SETTLED
TXN-202203541,2024-01-29,2024-01-31,CLT-1009,P-125,AMZN,Amazon.com Inc.,Equity,BUY,5000,222.55,1.1127,0.000554,1.1133,USD,1.0,SETTLED
TXN-202400953,2024-01-30,2024-02-01,CLT-1007,P-119,6758_JP,Sony Group Corp.,Equity,SELL,10000,249.73,2.4973,0.000754,2.4965,JPY,152.0,SETTLED
TXN-202403878,2024-01-30,2024-01-31,CLT-1017,P-150,INR_OVERNIGHT_CASH,Institutional INR Overnight Liquid Fund,Money Market,DIVIDEND,0,0.0,0.1784,0.000178,0.1782,INR,86.5,SETTLED
TXN-202103485,2024-01-31,2024-02-02,CLT-1021,P-161,NOVN_SW,Novartis AG,Equity,SELL,2500,228.91,0.5723,0.00012,0.5722,CHF,0.88,SETTLED
TXN-202501904,2024-02-01,2024-02-05,CLT-1001,P-101,CORP_HY_USD,US High Yield Corporate Credit Note,Corporate Bonds,DIVIDEND,0,0.0,0.1163,0.000116,0.1162,USD,1.0,SETTLED
TXN-202505199,2024-02-01,2024-02-05,CLT-1017,P-149,SAP_GY,SAP SE,Equity,BUY,1000,212.43,0.2124,8.1e-05,0.2125,EUR,0.92,SETTLED
TXN-202500094,2024-02-02,2024-02-06,CLT-1004,P-111,LT_IN,Larsen & Toubro Ltd.,Equity,BUY,1000,163.05,0.1631,4.9e-05,0.1631,INR,86.5,SETTLED
TXN-202202826,2024-02-02,2024-02-06,CLT-1010,P-127,CORP_HY_USD,US High Yield Corporate Credit Note,Corporate Bonds,SELL,5000,100.05,0.5002,0.000117,0.5001,USD,1.0,SETTLED
TXN-202503389,2024-02-02,2024-02-06,CLT-1018,P-154,NVDA,NVIDIA Corp.,Equity,DIVIDEND,0,0.0,0.2331,0.000233,0.2329,USD,1.0,SETTLED
TXN-202503179,2024-02-05,2024-02-06,CLT-1011,P-130,GER_10Y_BUND,Germany Bund 2.60% 2033,Government Bonds,INTEREST,0,0.0,0.0804,8e-05,0.0803,EUR,0.92,SETTLED
TXN-202104790,2024-02-05,2024-02-07,CLT-1025,P-174,ASML_NA,ASML Holding NV,Equity,BUY,10000,116.47,1.1647,0.000279,1.165,EUR,0.92,SETTLED
TXN-202104695,2024-02-05,2024-02-07,CLT-1008,P-121,INFY_IN,Infosys Ltd.,Equity,FEE,0,0.0,0.043,0.043,-0.043,INR,86.5,SETTLED
TXN-202203001,2024-02-05,2024-02-07,CLT-1009,P-125,BHARTIARTL_IN,Bharti Airtel Ltd.,Equity,SELL,10000,267.75,2.6775,0.001203,2.6763,INR,86.5,SETTLED
TXN-202303272,2024-02-05,2024-02-07,CLT-1018,P-153,AMZN,Amazon.com Inc.,Equity,DIVIDEND,0,0.0,0.165,0.000165,0.1648,USD,1.0,SETTLED
TXN-202203626,2024-02-05,2024-02-06,CLT-1008,P-122,USD_TREAS_MMF,Institutional USD Treasury Money Market Fund,Money Market,DIVIDEND,0,0.0,0.1505,0.00015,0.1503,USD,1.0,SETTLED
TXN-202504974,2024-02-05,2024-02-06,CLT-1005,P-112,EUR_LIQUIDITY_FUND,EUR Institutional Liquidity Master Fund,Money Market,INTEREST,0,0.0,0.0896,9e-05,0.0895,EUR,0.92,SETTLED
TXN-202102200,2024-02-05,2024-02-07,CLT-1003,P-108,BHARTIARTL_IN,Bharti Airtel Ltd.,Equity,BUY,25000,46.35,1.1587,0.000288,1.159,INR,86.5,SETTLED
TXN-202402543,2024-02-05,2024-02-06,CLT-1005,P-112,USD_TREAS_MMF,Institutional USD Treasury Money Market Fund,Money Market,BUY,2500,96.34,0.2409,7.5e-05,0.241,USD,1.0,SETTLED
TXN-202500679,2024-02-06,2024-02-07,CLT-1019,P-158,UK_10Y_GILT,UK Gilt 3.75% 2033,Government Bonds,BUY,500,95.08,0.0475,9e-06,0.0475,GBP,0.79,SETTLED
TXN-202500719,2024-02-06,2024-02-08,CLT-1015,P-146,HDFCBANK_IN,HDFC Bank Ltd.,Equity,INTEREST,0,0.0,0.0204,2e-05,0.0204,INR,86.5,SETTLED
TXN-202100880,2024-02-06,2024-02-07,CLT-1004,P-111,EUR_LIQUIDITY_FUND,EUR Institutional Liquidity Master Fund,Money Market,BUY,500,97.08,0.0485,1.3e-05,0.0485,EUR,0.92,SETTLED
TXN-202200176,2024-02-07,2024-02-09,CLT-1010,P-127,HDFCBANK_IN,HDFC Bank Ltd.,Equity,BUY,500,343.15,0.1716,6.8e-05,0.1717,INR,86.5,SETTLED
TXN-202103335,2024-02-08,2024-02-12,CLT-1002,P-104,AZN_LN,AstraZeneca PLC,Equity,BUY,2500,144.29,0.3607,8.3e-05,0.3608,GBP,0.79,SETTLED
TXN-202300997,2024-02-08,2024-02-12,CLT-1003,P-109,SAP_GY,SAP SE,Equity,SELL,2500,180.08,0.4502,0.000154,0.45,EUR,0.92,SETTLED
TXN-202404668,2024-02-08,2024-02-12,CLT-1020,P-160,UNH,UnitedHealth Group,Equity,WITHDRAWAL,0,1.0,1.0685,0.0001,-1.0685,USD,1.0,SETTLED
TXN-202302152,2024-02-08,2024-02-12,CLT-1012,P-134,GOOGL,Alphabet Inc.,Equity,FEE,0,0.0,0.0134,0.0134,-0.0134,USD,1.0,SETTLED
TXN-202203801,2024-02-09,2024-02-12,CLT-1015,P-147,UK_10Y_GILT,UK Gilt 3.75% 2033,Government Bonds,SELL,10000,96.36,0.9636,0.000423,0.9632,GBP,0.79,SETTLED
TXN-202103965,2024-02-09,2024-02-13,CLT-1017,P-151,SHEL_LN,Shell PLC,Equity,FEE,0,0.0,0.0349,0.0349,-0.0349,GBP,0.79,SETTLED
TXN-202302162,2024-02-09,2024-02-13,CLT-1004,P-111,CORP_HY_USD,US High Yield Corporate Credit Note,Corporate Bonds,BUY,2500,99.92,0.2498,4.7e-05,0.2498,USD,1.0,SETTLED
TXN-202201221,2024-02-12,2024-02-13,CLT-1023,P-167,GLD_ETF,SPDR Gold Shares Institutional Trust,ETF,FEE,0,0.0,0.0097,0.0097,-0.0097,USD,1.0,SETTLED
TXN-202205021,2024-02-12,2024-02-14,CLT-1015,P-146,7203_JP,Toyota Motor Corp.,Equity,SELL,500,212.07,0.106,5e-05,0.106,JPY,152.0,SETTLED
TXN-202201416,2024-02-12,2024-02-14,CLT-1019,P-156,JPM,JPMorgan Chase & Co.,Equity,DEPOSIT,0,1.0,3.2449,0.0001,3.2449,USD,1.0,SETTLED
TXN-202403568,2024-02-12,2024-02-14,CLT-1021,P-162,NVDA,NVIDIA Corp.,Equity,SELL,2500,238.83,0.5971,0.0002,0.5969,USD,1.0,SETTLED
TXN-202501649,2024-02-12,2024-02-14,CLT-1016,P-148,7203_JP,Toyota Motor Corp.,Equity,SELL,10000,83.87,0.8387,0.000294,0.8384,JPY,152.0,SETTLED
TXN-202403373,2024-02-12,2024-02-13,CLT-1002,P-104,EUR_LIQUIDITY_FUND,EUR Institutional Liquidity Master Fund,Money Market,TRANSFER,0,1.0,2.8382,0.0001,-2.8382,EUR,0.92,SETTLED
TXN-202501794,2024-02-12,2024-02-14,CLT-1008,P-121,6758_JP,Sony Group Corp.,Equity,BUY,500,274.04,0.137,4.6e-05,0.137,JPY,152.0,SETTLED
TXN-202205061,2024-02-12,2024-02-14,CLT-1005,P-113,BHARTIARTL_IN,Bharti Airtel Ltd.,Equity,BUY,25000,187.27,4.6818,0.000918,4.6827,INR,86.5,SETTLED
TXN-202102180,2024-02-13,2024-02-14,CLT-1007,P-120,EUR_LIQUIDITY_FUND,EUR Institutional Liquidity Master Fund,Money Market,BUY,2500,98.77,0.2469,0.000112,0.247,EUR,0.92,SETTLED
TXN-202303922,2024-02-13,2024-02-15,CLT-1018,P-152,JPM,JPMorgan Chase & Co.,Equity,TRANSFER,0,1.0,0.7396,0.0001,-0.7396,USD,1.0,SETTLED
TXN-202403233,2024-02-13,2024-02-14,CLT-1010,P-128,GLD_ETF,SPDR Gold Shares Institutional Trust,ETF,SELL,500,96.77,0.0484,1.5e-05,0.0484,USD,1.0,SETTLED
TXN-202104710,2024-02-14,2024-02-15,CLT-1001,P-103,GLD_ETF,SPDR Gold Shares Institutional Trust,ETF,TRANSFER,0,1.0,1.8474,0.0001,-1.8474,USD,1.0,SETTLED
TXN-202404653,2024-02-14,2024-02-15,CLT-1022,P-164,OPERATING_CASH,Operational Custody Cash Balance,Cash,BUY,10000,102.93,1.0293,0.000458,1.0298,USD,1.0,SETTLED
TXN-202204416,2024-02-15,2024-02-16,CLT-1007,P-120,GLD_ETF,SPDR Gold Shares Institutional Trust,ETF,BUY,1000,97.48,0.0975,2.2e-05,0.0975,USD,1.0,SETTLED
TXN-202400513,2024-02-15,2024-02-19,CLT-1003,P-108,UNH,UnitedHealth Group,Equity,SELL,1000,40.54,0.0405,2e-05,0.0405,USD,1.0,PENDING
TXN-202103300,2024-02-15,2024-02-16,CLT-1001,P-102,UK_10Y_GILT,UK Gilt 3.75% 2033,Government Bonds,BUY,50000,95.34,4.767,0.001618,4.7686,GBP,0.79,SETTLED
TXN-202300992,2024-02-16,2024-02-20,CLT-1023,P-169,ASML_NA,ASML Holding NV,Equity,DIVIDEND,0,0.0,0.0703,7e-05,0.0702,EUR,0.92,SETTLED
TXN-202101450,2024-02-16,2024-02-20,CLT-1020,P-159,MSFT,Microsoft Corp.,Equity,BUY,2500,305.72,0.7643,0.000155,0.7645,USD,1.0,SETTLED
TXN-202302522,2024-02-16,2024-02-20,CLT-1021,P-161,SHEL_LN,Shell PLC,Equity,BUY,50000,86.59,4.3295,0.002102,4.3316,GBP,0.79,SETTLED
TXN-202503964,2024-02-19,2024-02-20,CLT-1024,P-170,USD_TREAS_MMF,Institutional USD Treasury Money Market Fund,Money Market,SELL,1000,100.11,0.1001,1.9e-05,0.1001,USD,1.0,SETTLED
TXN-202300232,2024-02-19,2024-02-21,CLT-1010,P-127,NVDA,NVIDIA Corp.,Equity,DIVIDEND,0,0.0,0.1133,0.000113,0.1132,USD,1.0,SETTLED
TXN-202101135,2024-02-19,2024-02-20,CLT-1010,P-129,US_5Y_UST,US Treasury 5-Yr Benchmark Note,Government Bonds,BUY,2500,95.86,0.2397,0.000114,0.2398,USD,1.0,SETTLED
TXN-202305132,2024-02-19,2024-02-20,CLT-1002,P-104,UK_10Y_GILT,UK Gilt 3.75% 2033,Government Bonds,BUY,10000,102.6,1.026,0.000373,1.0264,GBP,0.79,SETTLED
TXN-202501524,2024-02-19,2024-02-20,CLT-1018,P-152,US_10Y_UST,US Treasury 10-Yr Benchmark Note,Government Bonds,INTEREST,0,0.0,0.0537,5.4e-05,0.0536,USD,1.0,SETTLED
TXN-202200126,2024-02-19,2024-02-20,CLT-1002,P-104,UK_10Y_GILT,UK Gilt 3.75% 2033,Government Bonds,TRANSFER,0,1.0,0.4918,0.0001,-0.4918,GBP,0.79,SETTLED
TXN-202102455,2024-02-19,2024-02-21,CLT-1003,P-109,SHEL_LN,Shell PLC,Equity,SELL,50000,192.99,9.6495,0.002869,9.6466,GBP,0.79,SETTLED
TXN-202403483,2024-02-19,2024-02-21,CLT-1009,P-125,INFY_IN,Infosys Ltd.,Equity,DIVIDEND,0,0.0,0.194,0.000194,0.1938,INR,86.5,SETTLED
TXN-202304192,2024-02-19,2024-02-21,CLT-1005,P-114,ICICIBANK_IN,ICICI Bank Ltd.,Equity,SELL,5000,200.19,1.001,0.000224,1.0008,INR,86.5,SETTLED
TXN-202404253,2024-02-19,2024-02-21,CLT-1024,P-172,6758_JP,Sony Group Corp.,Equity,SELL,2500,297.97,0.7449,0.000147,0.7448,JPY,152.0,SETTLED
TXN-202404103,2024-02-19,2024-02-20,CLT-1024,P-170,UK_10Y_GILT,UK Gilt 3.75% 2033,Government Bonds,DIVIDEND,0,0.0,0.247,0.000247,0.2468,GBP,0.79,SETTLED
TXN-202204741,2024-02-20,2024-02-21,CLT-1020,P-160,OPERATING_CASH,Operational Custody Cash Balance,Cash,INTEREST,0,0.0,0.132,0.000132,0.1319,USD,1.0,SETTLED
TXN-202501959,2024-02-20,2024-02-22,CLT-1020,P-159,AAPL,Apple Inc.,Equity,SELL,2500,252.87,0.6322,0.000106,0.6321,USD,1.0,SETTLED
TXN-202403663,2024-02-20,2024-02-21,CLT-1024,P-171,OPERATING_CASH,Operational Custody Cash Balance,Cash,SELL,50000,101.59,5.0795,0.001635,5.0779,USD,1.0,SETTLED
TXN-202104110,2024-02-20,2024-02-22,CLT-1004,P-111,XOM,Exxon Mobil Corp.,Equity,SELL,1000,109.21,0.1092,5e-05,0.1092,USD,1.0,SETTLED
TXN-202102065,2024-02-20,2024-02-22,CLT-1016,P-148,NOVN_SW,Novartis AG,Equity,FEE,0,0.0,0.0307,0.0307,-0.0307,CHF,0.88,SETTLED
TXN-202502064,2024-02-20,2024-02-22,CLT-1010,P-127,RELIANCE_IN,Reliance Industries Ltd.,Equity,DIVIDEND,0,0.0,0.1478,0.000148,0.1477,INR,86.5,SETTLED
TXN-202302487,2024-02-20,2024-02-21,CLT-1023,P-167,US_10Y_UST,US Treasury 10-Yr Benchmark Note,Government Bonds,INTEREST,0,0.0,0.1581,0.000158,0.1579,USD,1.0,SETTLED
TXN-202300402,2024-02-21,2024-02-22,CLT-1010,P-126,USD_TREAS_MMF,Institutional USD Treasury Money Market Fund,Money Market,DIVIDEND,0,0.0,0.1184,0.000118,0.1183,USD,1.0,SETTLED
TXN-202104980,2024-02-21,2024-02-23,CLT-1005,P-112,NOVN_SW,Novartis AG,Equity,INTEREST,0,0.0,0.0161,1.6e-05,0.0161,CHF,0.88,SETTLED
TXN-202104035,2024-02-21,2024-02-22,CLT-1013,P-139,GLD_ETF,SPDR Gold Shares Institutional Trust,ETF,WITHDRAWAL,0,1.0,0.9904,0.0001,-0.9904,USD,1.0,SETTLED
TXN-202300282,2024-02-21,2024-02-23,CLT-1009,P-125,TCS_IN,Tata Consultancy Services,Equity,SELL,25000,348.59,8.7148,0.001905,8.7129,INR,86.5,SETTLED
TXN-202501594,2024-02-21,2024-02-22,CLT-1006,P-116,US_5Y_UST,US Treasury 5-Yr Benchmark Note,Government Bonds,DIVIDEND,0,0.0,0.2122,0.000212,0.212,USD,1.0,SETTLED
TXN-202304342,2024-02-22,2024-02-26,CLT-1005,P-112,CORP_HY_USD,US High Yield Corporate Credit Note,Corporate Bonds,DIVIDEND,0,0.0,0.0563,5.6e-05,0.0562,USD,1.0,SETTLED
TXN-202403188,2024-02-22,2024-02-26,CLT-1006,P-117,AMZN,Amazon.com Inc.,Equity,FEE,0,0.0,0.0384,0.0384,-0.0384,USD,1.0,SETTLED
TXN-202402418,2024-02-23,2024-02-27,CLT-1015,P-147,MSFT,Microsoft Corp.,Equity,INTEREST,0,0.0,0.2017,0.000202,0.2015,USD,1.0,SETTLED
TXN-202500804,2024-02-23,2024-02-27,CLT-1014,P-143,ICICIBANK_IN,ICICI Bank Ltd.,Equity,BUY,500,252.38,0.1262,2.2e-05,0.1262,INR,86.5,SETTLED
TXN-202201251,2024-02-26,2024-02-28,CLT-1018,P-152,TCS_IN,Tata Consultancy Services,Equity,BUY,500,185.16,0.0926,2.4e-05,0.0926,INR,86.5,SETTLED
TXN-202202801,2024-02-26,2024-02-28,CLT-1017,P-150,6758_JP,Sony Group Corp.,Equity,SELL,25000,242.16,6.054,0.00217,6.0518,JPY,152.0,SETTLED
TXN-202500619,2024-02-26,2024-02-28,CLT-1007,P-119,DBS_SP,DBS Group Holdings,Equity,DIVIDEND,0,0.0,0.1289,0.000129,0.1288,SGD,1.34,SETTLED
TXN-202101505,2024-02-26,2024-02-27,CLT-1001,P-101,INFRA_GLOBAL_TRUST,Global Infrastructure Core Income Note,Alternatives,SELL,5000,97.46,0.4873,0.000189,0.4871,USD,1.0,SETTLED
TXN-202101720,2024-02-27,2024-02-29,CLT-1022,P-164,7203_JP,Toyota Motor Corp.,Equity,SELL,2500,120.48,0.3012,8.5e-05,0.3011,JPY,152.0,SETTLED
TXN-202104670,2024-02-27,2024-02-28,CLT-1003,P-108,INFRA_GLOBAL_TRUST,Global Infrastructure Core Income Note,Alternatives,WITHDRAWAL,0,1.0,3.3418,0.0001,-3.3418,USD,1.0,SETTLED
TXN-202502119,2024-02-27,2024-02-28,CLT-1003,P-109,US_5Y_UST,US Treasury 5-Yr Benchmark Note,Government Bonds,BUY,1000,97.96,0.098,2.3e-05,0.098,USD,1.0,SETTLED
TXN-202204321,2024-02-27,2024-02-28,CLT-1022,P-164,GLD_ETF,SPDR Gold Shares Institutional Trust,ETF,SELL,500,100.66,0.0503,1.7e-05,0.0503,USD,1.0,SETTLED
TXN-202305037,2024-02-28,2024-02-29,CLT-1017,P-149,UK_10Y_GILT,UK Gilt 3.75% 2033,Government Bonds,BUY,1000,96.31,0.0963,3e-05,0.0963,GBP,0.79,SETTLED
TXN-202100615,2024-02-28,2024-03-01,CLT-1021,P-161,DBS_SP,DBS Group Holdings,Equity,FEE,0,0.0,0.0254,0.0254,-0.0254,SGD,1.34,SETTLED
TXN-202200256,2024-02-28,2024-03-01,CLT-1005,P-114,7203_JP,Toyota Motor Corp.,Equity,SELL,1000,291.0,0.291,0.000143,0.2909,JPY,152.0,SETTLED
TXN-202104900,2024-02-28,2024-02-29,CLT-1024,P-170,USD_TREAS_MMF,Institutional USD Treasury Money Market Fund,Money Market,SELL,1000,97.05,0.097,2.2e-05,0.097,USD,1.0,SETTLED
TXN-202100005,2024-02-29,2024-03-04,CLT-1021,P-162,DBS_SP,DBS Group Holdings,Equity,BUY,500,332.49,0.1662,2.5e-05,0.1662,SGD,1.34,SETTLED
TXN-202102915,2024-03-01,2024-03-04,CLT-1007,P-119,JGB_10Y,Japan Government Bond 10-Yr 0.8%,Government Bonds,BUY,2500,100.46,0.2511,4.4e-05,0.2511,JPY,152.0,SETTLED
TXN-202104555,2024-03-04,2024-03-06,CLT-1001,P-103,6758_JP,Sony Group Corp.,Equity,BUY,500,225.68,0.1128,3.6e-05,0.1128,JPY,152.0,SETTLED
TXN-202202431,2024-03-04,2024-03-06,CLT-1017,P-150,CORP_IG_EUR,Euro High Grade Corporate Bond Note,Corporate Bonds,SELL,500,96.73,0.0484,1.7e-05,0.0484,EUR,0.92,SETTLED
TXN-202405023,2024-03-04,2024-03-06,CLT-1007,P-120,AAPL,Apple Inc.,Equity,BUY,10000,219.47,2.1947,0.00046,2.1952,USD,1.0,SETTLED
TXN-202501519,2024-03-04,2024-03-05,CLT-1009,P-125,EUR_LIQUIDITY_FUND,EUR Institutional Liquidity Master Fund,Money Market,INTEREST,0,0.0,0.1713,0.000171,0.1711,EUR,0.92,SETTLED
TXN-202401398,2024-03-04,2024-03-05,CLT-1015,P-146,US_5Y_UST,US Treasury 5-Yr Benchmark Note,Government Bonds,BUY,1000,97.57,0.0976,1.6e-05,0.0976,USD,1.0,SETTLED
TXN-202400628,2024-03-04,2024-03-05,CLT-1025,P-173,USD_TREAS_MMF,Institutional USD Treasury Money Market Fund,Money Market,BUY,500,100.78,0.0504,2e-05,0.0504,USD,1.0,SETTLED
TXN-202502609,2024-03-04,2024-03-05,CLT-1010,P-127,USD_TREAS_MMF,Institutional USD Treasury Money Market Fund,Money Market,BUY,50000,96.47,4.8235,0.002133,4.8256,USD,1.0,SETTLED
TXN-202401963,2024-03-04,2024-03-06,CLT-1018,P-152,NVDA,NVIDIA Corp.,Equity,BUY,1000,309.26,0.3093,0.000146,0.3094,USD,1.0,SETTLED
TXN-202504569,2024-03-06,2024-03-08,CLT-1006,P-118,7203_JP,Toyota Motor Corp.,Equity,SELL,1000,335.22,0.3352,0.000156,0.335,JPY,152.0,SETTLED
TXN-202301342,2024-03-06,2024-03-08,CLT-1018,P-153,CORP_IG_USD,US Investment Grade Corporate Bond Fund,Corporate Bonds,BUY,1000,95.83,0.0958,4.5e-05,0.0958,USD,1.0,SETTLED
TXN-202501459,2024-03-07,2024-03-11,CLT-1007,P-120,JPM,JPMorgan Chase & Co.,Equity,BUY,5000,148.28,0.7414,0.000133,0.7415,USD,1.0,SETTLED
TXN-202400068,2024-03-07,2024-03-11,CLT-1015,P-146,AMZN,Amazon.com Inc.,Equity,BUY,5000,91.85,0.4592,7.4e-05,0.4593,USD,1.0,SETTLED
TXN-202504394,2024-03-07,2024-03-11,CLT-1003,P-109,ASML_NA,ASML Holding NV,Equity,SELL,2500,326.92,0.8173,0.000206,0.8171,EUR,0.92,SETTLED
TXN-202504989,2024-03-07,2024-03-11,CLT-1018,P-154,AZN_LN,AstraZeneca PLC,Equity,SELL,1000,214.67,0.2147,4.9e-05,0.2147,GBP,0.79,SETTLED
TXN-202101150,2024-03-07,2024-03-11,CLT-1018,P-154,AMZN,Amazon.com Inc.,Equity,SELL,5000,274.24,1.3712,0.000438,1.3708,USD,1.0,SETTLED
TXN-202104040,2024-03-08,2024-03-12,CLT-1019,P-158,NOVN_SW,Novartis AG,Equity,INTEREST,0,0.0,0.1461,0.000146,0.146,CHF,0.88,SETTLED
TXN-202201321,2024-03-08,2024-03-12,CLT-1018,P-154,NOVN_SW,Novartis AG,Equity,BUY,25000,227.4,5.685,0.001186,5.6862,CHF,0.88,SETTLED
TXN-202501664,2024-03-08,2024-03-12,CLT-1018,P-155,JPM,JPMorgan Chase & Co.,Equity,BUY,1000,49.1,0.0491,2.3e-05,0.0491,USD,1.0,SETTLED
TXN-202402573,2024-03-11,2024-03-13,CLT-1011,P-130,6758_JP,Sony Group Corp.,Equity,BUY,5000,80.15,0.4007,7.9e-05,0.4008,JPY,152.0,SETTLED
TXN-202301747,2024-03-11,2024-03-13,CLT-1024,P-171,ASML_NA,ASML Holding NV,Equity,BUY,1000,250.37,0.2504,6.1e-05,0.2505,EUR,0.92,SETTLED
TXN-202101880,2024-03-11,2024-03-13,CLT-1018,P-153,6758_JP,Sony Group Corp.,Equity,BUY,5000,229.18,1.1459,0.000409,1.1463,JPY,152.0,SETTLED
TXN-202502479,2024-03-11,2024-03-13,CLT-1012,P-133,AMZN,Amazon.com Inc.,Equity,BUY,25000,295.04,7.376,0.003126,7.3791,USD,1.0,SETTLED
TXN-202304402,2024-03-11,2024-03-13,CLT-1022,P-164,CORP_HY_USD,US High Yield Corporate Credit Note,Corporate Bonds,SELL,10000,101.48,1.0148,0.000483,1.0143,USD,1.0,SETTLED
TXN-202501894,2024-03-11,2024-03-13,CLT-1024,P-170,NVDA,NVIDIA Corp.,Equity,FEE,0,0.0,0.031,0.031,-0.031,USD,1.0,SETTLED
TXN-202400293,2024-03-11,2024-03-13,CLT-1005,P-112,CORP_IG_USD,US Investment Grade Corporate Bond Fund,Corporate Bonds,SELL,500,95.93,0.048,9e-06,0.048,USD,1.0,SETTLED
TXN-202504859,2024-03-11,2024-03-12,CLT-1007,P-120,IND_10Y_GSEC,India Sovereign G-Sec 7.18% 2033,Government Bonds,SELL,50000,96.17,4.8085,0.001739,4.8068,INR,86.5,SETTLED
TXN-202503954,2024-03-11,2024-03-13,CLT-1009,P-123,AZN_LN,AstraZeneca PLC,Equity,FEE,0,0.0,0.0069,0.0069,-0.0069,GBP,0.79,SETTLED
TXN-202500184,2024-03-11,2024-03-12,CLT-1023,P-167,US_5Y_UST,US Treasury 5-Yr Benchmark Note,Government Bonds,BUY,5000,100.97,0.5049,0.000239,0.5051,USD,1.0,SETTLED
TXN-202101980,2024-03-11,2024-03-12,CLT-1001,P-101,GER_10Y_BUND,Germany Bund 2.60% 2033,Government Bonds,INTEREST,0,0.0,0.2101,0.00021,0.2099,EUR,0.92,PENDING
TXN-202203671,2024-03-11,2024-03-12,CLT-1005,P-114,EUR_LIQUIDITY_FUND,EUR Institutional Liquidity Master Fund,Money Market,DIVIDEND,0,0.0,0.1648,0.000165,0.1646,EUR,0.92,SETTLED
TXN-202503859,2024-03-12,2024-03-13,CLT-1017,P-151,INR_OVERNIGHT_CASH,Institutional INR Overnight Liquid Fund,Money Market,DIVIDEND,0,0.0,0.0752,7.5e-05,0.0751,INR,86.5,SETTLED
TXN-202404968,2024-03-13,2024-03-14,CLT-1021,P-163,US_5Y_UST,US Treasury 5-Yr Benchmark Note,Government Bonds,BUY,10000,100.73,1.0073,0.000243,1.0075,USD,1.0,SETTLED
TXN-202402308,2024-03-13,2024-03-14,CLT-1005,P-112,US_5Y_UST,US Treasury 5-Yr Benchmark Note,Government Bonds,INTEREST,0,0.0,0.072,7.2e-05,0.0719,USD,1.0,SETTLED
TXN-202403028,2024-03-14,2024-03-18,CLT-1001,P-101,CORP_IG_EUR,Euro High Grade Corporate Bond Note,Corporate Bonds,BUY,500,101.52,0.0508,1.6e-05,0.0508,EUR,0.92,SETTLED
TXN-202305152,2024-03-14,2024-03-18,CLT-1010,P-126,BHARTIARTL_IN,Bharti Airtel Ltd.,Equity,INTEREST,0,0.0,0.0712,7.1e-05,0.0711,INR,86.5,SETTLED
TXN-202204136,2024-03-14,2024-03-18,CLT-1009,P-125,HDFCBANK_IN,HDFC Bank Ltd.,Equity,FEE,0,0.0,0.0122,0.0122,-0.0122,INR,86.5,SETTLED
TXN-202102025,2024-03-14,2024-03-18,CLT-1018,P-154,BHARTIARTL_IN,Bharti Airtel Ltd.,Equity,BUY,1000,341.03,0.341,0.000102,0.3411,INR,86.5,SETTLED
TXN-202502744,2024-03-15,2024-03-19,CLT-1019,P-158,INFY_IN,Infosys Ltd.,Equity,BUY,50000,55.75,2.7875,0.001265,2.7888,INR,86.5,SETTLED
TXN-202201541,2024-03-15,2024-03-19,CLT-1020,P-159,SAP_GY,SAP SE,Equity,BUY,50000,319.4,15.97,0.003531,15.9735,EUR,0.92,SETTLED
TXN-202103660,2024-03-15,2024-03-19,CLT-1013,P-139,CORP_IG_EUR,Euro High Grade Corporate Bond Note,Corporate Bonds,BUY,50000,102.81,5.1405,0.001035,5.1415,EUR,0.92,SETTLED
TXN-202203201,2024-03-15,2024-03-18,CLT-1015,P-147,UK_10Y_GILT,UK Gilt 3.75% 2033,Government Bonds,SELL,2500,98.22,0.2455,0.000108,0.2454,GBP,0.79,SETTLED
TXN-202403703,2024-03-15,2024-03-19,CLT-1013,P-140,HDFCBANK_IN,HDFC Bank Ltd.,Equity,BUY,5000,285.55,1.4278,0.000257,1.4281,INR,86.5,SETTLED
TXN-202200721,2024-03-15,2024-03-19,CLT-1012,P-135,XOM,Exxon Mobil Corp.,Equity,INTEREST,0,0.0,0.0375,3.7e-05,0.0375,USD,1.0,SETTLED
TXN-202402973,2024-03-18,2024-03-20,CLT-1018,P-155,DBS_SP,DBS Group Holdings,Equity,BUY,5000,197.29,0.9865,0.000225,0.9867,SGD,1.34,SETTLED
TXN-202304667,2024-03-18,2024-03-20,CLT-1013,P-139,SHEL_LN,Shell PLC,Equity,SELL,500,116.66,0.0583,2.9e-05,0.0583,GBP,0.79,SETTLED
TXN-202304737,2024-03-18,2024-03-20,CLT-1018,P-152,6758_JP,Sony Group Corp.,Equity,INTEREST,0,0.0,0.1423,0.000142,0.1422,JPY,152.0,SETTLED
TXN-202201011,2024-03-18,2024-03-20,CLT-1005,P-114,INFY_IN,Infosys Ltd.,Equity,BUY,2500,64.68,0.1617,6.3e-05,0.1618,INR,86.5,SETTLED
TXN-202204096,2024-03-18,2024-03-20,CLT-1011,P-130,NVDA,NVIDIA Corp.,Equity,INTEREST,0,0.0,0.1453,0.000145,0.1452,USD,1.0,SETTLED
TXN-202302647,2024-03-18,2024-03-19,CLT-1015,P-144,INR_OVERNIGHT_CASH,Institutional INR Overnight Liquid Fund,Money Market,WITHDRAWAL,0,1.0,2.5525,0.0001,-2.5525,INR,86.5,SETTLED
TXN-202201066,2024-03-18,2024-03-20,CLT-1025,P-174,CORP_IG_USD,US Investment Grade Corporate Bond Fund,Corporate Bonds,BUY,500,97.78,0.0489,2.2e-05,0.0489,USD,1.0,SETTLED
TXN-202304187,2024-03-18,2024-03-20,CLT-1011,P-130,AMZN,Amazon.com Inc.,Equity,SELL,5000,78.71,0.3935,0.000188,0.3933,USD,1.0,SETTLED
TXN-202102555,2024-03-18,2024-03-20,CLT-1005,P-112,NVDA,NVIDIA Corp.,Equity,SELL,25000,57.2,1.43,0.000313,1.4297,USD,1.0,SETTLED
TXN-202401388,2024-03-18,2024-03-19,CLT-1013,P-140,INFRA_GLOBAL_TRUST,Global Infrastructure Core Income Note,Alternatives,BUY,500,100.04,0.05,1.4e-05,0.05,USD,1.0,SETTLED
TXN-202105195,2024-03-19,2024-03-20,CLT-1010,P-129,JGB_10Y,Japan Government Bond 10-Yr 0.8%,Government Bonds,BUY,2500,98.36,0.2459,4.9e-05,0.2459,JPY,152.0,SETTLED
TXN-202301247,2024-03-19,2024-03-20,CLT-1010,P-128,UK_10Y_GILT,UK Gilt 3.75% 2033,Government Bonds,INTEREST,0,0.0,0.096,9.6e-05,0.0959,GBP,0.79,SETTLED
TXN-202404843,2024-03-19,2024-03-20,CLT-1025,P-173,INR_OVERNIGHT_CASH,Institutional INR Overnight Liquid Fund,Money Market,BUY,25000,97.09,2.4272,0.000589,2.4278,INR,86.5,SETTLED
TXN-202302117,2024-03-19,2024-03-20,CLT-1024,P-171,US_10Y_UST,US Treasury 10-Yr Benchmark Note,Government Bonds,SELL,1000,99.97,0.1,4.4e-05,0.1,USD,1.0,SETTLED
TXN-202402033,2024-03-19,2024-03-20,CLT-1003,P-108,GER_10Y_BUND,Germany Bund 2.60% 2033,Government Bonds,BUY,2500,101.59,0.254,0.000116,0.2541,EUR,0.92,SETTLED
TXN-202302892,2024-03-19,2024-03-20,CLT-1003,P-107,OPERATING_CASH,Operational Custody Cash Balance,Cash,DIVIDEND,0,0.0,0.2154,0.000215,0.2152,USD,1.0,SETTLED
TXN-202503799,2024-03-19,2024-03-20,CLT-1023,P-169,INR_OVERNIGHT_CASH,Institutional INR Overnight Liquid Fund,Money Market,SELL,1000,99.75,0.0998,3.2e-05,0.0998,INR,86.5,SETTLED
TXN-202301152,2024-03-19,2024-03-20,CLT-1024,P-170,EUR_LIQUIDITY_FUND,EUR Institutional Liquidity Master Fund,Money Market,SELL,10000,102.65,1.0265,0.000416,1.0261,EUR,0.92,SETTLED
TXN-202503139,2024-03-20,2024-03-22,CLT-1017,P-149,LT_IN,Larsen & Toubro Ltd.,Equity,INTEREST,0,0.0,0.0292,2.9e-05,0.0292,INR,86.5,SETTLED
TXN-202204121,2024-03-20,2024-03-21,CLT-1003,P-107,INR_OVERNIGHT_CASH,Institutional INR Overnight Liquid Fund,Money Market,DIVIDEND,0,0.0,0.1008,0.000101,0.1007,INR,86.5,SETTLED
TXN-202102620,2024-03-20,2024-03-22,CLT-1003,P-109,HDFCBANK_IN,HDFC Bank Ltd.,Equity,BUY,25000,204.52,5.113,0.002523,5.1155,INR,86.5,SETTLED
TXN-202500974,2024-03-20,2024-03-22,CLT-1015,P-145,ICICIBANK_IN,ICICI Bank Ltd.,Equity,BUY,1000,178.72,0.1787,8.3e-05,0.1788,INR,86.5,SETTLED
TXN-202102845,2024-03-21,2024-03-25,CLT-1018,P-153,JPM,JPMorgan Chase & Co.,Equity,BUY,500,121.75,0.0609,2.9e-05,0.0609,USD,1.0,SETTLED
TXN-202203666,2024-03-21,2024-03-25,CLT-1010,P-129,INFY_IN,Infosys Ltd.,Equity,SELL,500,126.1,0.063,2e-05,0.063,INR,86.5,SETTLED
TXN-202204896,2024-03-21,2024-03-22,CLT-1021,P-161,GER_10Y_BUND,Germany Bund 2.60% 2033,Government Bonds,SELL,25000,96.62,2.4155,0.000865,2.4146,EUR,0.92,SETTLED
TXN-202200201,2024-03-22,2024-03-25,CLT-1024,P-171,EUR_LIQUIDITY_FUND,EUR Institutional Liquidity Master Fund,Money Market,DIVIDEND,0,0.0,0.1873,0.000187,0.1871,EUR,0.92,SETTLED
TXN-202404243,2024-03-22,2024-03-26,CLT-1003,P-109,NOVN_SW,Novartis AG,Equity,BUY,5000,124.54,0.6227,0.000199,0.6229,CHF,0.88,SETTLED
TXN-202303052,2024-03-22,2024-03-26,CLT-1023,P-167,CORP_IG_EUR,Euro High Grade Corporate Bond Note,Corporate Bonds,INTEREST,0,0.0,0.2315,0.000232,0.2313,EUR,0.92,SETTLED
TXN-202504464,2024-03-25,2024-03-27,CLT-1015,P-146,RELIANCE_IN,Reliance Industries Ltd.,Equity,BUY,50000,340.0,17.0,0.004704,17.0047,INR,86.5,SETTLED
TXN-202303567,2024-03-25,2024-03-27,CLT-1009,P-125,AZN_LN,AstraZeneca PLC,Equity,BUY,25000,51.65,1.2913,0.000477,1.2918,GBP,0.79,SETTLED
TXN-202204826,2024-03-25,2024-03-26,CLT-1013,P-140,UK_10Y_GILT,UK Gilt 3.75% 2033,Government Bonds,DIVIDEND,0,0.0,0.0945,9.5e-05,0.0944,GBP,0.79,SETTLED
TXN-202304632,2024-03-25,2024-03-27,CLT-1013,P-140,AAPL,Apple Inc.,Equity,BUY,10000,244.77,2.4477,0.000697,2.4484,USD,1.0,SETTLED
TXN-202501589,2024-03-25,2024-03-27,CLT-1018,P-153,NVDA,NVIDIA Corp.,Equity,SELL,5000,193.54,0.9677,0.000233,0.9675,USD,1.0,SETTLED
TXN-202403118,2024-03-25,2024-03-27,CLT-1012,P-133,JPM,JPMorgan Chase & Co.,Equity,BUY,50000,211.02,10.551,0.001726,10.5527,USD,1.0,SETTLED
TXN-202402473,2024-03-25,2024-03-27,CLT-1013,P-137,CORP_HY_USD,US High Yield Corporate Credit Note,Corporate Bonds,BUY,2500,96.54,0.2414,8.2e-05,0.2415,USD,1.0,SETTLED
TXN-202400098,2024-03-25,2024-03-26,CLT-1012,P-135,EUR_LIQUIDITY_FUND,EUR Institutional Liquidity Master Fund,Money Market,BUY,500,97.2,0.0486,2.2e-05,0.0486,EUR,0.92,SETTLED
TXN-202101565,2024-03-26,2024-03-28,CLT-1001,P-102,MSFT,Microsoft Corp.,Equity,FEE,0,0.0,0.0345,0.0345,-0.0345,USD,1.0,SETTLED
TXN-202302737,2024-03-26,2024-03-27,CLT-1005,P-115,GLD_ETF,SPDR Gold Shares Institutional Trust,ETF,SELL,5000,97.48,0.4874,9.3e-05,0.4873,USD,1.0,FAILED
TXN-202100825,2024-03-26,2024-03-28,CLT-1010,P-128,JPM,JPMorgan Chase & Co.,Equity,SELL,1000,55.21,0.0552,1.4e-05,0.0552,USD,1.0,SETTLED
TXN-202101745,2024-03-27,2024-03-28,CLT-1024,P-171,US_10Y_UST,US Treasury 10-Yr Benchmark Note,Government Bonds,BUY,1000,102.52,0.1025,4.5e-05,0.1025,USD,1.0,SETTLED
TXN-202400358,2024-03-28,2024-03-29,CLT-1020,P-160,INFRA_GLOBAL_TRUST,Global Infrastructure Core Income Note,Alternatives,SELL,5000,102.92,0.5146,0.000221,0.5144,USD,1.0,SETTLED
TXN-202401068,2024-03-28,2024-03-29,CLT-1008,P-122,PLD_REIT,Prologis Global Logistics REIT,REIT,DIVIDEND,0,0.0,0.1911,0.000191,0.1909,USD,1.0,SETTLED
TXN-202300827,2024-03-28,2024-03-29,CLT-1024,P-170,OPERATING_CASH,Operational Custody Cash Balance,Cash,BUY,25000,97.38,2.4345,0.001128,2.4356,USD,1.0,SETTLED
TXN-202301177,2024-03-29,2024-04-02,CLT-1015,P-146,AAPL,Apple Inc.,Equity,SELL,50000,124.69,6.2345,0.00123,6.2333,USD,1.0,SETTLED
TXN-202100800,2024-04-01,2024-04-03,CLT-1012,P-133,AAPL,Apple Inc.,Equity,SELL,10000,111.06,1.1106,0.000253,1.1103,USD,1.0,SETTLED
TXN-202104630,2024-04-01,2024-04-03,CLT-1020,P-159,DBS_SP,DBS Group Holdings,Equity,DIVIDEND,0,0.0,0.2451,0.000245,0.2449,SGD,1.34,SETTLED
TXN-202104280,2024-04-01,2024-04-03,CLT-1007,P-120,BHARTIARTL_IN,Bharti Airtel Ltd.,Equity,BUY,500,264.44,0.1322,3.2e-05,0.1322,INR,86.5,SETTLED
TXN-202302277,2024-04-01,2024-04-03,CLT-1023,P-167,ICICIBANK_IN,ICICI Bank Ltd.,Equity,BUY,1000,168.29,0.1683,5.3e-05,0.1684,INR,86.5,SETTLED
TXN-202302032,2024-04-01,2024-04-03,CLT-1002,P-104,INFY_IN,Infosys Ltd.,Equity,WITHDRAWAL,0,1.0,0.9524,0.0001,-0.9524,INR,86.5,SETTLED
TXN-202504209,2024-04-03,2024-04-04,CLT-1005,P-113,INR_OVERNIGHT_CASH,Institutional INR Overnight Liquid Fund,Money Market,FEE,0,0.0,0.0396,0.0396,-0.0396,INR,86.5,PENDING
TXN-202302937,2024-04-03,2024-04-05,CLT-1018,P-153,INFY_IN,Infosys Ltd.,Equity,INTEREST,0,0.0,0.1362,0.000136,0.1361,INR,86.5,SETTLED
TXN-202400353,2024-04-03,2024-04-04,CLT-1018,P-154,UK_10Y_GILT,UK Gilt 3.75% 2033,Government Bonds,DEPOSIT,0,1.0,0.8233,0.0001,0.8233,GBP,0.79,PENDING
TXN-202100475,2024-04-03,2024-04-05,CLT-1018,P-154,NVDA,NVIDIA Corp.,Equity,INTEREST,0,0.0,0.0966,9.7e-05,0.0965,USD,1.0,SETTLED
TXN-202102705,2024-04-03,2024-04-04,CLT-1018,P-154,JGB_10Y,Japan Government Bond 10-Yr 0.8%,Government Bonds,DIVIDEND,0,0.0,0.0933,9.3e-05,0.0932,JPY,152.0,SETTLED
TXN-202105060,2024-04-04,2024-04-08,CLT-1009,P-124,ICICIBANK_IN,ICICI Bank Ltd.,Equity,DIVIDEND,0,0.0,0.1468,0.000147,0.1467,INR,86.5,SETTLED
TXN-202204401,2024-04-04,2024-04-05,CLT-1022,P-166,GER_10Y_BUND,Germany Bund 2.60% 2033,Government Bonds,DIVIDEND,0,0.0,0.2137,0.000214,0.2135,EUR,0.92,SETTLED
TXN-202201856,2024-04-04,2024-04-05,CLT-1007,P-119,USD_TREAS_MMF,Institutional USD Treasury Money Market Fund,Money Market,FEE,0,0.0,0.0087,0.0087,-0.0087,USD,1.0,FAILED
TXN-202201561,2024-04-04,2024-04-08,CLT-1023,P-168,SHEL_LN,Shell PLC,Equity,BUY,2500,291.37,0.7284,0.000311,0.7287,GBP,0.79,SETTLED
TXN-202404508,2024-04-04,2024-04-08,CLT-1018,P-154,XOM,Exxon Mobil Corp.,Equity,BUY,500,65.85,0.0329,1e-05,0.0329,USD,1.0,SETTLED
TXN-202500939,2024-04-04,2024-04-08,CLT-1003,P-109,SAP_GY,SAP SE,Equity,INTEREST,0,0.0,0.1499,0.00015,0.1497,EUR,0.92,SETTLED
TXN-202403168,2024-04-04,2024-04-05,CLT-1014,P-142,JGB_10Y,Japan Government Bond 10-Yr 0.8%,Government Bonds,INTEREST,0,0.0,0.02,2e-05,0.02,JPY,152.0,SETTLED
TXN-202401628,2024-04-05,2024-04-08,CLT-1005,P-112,GER_10Y_BUND,Germany Bund 2.60% 2033,Government Bonds,BUY,10000,102.05,1.0205,0.000508,1.021,EUR,0.92,SETTLED
TXN-202501284,2024-04-08,2024-04-09,CLT-1003,P-108,GLD_ETF,SPDR Gold Shares Institutional Trust,ETF,SELL,25000,101.23,2.5307,0.000573,2.5301,USD,1.0,SETTLED
TXN-202104100,2024-04-08,2024-04-10,CLT-1003,P-106,6758_JP,Sony Group Corp.,Equity,BUY,10000,133.07,1.3307,0.000548,1.3312,JPY,152.0,SETTLED
TXN-202504019,2024-04-08,2024-04-09,CLT-1003,P-109,PLD_REIT,Prologis Global Logistics REIT,REIT,DIVIDEND,0,0.0,0.0799,8e-05,0.0798,USD,1.0,SETTLED
TXN-202301782,2024-04-08,2024-04-10,CLT-1005,P-114,GOOGL,Alphabet Inc.,Equity,BUY,10000,303.92,3.0392,0.000972,3.0402,USD,1.0,SETTLED
TXN-202403098,2024-04-08,2024-04-09,CLT-1013,P-136,UK_10Y_GILT,UK Gilt 3.75% 2033,Government Bonds,TRANSFER,0,1.0,1.1061,0.0001,-1.1061,GBP,0.79,SETTLED
TXN-202505209,2024-04-09,2024-04-11,CLT-1010,P-128,CORP_IG_EUR,Euro High Grade Corporate Bond Note,Corporate Bonds,DIVIDEND,0,0.0,0.1394,0.000139,0.1393,EUR,0.92,SETTLED
TXN-202202886,2024-04-09,2024-04-11,CLT-1007,P-120,RELIANCE_IN,Reliance Industries Ltd.,Equity,BUY,10000,298.46,2.9846,0.001125,2.9857,INR,86.5,SETTLED
TXN-202304762,2024-04-10,2024-04-11,CLT-1012,P-134,USD_TREAS_MMF,Institutional USD Treasury Money Market Fund,Money Market,SELL,5000,101.7,0.5085,0.000112,0.5084,USD,1.0,SETTLED
TXN-202104770,2024-04-10,2024-04-12,CLT-1014,P-141,SAP_GY,SAP SE,Equity,WITHDRAWAL,0,1.0,1.4589,0.0001,-1.4589,EUR,0.92,SETTLED
TXN-202403748,2024-04-11,2024-04-15,CLT-1013,P-136,AZN_LN,AstraZeneca PLC,Equity,BUY,10000,348.75,3.4875,0.001377,3.4889,GBP,0.79,SETTLED
TXN-202504449,2024-04-11,2024-04-12,CLT-1015,P-146,PLD_REIT,Prologis Global Logistics REIT,REIT,FEE,0,0.0,0.0427,0.0427,-0.0427,USD,1.0,SETTLED
TXN-202402378,2024-04-12,2024-04-16,CLT-1011,P-130,JPM,JPMorgan Chase & Co.,Equity,BUY,5000,246.32,1.2316,0.000583,1.2322,USD,1.0,SETTLED
TXN-202403388,2024-04-15,2024-04-16,CLT-1018,P-155,UK_10Y_GILT,UK Gilt 3.75% 2033,Government Bonds,SELL,10000,99.41,0.9941,0.000336,0.9938,GBP,0.79,SETTLED
TXN-202403378,2024-04-15,2024-04-16,CLT-1001,P-102,INR_OVERNIGHT_CASH,Institutional INR Overnight Liquid Fund,Money Market,BUY,5000,95.78,0.4789,0.000228,0.4791,INR,86.5,SETTLED
TXN-202100120,2024-04-15,2024-04-17,CLT-1004,P-111,NVDA,NVIDIA Corp.,Equity,BUY,5000,329.21,1.6461,0.00039,1.6465,USD,1.0,SETTLED
TXN-202403883,2024-04-15,2024-04-17,CLT-1003,P-109,LT_IN,Larsen & Toubro Ltd.,Equity,INTEREST,0,0.0,0.1311,0.000131,0.131,INR,86.5,SETTLED
TXN-202400693,2024-04-15,2024-04-17,CLT-1023,P-168,RELIANCE_IN,Reliance Industries Ltd.,Equity,BUY,2500,325.43,0.8136,0.000367,0.814,INR,86.5,SETTLED
TXN-202204726,2024-04-15,2024-04-17,CLT-1006,P-116,AAPL,Apple Inc.,Equity,BUY,25000,223.48,5.587,0.001133,5.5881,USD,1.0,SETTLED
TXN-202201106,2024-04-15,2024-04-17,CLT-1003,P-109,RELIANCE_IN,Reliance Industries Ltd.,Equity,SELL,25000,304.66,7.6165,0.001193,7.6153,INR,86.5,SETTLED
TXN-202401053,2024-04-15,2024-04-17,CLT-1003,P-110,AZN_LN,AstraZeneca PLC,Equity,SELL,10000,210.7,2.107,0.00049,2.1065,GBP,0.79,SETTLED
TXN-202402143,2024-04-15,2024-04-17,CLT-1002,P-105,JPM,JPMorgan Chase & Co.,Equity,DIVIDEND,0,0.0,0.0608,6.1e-05,0.0607,USD,1.0,SETTLED
TXN-202404988,2024-04-16,2024-04-18,CLT-1007,P-120,AAPL,Apple Inc.,Equity,BUY,5000,135.91,0.6795,0.000254,0.6798,USD,1.0,SETTLED
TXN-202500069,2024-04-16,2024-04-17,CLT-1018,P-153,INR_OVERNIGHT_CASH,Institutional INR Overnight Liquid Fund,Money Market,BUY,2500,98.19,0.2455,4.7e-05,0.2455,INR,86.5,SETTLED
TXN-202504174,2024-04-16,2024-04-17,CLT-1015,P-146,JGB_10Y,Japan Government Bond 10-Yr 0.8%,Government Bonds,BUY,50000,98.14,4.907,0.000742,4.9077,JPY,152.0,SETTLED
TXN-202404218,2024-04-16,2024-04-18,CLT-1006,P-116,CORP_HY_USD,US High Yield Corporate Credit Note,Corporate Bonds,BUY,50000,99.5,4.975,0.001863,4.9769,USD,1.0,SETTLED
TXN-202103775,2024-04-17,2024-04-19,CLT-1005,P-115,HDFCBANK_IN,HDFC Bank Ltd.,Equity,BUY,25000,134.53,3.3632,0.000905,3.3641,INR,86.5,SETTLED
TXN-202101605,2024-04-17,2024-04-18,CLT-1024,P-172,US_5Y_UST,US Treasury 5-Yr Benchmark Note,Government Bonds,SELL,2500,101.92,0.2548,8.9e-05,0.2547,USD,1.0,SETTLED
TXN-202403578,2024-04-18,2024-04-22,CLT-1007,P-119,CORP_IG_USD,US Investment Grade Corporate Bond Fund,Corporate Bonds,FEE,0,0.0,0.0113,0.0113,-0.0113,USD,1.0,SETTLED
TXN-202401448,2024-04-18,2024-04-22,CLT-1012,P-133,TCS_IN,Tata Consultancy Services,Equity,SELL,10000,138.69,1.3869,0.000638,1.3863,INR,86.5,SETTLED
TXN-202201551,2024-04-18,2024-04-19,CLT-1025,P-174,US_5Y_UST,US Treasury 5-Yr Benchmark Note,Government Bonds,BUY,25000,101.35,2.5337,0.000612,2.5343,USD,1.0,SETTLED
TXN-202303932,2024-04-19,2024-04-22,CLT-1009,P-124,INR_OVERNIGHT_CASH,Institutional INR Overnight Liquid Fund,Money Market,SELL,10000,99.45,0.9945,0.000422,0.9941,INR,86.5,SETTLED
TXN-202503779,2024-04-19,2024-04-22,CLT-1022,P-166,EUR_LIQUIDITY_FUND,EUR Institutional Liquidity Master Fund,Money Market,BUY,2500,99.93,0.2498,9.7e-05,0.2499,EUR,0.92,SETTLED
TXN-202102095,2024-04-19,2024-04-23,CLT-1020,P-159,CORP_IG_USD,US Investment Grade Corporate Bond Fund,Corporate Bonds,SELL,10000,101.59,1.0159,0.000228,1.0157,USD,1.0,SETTLED
TXN-202304102,2024-04-22,2024-04-24,CLT-1002,P-105,BHARTIARTL_IN,Bharti Airtel Ltd.,Equity,DIVIDEND,0,0.0,0.1937,0.000194,0.1935,INR,86.5,SETTLED
TXN-202104090,2024-04-22,2024-04-23,CLT-1009,P-123,UK_10Y_GILT,UK Gilt 3.75% 2033,Government Bonds,SELL,1000,97.53,0.0975,4.8e-05,0.0975,GBP,0.79,SETTLED
TXN-202401298,2024-04-22,2024-04-24,CLT-1014,P-141,CORP_IG_USD,US Investment Grade Corporate Bond Fund,Corporate Bonds,SELL,25000,102.78,2.5695,0.000536,2.569,USD,1.0,SETTLED
TXN-202200146,2024-04-22,2024-04-23,CLT-1015,P-145,IND_10Y_GSEC,India Sovereign G-Sec 7.18% 2033,Government Bonds,SELL,500,95.36,0.0477,2.1e-05,0.0477,INR,86.5,SETTLED
TXN-202302107,2024-04-22,2024-04-24,CLT-1025,P-173,UNH,UnitedHealth Group,Equity,BUY,50000,164.56,8.228,0.003805,8.2318,USD,1.0,SETTLED
TXN-202403553,2024-04-22,2024-04-23,CLT-1020,P-160,US_5Y_UST,US Treasury 5-Yr Benchmark Note,Government Bonds,BUY,10000,96.04,0.9604,0.000466,0.9609,USD,1.0,SETTLED
TXN-202204596,2024-04-23,2024-04-25,CLT-1014,P-143,BHARTIARTL_IN,Bharti Airtel Ltd.,Equity,BUY,500,224.44,0.1122,3.6e-05,0.1122,INR,86.5,SETTLED
TXN-202503564,2024-04-23,2024-04-25,CLT-1021,P-161,TCS_IN,Tata Consultancy Services,Equity,DIVIDEND,0,0.0,0.0974,9.7e-05,0.0973,INR,86.5,SETTLED
TXN-202504669,2024-04-23,2024-04-25,CLT-1015,P-145,JPM,JPMorgan Chase & Co.,Equity,BUY,25000,84.98,2.1245,0.000921,2.1254,USD,1.0,SETTLED
TXN-202402213,2024-04-24,2024-04-25,CLT-1009,P-123,US_5Y_UST,US Treasury 5-Yr Benchmark Note,Government Bonds,FEE,0,0.0,0.0292,0.0292,-0.0292,USD,1.0,SETTLED
TXN-202402028,2024-04-24,2024-04-26,CLT-1010,P-128,JPM,JPMorgan Chase & Co.,Equity,SELL,2500,68.6,0.1715,7.4e-05,0.1714,USD,1.0,SETTLED
TXN-202504904,2024-04-24,2024-04-26,CLT-1015,P-146,ICICIBANK_IN,ICICI Bank Ltd.,Equity,BUY,50000,275.94,13.797,0.006614,13.8036,INR,86.5,SETTLED
TXN-202502864,2024-04-25,2024-04-26,CLT-1012,P-135,INR_OVERNIGHT_CASH,Institutional INR Overnight Liquid Fund,Money Market,SELL,500,98.74,0.0494,2.3e-05,0.0494,INR,86.5,SETTLED
TXN-202400768,2024-04-26,2024-04-30,CLT-1013,P-139,SHEL_LN,Shell PLC,Equity,INTEREST,0,0.0,0.04,4e-05,0.04,GBP,0.79,SETTLED
TXN-202203326,2024-04-26,2024-04-30,CLT-1024,P-170,NOVN_SW,Novartis AG,Equity,BUY,500,274.46,0.1372,2.5e-05,0.1372,CHF,0.88,SETTLED
TXN-202401223,2024-04-26,2024-04-30,CLT-1018,P-155,CORP_IG_USD,US Investment Grade Corporate Bond Fund,Corporate Bonds,BUY,50000,95.62,4.781,0.001478,4.7825,USD,1.0,SETTLED
TXN-202400873,2024-04-26,2024-04-30,CLT-1014,P-143,INFY_IN,Infosys Ltd.,Equity,FEE,0,0.0,0.0382,0.0382,-0.0382,INR,86.5,SETTLED
TXN-202500819,2024-04-29,2024-04-30,CLT-1006,P-118,OPERATING_CASH,Operational Custody Cash Balance,Cash,SELL,10000,100.81,1.0081,0.000271,1.0078,USD,1.0,SETTLED
TXN-202401098,2024-04-29,2024-05-01,CLT-1002,P-104,UNH,UnitedHealth Group,Equity,INTEREST,0,0.0,0.2439,0.000244,0.2437,USD,1.0,SETTLED
TXN-202403698,2024-04-29,2024-05-01,CLT-1002,P-104,MSFT,Microsoft Corp.,Equity,SELL,5000,43.59,0.218,4.1e-05,0.218,USD,1.0,SETTLED
TXN-202203291,2024-04-29,2024-04-30,CLT-1016,P-148,GER_10Y_BUND,Germany Bund 2.60% 2033,Government Bonds,TRANSFER,0,1.0,1.2494,0.0001,-1.2494,EUR,0.92,SETTLED
TXN-202104315,2024-04-29,2024-04-30,CLT-1013,P-138,JGB_10Y,Japan Government Bond 10-Yr 0.8%,Government Bonds,SELL,25000,98.62,2.4655,0.000943,2.4646,JPY,152.0,SETTLED
TXN-202402883,2024-04-29,2024-04-30,CLT-1023,P-169,JGB_10Y,Japan Government Bond 10-Yr 0.8%,Government Bonds,SELL,500,95.81,0.0479,1.2e-05,0.0479,JPY,152.0,SETTLED
TXN-202202491,2024-04-29,2024-04-30,CLT-1015,P-144,OPERATING_CASH,Operational Custody Cash Balance,Cash,BUY,10000,102.6,1.026,0.00023,1.0262,USD,1.0,SETTLED
TXN-202204271,2024-04-29,2024-04-30,CLT-1001,P-102,USD_TREAS_MMF,Institutional USD Treasury Money Market Fund,Money Market,BUY,500,99.37,0.0497,1.2e-05,0.0497,USD,1.0,SETTLED
TXN-202200596,2024-04-29,2024-04-30,CLT-1013,P-138,USD_TREAS_MMF,Institutional USD Treasury Money Market Fund,Money Market,SELL,25000,97.28,2.432,0.000728,2.4313,USD,1.0,SETTLED
TXN-202300272,2024-04-29,2024-05-01,CLT-1007,P-120,LT_IN,Larsen & Toubro Ltd.,Equity,BUY,2500,95.28,0.2382,8.3e-05,0.2383,INR,86.5,SETTLED
TXN-202302672,2024-04-29,2024-04-30,CLT-1010,P-128,GER_10Y_BUND,Germany Bund 2.60% 2033,Government Bonds,SELL,10000,97.41,0.9741,0.00018,0.9739,EUR,0.92,SETTLED
TXN-202102040,2024-04-30,2024-05-02,CLT-1018,P-152,TCS_IN,Tata Consultancy Services,Equity,SELL,500,330.05,0.165,7e-05,0.1649,INR,86.5,SETTLED
TXN-202302477,2024-04-30,2024-05-02,CLT-1009,P-123,TCS_IN,Tata Consultancy Services,Equity,BUY,1000,188.89,0.1889,7.5e-05,0.189,INR,86.5,SETTLED
TXN-202203261,2024-04-30,2024-05-01,CLT-1023,P-168,EUR_LIQUIDITY_FUND,EUR Institutional Liquidity Master Fund,Money Market,FEE,0,0.0,0.0251,0.0251,-0.0251,EUR,0.92,SETTLED
TXN-202501259,2024-05-01,2024-05-03,CLT-1002,P-105,7203_JP,Toyota Motor Corp.,Equity,SELL,50000,140.61,7.0305,0.001159,7.0293,JPY,152.0,SETTLED
TXN-202102805,2024-05-01,2024-05-02,CLT-1010,P-127,IND_10Y_GSEC,India Sovereign G-Sec 7.18% 2033,Government Bonds,BUY,25000,95.92,2.398,0.001147,2.3991,INR,86.5,SETTLED
TXN-202404998,2024-05-01,2024-05-03,CLT-1005,P-115,6758_JP,Sony Group Corp.,Equity,INTEREST,0,0.0,0.0226,2.3e-05,0.0226,JPY,152.0,SETTLED
TXN-202304312,2024-05-01,2024-05-03,CLT-1013,P-140,CORP_IG_EUR,Euro High Grade Corporate Bond Note,Corporate Bonds,SELL,500,102.04,0.051,1.8e-05,0.051,EUR,0.92,SETTLED
TXN-202101325,2024-05-01,2024-05-02,CLT-1005,P-113,UK_10Y_GILT,UK Gilt 3.75% 2033,Government Bonds,DIVIDEND,0,0.0,0.0497,5e-05,0.0496,GBP,0.79,SETTLED
TXN-202204076,2024-05-02,2024-05-03,CLT-1015,P-145,JGB_10Y,Japan Government Bond 10-Yr 0.8%,Government Bonds,DIVIDEND,0,0.0,0.1362,0.000136,0.1361,JPY,152.0,SETTLED
TXN-202304392,2024-05-02,2024-05-06,CLT-1003,P-106,MSFT,Microsoft Corp.,Equity,SELL,500,140.34,0.0702,1.1e-05,0.0702,USD,1.0,SETTLED
TXN-202501689,2024-05-02,2024-05-03,CLT-1019,P-158,PLD_REIT,Prologis Global Logistics REIT,REIT,SELL,10000,99.84,0.9984,0.000485,0.9979,USD,1.0,SETTLED
TXN-202101610,2024-05-02,2024-05-06,CLT-1014,P-143,AZN_LN,AstraZeneca PLC,Equity,DIVIDEND,0,0.0,0.1069,0.000107,0.1068,GBP,0.79,SETTLED
TXN-202100040,2024-05-03,2024-05-06,CLT-1008,P-121,US_5Y_UST,US Treasury 5-Yr Benchmark Note,Government Bonds,SELL,2500,101.76,0.2544,9.9e-05,0.2543,USD,1.0,SETTLED
TXN-202101415,2024-05-03,2024-05-06,CLT-1017,P-151,PLD_REIT,Prologis Global Logistics REIT,REIT,BUY,2500,100.02,0.25,0.000111,0.2501,USD,1.0,SETTLED
TXN-202503959,2024-05-03,2024-05-06,CLT-1018,P-153,JGB_10Y,Japan Government Bond 10-Yr 0.8%,Government Bonds,BUY,2500,99.86,0.2497,0.000114,0.2498,JPY,152.0,SETTLED
TXN-202303002,2024-05-06,2024-05-07,CLT-1008,P-121,US_5Y_UST,US Treasury 5-Yr Benchmark Note,Government Bonds,SELL,50000,100.19,5.0095,0.001009,5.0085,USD,1.0,FAILED
TXN-202502944,2024-05-06,2024-05-08,CLT-1015,P-147,UNH,UnitedHealth Group,Equity,BUY,500,75.9,0.0379,1e-05,0.0379,USD,1.0,SETTLED
TXN-202304582,2024-05-06,2024-05-07,CLT-1010,P-127,US_10Y_UST,US Treasury 10-Yr Benchmark Note,Government Bonds,SELL,500,100.0,0.05,9e-06,0.05,USD,1.0,SETTLED
TXN-202303047,2024-05-06,2024-05-08,CLT-1010,P-129,AMZN,Amazon.com Inc.,Equity,INTEREST,0,0.0,0.072,7.2e-05,0.0719,USD,1.0,SETTLED
TXN-202101945,2024-05-06,2024-05-08,CLT-1017,P-150,6758_JP,Sony Group Corp.,Equity,BUY,10000,105.52,1.0552,0.000486,1.0557,JPY,152.0,SETTLED
TXN-202500109,2024-05-06,2024-05-07,CLT-1021,P-162,INR_OVERNIGHT_CASH,Institutional INR Overnight Liquid Fund,Money Market,BUY,25000,100.12,2.503,0.000505,2.5035,INR,86.5,SETTLED
TXN-202300067,2024-05-06,2024-05-08,CLT-1012,P-135,UNH,UnitedHealth Group,Equity,INTEREST,0,0.0,0.1577,0.000158,0.1575,USD,1.0,SETTLED
TXN-202503244,2024-05-06,2024-05-07,CLT-1013,P-137,OPERATING_CASH,Operational Custody Cash Balance,Cash,BUY,10000,97.78,0.9778,0.000416,0.9782,USD,1.0,SETTLED
TXN-202100715,2024-05-06,2024-05-07,CLT-1005,P-114,US_5Y_UST,US Treasury 5-Yr Benchmark Note,Government Bonds,SELL,2500,95.96,0.2399,5.1e-05,0.2398,USD,1.0,SETTLED
TXN-202502444,2024-05-06,2024-05-07,CLT-1020,P-160,US_10Y_UST,US Treasury 10-Yr Benchmark Note,Government Bonds,WITHDRAWAL,0,1.0,2.9483,0.0001,-2.9483,USD,1.0,SETTLED
TXN-202101160,2024-05-06,2024-05-07,CLT-1023,P-169,OPERATING_CASH,Operational Custody Cash Balance,Cash,DIVIDEND,0,0.0,0.2048,0.000205,0.2046,USD,1.0,SETTLED
TXN-202104385,2024-05-06,2024-05-07,CLT-1015,P-145,US_10Y_UST,US Treasury 10-Yr Benchmark Note,Government Bonds,FEE,0,0.0,0.0231,0.0231,-0.0231,USD,1.0,SETTLED
TXN-202301337,2024-05-06,2024-05-07,CLT-1007,P-119,US_10Y_UST,US Treasury 10-Yr Benchmark Note,Government Bonds,BUY,10000,98.05,0.9805,0.000251,0.9808,USD,1.0,SETTLED
TXN-202304787,2024-05-07,2024-05-09,CLT-1006,P-118,SAP_GY,SAP SE,Equity,BUY,500,246.41,0.1232,4.5e-05,0.1232,EUR,0.92,SETTLED
TXN-202502364,2024-05-07,2024-05-09,CLT-1015,P-144,NVDA,NVIDIA Corp.,Equity,INTEREST,0,0.0,0.0987,9.9e-05,0.0986,USD,1.0,SETTLED
TXN-202400673,2024-05-08,2024-05-09,CLT-1013,P-139,US_10Y_UST,US Treasury 10-Yr Benchmark Note,Government Bonds,BUY,1000,97.43,0.0974,3.6e-05,0.0974,USD,1.0,SETTLED
TXN-202101530,2024-05-08,2024-05-10,CLT-1010,P-129,DBS_SP,DBS Group Holdings,Equity,SELL,1000,69.88,0.0699,3.1e-05,0.0699,SGD,1.34,SETTLED
TXN-202301652,2024-05-08,2024-05-10,CLT-1012,P-133,ASML_NA,ASML Holding NV,Equity,BUY,50000,165.37,8.2685,0.002518,8.271,EUR,0.92,SETTLED
TXN-202200941,2024-05-09,2024-05-10,CLT-1025,P-174,UK_10Y_GILT,UK Gilt 3.75% 2033,Government Bonds,SELL,50000,100.0,5.0,0.002164,4.9978,GBP,0.79,SETTLED
TXN-202102170,2024-05-09,2024-05-13,CLT-1010,P-129,MSFT,Microsoft Corp.,Equity,WITHDRAWAL,0,1.0,1.4185,0.0001,-1.4185,USD,1.0,SETTLED
TXN-202301112,2024-05-09,2024-05-10,CLT-1022,P-164,IND_10Y_GSEC,India Sovereign G-Sec 7.18% 2033,Government Bonds,FEE,0,0.0,0.0363,0.0363,-0.0363,INR,86.5,SETTLED
TXN-202500504,2024-05-09,2024-05-13,CLT-1021,P-163,RELIANCE_IN,Reliance Industries Ltd.,Equity,SELL,5000,106.71,0.5335,0.000164,0.5333,INR,86.5,SETTLED
TXN-202204366,2024-05-10,2024-05-14,CLT-1018,P-153,INFY_IN,Infosys Ltd.,Equity,BUY,5000,203.14,1.0157,0.000262,1.016,INR,86.5,SETTLED
TXN-202401313,2024-05-10,2024-05-14,CLT-1005,P-112,AMZN,Amazon.com Inc.,Equity,SELL,5000,132.55,0.6627,0.0003,0.6624,USD,1.0,SETTLED
TXN-202404913,2024-05-10,2024-05-14,CLT-1012,P-134,6758_JP,Sony Group Corp.,Equity,BUY,25000,289.68,7.242,0.001251,7.2433,JPY,152.0,SETTLED
TXN-202303997,2024-05-13,2024-05-15,CLT-1022,P-164,ICICIBANK_IN,ICICI Bank Ltd.,Equity,SELL,5000,84.62,0.4231,9e-05,0.423,INR,86.5,SETTLED
TXN-202301087,2024-05-13,2024-05-15,CLT-1003,P-108,JPM,JPMorgan Chase & Co.,Equity,SELL,5000,172.12,0.8606,0.000307,0.8603,USD,1.0,SETTLED
TXN-202103840,2024-05-13,2024-05-14,CLT-1012,P-132,US_10Y_UST,US Treasury 10-Yr Benchmark Note,Government Bonds,SELL,2500,98.7,0.2467,0.000116,0.2466,USD,1.0,SETTLED
TXN-202405148,2024-05-13,2024-05-15,CLT-1003,P-106,JPM,JPMorgan Chase & Co.,Equity,BUY,10000,92.52,0.9252,0.00021,0.9254,USD,1.0,SETTLED
TXN-202402768,2024-05-13,2024-05-15,CLT-1011,P-130,JPM,JPMorgan Chase & Co.,Equity,BUY,25000,336.81,8.4202,0.003983,8.4242,USD,1.0,SETTLED
TXN-202203296,2024-05-13,2024-05-14,CLT-1019,P-156,USD_TREAS_MMF,Institutional USD Treasury Money Market Fund,Money Market,SELL,25000,99.84,2.496,0.001114,2.4949,USD,1.0,SETTLED
TXN-202102220,2024-05-13,2024-05-14,CLT-1013,P-140,JGB_10Y,Japan Government Bond 10-Yr 0.8%,Government Bonds,BUY,10000,102.98,1.0298,0.000447,1.0302,JPY,152.0,SETTLED
TXN-202502019,2024-05-14,2024-05-16,CLT-1006,P-118,ASML_NA,ASML Holding NV,Equity,BUY,10000,300.87,3.0087,0.00047,3.0092,EUR,0.92,SETTLED
TXN-202102440,2024-05-14,2024-05-16,CLT-1003,P-108,RELIANCE_IN,Reliance Industries Ltd.,Equity,BUY,500,192.0,0.096,1.8e-05,0.096,INR,86.5,SETTLED
TXN-202104380,2024-05-14,2024-05-16,CLT-1013,P-138,AAPL,Apple Inc.,Equity,BUY,2500,186.7,0.4667,0.000193,0.4669,USD,1.0,PENDING
TXN-202502994,2024-05-15,2024-05-16,CLT-1003,P-108,UK_10Y_GILT,UK Gilt 3.75% 2033,Government Bonds,BUY,500,95.23,0.0476,1e-05,0.0476,GBP,0.79,SETTLED
TXN-202201881,2024-05-15,2024-05-16,CLT-1007,P-120,INFRA_GLOBAL_TRUST,Global Infrastructure Core Income Note,Alternatives,SELL,50000,102.61,5.1305,0.001754,5.1287,USD,1.0,SETTLED
TXN-202105135,2024-05-15,2024-05-16,CLT-1009,P-123,IND_10Y_GSEC,India Sovereign G-Sec 7.18% 2033,Government Bonds,WITHDRAWAL,0,1.0,3.3958,0.0001,-3.3958,INR,86.5,SETTLED
TXN-202504639,2024-05-16,2024-05-20,CLT-1009,P-125,INFY_IN,Infosys Ltd.,Equity,FEE,0,0.0,0.0202,0.0202,-0.0202,INR,86.5,SETTLED
TXN-202301772,2024-05-16,2024-05-20,CLT-1006,P-118,XOM,Exxon Mobil Corp.,Equity,TRANSFER,0,1.0,0.6707,0.0001,-0.6707,USD,1.0,SETTLED
TXN-202104270,2024-05-16,2024-05-20,CLT-1012,P-132,AAPL,Apple Inc.,Equity,BUY,10000,304.02,3.0402,0.0008,3.041,USD,1.0,SETTLED
TXN-202200026,2024-05-16,2024-05-17,CLT-1017,P-149,US_10Y_UST,US Treasury 10-Yr Benchmark Note,Government Bonds,BUY,50000,98.44,4.922,0.001554,4.9236,USD,1.0,SETTLED
TXN-202400508,2024-05-16,2024-05-20,CLT-1009,P-123,MSFT,Microsoft Corp.,Equity,INTEREST,0,0.0,0.1676,0.000168,0.1674,USD,1.0,SETTLED
TXN-202502509,2024-05-16,2024-05-20,CLT-1014,P-143,LT_IN,Larsen & Toubro Ltd.,Equity,BUY,500,275.32,0.1377,5.2e-05,0.1378,INR,86.5,SETTLED
TXN-202105130,2024-05-17,2024-05-21,CLT-1014,P-143,INFY_IN,Infosys Ltd.,Equity,BUY,10000,187.33,1.8733,0.000874,1.8742,INR,86.5,SETTLED
TXN-202400968,2024-05-17,2024-05-21,CLT-1003,P-109,SHEL_LN,Shell PLC,Equity,DIVIDEND,0,0.0,0.0203,2e-05,0.0203,GBP,0.79,SETTLED
TXN-202104620,2024-05-17,2024-05-21,CLT-1001,P-103,UNH,UnitedHealth Group,Equity,BUY,2500,331.43,0.8286,0.000252,0.8289,USD,1.0,SETTLED
TXN-202200856,2024-05-17,2024-05-21,CLT-1025,P-173,UNH,UnitedHealth Group,Equity,SELL,5000,186.27,0.9314,0.000204,0.9312,USD,1.0,SETTLED
TXN-202500519,2024-05-20,2024-05-22,CLT-1007,P-120,7203_JP,Toyota Motor Corp.,Equity,WITHDRAWAL,0,1.0,3.2948,0.0001,-3.2948,JPY,152.0,SETTLED
TXN-202303232,2024-05-20,2024-05-21,CLT-1018,P-155,US_10Y_UST,US Treasury 10-Yr Benchmark Note,Government Bonds,SELL,10000,96.63,0.9663,0.00039,0.9659,USD,1.0,SETTLED
TXN-202101625,2024-05-20,2024-05-22,CLT-1013,P-139,MSFT,Microsoft Corp.,Equity,DIVIDEND,0,0.0,0.2431,0.000243,0.2429,USD,1.0,SETTLED
TXN-202104495,2024-05-20,2024-05-22,CLT-1007,P-120,GOOGL,Alphabet Inc.,Equity,BUY,2500,302.11,0.7553,0.000309,0.7556,USD,1.0,SETTLED
TXN-202202196,2024-05-20,2024-05-22,CLT-1019,P-156,GOOGL,Alphabet Inc.,Equity,SELL,25000,132.39,3.3097,0.001532,3.3082,USD,1.0,SETTLED
TXN-202404458,2024-05-20,2024-05-22,CLT-1009,P-125,ICICIBANK_IN,ICICI Bank Ltd.,Equity,INTEREST,0,0.0,0.1194,0.000119,0.1193,INR,86.5,SETTLED
TXN-202503839,2024-05-20,2024-05-22,CLT-1003,P-106,XOM,Exxon Mobil Corp.,Equity,BUY,25000,226.16,5.654,0.001141,5.6551,USD,1.0,SETTLED
TXN-202104515,2024-05-21,2024-05-22,CLT-1025,P-174,OPERATING_CASH,Operational Custody Cash Balance,Cash,BUY,500,99.78,0.0499,2e-05,0.0499,USD,1.0,FAILED
TXN-202401058,2024-05-21,2024-05-22,CLT-1019,P-157,GLD_ETF,SPDR Gold Shares Institutional Trust,ETF,BUY,1000,98.52,0.0985,2e-05,0.0985,USD,1.0,SETTLED
TXN-202202961,2024-05-22,2024-05-23,CLT-1021,P-162,INFRA_GLOBAL_TRUST,Global Infrastructure Core Income Note,Alternatives,SELL,1000,98.73,0.0987,3.7e-05,0.0987,USD,1.0,SETTLED
TXN-202500499,2024-05-22,2024-05-23,CLT-1011,P-130,OPERATING_CASH,Operational Custody Cash Balance,Cash,DIVIDEND,0,0.0,0.208,0.000208,0.2078,USD,1.0,SETTLED
TXN-202404788,2024-05-23,2024-05-27,CLT-1019,P-157,XOM,Exxon Mobil Corp.,Equity,BUY,500,212.86,0.1064,3.6e-05,0.1064,USD,1.0,SETTLED
TXN-202303322,2024-05-23,2024-05-24,CLT-1004,P-111,PLD_REIT,Prologis Global Logistics REIT,REIT,FEE,0,0.0,0.0158,0.0158,-0.0158,USD,1.0,SETTLED
TXN-202501969,2024-05-23,2024-05-24,CLT-1023,P-168,INFRA_GLOBAL_TRUST,Global Infrastructure Core Income Note,Alternatives,BUY,500,101.4,0.0507,1.6e-05,0.0507,USD,1.0,SETTLED
TXN-202402328,2024-05-23,2024-05-27,CLT-1019,P-158,SAP_GY,SAP SE,Equity,SELL,1000,69.35,0.0693,2.5e-05,0.0693,EUR,0.92,SETTLED
TXN-202204991,2024-05-24,2024-05-27,CLT-1005,P-113,USD_TREAS_MMF,Institutional USD Treasury Money Market Fund,Money Market,SELL,500,100.62,0.0503,8e-06,0.0503,USD,1.0,SETTLED
TXN-202302182,2024-05-24,2024-05-28,CLT-1005,P-115,UNH,UnitedHealth Group,Equity,BUY,25000,75.79,1.8948,0.000448,1.8952,USD,1.0,SETTLED
TXN-202402518,2024-05-24,2024-05-28,CLT-1021,P-163,SHEL_LN,Shell PLC,Equity,INTEREST,0,0.0,0.1991,0.000199,0.1989,GBP,0.79,SETTLED
TXN-202101220,2024-05-27,2024-05-28,CLT-1020,P-159,INR_OVERNIGHT_CASH,Institutional INR Overnight Liquid Fund,Money Market,DIVIDEND,0,0.0,0.07,7e-05,0.0699,INR,86.5,SETTLED
TXN-202100150,2024-05-27,2024-05-29,CLT-1002,P-104,DBS_SP,DBS Group Holdings,Equity,FEE,0,0.0,0.0093,0.0093,-0.0093,SGD,1.34,SETTLED
TXN-202401743,2024-05-27,2024-05-29,CLT-1006,P-116,UNH,UnitedHealth Group,Equity,DEPOSIT,0,1.0,1.5957,0.0001,1.5957,USD,1.0,SETTLED
TXN-202503549,2024-05-27,2024-05-29,CLT-1010,P-129,AAPL,Apple Inc.,Equity,SELL,10000,241.3,2.413,0.00086,2.4121,USD,1.0,SETTLED
TXN-202202046,2024-05-27,2024-05-28,CLT-1011,P-130,USD_TREAS_MMF,Institutional USD Treasury Money Market Fund,Money Market,BUY,25000,102.44,2.561,0.000776,2.5618,USD,1.0,SETTLED
TXN-202301042,2024-05-27,2024-05-29,CLT-1007,P-119,AAPL,Apple Inc.,Equity,INTEREST,0,0.0,0.1623,0.000162,0.1621,USD,1.0,SETTLED
TXN-202404383,2024-05-27,2024-05-29,CLT-1024,P-172,NOVN_SW,Novartis AG,Equity,BUY,5000,342.86,1.7143,0.000396,1.7147,CHF,0.88,SETTLED
TXN-202401073,2024-05-27,2024-05-28,CLT-1005,P-112,US_5Y_UST,US Treasury 5-Yr Benchmark Note,Government Bonds,BUY,5000,95.84,0.4792,0.000225,0.4794,USD,1.0,SETTLED
TXN-202305227,2024-05-27,2024-05-28,CLT-1013,P-140,GLD_ETF,SPDR Gold Shares Institutional Trust,ETF,SELL,2500,96.53,0.2413,7.6e-05,0.2412,USD,1.0,SETTLED
TXN-202103180,2024-05-27,2024-05-29,CLT-1021,P-163,NVDA,NVIDIA Corp.,Equity,DIVIDEND,0,0.0,0.0275,2.8e-05,0.0275,USD,1.0,SETTLED
TXN-202504039,2024-05-28,2024-05-30,CLT-1018,P-152,RELIANCE_IN,Reliance Industries Ltd.,Equity,BUY,500,334.13,0.1671,6.3e-05,0.1672,INR,86.5,SETTLED
TXN-202304627,2024-05-28,2024-05-30,CLT-1009,P-124,NOVN_SW,Novartis AG,Equity,BUY,500,331.86,0.1659,5.6e-05,0.166,CHF,0.88,SETTLED
TXN-202201851,2024-05-28,2024-05-30,CLT-1023,P-168,ASML_NA,ASML Holding NV,Equity,BUY,1000,214.04,0.214,7e-05,0.2141,EUR,0.92,SETTLED
TXN-202204661,2024-05-28,2024-05-30,CLT-1009,P-123,UNH,UnitedHealth Group,Equity,BUY,5000,228.0,1.14,0.00031,1.1403,USD,1.0,SETTLED
TXN-202203401,2024-05-28,2024-05-29,CLT-1006,P-116,INFRA_GLOBAL_TRUST,Global Infrastructure Core Income Note,Alternatives,BUY,5000,97.42,0.4871,0.000199,0.4873,USD,1.0,SETTLED
TXN-202503279,2024-05-29,2024-05-31,CLT-1025,P-173,XOM,Exxon Mobil Corp.,Equity,DIVIDEND,0,0.0,0.0596,6e-05,0.0595,USD,1.0,SETTLED
TXN-202502089,2024-05-29,2024-05-30,CLT-1003,P-106,OPERATING_CASH,Operational Custody Cash Balance,Cash,BUY,2500,95.02,0.2376,5.1e-05,0.2377,USD,1.0,SETTLED
TXN-202503159,2024-05-29,2024-05-31,CLT-1008,P-122,MSFT,Microsoft Corp.,Equity,SELL,50000,143.18,7.159,0.001925,7.1571,USD,1.0,SETTLED
TXN-202200286,2024-05-29,2024-05-31,CLT-1020,P-159,CORP_IG_EUR,Euro High Grade Corporate Bond Note,Corporate Bonds,SELL,25000,102.0,2.55,0.001052,2.5489,EUR,0.92,SETTLED
TXN-202104195,2024-05-29,2024-05-30,CLT-1014,P-143,JGB_10Y,Japan Government Bond 10-Yr 0.8%,Government Bonds,SELL,2500,96.06,0.2402,0.000113,0.2401,JPY,152.0,SETTLED
TXN-202405108,2024-05-30,2024-05-31,CLT-1019,P-156,US_5Y_UST,US Treasury 5-Yr Benchmark Note,Government Bonds,SELL,25000,95.4,2.385,0.000946,2.3841,USD,1.0,SETTLED
TXN-202504364,2024-05-30,2024-06-03,CLT-1010,P-129,6758_JP,Sony Group Corp.,Equity,DIVIDEND,0,0.0,0.2384,0.000238,0.2382,JPY,152.0,SETTLED
TXN-202400318,2024-05-31,2024-06-03,CLT-1009,P-123,US_10Y_UST,US Treasury 10-Yr Benchmark Note,Government Bonds,DIVIDEND,0,0.0,0.1001,0.0001,0.1,USD,1.0,SETTLED
TXN-202503294,2024-05-31,2024-06-04,CLT-1010,P-129,TCS_IN,Tata Consultancy Services,Equity,BUY,2500,150.72,0.3768,0.000172,0.377,INR,86.5,SETTLED
TXN-202402038,2024-05-31,2024-06-03,CLT-1017,P-150,OPERATING_CASH,Operational Custody Cash Balance,Cash,BUY,1000,99.04,0.099,3.4e-05,0.099,USD,1.0,SETTLED
TXN-202400378,2024-05-31,2024-06-04,CLT-1006,P-116,6758_JP,Sony Group Corp.,Equity,SELL,5000,182.39,0.9119,0.000428,0.9115,JPY,152.0,SETTLED
TXN-202401893,2024-05-31,2024-06-04,CLT-1005,P-114,SHEL_LN,Shell PLC,Equity,SELL,10000,320.78,3.2078,0.000931,3.2069,GBP,0.79,SETTLED
TXN-202503054,2024-05-31,2024-06-04,CLT-1024,P-170,NOVN_SW,Novartis AG,Equity,BUY,5000,41.53,0.2077,4.4e-05,0.2077,CHF,0.88,SETTLED
TXN-202101560,2024-05-31,2024-06-04,CLT-1019,P-158,CORP_IG_USD,US Investment Grade Corporate Bond Fund,Corporate Bonds,FEE,0,0.0,0.0056,0.0056,-0.0056,USD,1.0,SETTLED
TXN-202104780,2024-05-31,2024-06-04,CLT-1024,P-170,CORP_IG_USD,US Investment Grade Corporate Bond Fund,Corporate Bonds,BUY,5000,95.4,0.477,0.000186,0.4772,USD,1.0,SETTLED
TXN-202300742,2024-06-03,2024-06-05,CLT-1016,P-148,ASML_NA,ASML Holding NV,Equity,SELL,5000,116.19,0.5809,0.000123,0.5808,EUR,0.92,SETTLED
TXN-202301137,2024-06-03,2024-06-05,CLT-1017,P-149,AZN_LN,AstraZeneca PLC,Equity,SELL,25000,122.1,3.0525,0.001112,3.0514,GBP,0.79,PENDING
TXN-202101830,2024-06-03,2024-06-05,CLT-1025,P-174,GOOGL,Alphabet Inc.,Equity,BUY,1000,180.37,0.1804,8.5e-05,0.1805,USD,1.0,SETTLED
TXN-202403438,2024-06-03,2024-06-04,CLT-1015,P-146,OPERATING_CASH,Operational Custody Cash Balance,Cash,BUY,2500,95.04,0.2376,6e-05,0.2377,USD,1.0,SETTLED
TXN-202400198,2024-06-03,2024-06-04,CLT-1010,P-128,USD_TREAS_MMF,Institutional USD Treasury Money Market Fund,Money Market,INTEREST,0,0.0,0.1832,0.000183,0.183,USD,1.0,SETTLED
TXN-202302772,2024-06-04,2024-06-06,CLT-1010,P-129,7203_JP,Toyota Motor Corp.,Equity,BUY,10000,203.52,2.0352,0.00083,2.036,JPY,152.0,SETTLED
TXN-202300567,2024-06-04,2024-06-06,CLT-1023,P-168,NVDA,NVIDIA Corp.,Equity,DIVIDEND,0,0.0,0.1739,0.000174,0.1737,USD,1.0,SETTLED
TXN-202101475,2024-06-04,2024-06-05,CLT-1007,P-119,GER_10Y_BUND,Germany Bund 2.60% 2033,Government Bonds,DIVIDEND,0,0.0,0.205,0.000205,0.2048,EUR,0.92,SETTLED
TXN-202502499,2024-06-04,2024-06-06,CLT-1019,P-156,DBS_SP,DBS Group Holdings,Equity,SELL,500,313.71,0.1569,7.8e-05,0.1568,SGD,1.34,SETTLED
TXN-202204061,2024-06-05,2024-06-06,CLT-1003,P-107,INFRA_GLOBAL_TRUST,Global Infrastructure Core Income Note,Alternatives,DIVIDEND,0,0.0,0.0803,8e-05,0.0802,USD,1.0,SETTLED
TXN-202203301,2024-06-05,2024-06-07,CLT-1022,P-164,SHEL_LN,Shell PLC,Equity,FEE,0,0.0,0.0065,0.0065,-0.0065,GBP,0.79,SETTLED
TXN-202302972,2024-06-05,2024-06-06,CLT-1023,P-167,GLD_ETF,SPDR Gold Shares Institutional Trust,ETF,BUY,25000,95.43,2.3857,0.001036,2.3867,USD,1.0,SETTLED
TXN-202201526,2024-06-05,2024-06-07,CLT-1019,P-156,RELIANCE_IN,Reliance Industries Ltd.,Equity,INTEREST,0,0.0,0.0891,8.9e-05,0.089,INR,86.5,SETTLED
TXN-202500159,2024-06-05,2024-06-07,CLT-1022,P-165,GOOGL,Alphabet Inc.,Equity,BUY,10000,256.23,2.5623,0.000484,2.5628,USD,1.0,SETTLED
TXN-202401413,2024-06-05,2024-06-07,CLT-1010,P-129,MSFT,Microsoft Corp.,Equity,SELL,1000,318.14,0.3181,0.000145,0.318,USD,1.0,SETTLED
TXN-202304872,2024-06-05,2024-06-07,CLT-1021,P-161,JPM,JPMorgan Chase & Co.,Equity,BUY,500,271.53,0.1358,3.7e-05,0.1358,USD,1.0,SETTLED
TXN-202302967,2024-06-06,2024-06-10,CLT-1013,P-139,DBS_SP,DBS Group Holdings,Equity,DIVIDEND,0,0.0,0.1237,0.000124,0.1236,SGD,1.34,SETTLED
TXN-202101485,2024-06-06,2024-06-07,CLT-1003,P-108,IND_10Y_GSEC,India Sovereign G-Sec 7.18% 2033,Government Bonds,BUY,10000,100.58,1.0058,0.000209,1.006,INR,86.5,SETTLED
TXN-202400493,2024-06-07,2024-06-10,CLT-1021,P-162,UK_10Y_GILT,UK Gilt 3.75% 2033,Government Bonds,INTEREST,0,0.0,0.1457,0.000146,0.1456,GBP,0.79,SETTLED
TXN-202205136,2024-06-07,2024-06-11,CLT-1021,P-162,NOVN_SW,Novartis AG,Equity,SELL,50000,249.72,12.486,0.003597,12.4824,CHF,0.88,SETTLED
TXN-202104840,2024-06-10,2024-06-11,CLT-1022,P-166,GLD_ETF,SPDR Gold Shares Institutional Trust,ETF,BUY,1000,95.53,0.0955,3.6e-05,0.0955,USD,1.0,SETTLED
TXN-202304397,2024-06-10,2024-06-11,CLT-1021,P-161,PLD_REIT,Prologis Global Logistics REIT,REIT,BUY,25000,99.33,2.4832,0.000868,2.4841,USD,1.0,SETTLED
TXN-202502439,2024-06-10,2024-06-11,CLT-1023,P-167,GLD_ETF,SPDR Gold Shares Institutional Trust,ETF,SELL,5000,102.16,0.5108,0.000181,0.5106,USD,1.0,SETTLED
TXN-202501479,2024-06-10,2024-06-11,CLT-1013,P-136,INR_OVERNIGHT_CASH,Institutional INR Overnight Liquid Fund,Money Market,SELL,500,100.21,0.0501,1.7e-05,0.0501,INR,86.5,SETTLED
TXN-202102405,2024-06-10,2024-06-12,CLT-1002,P-105,NOVN_SW,Novartis AG,Equity,FEE,0,0.0,0.0305,0.0305,-0.0305,CHF,0.88,SETTLED
TXN-202502169,2024-06-10,2024-06-12,CLT-1013,P-136,6758_JP,Sony Group Corp.,Equity,SELL,5000,161.03,0.8052,0.0002,0.805,JPY,152.0,SETTLED
TXN-202503254,2024-06-11,2024-06-13,CLT-1015,P-147,ASML_NA,ASML Holding NV,Equity,SELL,500,190.15,0.0951,2.9e-05,0.0951,EUR,0.92,SETTLED
TXN-202201446,2024-06-11,2024-06-13,CLT-1003,P-107,AMZN,Amazon.com Inc.,Equity,SELL,5000,305.07,1.5253,0.000689,1.5246,USD,1.0,SETTLED
TXN-202303427,2024-06-12,2024-06-13,CLT-1001,P-102,JGB_10Y,Japan Government Bond 10-Yr 0.8%,Government Bonds,BUY,10000,101.95,1.0195,0.000333,1.0198,JPY,152.0,SETTLED
TXN-202404888,2024-06-12,2024-06-14,CLT-1001,P-103,HDFCBANK_IN,HDFC Bank Ltd.,Equity,DIVIDEND,0,0.0,0.0717,7.2e-05,0.0716,INR,86.5,SETTLED
TXN-202100275,2024-06-13,2024-06-17,CLT-1007,P-119,CORP_IG_EUR,Euro High Grade Corporate Bond Note,Corporate Bonds,BUY,50000,95.0,4.75,0.000842,4.7508,EUR,0.92,SETTLED
TXN-202500699,2024-06-13,2024-06-17,CLT-1022,P-166,INFY_IN,Infosys Ltd.,Equity,FEE,0,0.0,0.0147,0.0147,-0.0147,INR,86.5,SETTLED
TXN-202402858,2024-06-13,2024-06-14,CLT-1013,P-137,IND_10Y_GSEC,India Sovereign G-Sec 7.18% 2033,Government Bonds,BUY,2500,95.57,0.2389,0.000106,0.239,INR,86.5,PENDING
TXN-202202101,2024-06-13,2024-06-17,CLT-1018,P-152,DBS_SP,DBS Group Holdings,Equity,SELL,5000,133.37,0.6669,0.000177,0.6667,SGD,1.34,SETTLED
TXN-202103240,2024-06-14,2024-06-18,CLT-1005,P-112,AAPL,Apple Inc.,Equity,FEE,0,0.0,0.0142,0.0142,-0.0142,USD,1.0,SETTLED
TXN-202101000,2024-06-14,2024-06-18,CLT-1019,P-158,AMZN,Amazon.com Inc.,Equity,BUY,10000,59.68,0.5968,0.000221,0.597,USD,1.0,SETTLED
TXN-202300337,2024-06-14,2024-06-18,CLT-1022,P-166,AZN_LN,AstraZeneca PLC,Equity,SELL,25000,287.68,7.192,0.002021,7.19,GBP,0.79,SETTLED
TXN-202100780,2024-06-14,2024-06-18,CLT-1023,P-168,SAP_GY,SAP SE,Equity,BUY,1000,60.13,0.0601,2.2e-05,0.0601,EUR,0.92,SETTLED
TXN-202402563,2024-06-17,2024-06-18,CLT-1018,P-153,OPERATING_CASH,Operational Custody Cash Balance,Cash,BUY,2500,100.31,0.2508,6.5e-05,0.2509,USD,1.0,SETTLED
TXN-202402568,2024-06-17,2024-06-18,CLT-1005,P-112,INR_OVERNIGHT_CASH,Institutional INR Overnight Liquid Fund,Money Market,BUY,25000,96.06,2.4015,0.000918,2.4024,INR,86.5,SETTLED
TXN-202404168,2024-06-17,2024-06-19,CLT-1023,P-167,INFY_IN,Infosys Ltd.,Equity,BUY,1000,244.98,0.245,3.9e-05,0.245,INR,86.5,SETTLED
TXN-202301397,2024-06-17,2024-06-18,CLT-1009,P-124,JGB_10Y,Japan Government Bond 10-Yr 0.8%,Government Bonds,DEPOSIT,0,1.0,0.461,0.0001,0.461,JPY,152.0,SETTLED
TXN-202503879,2024-06-17,2024-06-19,CLT-1008,P-122,SHEL_LN,Shell PLC,Equity,BUY,10000,317.18,3.1718,0.000759,3.1726,GBP,0.79,PENDING
TXN-202204956,2024-06-17,2024-06-19,CLT-1007,P-119,HDFCBANK_IN,HDFC Bank Ltd.,Equity,BUY,10000,200.05,2.0005,0.000812,2.0013,INR,86.5,PENDING
TXN-202502129,2024-06-17,2024-06-19,CLT-1024,P-170,AMZN,Amazon.com Inc.,Equity,DIVIDEND,0,0.0,0.1126,0.000113,0.1125,USD,1.0,SETTLED
TXN-202501604,2024-06-17,2024-06-19,CLT-1013,P-140,HDFCBANK_IN,HDFC Bank Ltd.,Equity,BUY,1000,272.7,0.2727,9.3e-05,0.2728,INR,86.5,SETTLED
TXN-202303487,2024-06-17,2024-06-19,CLT-1014,P-143,DBS_SP,DBS Group Holdings,Equity,BUY,2500,290.51,0.7263,0.000211,0.7265,SGD,1.34,SETTLED
TXN-202202606,2024-06-17,2024-06-19,CLT-1022,P-164,7203_JP,Toyota Motor Corp.,Equity,SELL,1000,123.15,0.1231,3.6e-05,0.1231,JPY,152.0,SETTLED
TXN-202104205,2024-06-17,2024-06-18,CLT-1003,P-106,UK_10Y_GILT,UK Gilt 3.75% 2033,Government Bonds,SELL,5000,99.27,0.4964,0.000179,0.4962,GBP,0.79,SETTLED
TXN-202403023,2024-06-17,2024-06-18,CLT-1024,P-172,OPERATING_CASH,Operational Custody Cash Balance,Cash,SELL,500,99.18,0.0496,7e-06,0.0496,USD,1.0,SETTLED
TXN-202101535,2024-06-18,2024-06-20,CLT-1015,P-145,DBS_SP,DBS Group Holdings,Equity,SELL,10000,140.66,1.4066,0.0003,1.4063,SGD,1.34,SETTLED
TXN-202501074,2024-06-18,2024-06-20,CLT-1002,P-105,7203_JP,Toyota Motor Corp.,Equity,SELL,25000,270.2,6.755,0.002264,6.7527,JPY,152.0,SETTLED
TXN-202501809,2024-06-18,2024-06-20,CLT-1012,P-134,JPM,JPMorgan Chase & Co.,Equity,BUY,5000,132.9,0.6645,0.000318,0.6648,USD,1.0,SETTLED
TXN-202205161,2024-06-18,2024-06-19,CLT-1009,P-123,USD_TREAS_MMF,Institutional USD Treasury Money Market Fund,Money Market,DIVIDEND,0,0.0,0.2261,0.000226,0.2259,USD,1.0,SETTLED
TXN-202405243,2024-06-18,2024-06-20,CLT-1018,P-153,NOVN_SW,Novartis AG,Equity,BUY,1000,226.84,0.2268,5e-05,0.2268,CHF,0.88,SETTLED
TXN-202101645,2024-06-19,2024-06-20,CLT-1003,P-106,EUR_LIQUIDITY_FUND,EUR Institutional Liquidity Master Fund,Money Market,SELL,50000,100.86,5.043,0.001286,5.0417,EUR,0.92,SETTLED
TXN-202504509,2024-06-19,2024-06-21,CLT-1010,P-126,LT_IN,Larsen & Toubro Ltd.,Equity,WITHDRAWAL,0,1.0,1.2787,0.0001,-1.2787,INR,86.5,FAILED
TXN-202301577,2024-06-21,2024-06-25,CLT-1003,P-108,7203_JP,Toyota Motor Corp.,Equity,DIVIDEND,0,0.0,0.143,0.000143,0.1429,JPY,152.0,SETTLED
TXN-202401038,2024-06-24,2024-06-26,CLT-1021,P-163,BHARTIARTL_IN,Bharti Airtel Ltd.,Equity,BUY,5000,179.19,0.896,0.000334,0.8963,INR,86.5,SETTLED
TXN-202304687,2024-06-24,2024-06-26,CLT-1017,P-151,6758_JP,Sony Group Corp.,Equity,BUY,2500,49.29,0.1232,4.4e-05,0.1232,JPY,152.0,SETTLED
TXN-202200141,2024-06-24,2024-06-26,CLT-1019,P-157,6758_JP,Sony Group Corp.,Equity,BUY,1000,185.05,0.185,7.5e-05,0.1851,JPY,152.0,SETTLED
TXN-202302442,2024-06-24,2024-06-26,CLT-1023,P-169,AAPL,Apple Inc.,Equity,SELL,5000,63.86,0.3193,7.2e-05,0.3192,USD,1.0,SETTLED
TXN-202301912,2024-06-24,2024-06-26,CLT-1017,P-151,AZN_LN,AstraZeneca PLC,Equity,SELL,10000,246.59,2.4659,0.001165,2.4647,GBP,0.79,SETTLED
TXN-202201556,2024-06-24,2024-06-25,CLT-1020,P-159,JGB_10Y,Japan Government Bond 10-Yr 0.8%,Government Bonds,SELL,1000,99.49,0.0995,4.5e-05,0.0995,JPY,152.0,SETTLED
TXN-202502629,2024-06-24,2024-06-26,CLT-1024,P-170,AZN_LN,AstraZeneca PLC,Equity,BUY,10000,281.99,2.8199,0.000755,2.8207,GBP,0.79,SETTLED
TXN-202502554,2024-06-25,2024-06-27,CLT-1009,P-123,LT_IN,Larsen & Toubro Ltd.,Equity,BUY,50000,70.1,3.505,0.000796,3.5058,INR,86.5,SETTLED
TXN-202100020,2024-06-25,2024-06-27,CLT-1003,P-108,AZN_LN,AstraZeneca PLC,Equity,DIVIDEND,0,0.0,0.1794,0.000179,0.1792,GBP,0.79,SETTLED
TXN-202501024,2024-06-25,2024-06-27,CLT-1012,P-135,HDFCBANK_IN,HDFC Bank Ltd.,Equity,TRANSFER,0,1.0,2.5005,0.0001,-2.5005,INR,86.5,SETTLED
TXN-202505204,2024-06-25,2024-06-27,CLT-1023,P-169,UNH,UnitedHealth Group,Equity,DIVIDEND,0,0.0,0.169,0.000169,0.1688,USD,1.0,SETTLED
TXN-202401673,2024-06-26,2024-06-27,CLT-1019,P-157,UK_10Y_GILT,UK Gilt 3.75% 2033,Government Bonds,FEE,0,0.0,0.0391,0.0391,-0.0391,GBP,0.79,SETTLED
TXN-202302887,2024-06-26,2024-06-28,CLT-1009,P-123,GOOGL,Alphabet Inc.,Equity,SELL,500,54.85,0.0274,5e-06,0.0274,USD,1.0,SETTLED
TXN-202102550,2024-06-27,2024-06-28,CLT-1023,P-168,US_10Y_UST,US Treasury 10-Yr Benchmark Note,Government Bonds,DIVIDEND,0,0.0,0.1649,0.000165,0.1647,USD,1.0,SETTLED
TXN-202100175,2024-06-27,2024-07-01,CLT-1021,P-163,LT_IN,Larsen & Toubro Ltd.,Equity,BUY,1000,300.84,0.3008,0.0001,0.3009,INR,86.5,SETTLED
TXN-202500484,2024-06-27,2024-06-28,CLT-1022,P-164,US_5Y_UST,US Treasury 5-Yr Benchmark Note,Government Bonds,SELL,1000,97.12,0.0971,3.9e-05,0.0971,USD,1.0,SETTLED
TXN-202300197,2024-06-27,2024-07-01,CLT-1002,P-104,NVDA,NVIDIA Corp.,Equity,BUY,2500,328.4,0.821,0.000385,0.8214,USD,1.0,PENDING
TXN-202402913,2024-06-28,2024-07-01,CLT-1014,P-141,PLD_REIT,Prologis Global Logistics REIT,REIT,BUY,10000,102.61,1.0261,0.000322,1.0264,USD,1.0,SETTLED
TXN-202101775,2024-06-28,2024-07-02,CLT-1005,P-113,TCS_IN,Tata Consultancy Services,Equity,SELL,5000,178.36,0.8918,0.000353,0.8914,INR,86.5,SETTLED
TXN-202404433,2024-07-01,2024-07-02,CLT-1002,P-105,US_5Y_UST,US Treasury 5-Yr Benchmark Note,Government Bonds,FEE,0,0.0,0.0174,0.0174,-0.0174,USD,1.0,SETTLED
TXN-202504434,2024-07-01,2024-07-03,CLT-1011,P-131,6758_JP,Sony Group Corp.,Equity,BUY,25000,255.76,6.394,0.002963,6.397,JPY,152.0,SETTLED
TXN-202403898,2024-07-01,2024-07-02,CLT-1011,P-131,INR_OVERNIGHT_CASH,Institutional INR Overnight Liquid Fund,Money Market,SELL,500,101.89,0.0509,1.7e-05,0.0509,INR,86.5,SETTLED
TXN-202301977,2024-07-01,2024-07-03,CLT-1022,P-165,RELIANCE_IN,Reliance Industries Ltd.,Equity,DIVIDEND,0,0.0,0.1631,0.000163,0.1629,INR,86.5,SETTLED
TXN-202204916,2024-07-01,2024-07-02,CLT-1022,P-165,GER_10Y_BUND,Germany Bund 2.60% 2033,Government Bonds,INTEREST,0,0.0,0.2399,0.00024,0.2397,EUR,0.92,SETTLED
TXN-202501249,2024-07-02,2024-07-04,CLT-1022,P-166,CORP_IG_EUR,Euro High Grade Corporate Bond Note,Corporate Bonds,FEE,0,0.0,0.0131,0.0131,-0.0131,EUR,0.92,SETTLED
TXN-202101190,2024-07-02,2024-07-04,CLT-1011,P-130,BHARTIARTL_IN,Bharti Airtel Ltd.,Equity,BUY,2500,43.66,0.1091,4.9e-05,0.1091,INR,86.5,SETTLED
TXN-202200346,2024-07-03,2024-07-04,CLT-1008,P-122,GLD_ETF,SPDR Gold Shares Institutional Trust,ETF,SELL,5000,98.32,0.4916,0.000205,0.4914,USD,1.0,SETTLED
TXN-202101865,2024-07-03,2024-07-05,CLT-1006,P-116,TCS_IN,Tata Consultancy Services,Equity,SELL,5000,100.33,0.5017,0.000234,0.5015,INR,86.5,SETTLED
TXN-202302717,2024-07-03,2024-07-05,CLT-1019,P-157,CORP_IG_USD,US Investment Grade Corporate Bond Fund,Corporate Bonds,FEE,0,0.0,0.0226,0.0226,-0.0226,USD,1.0,SETTLED
TXN-202204211,2024-07-03,2024-07-05,CLT-1013,P-136,NVDA,NVIDIA Corp.,Equity,FEE,0,0.0,0.024,0.024,-0.024,USD,1.0,SETTLED
TXN-202101635,2024-07-04,2024-07-08,CLT-1006,P-117,DBS_SP,DBS Group Holdings,Equity,INTEREST,0,0.0,0.2452,0.000245,0.245,SGD,1.34,SETTLED
TXN-202200436,2024-07-04,2024-07-08,CLT-1016,P-148,SHEL_LN,Shell PLC,Equity,FEE,0,0.0,0.0299,0.0299,-0.0299,GBP,0.79,PENDING
TXN-202400663,2024-07-04,2024-07-05,CLT-1007,P-119,EUR_LIQUIDITY_FUND,EUR Institutional Liquidity Master Fund,Money Market,SELL,25000,101.66,2.5415,0.000523,2.541,EUR,0.92,SETTLED
TXN-202104360,2024-07-04,2024-07-05,CLT-1016,P-148,PLD_REIT,Prologis Global Logistics REIT,REIT,BUY,2500,101.37,0.2534,0.000105,0.2535,USD,1.0,SETTLED
TXN-202103505,2024-07-05,2024-07-09,CLT-1012,P-134,TCS_IN,Tata Consultancy Services,Equity,WITHDRAWAL,0,1.0,2.9488,0.0001,-2.9488,INR,86.5,SETTLED
TXN-202500009,2024-07-05,2024-07-09,CLT-1005,P-112,BHARTIARTL_IN,Bharti Airtel Ltd.,Equity,TRANSFER,0,1.0,3.1185,0.0001,-3.1185,INR,86.5,SETTLED
TXN-202404823,2024-07-08,2024-07-09,CLT-1023,P-169,IND_10Y_GSEC,India Sovereign G-Sec 7.18% 2033,Government Bonds,SELL,50000,102.26,5.113,0.002314,5.1107,INR,86.5,SETTLED
TXN-202203896,2024-07-08,2024-07-09,CLT-1003,P-108,OPERATING_CASH,Operational Custody Cash Balance,Cash,FEE,0,0.0,0.0231,0.0231,-0.0231,USD,1.0,SETTLED
TXN-202403333,2024-07-08,2024-07-10,CLT-1007,P-120,SAP_GY,SAP SE,Equity,BUY,25000,97.56,2.439,0.000912,2.4399,EUR,0.92,SETTLED
TXN-202501759,2024-07-08,2024-07-10,CLT-1016,P-148,AAPL,Apple Inc.,Equity,BUY,10000,306.34,3.0634,0.000926,3.0643,USD,1.0,SETTLED
TXN-202100380,2024-07-08,2024-07-09,CLT-1005,P-113,USD_TREAS_MMF,Institutional USD Treasury Money Market Fund,Money Market,TRANSFER,0,1.0,0.4218,0.0001,-0.4218,USD,1.0,SETTLED
TXN-202203886,2024-07-08,2024-07-10,CLT-1007,P-120,UNH,UnitedHealth Group,Equity,BUY,2500,87.09,0.2177,3.8e-05,0.2177,USD,1.0,SETTLED
TXN-202200056,2024-07-08,2024-07-09,CLT-1001,P-103,PLD_REIT,Prologis Global Logistics REIT,REIT,SELL,50000,95.83,4.7915,0.001489,4.79,USD,1.0,SETTLED
TXN-202505169,2024-07-08,2024-07-10,CLT-1019,P-156,6758_JP,Sony Group Corp.,Equity,BUY,50000,223.48,11.174,0.002531,11.1765,JPY,152.0,SETTLED
TXN-202500229,2024-07-08,2024-07-09,CLT-1001,P-102,PLD_REIT,Prologis Global Logistics REIT,REIT,BUY,5000,101.98,0.5099,0.000116,0.51,USD,1.0,SETTLED
TXN-202102595,2024-07-08,2024-07-09,CLT-1023,P-168,UK_10Y_GILT,UK Gilt 3.75% 2033,Government Bonds,DIVIDEND,0,0.0,0.2112,0.000211,0.211,GBP,0.79,SETTLED
TXN-202504674,2024-07-09,2024-07-11,CLT-1024,P-171,DBS_SP,DBS Group Holdings,Equity,SELL,500,267.88,0.1339,2.1e-05,0.1339,SGD,1.34,SETTLED
TXN-202403513,2024-07-09,2024-07-10,CLT-1021,P-162,US_10Y_UST,US Treasury 10-Yr Benchmark Note,Government Bonds,SELL,500,96.77,0.0484,1.5e-05,0.0484,USD,1.0,FAILED
TXN-202304042,2024-07-09,2024-07-11,CLT-1018,P-153,JPM,JPMorgan Chase & Co.,Equity,DIVIDEND,0,0.0,0.1493,0.000149,0.1492,USD,1.0,SETTLED
TXN-202502034,2024-07-09,2024-07-10,CLT-1019,P-158,OPERATING_CASH,Operational Custody Cash Balance,Cash,BUY,2500,101.48,0.2537,0.000125,0.2538,USD,1.0,SETTLED
TXN-202104425,2024-07-10,2024-07-12,CLT-1024,P-170,DBS_SP,DBS Group Holdings,Equity,FEE,0,0.0,0.0261,0.0261,-0.0261,SGD,1.34,SETTLED
TXN-202402643,2024-07-10,2024-07-11,CLT-1006,P-116,UK_10Y_GILT,UK Gilt 3.75% 2033,Government Bonds,DIVIDEND,0,0.0,0.0544,5.4e-05,0.0543,GBP,0.79,SETTLED
TXN-202305007,2024-07-10,2024-07-11,CLT-1001,P-103,PLD_REIT,Prologis Global Logistics REIT,REIT,WITHDRAWAL,0,1.0,1.3553,0.0001,-1.3553,USD,1.0,SETTLED
TXN-202500449,2024-07-11,2024-07-15,CLT-1025,P-174,LT_IN,Larsen & Toubro Ltd.,Equity,SELL,5000,232.61,1.163,0.000397,1.1626,INR,86.5,SETTLED
TXN-202503934,2024-07-11,2024-07-15,CLT-1015,P-144,MSFT,Microsoft Corp.,Equity,DIVIDEND,0,0.0,0.0534,5.3e-05,0.0533,USD,1.0,SETTLED
TXN-202101695,2024-07-11,2024-07-12,CLT-1006,P-116,JGB_10Y,Japan Government Bond 10-Yr 0.8%,Government Bonds,BUY,2500,96.79,0.242,8.1e-05,0.2421,JPY,152.0,SETTLED
TXN-202202171,2024-07-11,2024-07-15,CLT-1015,P-144,6758_JP,Sony Group Corp.,Equity,SELL,25000,324.27,8.1067,0.001807,8.1049,JPY,152.0,SETTLED
TXN-202403108,2024-07-12,2024-07-16,CLT-1017,P-150,JPM,JPMorgan Chase & Co.,Equity,BUY,5000,75.57,0.3778,0.000125,0.3779,USD,1.0,SETTLED
TXN-202100705,2024-07-12,2024-07-16,CLT-1012,P-135,SAP_GY,SAP SE,Equity,TRANSFER,0,1.0,2.1616,0.0001,-2.1616,EUR,0.92,SETTLED
TXN-202401943,2024-07-15,2024-07-17,CLT-1006,P-118,SAP_GY,SAP SE,Equity,BUY,25000,212.62,5.3155,0.001923,5.3174,EUR,0.92,SETTLED
TXN-202104095,2024-07-15,2024-07-17,CLT-1013,P-140,SAP_GY,SAP SE,Equity,DIVIDEND,0,0.0,0.0723,7.2e-05,0.0722,EUR,0.92,SETTLED
TXN-202103310,2024-07-15,2024-07-17,CLT-1018,P-152,SAP_GY,SAP SE,Equity,BUY,25000,260.78,6.5195,0.003009,6.5225,EUR,0.92,SETTLED
TXN-202101140,2024-07-15,2024-07-16,CLT-1018,P-153,EUR_LIQUIDITY_FUND,EUR Institutional Liquidity Master Fund,Money Market,BUY,1000,95.0,0.095,4.6e-05,0.095,EUR,0.92,SETTLED
TXN-202301522,2024-07-16,2024-07-18,CLT-1010,P-127,XOM,Exxon Mobil Corp.,Equity,SELL,500,111.59,0.0558,2.6e-05,0.0558,USD,1.0,SETTLED
TXN-202400793,2024-07-17,2024-07-18,CLT-1015,P-147,US_10Y_UST,US Treasury 10-Yr Benchmark Note,Government Bonds,DIVIDEND,0,0.0,0.0942,9.4e-05,0.0941,USD,1.0,SETTLED
TXN-202402578,2024-07-17,2024-07-18,CLT-1023,P-167,US_5Y_UST,US Treasury 5-Yr Benchmark Note,Government Bonds,SELL,500,97.3,0.0486,8e-06,0.0486,USD,1.0,SETTLED
TXN-202301207,2024-07-17,2024-07-19,CLT-1024,P-172,CORP_IG_EUR,Euro High Grade Corporate Bond Note,Corporate Bonds,FEE,0,0.0,0.0336,0.0336,-0.0336,EUR,0.92,SETTLED
TXN-202202051,2024-07-18,2024-07-22,CLT-1003,P-106,DBS_SP,DBS Group Holdings,Equity,SELL,5000,249.6,1.248,0.000201,1.2478,SGD,1.34,SETTLED
TXN-202202041,2024-07-18,2024-07-19,CLT-1014,P-143,OPERATING_CASH,Operational Custody Cash Balance,Cash,DIVIDEND,0,0.0,0.2214,0.000221,0.2212,USD,1.0,SETTLED
TXN-202204441,2024-07-18,2024-07-22,CLT-1008,P-122,UNH,UnitedHealth Group,Equity,INTEREST,0,0.0,0.0859,8.6e-05,0.0858,USD,1.0,SETTLED
TXN-202504159,2024-07-22,2024-07-23,CLT-1001,P-101,INR_OVERNIGHT_CASH,Institutional INR Overnight Liquid Fund,Money Market,SELL,5000,95.64,0.4782,0.000136,0.4781,INR,86.5,SETTLED
TXN-202300512,2024-07-22,2024-07-24,CLT-1004,P-111,UNH,UnitedHealth Group,Equity,BUY,10000,119.91,1.1991,0.000549,1.1996,USD,1.0,SETTLED
TXN-202301787,2024-07-22,2024-07-24,CLT-1017,P-149,ICICIBANK_IN,ICICI Bank Ltd.,Equity,INTEREST,0,0.0,0.241,0.000241,0.2408,INR,86.5,SETTLED
TXN-202303412,2024-07-22,2024-07-24,CLT-1021,P-161,ICICIBANK_IN,ICICI Bank Ltd.,Equity,BUY,1000,307.54,0.3075,4.8e-05,0.3075,INR,86.5,SETTLED
TXN-202504374,2024-07-22,2024-07-24,CLT-1013,P-138,7203_JP,Toyota Motor Corp.,Equity,SELL,1000,330.17,0.3302,7.7e-05,0.3301,JPY,152.0,SETTLED
TXN-202400458,2024-07-23,2024-07-25,CLT-1010,P-129,HDFCBANK_IN,HDFC Bank Ltd.,Equity,INTEREST,0,0.0,0.1421,0.000142,0.142,INR,86.5,SETTLED
TXN-202500674,2024-07-24,2024-07-26,CLT-1003,P-106,NVDA,NVIDIA Corp.,Equity,SELL,5000,139.09,0.6955,0.000112,0.6954,USD,1.0,SETTLED
TXN-202402838,2024-07-24,2024-07-25,CLT-1002,P-105,US_5Y_UST,US Treasury 5-Yr Benchmark Note,Government Bonds,SELL,50000,96.55,4.8275,0.000864,4.8266,USD,1.0,SETTLED
TXN-202101825,2024-07-24,2024-07-26,CLT-1018,P-153,SAP_GY,SAP SE,Equity,DIVIDEND,0,0.0,0.0672,6.7e-05,0.0671,EUR,0.92,SETTLED
TXN-202300342,2024-07-24,2024-07-26,CLT-1014,P-143,CORP_IG_EUR,Euro High Grade Corporate Bond Note,Corporate Bonds,SELL,10000,95.1,0.951,0.000256,0.9507,EUR,0.92,SETTLED
TXN-202202696,2024-07-24,2024-07-26,CLT-1021,P-162,AAPL,Apple Inc.,Equity,SELL,1000,145.05,0.1451,6e-05,0.145,USD,1.0,SETTLED
TXN-202104430,2024-07-24,2024-07-25,CLT-1015,P-147,GER_10Y_BUND,Germany Bund 2.60% 2033,Government Bonds,SELL,500,96.85,0.0484,1.2e-05,0.0484,EUR,0.92,SETTLED
TXN-202502959,2024-07-25,2024-07-26,CLT-1025,P-174,PLD_REIT,Prologis Global Logistics REIT,REIT,FEE,0,0.0,0.0297,0.0297,-0.0297,USD,1.0,SETTLED
TXN-202404748,2024-07-25,2024-07-29,CLT-1014,P-141,AZN_LN,AstraZeneca PLC,Equity,DIVIDEND,0,0.0,0.0286,2.9e-05,0.0286,GBP,0.79,SETTLED
TXN-202305197,2024-07-25,2024-07-29,CLT-1023,P-168,JPM,JPMorgan Chase & Co.,Equity,BUY,2500,89.08,0.2227,7.8e-05,0.2228,USD,1.0,SETTLED
TXN-202305062,2024-07-25,2024-07-26,CLT-1021,P-163,OPERATING_CASH,Operational Custody Cash Balance,Cash,INTEREST,0,0.0,0.0393,3.9e-05,0.0393,USD,1.0,SETTLED
TXN-202204851,2024-07-25,2024-07-29,CLT-1020,P-159,GOOGL,Alphabet Inc.,Equity,BUY,2500,305.28,0.7632,0.000233,0.7634,USD,1.0,SETTLED
TXN-202402778,2024-07-26,2024-07-30,CLT-1003,P-108,CORP_IG_USD,US Investment Grade Corporate Bond Fund,Corporate Bonds,SELL,5000,95.54,0.4777,0.000212,0.4775,USD,1.0,SETTLED
TXN-202100515,2024-07-29,2024-07-31,CLT-1022,P-164,LT_IN,Larsen & Toubro Ltd.,Equity,BUY,2500,70.06,0.1752,6.8e-05,0.1753,INR,86.5,SETTLED
TXN-202303967,2024-07-29,2024-07-31,CLT-1019,P-158,SHEL_LN,Shell PLC,Equity,SELL,1000,50.05,0.05,9e-06,0.05,GBP,0.79,SETTLED
TXN-202203821,2024-07-29,2024-07-31,CLT-1003,P-110,ASML_NA,ASML Holding NV,Equity,SELL,2500,266.61,0.6665,0.000189,0.6663,EUR,0.92,SETTLED
TXN-202500944,2024-07-29,2024-07-31,CLT-1025,P-173,7203_JP,Toyota Motor Corp.,Equity,BUY,10000,71.91,0.7191,0.000113,0.7192,JPY,152.0,SETTLED
TXN-202403733,2024-07-29,2024-07-31,CLT-1015,P-144,INFY_IN,Infosys Ltd.,Equity,SELL,50000,333.36,16.668,0.005568,16.6624,INR,86.5,SETTLED
TXN-202504574,2024-07-29,2024-07-31,CLT-1003,P-110,LT_IN,Larsen & Toubro Ltd.,Equity,BUY,500,73.14,0.0366,1.2e-05,0.0366,INR,86.5,SETTLED
TXN-202401783,2024-07-30,2024-07-31,CLT-1006,P-118,INFRA_GLOBAL_TRUST,Global Infrastructure Core Income Note,Alternatives,BUY,1000,97.99,0.098,4e-05,0.098,USD,1.0,SETTLED
TXN-202501009,2024-07-31,2024-08-02,CLT-1012,P-132,RELIANCE_IN,Reliance Industries Ltd.,Equity,SELL,25000,205.14,5.1285,0.001803,5.1267,INR,86.5,SETTLED
TXN-202104485,2024-08-01,2024-08-05,CLT-1006,P-117,7203_JP,Toyota Motor Corp.,Equity,BUY,500,237.88,0.1189,4.1e-05,0.1189,JPY,152.0,SETTLED
TXN-202204666,2024-08-01,2024-08-05,CLT-1015,P-146,XOM,Exxon Mobil Corp.,Equity,FEE,0,0.0,0.0097,0.0097,-0.0097,USD,1.0,SETTLED
TXN-202203736,2024-08-01,2024-08-05,CLT-1020,P-159,RELIANCE_IN,Reliance Industries Ltd.,Equity,BUY,25000,176.54,4.4135,0.00215,4.4157,INR,86.5,SETTLED
TXN-202100035,2024-08-01,2024-08-05,CLT-1005,P-113,ICICIBANK_IN,ICICI Bank Ltd.,Equity,BUY,5000,255.9,1.2795,0.000539,1.28,INR,86.5,SETTLED
TXN-202402088,2024-08-02,2024-08-05,CLT-1009,P-124,JGB_10Y,Japan Government Bond 10-Yr 0.8%,Government Bonds,SELL,5000,101.81,0.5091,0.000123,0.509,JPY,152.0,SETTLED
TXN-202101440,2024-08-05,2024-08-06,CLT-1024,P-170,JGB_10Y,Japan Government Bond 10-Yr 0.8%,Government Bonds,BUY,1000,101.31,0.1013,3.2e-05,0.1013,JPY,152.0,SETTLED
TXN-202302337,2024-08-05,2024-08-07,CLT-1023,P-169,AAPL,Apple Inc.,Equity,DEPOSIT,0,1.0,1.7305,0.0001,1.7305,USD,1.0,SETTLED
TXN-202304432,2024-08-05,2024-08-07,CLT-1024,P-171,RELIANCE_IN,Reliance Industries Ltd.,Equity,SELL,25000,188.04,4.701,0.001373,4.6996,INR,86.5,SETTLED
TXN-202502024,2024-08-06,2024-08-07,CLT-1023,P-167,USD_TREAS_MMF,Institutional USD Treasury Money Market Fund,Money Market,INTEREST,0,0.0,0.2044,0.000204,0.2042,USD,1.0,SETTLED
TXN-202103655,2024-08-06,2024-08-08,CLT-1009,P-125,AMZN,Amazon.com Inc.,Equity,BUY,2500,216.04,0.5401,0.00019,0.5403,USD,1.0,SETTLED
TXN-202403538,2024-08-07,2024-08-08,CLT-1024,P-170,INR_OVERNIGHT_CASH,Institutional INR Overnight Liquid Fund,Money Market,BUY,500,98.63,0.0493,1.8e-05,0.0493,INR,86.5,SETTLED
TXN-202202396,2024-08-08,2024-08-09,CLT-1005,P-114,UK_10Y_GILT,UK Gilt 3.75% 2033,Government Bonds,BUY,1000,100.47,0.1005,1.9e-05,0.1005,GBP,0.79,SETTLED
TXN-202104795,2024-08-08,2024-08-12,CLT-1014,P-143,AZN_LN,AstraZeneca PLC,Equity,DIVIDEND,0,0.0,0.1181,0.000118,0.118,GBP,0.79,SETTLED
TXN-202302347,2024-08-08,2024-08-09,CLT-1001,P-103,PLD_REIT,Prologis Global Logistics REIT,REIT,DIVIDEND,0,0.0,0.0611,6.1e-05,0.061,USD,1.0,SETTLED
TXN-202302267,2024-08-08,2024-08-12,CLT-1003,P-108,GOOGL,Alphabet Inc.,Equity,SELL,1000,335.01,0.335,0.000136,0.3349,USD,1.0,SETTLED
TXN-202302087,2024-08-09,2024-08-13,CLT-1017,P-149,7203_JP,Toyota Motor Corp.,Equity,FEE,0,0.0,0.0192,0.0192,-0.0192,JPY,152.0,SETTLED
TXN-202102010,2024-08-09,2024-08-13,CLT-1018,P-153,NVDA,NVIDIA Corp.,Equity,BUY,50000,255.04,12.752,0.005177,12.7572,USD,1.0,SETTLED
TXN-202302217,2024-08-09,2024-08-13,CLT-1012,P-132,BHARTIARTL_IN,Bharti Airtel Ltd.,Equity,BUY,5000,227.3,1.1365,0.000204,1.1367,INR,86.5,SETTLED
TXN-202402323,2024-08-09,2024-08-13,CLT-1002,P-104,JPM,JPMorgan Chase & Co.,Equity,SELL,1000,345.36,0.3454,0.000133,0.3453,USD,1.0,SETTLED
TXN-202303542,2024-08-12,2024-08-13,CLT-1022,P-164,INFRA_GLOBAL_TRUST,Global Infrastructure Core Income Note,Alternatives,BUY,25000,101.53,2.5383,0.001023,2.5393,USD,1.0,SETTLED
TXN-202405083,2024-08-12,2024-08-13,CLT-1010,P-129,UK_10Y_GILT,UK Gilt 3.75% 2033,Government Bonds,TRANSFER,0,1.0,1.5354,0.0001,-1.5354,GBP,0.79,SETTLED
TXN-202505184,2024-08-12,2024-08-14,CLT-1023,P-167,MSFT,Microsoft Corp.,Equity,BUY,50000,179.78,8.989,0.002268,8.9913,USD,1.0,SETTLED
TXN-202500049,2024-08-12,2024-08-13,CLT-1017,P-151,GLD_ETF,SPDR Gold Shares Institutional Trust,ETF,INTEREST,0,0.0,0.1158,0.000116,0.1157,USD,1.0,SETTLED
TXN-202203361,2024-08-12,2024-08-14,CLT-1019,P-156,NVDA,NVIDIA Corp.,Equity,SELL,5000,164.27,0.8214,0.000401,0.821,USD,1.0,PENDING
TXN-202200781,2024-08-12,2024-08-13,CLT-1022,P-166,INFRA_GLOBAL_TRUST,Global Infrastructure Core Income Note,Alternatives,BUY,1000,100.51,0.1005,1.6e-05,0.1005,USD,1.0,SETTLED
TXN-202204116,2024-08-12,2024-08-13,CLT-1008,P-122,INFRA_GLOBAL_TRUST,Global Infrastructure Core Income Note,Alternatives,BUY,5000,100.3,0.5015,0.000106,0.5016,USD,1.0,SETTLED
TXN-202505119,2024-08-12,2024-08-14,CLT-1010,P-126,RELIANCE_IN,Reliance Industries Ltd.,Equity,DIVIDEND,0,0.0,0.0788,7.9e-05,0.0787,INR,86.5,SETTLED
TXN-202204836,2024-08-12,2024-08-14,CLT-1013,P-137,GOOGL,Alphabet Inc.,Equity,INTEREST,0,0.0,0.0843,8.4e-05,0.0842,USD,1.0,SETTLED
TXN-202501229,2024-08-13,2024-08-15,CLT-1024,P-171,JPM,JPMorgan Chase & Co.,Equity,BUY,10000,260.96,2.6096,0.000759,2.6104,USD,1.0,SETTLED
TXN-202304852,2024-08-14,2024-08-16,CLT-1001,P-103,RELIANCE_IN,Reliance Industries Ltd.,Equity,SELL,5000,247.31,1.2366,0.000266,1.2363,INR,86.5,SETTLED
TXN-202101770,2024-08-14,2024-08-16,CLT-1011,P-130,ASML_NA,ASML Holding NV,Equity,BUY,50000,123.77,6.1885,0.001278,6.1898,EUR,0.92,SETTLED
TXN-202204996,2024-08-15,2024-08-19,CLT-1001,P-103,INFY_IN,Infosys Ltd.,Equity,BUY,500,69.43,0.0347,1.7e-05,0.0347,INR,86.5,SETTLED
TXN-202103385,2024-08-15,2024-08-16,CLT-1015,P-147,JGB_10Y,Japan Government Bond 10-Yr 0.8%,Government Bonds,BUY,10000,96.56,0.9656,0.000404,0.966,JPY,152.0,SETTLED
TXN-202303492,2024-08-15,2024-08-16,CLT-1006,P-118,OPERATING_CASH,Operational Custody Cash Balance,Cash,BUY,5000,96.1,0.4805,0.000224,0.4807,USD,1.0,SETTLED
TXN-202502884,2024-08-15,2024-08-19,CLT-1014,P-142,AAPL,Apple Inc.,Equity,BUY,50000,310.92,15.546,0.005593,15.5516,USD,1.0,SETTLED
TXN-202300627,2024-08-16,2024-08-20,CLT-1014,P-142,DBS_SP,DBS Group Holdings,Equity,SELL,10000,299.18,2.9918,0.000485,2.9913,SGD,1.34,SETTLED
TXN-202303867,2024-08-16,2024-08-20,CLT-1014,P-143,GOOGL,Alphabet Inc.,Equity,BUY,10000,185.03,1.8503,0.000882,1.8512,USD,1.0,SETTLED
TXN-202400363,2024-08-19,2024-08-20,CLT-1023,P-169,JGB_10Y,Japan Government Bond 10-Yr 0.8%,Government Bonds,DIVIDEND,0,0.0,0.128,0.000128,0.1279,JPY,152.0,SETTLED
TXN-202102330,2024-08-19,2024-08-21,CLT-1002,P-104,UNH,UnitedHealth Group,Equity,DIVIDEND,0,0.0,0.1103,0.00011,0.1102,USD,1.0,SETTLED
TXN-202303602,2024-08-19,2024-08-21,CLT-1005,P-113,CORP_IG_EUR,Euro High Grade Corporate Bond Note,Corporate Bonds,SELL,10000,96.36,0.9636,0.000165,0.9634,EUR,0.92,SETTLED
TXN-202100745,2024-08-19,2024-08-20,CLT-1023,P-167,INFRA_GLOBAL_TRUST,Global Infrastructure Core Income Note,Alternatives,BUY,10000,100.75,1.0075,0.000415,1.0079,USD,1.0,SETTLED
TXN-202104820,2024-08-19,2024-08-21,CLT-1014,P-141,RELIANCE_IN,Reliance Industries Ltd.,Equity,BUY,2500,246.22,0.6156,0.000211,0.6158,INR,86.5,SETTLED
TXN-202204466,2024-08-19,2024-08-21,CLT-1023,P-168,AAPL,Apple Inc.,Equity,FEE,0,0.0,0.0225,0.0225,-0.0225,USD,1.0,SETTLED
TXN-202102585,2024-08-19,2024-08-21,CLT-1006,P-117,RELIANCE_IN,Reliance Industries Ltd.,Equity,FEE,0,0.0,0.0387,0.0387,-0.0387,INR,86.5,PENDING
TXN-202205051,2024-08-19,2024-08-21,CLT-1023,P-167,ASML_NA,ASML Holding NV,Equity,FEE,0,0.0,0.0139,0.0139,-0.0139,EUR,0.92,SETTLED
TXN-202200711,2024-08-19,2024-08-20,CLT-1022,P-164,IND_10Y_GSEC,India Sovereign G-Sec 7.18% 2033,Government Bonds,BUY,5000,100.74,0.5037,0.00024,0.5039,INR,86.5,SETTLED
TXN-202203546,2024-08-20,2024-08-22,CLT-1014,P-142,TCS_IN,Tata Consultancy Services,Equity,SELL,5000,74.3,0.3715,0.000142,0.3714,INR,86.5,SETTLED
TXN-202303627,2024-08-20,2024-08-22,CLT-1009,P-125,INFY_IN,Infosys Ltd.,Equity,DEPOSIT,0,1.0,2.7643,0.0001,2.7643,INR,86.5,SETTLED
TXN-202303032,2024-08-20,2024-08-22,CLT-1020,P-159,7203_JP,Toyota Motor Corp.,Equity,SELL,25000,111.32,2.783,0.001001,2.782,JPY,152.0,SETTLED
TXN-202301387,2024-08-21,2024-08-23,CLT-1024,P-170,AZN_LN,AstraZeneca PLC,Equity,SELL,50000,237.59,11.8795,0.002647,11.8769,GBP,0.79,SETTLED
TXN-202500749,2024-08-22,2024-08-26,CLT-1013,P-139,HDFCBANK_IN,HDFC Bank Ltd.,Equity,SELL,500,319.16,0.1596,7.4e-05,0.1595,INR,86.5,SETTLED
TXN-202203091,2024-08-22,2024-08-26,CLT-1002,P-105,UNH,UnitedHealth Group,Equity,BUY,5000,187.77,0.9388,0.000324,0.9391,USD,1.0,SETTLED
TXN-202204801,2024-08-22,2024-08-26,CLT-1021,P-162,RELIANCE_IN,Reliance Industries Ltd.,Equity,SELL,500,203.64,0.1018,4.5e-05,0.1018,INR,86.5,SETTLED
TXN-202304057,2024-08-23,2024-08-27,CLT-1003,P-109,UNH,UnitedHealth Group,Equity,DIVIDEND,0,0.0,0.1691,0.000169,0.1689,USD,1.0,SETTLED
TXN-202503699,2024-08-23,2024-08-27,CLT-1010,P-127,NVDA,NVIDIA Corp.,Equity,BUY,2500,310.05,0.7751,0.000164,0.7753,USD,1.0,SETTLED
TXN-202400878,2024-08-23,2024-08-27,CLT-1006,P-118,TCS_IN,Tata Consultancy Services,Equity,BUY,10000,311.5,3.115,0.001338,3.1163,INR,86.5,SETTLED
TXN-202100130,2024-08-23,2024-08-27,CLT-1005,P-114,UNH,UnitedHealth Group,Equity,BUY,50000,130.08,6.504,0.002072,6.5061,USD,1.0,SETTLED
TXN-202503049,2024-08-26,2024-08-27,CLT-1013,P-136,EUR_LIQUIDITY_FUND,EUR Institutional Liquidity Master Fund,Money Market,SELL,500,102.02,0.051,8e-06,0.051,EUR,0.92,SETTLED
TXN-202200416,2024-08-26,2024-08-27,CLT-1009,P-125,GER_10Y_BUND,Germany Bund 2.60% 2033,Government Bonds,DIVIDEND,0,0.0,0.2072,0.000207,0.207,EUR,0.92,SETTLED
TXN-202300502,2024-08-26,2024-08-28,CLT-1003,P-108,CORP_IG_EUR,Euro High Grade Corporate Bond Note,Corporate Bonds,FEE,0,0.0,0.0397,0.0397,-0.0397,EUR,0.92,SETTLED
TXN-202501704,2024-08-26,2024-08-28,CLT-1012,P-133,SAP_GY,SAP SE,Equity,SELL,1000,287.5,0.2875,5.7e-05,0.2874,EUR,0.92,SETTLED
TXN-202101340,2024-08-26,2024-08-28,CLT-1024,P-170,AZN_LN,AstraZeneca PLC,Equity,SELL,50000,318.15,15.9075,0.007625,15.8999,GBP,0.79,SETTLED
TXN-202403953,2024-08-26,2024-08-28,CLT-1003,P-110,BHARTIARTL_IN,Bharti Airtel Ltd.,Equity,DIVIDEND,0,0.0,0.2163,0.000216,0.2161,INR,86.5,SETTLED
TXN-202403628,2024-08-26,2024-08-28,CLT-1018,P-155,CORP_IG_EUR,Euro High Grade Corporate Bond Note,Corporate Bonds,SELL,25000,102.35,2.5587,0.000629,2.5581,EUR,0.92,SETTLED
TXN-202303307,2024-08-26,2024-08-28,CLT-1019,P-157,TCS_IN,Tata Consultancy Services,Equity,FEE,0,0.0,0.0176,0.0176,-0.0176,INR,86.5,SETTLED
TXN-202204856,2024-08-27,2024-08-28,CLT-1009,P-125,GER_10Y_BUND,Germany Bund 2.60% 2033,Government Bonds,SELL,50000,101.67,5.0835,0.001454,5.082,EUR,0.92,SETTLED
TXN-202203716,2024-08-27,2024-08-28,CLT-1013,P-138,US_5Y_UST,US Treasury 5-Yr Benchmark Note,Government Bonds,SELL,500,99.66,0.0498,1e-05,0.0498,USD,1.0,PENDING
TXN-202402438,2024-08-28,2024-08-30,CLT-1003,P-107,CORP_IG_EUR,Euro High Grade Corporate Bond Note,Corporate Bonds,INTEREST,0,0.0,0.0936,9.4e-05,0.0935,EUR,0.92,SETTLED
TXN-202202976,2024-08-28,2024-08-30,CLT-1005,P-113,CORP_IG_USD,US Investment Grade Corporate Bond Fund,Corporate Bonds,INTEREST,0,0.0,0.1244,0.000124,0.1243,USD,1.0,SETTLED
TXN-202200261,2024-08-28,2024-08-30,CLT-1011,P-131,CORP_IG_EUR,Euro High Grade Corporate Bond Note,Corporate Bonds,BUY,10000,99.44,0.9944,0.000407,0.9948,EUR,0.92,SETTLED
TXN-202204846,2024-08-28,2024-08-30,CLT-1010,P-128,AZN_LN,AstraZeneca PLC,Equity,BUY,10000,141.92,1.4192,0.000535,1.4197,GBP,0.79,SETTLED
TXN-202302497,2024-08-29,2024-08-30,CLT-1015,P-144,USD_TREAS_MMF,Institutional USD Treasury Money Market Fund,Money Market,BUY,5000,102.55,0.5128,0.0002,0.513,USD,1.0,SETTLED
TXN-202404343,2024-08-29,2024-08-30,CLT-1013,P-139,US_5Y_UST,US Treasury 5-Yr Benchmark Note,Government Bonds,INTEREST,0,0.0,0.078,7.8e-05,0.0779,USD,1.0,SETTLED
TXN-202101965,2024-08-29,2024-08-30,CLT-1009,P-124,JGB_10Y,Japan Government Bond 10-Yr 0.8%,Government Bonds,BUY,5000,102.35,0.5118,0.000188,0.512,JPY,152.0,SETTLED
TXN-202302292,2024-08-29,2024-09-02,CLT-1022,P-165,ICICIBANK_IN,ICICI Bank Ltd.,Equity,FEE,0,0.0,0.005,0.005,-0.005,INR,86.5,SETTLED
TXN-202201821,2024-08-30,2024-09-03,CLT-1001,P-102,AAPL,Apple Inc.,Equity,DEPOSIT,0,1.0,2.1655,0.0001,2.1655,USD,1.0,SETTLED
TXN-202501054,2024-08-30,2024-09-03,CLT-1015,P-147,AZN_LN,AstraZeneca PLC,Equity,DIVIDEND,0,0.0,0.2005,0.000201,0.2003,GBP,0.79,SETTLED
TXN-202204771,2024-08-30,2024-09-02,CLT-1005,P-114,OPERATING_CASH,Operational Custody Cash Balance,Cash,SELL,10000,98.83,0.9883,0.00029,0.988,USD,1.0,SETTLED
TXN-202103795,2024-08-30,2024-09-02,CLT-1018,P-152,JGB_10Y,Japan Government Bond 10-Yr 0.8%,Government Bonds,SELL,50000,101.52,5.076,0.002418,5.0736,JPY,152.0,SETTLED
TXN-202201521,2024-09-02,2024-09-04,CLT-1006,P-116,INFY_IN,Infosys Ltd.,Equity,SELL,5000,312.24,1.5612,0.000673,1.5605,INR,86.5,PENDING
TXN-202404478,2024-09-02,2024-09-04,CLT-1014,P-141,UNH,UnitedHealth Group,Equity,DIVIDEND,0,0.0,0.1353,0.000135,0.1352,USD,1.0,SETTLED
TXN-202204911,2024-09-02,2024-09-03,CLT-1003,P-109,USD_TREAS_MMF,Institutional USD Treasury Money Market Fund,Money Market,BUY,25000,95.6,2.39,0.00056,2.3906,USD,1.0,SETTLED
TXN-202204351,2024-09-02,2024-09-04,CLT-1015,P-147,ICICIBANK_IN,ICICI Bank Ltd.,Equity,DIVIDEND,0,0.0,0.2203,0.00022,0.2201,INR,86.5,SETTLED
TXN-202100010,2024-09-02,2024-09-04,CLT-1007,P-119,INFY_IN,Infosys Ltd.,Equity,DIVIDEND,0,0.0,0.2485,0.000249,0.2483,INR,86.5,SETTLED
TXN-202103510,2024-09-02,2024-09-03,CLT-1013,P-138,UK_10Y_GILT,UK Gilt 3.75% 2033,Government Bonds,SELL,2500,99.95,0.2499,3.9e-05,0.2499,GBP,0.79,SETTLED
TXN-202103645,2024-09-02,2024-09-04,CLT-1025,P-173,6758_JP,Sony Group Corp.,Equity,DIVIDEND,0,0.0,0.237,0.000237,0.2368,JPY,152.0,SETTLED
TXN-202302642,2024-09-02,2024-09-04,CLT-1018,P-153,HDFCBANK_IN,HDFC Bank Ltd.,Equity,SELL,50000,318.36,15.918,0.005346,15.9127,INR,86.5,SETTLED
TXN-202101245,2024-09-02,2024-09-03,CLT-1005,P-112,GLD_ETF,SPDR Gold Shares Institutional Trust,ETF,INTEREST,0,0.0,0.1995,0.0002,0.1993,USD,1.0,SETTLED
TXN-202200171,2024-09-03,2024-09-05,CLT-1012,P-132,RELIANCE_IN,Reliance Industries Ltd.,Equity,WITHDRAWAL,0,1.0,2.2002,0.0001,-2.2002,INR,86.5,SETTLED
TXN-202203341,2024-09-03,2024-09-05,CLT-1002,P-105,SAP_GY,SAP SE,Equity,SELL,25000,318.53,7.9632,0.001424,7.9618,EUR,0.92,SETTLED
TXN-202401798,2024-09-03,2024-09-04,CLT-1018,P-154,JGB_10Y,Japan Government Bond 10-Yr 0.8%,Government Bonds,SELL,500,96.08,0.048,1.4e-05,0.048,JPY,152.0,SETTLED
TXN-202104010,2024-09-03,2024-09-05,CLT-1023,P-167,MSFT,Microsoft Corp.,Equity,BUY,5000,47.08,0.2354,6.6e-05,0.2355,USD,1.0,PENDING
TXN-202303902,2024-09-04,2024-09-06,CLT-1003,P-106,JPM,JPMorgan Chase & Co.,Equity,FEE,0,0.0,0.0138,0.0138,-0.0138,USD,1.0,SETTLED
TXN-202502819,2024-09-05,2024-09-09,CLT-1019,P-157,HDFCBANK_IN,HDFC Bank Ltd.,Equity,BUY,500,263.13,0.1316,2.6e-05,0.1316,INR,86.5,SETTLED
TXN-202502189,2024-09-05,2024-09-06,CLT-1012,P-134,OPERATING_CASH,Operational Custody Cash Balance,Cash,BUY,5000,101.4,0.507,0.000127,0.5071,USD,1.0,SETTLED
TXN-202200691,2024-09-06,2024-09-10,CLT-1009,P-124,XOM,Exxon Mobil Corp.,Equity,SELL,10000,52.32,0.5232,0.000116,0.5231,USD,1.0,SETTLED
TXN-202103050,2024-09-06,2024-09-10,CLT-1018,P-154,6758_JP,Sony Group Corp.,Equity,BUY,10000,340.02,3.4002,0.0011,3.4013,JPY,152.0,SETTLED
TXN-202403868,2024-09-06,2024-09-09,CLT-1013,P-138,IND_10Y_GSEC,India Sovereign G-Sec 7.18% 2033,Government Bonds,DIVIDEND,0,0.0,0.1226,0.000123,0.1225,INR,86.5,SETTLED
TXN-202504339,2024-09-06,2024-09-10,CLT-1012,P-132,GOOGL,Alphabet Inc.,Equity,DIVIDEND,0,0.0,0.0662,6.6e-05,0.0661,USD,1.0,SETTLED
TXN-202403503,2024-09-09,2024-09-10,CLT-1001,P-103,UK_10Y_GILT,UK Gilt 3.75% 2033,Government Bonds,INTEREST,0,0.0,0.1029,0.000103,0.1028,GBP,0.79,SETTLED
TXN-202103270,2024-09-09,2024-09-11,CLT-1004,P-111,TCS_IN,Tata Consultancy Services,Equity,SELL,1000,75.9,0.0759,2e-05,0.0759,INR,86.5,SETTLED
TXN-202103040,2024-09-09,2024-09-10,CLT-1003,P-106,INR_OVERNIGHT_CASH,Institutional INR Overnight Liquid Fund,Money Market,DIVIDEND,0,0.0,0.0851,8.5e-05,0.085,INR,86.5,SETTLED
TXN-202303662,2024-09-09,2024-09-11,CLT-1004,P-111,AMZN,Amazon.com Inc.,Equity,SELL,25000,202.05,5.0512,0.002109,5.0491,USD,1.0,SETTLED
TXN-202301632,2024-09-09,2024-09-10,CLT-1024,P-172,GLD_ETF,SPDR Gold Shares Institutional Trust,ETF,DEPOSIT,0,1.0,0.5615,0.0001,0.5615,USD,1.0,PENDING
TXN-202300942,2024-09-09,2024-09-10,CLT-1013,P-138,INFRA_GLOBAL_TRUST,Global Infrastructure Core Income Note,Alternatives,INTEREST,0,0.0,0.1935,0.000194,0.1933,USD,1.0,SETTLED
TXN-202403468,2024-09-09,2024-09-10,CLT-1021,P-162,UK_10Y_GILT,UK Gilt 3.75% 2033,Government Bonds,SELL,5000,99.07,0.4953,0.000171,0.4951,GBP,0.79,SETTLED
TXN-202104395,2024-09-09,2024-09-11,CLT-1021,P-161,RELIANCE_IN,Reliance Industries Ltd.,Equity,BUY,1000,229.12,0.2291,5.4e-05,0.2292,INR,86.5,SETTLED
TXN-202202901,2024-09-10,2024-09-12,CLT-1009,P-123,RELIANCE_IN,Reliance Industries Ltd.,Equity,DEPOSIT,0,1.0,2.8017,0.0001,2.8017,INR,86.5,SETTLED
TXN-202300312,2024-09-10,2024-09-12,CLT-1007,P-119,TCS_IN,Tata Consultancy Services,Equity,BUY,2500,135.33,0.3383,7.3e-05,0.3384,INR,86.5,SETTLED
TXN-202302742,2024-09-10,2024-09-12,CLT-1003,P-109,ASML_NA,ASML Holding NV,Equity,BUY,5000,168.67,0.8433,0.000385,0.8437,EUR,0.92,SETTLED
TXN-202301852,2024-09-10,2024-09-12,CLT-1012,P-132,HDFCBANK_IN,HDFC Bank Ltd.,Equity,INTEREST,0,0.0,0.199,0.000199,0.1988,INR,86.5,SETTLED
TXN-202402878,2024-09-11,2024-09-13,CLT-1017,P-150,JPM,JPMorgan Chase & Co.,Equity,SELL,2500,257.4,0.6435,0.00032,0.6432,USD,1.0,SETTLED
TXN-202402968,2024-09-12,2024-09-16,CLT-1012,P-133,NOVN_SW,Novartis AG,Equity,INTEREST,0,0.0,0.0801,8e-05,0.08,CHF,0.88,SETTLED
TXN-202405223,2024-09-12,2024-09-13,CLT-1020,P-159,GER_10Y_BUND,Germany Bund 2.60% 2033,Government Bonds,WITHDRAWAL,0,1.0,3.4148,0.0001,-3.4148,EUR,0.92,SETTLED
TXN-202404063,2024-09-13,2024-09-17,CLT-1010,P-126,SHEL_LN,Shell PLC,Equity,BUY,25000,146.31,3.6578,0.001631,3.6594,GBP,0.79,SETTLED
TXN-202503119,2024-09-13,2024-09-16,CLT-1008,P-122,GLD_ETF,SPDR Gold Shares Institutional Trust,ETF,BUY,2500,99.66,0.2492,4.3e-05,0.2492,USD,1.0,PENDING
TXN-202401378,2024-09-13,2024-09-16,CLT-1003,P-109,GER_10Y_BUND,Germany Bund 2.60% 2033,Government Bonds,BUY,25000,97.14,2.4285,0.00043,2.4289,EUR,0.92,SETTLED
TXN-202501559,2024-09-16,2024-09-18,CLT-1003,P-110,NOVN_SW,Novartis AG,Equity,INTEREST,0,0.0,0.1393,0.000139,0.1392,CHF,0.88,SETTLED
TXN-202500874,2024-09-16,2024-09-17,CLT-1025,P-173,JGB_10Y,Japan Government Bond 10-Yr 0.8%,Government Bonds,BUY,5000,96.38,0.4819,0.000213,0.4821,JPY,152.0,SETTLED
TXN-202104990,2024-09-16,2024-09-17,CLT-1023,P-167,US_10Y_UST,US Treasury 10-Yr Benchmark Note,Government Bonds,TRANSFER,0,1.0,1.7857,0.0001,-1.7857,USD,1.0,SETTLED
TXN-202400118,2024-09-16,2024-09-18,CLT-1001,P-101,RELIANCE_IN,Reliance Industries Ltd.,Equity,BUY,2500,312.4,0.781,0.000332,0.7813,INR,86.5,SETTLED
TXN-202202461,2024-09-16,2024-09-17,CLT-1013,P-140,PLD_REIT,Prologis Global Logistics REIT,REIT,BUY,10000,98.72,0.9872,0.000366,0.9876,USD,1.0,SETTLED
TXN-202402193,2024-09-16,2024-09-18,CLT-1019,P-157,AZN_LN,AstraZeneca PLC,Equity,BUY,50000,263.35,13.1675,0.004723,13.1722,GBP,0.79,PENDING
TXN-202204336,2024-09-16,2024-09-18,CLT-1025,P-174,CORP_IG_EUR,Euro High Grade Corporate Bond Note,Corporate Bonds,SELL,50000,97.11,4.8555,0.001398,4.8541,EUR,0.92,SETTLED
TXN-202403783,2024-09-16,2024-09-18,CLT-1021,P-163,SAP_GY,SAP SE,Equity,WITHDRAWAL,0,1.0,0.85,0.0001,-0.85,EUR,0.92,SETTLED
TXN-202201861,2024-09-16,2024-09-17,CLT-1001,P-103,INR_OVERNIGHT_CASH,Institutional INR Overnight Liquid Fund,Money Market,SELL,10000,100.28,1.0028,0.000489,1.0023,INR,86.5,SETTLED
TXN-202503619,2024-09-16,2024-09-17,CLT-1023,P-169,GER_10Y_BUND,Germany Bund 2.60% 2033,Government Bonds,SELL,25000,98.16,2.454,0.000772,2.4532,EUR,0.92,SETTLED
TXN-202403173,2024-09-16,2024-09-18,CLT-1025,P-174,XOM,Exxon Mobil Corp.,Equity,BUY,2500,291.5,0.7288,0.000261,0.7291,USD,1.0,SETTLED
TXN-202102885,2024-09-16,2024-09-18,CLT-1006,P-117,UNH,UnitedHealth Group,Equity,SELL,25000,207.71,5.1928,0.001497,5.1913,USD,1.0,SETTLED
TXN-202201196,2024-09-16,2024-09-17,CLT-1012,P-133,US_5Y_UST,US Treasury 5-Yr Benchmark Note,Government Bonds,INTEREST,0,0.0,0.2039,0.000204,0.2037,USD,1.0,SETTLED
TXN-202101145,2024-09-16,2024-09-18,CLT-1008,P-121,LT_IN,Larsen & Toubro Ltd.,Equity,WITHDRAWAL,0,1.0,2.5586,0.0001,-2.5586,INR,86.5,SETTLED
TXN-202404623,2024-09-16,2024-09-18,CLT-1017,P-150,UNH,UnitedHealth Group,Equity,INTEREST,0,0.0,0.1621,0.000162,0.1619,USD,1.0,SETTLED
TXN-202404213,2024-09-17,2024-09-18,CLT-1020,P-159,GER_10Y_BUND,Germany Bund 2.60% 2033,Government Bonds,INTEREST,0,0.0,0.2389,0.000239,0.2387,EUR,0.92,SETTLED
TXN-202304227,2024-09-17,2024-09-19,CLT-1014,P-143,NOVN_SW,Novartis AG,Equity,DIVIDEND,0,0.0,0.0512,5.1e-05,0.0511,CHF,0.88,SETTLED
TXN-202302062,2024-09-17,2024-09-19,CLT-1010,P-127,6758_JP,Sony Group Corp.,Equity,INTEREST,0,0.0,0.1518,0.000152,0.1516,JPY,152.0,SETTLED
TXN-202402498,2024-09-18,2024-09-20,CLT-1013,P-138,TCS_IN,Tata Consultancy Services,Equity,BUY,1000,128.07,0.1281,2.9e-05,0.1281,INR,86.5,SETTLED
TXN-202504804,2024-09-18,2024-09-20,CLT-1014,P-141,7203_JP,Toyota Motor Corp.,Equity,INTEREST,0,0.0,0.1633,0.000163,0.1631,JPY,152.0,SETTLED
TXN-202504964,2024-09-18,2024-09-20,CLT-1022,P-165,ASML_NA,ASML Holding NV,Equity,BUY,1000,288.69,0.2887,9.3e-05,0.2888,EUR,0.92,SETTLED
TXN-202101675,2024-09-18,2024-09-20,CLT-1008,P-121,LT_IN,Larsen & Toubro Ltd.,Equity,SELL,2500,44.66,0.1116,3.3e-05,0.1116,INR,86.5,SETTLED
TXN-202302612,2024-09-19,2024-09-20,CLT-1008,P-122,UK_10Y_GILT,UK Gilt 3.75% 2033,Government Bonds,SELL,10000,95.39,0.9539,0.000353,0.9535,GBP,0.79,SETTLED
TXN-202500544,2024-09-19,2024-09-23,CLT-1022,P-165,ICICIBANK_IN,ICICI Bank Ltd.,Equity,DIVIDEND,0,0.0,0.1956,0.000196,0.1954,INR,86.5,SETTLED
TXN-202400488,2024-09-20,2024-09-24,CLT-1018,P-152,HDFCBANK_IN,HDFC Bank Ltd.,Equity,INTEREST,0,0.0,0.1832,0.000183,0.183,INR,86.5,SETTLED
TXN-202102355,2024-09-20,2024-09-24,CLT-1016,P-148,CORP_HY_USD,US High Yield Corporate Credit Note,Corporate Bonds,FEE,0,0.0,0.0152,0.0152,-0.0152,USD,1.0,SETTLED
TXN-202102110,2024-09-20,2024-09-24,CLT-1003,P-106,XOM,Exxon Mobil Corp.,Equity,INTEREST,0,0.0,0.1932,0.000193,0.193,USD,1.0,SETTLED
TXN-202301622,2024-09-23,2024-09-25,CLT-1001,P-103,NOVN_SW,Novartis AG,Equity,SELL,25000,295.22,7.3805,0.003168,7.3773,CHF,0.88,SETTLED
TXN-202204521,2024-09-23,2024-09-24,CLT-1013,P-139,US_10Y_UST,US Treasury 10-Yr Benchmark Note,Government Bonds,SELL,5000,95.68,0.4784,0.000128,0.4783,USD,1.0,SETTLED
TXN-202402478,2024-09-23,2024-09-25,CLT-1018,P-155,INFY_IN,Infosys Ltd.,Equity,SELL,10000,147.56,1.4756,0.000341,1.4753,INR,86.5,SETTLED
TXN-202300782,2024-09-23,2024-09-24,CLT-1008,P-121,JGB_10Y,Japan Government Bond 10-Yr 0.8%,Government Bonds,SELL,2500,102.61,0.2565,6.6e-05,0.2564,JPY,152.0,SETTLED
TXN-202102185,2024-09-23,2024-09-24,CLT-1015,P-147,OPERATING_CASH,Operational Custody Cash Balance,Cash,TRANSFER,0,1.0,3.4358,0.0001,-3.4358,USD,1.0,SETTLED
TXN-202203991,2024-09-23,2024-09-25,CLT-1023,P-167,NVDA,NVIDIA Corp.,Equity,BUY,5000,40.29,0.2014,7e-05,0.2015,USD,1.0,SETTLED
TXN-202201376,2024-09-23,2024-09-25,CLT-1018,P-152,CORP_IG_EUR,Euro High Grade Corporate Bond Note,Corporate Bonds,BUY,25000,97.92,2.448,0.000421,2.4484,EUR,0.92,SETTLED
TXN-202300817,2024-09-23,2024-09-24,CLT-1016,P-148,UK_10Y_GILT,UK Gilt 3.75% 2033,Government Bonds,SELL,25000,101.7,2.5425,0.001244,2.5413,GBP,0.79,SETTLED
TXN-202503439,2024-09-23,2024-09-25,CLT-1023,P-169,NVDA,NVIDIA Corp.,Equity,BUY,50000,348.98,17.449,0.007835,17.4568,USD,1.0,SETTLED
TXN-202100690,2024-09-23,2024-09-24,CLT-1010,P-126,EUR_LIQUIDITY_FUND,EUR Institutional Liquidity Master Fund,Money Market,SELL,2500,99.46,0.2486,7.9e-05,0.2485,EUR,0.92,SETTLED
TXN-202102640,2024-09-24,2024-09-26,CLT-1014,P-141,HDFCBANK_IN,HDFC Bank Ltd.,Equity,BUY,10000,153.68,1.5368,0.000431,1.5372,INR,86.5,SETTLED
TXN-202100560,2024-09-24,2024-09-25,CLT-1018,P-152,INR_OVERNIGHT_CASH,Institutional INR Overnight Liquid Fund,Money Market,BUY,1000,96.97,0.097,3.9e-05,0.097,INR,86.5,SETTLED
TXN-202303742,2024-09-24,2024-09-26,CLT-1025,P-173,GOOGL,Alphabet Inc.,Equity,WITHDRAWAL,0,1.0,1.7718,0.0001,-1.7718,USD,1.0,SETTLED
TXN-202300207,2024-09-25,2024-09-27,CLT-1006,P-118,SAP_GY,SAP SE,Equity,SELL,2500,137.29,0.3432,6.1e-05,0.3431,EUR,0.92,SETTLED
TXN-202504609,2024-09-25,2024-09-27,CLT-1014,P-142,ASML_NA,ASML Holding NV,Equity,SELL,500,214.83,0.1074,2.3e-05,0.1074,EUR,0.92,SETTLED
TXN-202201661,2024-09-25,2024-09-27,CLT-1017,P-151,NVDA,NVIDIA Corp.,Equity,BUY,500,184.04,0.092,1.9e-05,0.092,USD,1.0,SETTLED
TXN-202504269,2024-09-26,2024-09-27,CLT-1006,P-116,IND_10Y_GSEC,India Sovereign G-Sec 7.18% 2033,Government Bonds,INTEREST,0,0.0,0.1361,0.000136,0.136,INR,86.5,SETTLED
TXN-202204361,2024-09-26,2024-09-27,CLT-1015,P-147,INFRA_GLOBAL_TRUST,Global Infrastructure Core Income Note,Alternatives,BUY,1000,96.24,0.0962,3.8e-05,0.0962,USD,1.0,SETTLED
TXN-202503624,2024-09-26,2024-09-30,CLT-1023,P-169,LT_IN,Larsen & Toubro Ltd.,Equity,SELL,10000,95.14,0.9514,0.000475,0.9509,INR,86.5,SETTLED
TXN-202304072,2024-09-26,2024-09-30,CLT-1002,P-104,RELIANCE_IN,Reliance Industries Ltd.,Equity,FEE,0,0.0,0.0275,0.0275,-0.0275,INR,86.5,SETTLED
TXN-202301082,2024-09-27,2024-10-01,CLT-1025,P-173,RELIANCE_IN,Reliance Industries Ltd.,Equity,SELL,50000,255.31,12.7655,0.004133,12.7614,INR,86.5,PENDING
TXN-202501059,2024-09-27,2024-10-01,CLT-1020,P-160,CORP_HY_USD,US High Yield Corporate Credit Note,Corporate Bonds,DIVIDEND,0,0.0,0.1839,0.000184,0.1837,USD,1.0,SETTLED
TXN-202502314,2024-09-27,2024-10-01,CLT-1017,P-149,DBS_SP,DBS Group Holdings,Equity,DIVIDEND,0,0.0,0.0352,3.5e-05,0.0352,SGD,1.34,PENDING
TXN-202505039,2024-09-27,2024-09-30,CLT-1003,P-106,IND_10Y_GSEC,India Sovereign G-Sec 7.18% 2033,Government Bonds,BUY,50000,97.57,4.8785,0.002108,4.8806,INR,86.5,SETTLED
TXN-202302012,2024-09-30,2024-10-01,CLT-1001,P-102,GER_10Y_BUND,Germany Bund 2.60% 2033,Government Bonds,SELL,25000,95.53,2.3883,0.000866,2.3874,EUR,0.92,SETTLED
TXN-202204481,2024-09-30,2024-10-01,CLT-1011,P-131,EUR_LIQUIDITY_FUND,EUR Institutional Liquidity Master Fund,Money Market,SELL,500,97.88,0.0489,1.2e-05,0.0489,EUR,0.92,SETTLED
TXN-202502139,2024-09-30,2024-10-01,CLT-1005,P-115,UK_10Y_GILT,UK Gilt 3.75% 2033,Government Bonds,BUY,25000,102.29,2.5572,0.001027,2.5582,GBP,0.79,SETTLED
TXN-202203881,2024-09-30,2024-10-01,CLT-1013,P-139,OPERATING_CASH,Operational Custody Cash Balance,Cash,BUY,10000,96.82,0.9682,0.000367,0.9686,USD,1.0,SETTLED
TXN-202300867,2024-09-30,2024-10-02,CLT-1013,P-136,INFY_IN,Infosys Ltd.,Equity,BUY,1000,268.62,0.2686,0.000109,0.2687,INR,86.5,SETTLED
TXN-202400043,2024-09-30,2024-10-02,CLT-1013,P-138,LT_IN,Larsen & Toubro Ltd.,Equity,INTEREST,0,0.0,0.0674,6.7e-05,0.0673,INR,86.5,SETTLED
TXN-202300852,2024-09-30,2024-10-01,CLT-1024,P-172,GLD_ETF,SPDR Gold Shares Institutional Trust,ETF,INTEREST,0,0.0,0.2028,0.000203,0.2026,USD,1.0,SETTLED
TXN-202400153,2024-10-01,2024-10-03,CLT-1005,P-113,RELIANCE_IN,Reliance Industries Ltd.,Equity,BUY,500,151.46,0.0757,2.2e-05,0.0757,INR,86.5,SETTLED
TXN-202101465,2024-10-01,2024-10-03,CLT-1024,P-171,ICICIBANK_IN,ICICI Bank Ltd.,Equity,BUY,1000,264.39,0.2644,6e-05,0.2645,INR,86.5,SETTLED
TXN-202500274,2024-10-01,2024-10-03,CLT-1021,P-161,AAPL,Apple Inc.,Equity,BUY,50000,111.87,5.5935,0.001263,5.5948,USD,1.0,SETTLED
TXN-202203111,2024-10-01,2024-10-02,CLT-1023,P-168,USD_TREAS_MMF,Institutional USD Treasury Money Market Fund,Money Market,SELL,1000,101.2,0.1012,1.8e-05,0.1012,USD,1.0,SETTLED
TXN-202103415,2024-10-01,2024-10-03,CLT-1009,P-124,TCS_IN,Tata Consultancy Services,Equity,SELL,50000,184.88,9.244,0.003736,9.2403,INR,86.5,SETTLED
TXN-202403708,2024-10-03,2024-10-07,CLT-1014,P-143,INFY_IN,Infosys Ltd.,Equity,INTEREST,0,0.0,0.1344,0.000134,0.1343,INR,86.5,PENDING
TXN-202301132,2024-10-04,2024-10-08,CLT-1021,P-162,GOOGL,Alphabet Inc.,Equity,SELL,2500,53.37,0.1334,3.7e-05,0.1334,USD,1.0,SETTLED
TXN-202403853,2024-10-04,2024-10-07,CLT-1018,P-153,INR_OVERNIGHT_CASH,Institutional INR Overnight Liquid Fund,Money Market,INTEREST,0,0.0,0.082,8.2e-05,0.0819,INR,86.5,SETTLED
TXN-202504909,2024-10-04,2024-10-08,CLT-1008,P-122,LT_IN,Larsen & Toubro Ltd.,Equity,SELL,25000,72.81,1.8202,0.00085,1.8194,INR,86.5,SETTLED
TXN-202201431,2024-10-04,2024-10-07,CLT-1018,P-155,US_10Y_UST,US Treasury 10-Yr Benchmark Note,Government Bonds,DIVIDEND,0,0.0,0.2342,0.000234,0.234,USD,1.0,FAILED
TXN-202504079,2024-10-07,2024-10-08,CLT-1011,P-130,INR_OVERNIGHT_CASH,Institutional INR Overnight Liquid Fund,Money Market,SELL,5000,99.28,0.4964,0.000247,0.4962,INR,86.5,SETTLED
TXN-202201131,2024-10-07,2024-10-08,CLT-1018,P-155,USD_TREAS_MMF,Institutional USD Treasury Money Market Fund,Money Market,SELL,1000,98.71,0.0987,4.1e-05,0.0987,USD,1.0,SETTLED
TXN-202303697,2024-10-07,2024-10-09,CLT-1007,P-120,AMZN,Amazon.com Inc.,Equity,BUY,50000,144.33,7.2165,0.001358,7.2179,USD,1.0,SETTLED
TXN-202104500,2024-10-07,2024-10-09,CLT-1012,P-132,SAP_GY,SAP SE,Equity,SELL,5000,278.97,1.3949,0.000389,1.3945,EUR,0.92,SETTLED
TXN-202400723,2024-10-07,2024-10-08,CLT-1013,P-140,INFRA_GLOBAL_TRUST,Global Infrastructure Core Income Note,Alternatives,SELL,50000,98.09,4.9045,0.001102,4.9034,USD,1.0,SETTLED
TXN-202400698,2024-10-07,2024-10-08,CLT-1016,P-148,INFRA_GLOBAL_TRUST,Global Infrastructure Core Income Note,Alternatives,SELL,50000,101.94,5.097,0.0021,5.0949,USD,1.0,SETTLED
TXN-202203876,2024-10-08,2024-10-10,CLT-1011,P-131,SHEL_LN,Shell PLC,Equity,BUY,5000,169.02,0.8451,0.000158,0.8453,GBP,0.79,SETTLED
TXN-202300887,2024-10-08,2024-10-09,CLT-1005,P-115,USD_TREAS_MMF,Institutional USD Treasury Money Market Fund,Money Market,DIVIDEND,0,0.0,0.1667,0.000167,0.1665,USD,1.0,SETTLED
TXN-202400583,2024-10-08,2024-10-10,CLT-1012,P-135,7203_JP,Toyota Motor Corp.,Equity,SELL,2500,288.98,0.7225,0.000324,0.7222,JPY,152.0,SETTLED
TXN-202500464,2024-10-08,2024-10-10,CLT-1007,P-120,HDFCBANK_IN,HDFC Bank Ltd.,Equity,BUY,25000,125.4,3.135,0.00083,3.1358,INR,86.5,SETTLED
TXN-202204786,2024-10-08,2024-10-09,CLT-1012,P-135,USD_TREAS_MMF,Institutional USD Treasury Money Market Fund,Money Market,BUY,500,98.38,0.0492,2.1e-05,0.0492,USD,1.0,SETTLED
TXN-202400763,2024-10-09,2024-10-11,CLT-1022,P-164,CORP_IG_USD,US Investment Grade Corporate Bond Fund,Corporate Bonds,BUY,50000,102.2,5.11,0.00187,5.1119,USD,1.0,SETTLED
TXN-202501379,2024-10-10,2024-10-14,CLT-1015,P-144,ASML_NA,ASML Holding NV,Equity,BUY,500,216.57,0.1083,4.2e-05,0.1083,EUR,0.92,SETTLED
TXN-202402823,2024-10-10,2024-10-14,CLT-1007,P-120,UNH,UnitedHealth Group,Equity,BUY,1000,121.41,0.1214,2.1e-05,0.1214,USD,1.0,SETTLED
TXN-202400393,2024-10-10,2024-10-11,CLT-1013,P-139,JGB_10Y,Japan Government Bond 10-Yr 0.8%,Government Bonds,BUY,2500,100.1,0.2502,8.5e-05,0.2503,JPY,152.0,SETTLED
TXN-202203866,2024-10-11,2024-10-15,CLT-1013,P-140,RELIANCE_IN,Reliance Industries Ltd.,Equity,SELL,10000,120.69,1.2069,0.000376,1.2065,INR,86.5,SETTLED
TXN-202402623,2024-10-11,2024-10-15,CLT-1022,P-164,DBS_SP,DBS Group Holdings,Equity,SELL,10000,83.02,0.8302,0.00039,0.8298,SGD,1.34,SETTLED
TXN-202304827,2024-10-11,2024-10-15,CLT-1015,P-146,DBS_SP,DBS Group Holdings,Equity,BUY,1000,128.18,0.1282,5.9e-05,0.1283,SGD,1.34,SETTLED
TXN-202103390,2024-10-11,2024-10-15,CLT-1021,P-161,6758_JP,Sony Group Corp.,Equity,BUY,10000,157.34,1.5734,0.000769,1.5742,JPY,152.0,SETTLED
TXN-202402468,2024-10-11,2024-10-15,CLT-1012,P-132,AZN_LN,AstraZeneca PLC,Equity,BUY,5000,136.93,0.6846,0.000319,0.6849,GBP,0.79,SETTLED
TXN-202404858,2024-10-11,2024-10-14,CLT-1010,P-129,US_10Y_UST,US Treasury 10-Yr Benchmark Note,Government Bonds,WITHDRAWAL,0,1.0,1.6928,0.0001,-1.6928,USD,1.0,SETTLED
TXN-202304772,2024-10-11,2024-10-15,CLT-1003,P-106,AAPL,Apple Inc.,Equity,BUY,2500,88.25,0.2206,9.7e-05,0.2207,USD,1.0,SETTLED
TXN-202100505,2024-10-14,2024-10-15,CLT-1013,P-139,GLD_ETF,SPDR Gold Shares Institutional Trust,ETF,BUY,50000,102.01,5.1005,0.002454,5.103,USD,1.0,SETTLED
TXN-202100420,2024-10-14,2024-10-16,CLT-1014,P-142,ICICIBANK_IN,ICICI Bank Ltd.,Equity,SELL,50000,294.67,14.7335,0.006982,14.7265,INR,86.5,SETTLED
TXN-202204961,2024-10-14,2024-10-15,CLT-1001,P-101,OPERATING_CASH,Operational Custody Cash Balance,Cash,SELL,10000,101.08,1.0108,0.000335,1.0105,USD,1.0,SETTLED
TXN-202405103,2024-10-14,2024-10-16,CLT-1003,P-109,ICICIBANK_IN,ICICI Bank Ltd.,Equity,SELL,500,176.56,0.0883,2.6e-05,0.0883,INR,86.5,SETTLED
TXN-202502514,2024-10-14,2024-10-15,CLT-1007,P-120,US_10Y_UST,US Treasury 10-Yr Benchmark Note,Government Bonds,BUY,5000,100.44,0.5022,9.1e-05,0.5023,USD,1.0,SETTLED
TXN-202500034,2024-10-14,2024-10-16,CLT-1018,P-153,AAPL,Apple Inc.,Equity,BUY,5000,332.43,1.6622,0.000748,1.6629,USD,1.0,SETTLED
TXN-202403383,2024-10-14,2024-10-15,CLT-1009,P-123,USD_TREAS_MMF,Institutional USD Treasury Money Market Fund,Money Market,BUY,50000,98.1,4.905,0.001707,4.9067,USD,1.0,SETTLED
TXN-202304307,2024-10-14,2024-10-16,CLT-1015,P-144,UNH,UnitedHealth Group,Equity,BUY,25000,289.4,7.235,0.002416,7.2374,USD,1.0,SETTLED
TXN-202300007,2024-10-14,2024-10-15,CLT-1005,P-113,USD_TREAS_MMF,Institutional USD Treasury Money Market Fund,Money Market,BUY,500,99.02,0.0495,2.1e-05,0.0495,USD,1.0,PENDING
TXN-202500969,2024-10-14,2024-10-16,CLT-1023,P-169,ICICIBANK_IN,ICICI Bank Ltd.,Equity,BUY,1000,102.83,0.1028,2.4e-05,0.1028,INR,86.5,SETTLED
TXN-202502229,2024-10-14,2024-10-15,CLT-1005,P-115,OPERATING_CASH,Operational Custody Cash Balance,Cash,SELL,25000,102.42,2.5605,0.000406,2.5601,USD,1.0,SETTLED
TXN-202203031,2024-10-14,2024-10-16,CLT-1009,P-123,CORP_IG_EUR,Euro High Grade Corporate Bond Note,Corporate Bonds,SELL,2500,102.24,0.2556,0.000109,0.2555,EUR,0.92,SETTLED
TXN-202501979,2024-10-15,2024-10-16,CLT-1019,P-156,US_10Y_UST,US Treasury 10-Yr Benchmark Note,Government Bonds,SELL,10000,96.34,0.9634,0.000297,0.9631,USD,1.0,SETTLED
TXN-202505084,2024-10-15,2024-10-16,CLT-1012,P-132,US_10Y_UST,US Treasury 10-Yr Benchmark Note,Government Bonds,SELL,5000,101.25,0.5062,0.000236,0.506,USD,1.0,SETTLED
TXN-202102375,2024-10-15,2024-10-17,CLT-1017,P-149,6758_JP,Sony Group Corp.,Equity,FEE,0,0.0,0.0094,0.0094,-0.0094,JPY,152.0,SETTLED
TXN-202303387,2024-10-16,2024-10-18,CLT-1022,P-164,TCS_IN,Tata Consultancy Services,Equity,BUY,25000,299.37,7.4843,0.002206,7.4865,INR,86.5,SETTLED
TXN-202400943,2024-10-16,2024-10-17,CLT-1020,P-159,INR_OVERNIGHT_CASH,Institutional INR Overnight Liquid Fund,Money Market,BUY,2500,96.16,0.2404,0.000102,0.2405,INR,86.5,SETTLED
TXN-202200361,2024-10-18,2024-10-22,CLT-1018,P-153,CORP_IG_EUR,Euro High Grade Corporate Bond Note,Corporate Bonds,INTEREST,0,0.0,0.2176,0.000218,0.2174,EUR,0.92,SETTLED
TXN-202201286,2024-10-18,2024-10-22,CLT-1003,P-106,AAPL,Apple Inc.,Equity,BUY,25000,276.93,6.9233,0.002349,6.9256,USD,1.0,SETTLED
TXN-202102480,2024-10-18,2024-10-22,CLT-1001,P-103,BHARTIARTL_IN,Bharti Airtel Ltd.,Equity,INTEREST,0,0.0,0.1991,0.000199,0.1989,INR,86.5,SETTLED
TXN-202304132,2024-10-18,2024-10-21,CLT-1007,P-119,US_5Y_UST,US Treasury 5-Yr Benchmark Note,Government Bonds,SELL,500,100.32,0.0502,2.1e-05,0.0502,USD,1.0,SETTLED
TXN-202504954,2024-10-21,2024-10-22,CLT-1017,P-149,GER_10Y_BUND,Germany Bund 2.60% 2033,Government Bonds,BUY,10000,99.74,0.9974,0.000377,0.9978,EUR,0.92,SETTLED
TXN-202103830,2024-10-21,2024-10-23,CLT-1014,P-143,AZN_LN,AstraZeneca PLC,Equity,DIVIDEND,0,0.0,0.2356,0.000236,0.2354,GBP,0.79,SETTLED
TXN-202403678,2024-10-21,2024-10-22,CLT-1018,P-153,USD_TREAS_MMF,Institutional USD Treasury Money Market Fund,Money Market,SELL,50000,99.21,4.9605,0.002432,4.9581,USD,1.0,SETTLED
TXN-202305097,2024-10-21,2024-10-23,CLT-1004,P-111,NOVN_SW,Novartis AG,Equity,BUY,500,91.61,0.0458,1.4e-05,0.0458,CHF,0.88,SETTLED
TXN-202403563,2024-10-21,2024-10-23,CLT-1014,P-143,NOVN_SW,Novartis AG,Equity,SELL,1000,206.48,0.2065,5.8e-05,0.2064,CHF,0.88,SETTLED
TXN-202203476,2024-10-21,2024-10-22,CLT-1011,P-131,GLD_ETF,SPDR Gold Shares Institutional Trust,ETF,DIVIDEND,0,0.0,0.1169,0.000117,0.1168,USD,1.0,SETTLED
TXN-202504349,2024-10-22,2024-10-24,CLT-1003,P-110,GOOGL,Alphabet Inc.,Equity,SELL,5000,198.23,0.9911,0.00045,0.9907,USD,1.0,SETTLED
TXN-202104180,2024-10-22,2024-10-23,CLT-1011,P-130,IND_10Y_GSEC,India Sovereign G-Sec 7.18% 2033,Government Bonds,SELL,2500,97.06,0.2427,8.7e-05,0.2426,INR,86.5,SETTLED
TXN-202203661,2024-10-22,2024-10-24,CLT-1011,P-130,6758_JP,Sony Group Corp.,Equity,SELL,5000,274.06,1.3703,0.000683,1.3696,JPY,152.0,SETTLED
TXN-202403763,2024-10-22,2024-10-23,CLT-1024,P-172,UK_10Y_GILT,UK Gilt 3.75% 2033,Government Bonds,SELL,10000,99.09,0.9909,0.000438,0.9905,GBP,0.79,SETTLED
TXN-202103375,2024-10-23,2024-10-25,CLT-1021,P-163,XOM,Exxon Mobil Corp.,Equity,INTEREST,0,0.0,0.1004,0.0001,0.1003,USD,1.0,PENDING
TXN-202303802,2024-10-23,2024-10-24,CLT-1011,P-130,GER_10Y_BUND,Germany Bund 2.60% 2033,Government Bonds,SELL,50000,100.48,5.024,0.000815,5.0232,EUR,0.92,SETTLED
TXN-202204671,2024-10-24,2024-10-28,CLT-1019,P-156,SHEL_LN,Shell PLC,Equity,SELL,1000,107.22,0.1072,5.2e-05,0.1071,GBP,0.79,SETTLED
TXN-202300922,2024-10-24,2024-10-28,CLT-1010,P-128,6758_JP,Sony Group Corp.,Equity,SELL,1000,314.62,0.3146,5.6e-05,0.3145,JPY,152.0,SETTLED
TXN-202305022,2024-10-25,2024-10-29,CLT-1003,P-110,NOVN_SW,Novartis AG,Equity,SELL,1000,286.23,0.2862,0.000126,0.2861,CHF,0.88,SETTLED
TXN-202104660,2024-10-25,2024-10-29,CLT-1018,P-155,MSFT,Microsoft Corp.,Equity,SELL,50000,299.27,14.9635,0.00471,14.9588,USD,1.0,SETTLED
TXN-202300662,2024-10-25,2024-10-29,CLT-1008,P-122,7203_JP,Toyota Motor Corp.,Equity,FEE,0,0.0,0.0253,0.0253,-0.0253,JPY,152.0,SETTLED
TXN-202301222,2024-10-28,2024-10-30,CLT-1021,P-163,AMZN,Amazon.com Inc.,Equity,DIVIDEND,0,0.0,0.1006,0.000101,0.1005,USD,1.0,SETTLED
TXN-202400503,2024-10-28,2024-10-30,CLT-1015,P-146,ASML_NA,ASML Holding NV,Equity,BUY,10000,118.12,1.1812,0.000548,1.1817,EUR,0.92,PENDING
TXN-202100530,2024-10-28,2024-10-30,CLT-1003,P-106,UNH,UnitedHealth Group,Equity,FEE,0,0.0,0.0233,0.0233,-0.0233,USD,1.0,SETTLED
TXN-202102740,2024-10-28,2024-10-30,CLT-1008,P-121,AAPL,Apple Inc.,Equity,DIVIDEND,0,0.0,0.0343,3.4e-05,0.0343,USD,1.0,SETTLED
TXN-202301037,2024-10-28,2024-10-30,CLT-1005,P-113,SAP_GY,SAP SE,Equity,BUY,50000,201.14,10.057,0.00368,10.0607,EUR,0.92,SETTLED
TXN-202105180,2024-10-28,2024-10-29,CLT-1015,P-145,EUR_LIQUIDITY_FUND,EUR Institutional Liquidity Master Fund,Money Market,BUY,10000,99.07,0.9907,0.000413,0.9911,EUR,0.92,SETTLED
TXN-202401738,2024-10-28,2024-10-30,CLT-1014,P-142,GOOGL,Alphabet Inc.,Equity,SELL,25000,186.84,4.671,0.001674,4.6693,USD,1.0,SETTLED
TXN-202102925,2024-10-28,2024-10-29,CLT-1008,P-121,GER_10Y_BUND,Germany Bund 2.60% 2033,Government Bonds,SELL,50000,102.1,5.105,0.00189,5.1031,EUR,0.92,SETTLED
TXN-202305087,2024-10-28,2024-10-30,CLT-1022,P-166,ICICIBANK_IN,ICICI Bank Ltd.,Equity,FEE,0,0.0,0.0226,0.0226,-0.0226,INR,86.5,SETTLED
TXN-202403813,2024-10-29,2024-10-31,CLT-1017,P-150,XOM,Exxon Mobil Corp.,Equity,FEE,0,0.0,0.029,0.029,-0.029,USD,1.0,SETTLED
TXN-202302692,2024-10-29,2024-10-30,CLT-1004,P-111,US_10Y_UST,US Treasury 10-Yr Benchmark Note,Government Bonds,BUY,5000,96.91,0.4845,0.000209,0.4847,USD,1.0,SETTLED
TXN-202201311,2024-10-29,2024-10-30,CLT-1003,P-108,INFRA_GLOBAL_TRUST,Global Infrastructure Core Income Note,Alternatives,BUY,1000,102.48,0.1025,3.1e-05,0.1025,USD,1.0,SETTLED
TXN-202401358,2024-10-30,2024-11-01,CLT-1010,P-128,HDFCBANK_IN,HDFC Bank Ltd.,Equity,FEE,0,0.0,0.0118,0.0118,-0.0118,INR,86.5,SETTLED
TXN-202202686,2024-10-30,2024-11-01,CLT-1003,P-107,AMZN,Amazon.com Inc.,Equity,BUY,25000,307.65,7.6912,0.002658,7.6939,USD,1.0,SETTLED
TXN-202304747,2024-10-31,2024-11-04,CLT-1012,P-132,AAPL,Apple Inc.,Equity,SELL,2500,127.62,0.3191,0.000147,0.319,USD,1.0,SETTLED
TXN-202103345,2024-10-31,2024-11-04,CLT-1015,P-147,AZN_LN,AstraZeneca PLC,Equity,BUY,2500,283.5,0.7087,0.000338,0.709,GBP,0.79,SETTLED
TXN-202101455,2024-10-31,2024-11-04,CLT-1017,P-149,6758_JP,Sony Group Corp.,Equity,DIVIDEND,0,0.0,0.0318,3.2e-05,0.0318,JPY,152.0,SETTLED
TXN-202305237,2024-10-31,2024-11-01,CLT-1001,P-103,OPERATING_CASH,Operational Custody Cash Balance,Cash,SELL,25000,101.11,2.5278,0.000456,2.5273,USD,1.0,SETTLED
TXN-202500839,2024-11-01,2024-11-05,CLT-1017,P-151,LT_IN,Larsen & Toubro Ltd.,Equity,BUY,2500,337.41,0.8435,0.000296,0.8438,INR,86.5,SETTLED
TXN-202504024,2024-11-04,2024-11-06,CLT-1013,P-139,NVDA,NVIDIA Corp.,Equity,BUY,25000,329.33,8.2332,0.003192,8.2364,USD,1.0,SETTLED
TXN-202401863,2024-11-04,2024-11-05,CLT-1005,P-115,US_5Y_UST,US Treasury 5-Yr Benchmark Note,Government Bonds,DIVIDEND,0,0.0,0.2168,0.000217,0.2166,USD,1.0,SETTLED
TXN-202303207,2024-11-04,2024-11-06,CLT-1009,P-123,6758_JP,Sony Group Corp.,Equity,SELL,500,304.25,0.1521,6.5e-05,0.152,JPY,152.0,SETTLED
TXN-202100125,2024-11-04,2024-11-05,CLT-1015,P-146,GER_10Y_BUND,Germany Bund 2.60% 2033,Government Bonds,SELL,5000,98.36,0.4918,0.000144,0.4917,EUR,0.92,PENDING
TXN-202502249,2024-11-04,2024-11-06,CLT-1012,P-135,AMZN,Amazon.com Inc.,Equity,INTEREST,0,0.0,0.0458,4.6e-05,0.0458,USD,1.0,SETTLED
TXN-202103595,2024-11-04,2024-11-06,CLT-1003,P-107,GOOGL,Alphabet Inc.,Equity,DIVIDEND,0,0.0,0.113,0.000113,0.1129,USD,1.0,SETTLED
TXN-202404148,2024-11-04,2024-11-05,CLT-1023,P-168,EUR_LIQUIDITY_FUND,EUR Institutional Liquidity Master Fund,Money Market,INTEREST,0,0.0,0.0561,5.6e-05,0.056,EUR,0.92,PENDING
TXN-202401063,2024-11-05,2024-11-06,CLT-1020,P-160,USD_TREAS_MMF,Institutional USD Treasury Money Market Fund,Money Market,SELL,50000,99.55,4.9775,0.001355,4.9761,USD,1.0,SETTLED
TXN-202203556,2024-11-05,2024-11-07,CLT-1005,P-115,INFY_IN,Infosys Ltd.,Equity,WITHDRAWAL,0,1.0,0.6927,0.0001,-0.6927,INR,86.5,SETTLED
TXN-202202996,2024-11-05,2024-11-06,CLT-1009,P-124,GLD_ETF,SPDR Gold Shares Institutional Trust,ETF,BUY,5000,98.0,0.49,0.000131,0.4901,USD,1.0,PENDING
TXN-202104335,2024-11-05,2024-11-07,CLT-1009,P-124,MSFT,Microsoft Corp.,Equity,INTEREST,0,0.0,0.2396,0.00024,0.2394,USD,1.0,SETTLED
TXN-202201006,2024-11-05,2024-11-07,CLT-1020,P-159,MSFT,Microsoft Corp.,Equity,SELL,25000,78.7,1.9675,0.000488,1.967,USD,1.0,SETTLED
TXN-202404783,2024-11-05,2024-11-07,CLT-1009,P-123,AMZN,Amazon.com Inc.,Equity,SELL,5000,208.78,1.0439,0.000366,1.0435,USD,1.0,FAILED
TXN-202103030,2024-11-06,2024-11-08,CLT-1011,P-130,TCS_IN,Tata Consultancy Services,Equity,DIVIDEND,0,0.0,0.0227,2.3e-05,0.0227,INR,86.5,FAILED
TXN-202104475,2024-11-07,2024-11-08,CLT-1014,P-143,GER_10Y_BUND,Germany Bund 2.60% 2033,Government Bonds,BUY,5000,100.17,0.5009,0.000112,0.501,EUR,0.92,SETTLED
TXN-202302372,2024-11-07,2024-11-11,CLT-1011,P-130,CORP_HY_USD,US High Yield Corporate Credit Note,Corporate Bonds,INTEREST,0,0.0,0.1608,0.000161,0.1606,USD,1.0,SETTLED
TXN-202403038,2024-11-07,2024-11-11,CLT-1019,P-158,XOM,Exxon Mobil Corp.,Equity,BUY,25000,249.58,6.2395,0.001759,6.2413,USD,1.0,SETTLED
TXN-202102960,2024-11-07,2024-11-11,CLT-1022,P-164,UNH,UnitedHealth Group,Equity,BUY,25000,76.22,1.9055,0.00045,1.906,USD,1.0,SETTLED
TXN-202502094,2024-11-07,2024-11-11,CLT-1021,P-162,ICICIBANK_IN,ICICI Bank Ltd.,Equity,BUY,1000,150.86,0.1509,2.9e-05,0.1509,INR,86.5,SETTLED
TXN-202403358,2024-11-08,2024-11-11,CLT-1023,P-169,PLD_REIT,Prologis Global Logistics REIT,REIT,BUY,50000,102.42,5.121,0.002307,5.1233,USD,1.0,SETTLED
TXN-202501849,2024-11-08,2024-11-12,CLT-1001,P-103,6758_JP,Sony Group Corp.,Equity,BUY,50000,215.33,10.7665,0.005302,10.7718,JPY,152.0,SETTLED
TXN-202500059,2024-11-08,2024-11-12,CLT-1018,P-154,DBS_SP,DBS Group Holdings,Equity,BUY,25000,321.57,8.0392,0.003481,8.0427,SGD,1.34,SETTLED
TXN-202202426,2024-11-08,2024-11-12,CLT-1013,P-137,AMZN,Amazon.com Inc.,Equity,SELL,2500,132.11,0.3303,9.5e-05,0.3302,USD,1.0,SETTLED
TXN-202102795,2024-11-11,2024-11-13,CLT-1013,P-140,SHEL_LN,Shell PLC,Equity,SELL,50000,341.97,17.0985,0.006254,17.0922,GBP,0.79,SETTLED
TXN-202302467,2024-11-11,2024-11-13,CLT-1023,P-168,BHARTIARTL_IN,Bharti Airtel Ltd.,Equity,INTEREST,0,0.0,0.2055,0.000205,0.2053,INR,86.5,SETTLED
TXN-202202596,2024-11-11,2024-11-13,CLT-1007,P-120,INFY_IN,Infosys Ltd.,Equity,SELL,2500,280.03,0.7001,0.000335,0.6998,INR,86.5,SETTLED
TXN-202104730,2024-11-11,2024-11-12,CLT-1020,P-160,IND_10Y_GSEC,India Sovereign G-Sec 7.18% 2033,Government Bonds,SELL,10000,100.88,1.0088,0.00034,1.0085,INR,86.5,SETTLED
TXN-202104950,2024-11-11,2024-11-13,CLT-1015,P-147,CORP_HY_USD,US High Yield Corporate Credit Note,Corporate Bonds,INTEREST,0,0.0,0.2011,0.000201,0.2009,USD,1.0,SETTLED
TXN-202504064,2024-11-11,2024-11-13,CLT-1014,P-143,UNH,UnitedHealth Group,Equity,SELL,10000,235.72,2.3572,0.000393,2.3568,USD,1.0,SETTLED
TXN-202300292,2024-11-11,2024-11-13,CLT-1022,P-165,AAPL,Apple Inc.,Equity,SELL,2500,124.87,0.3122,8.5e-05,0.3121,USD,1.0,SETTLED
TXN-202404178,2024-11-11,2024-11-13,CLT-1008,P-122,INFY_IN,Infosys Ltd.,Equity,BUY,5000,117.69,0.5885,0.00017,0.5887,INR,86.5,SETTLED
TXN-202103760,2024-11-11,2024-11-13,CLT-1012,P-134,HDFCBANK_IN,HDFC Bank Ltd.,Equity,FEE,0,0.0,0.0092,0.0092,-0.0092,INR,86.5,SETTLED
TXN-202302582,2024-11-11,2024-11-13,CLT-1012,P-134,UNH,UnitedHealth Group,Equity,BUY,5000,142.06,0.7103,0.000316,0.7106,USD,1.0,SETTLED
TXN-202403258,2024-11-11,2024-11-12,CLT-1011,P-130,OPERATING_CASH,Operational Custody Cash Balance,Cash,SELL,500,100.95,0.0505,2.1e-05,0.0505,USD,1.0,SETTLED
TXN-202104725,2024-11-11,2024-11-13,CLT-1005,P-112,INFY_IN,Infosys Ltd.,Equity,SELL,50000,296.55,14.8275,0.005095,14.8224,INR,86.5,SETTLED
TXN-202502784,2024-11-11,2024-11-13,CLT-1015,P-145,CORP_IG_EUR,Euro High Grade Corporate Bond Note,Corporate Bonds,BUY,10000,100.55,1.0055,0.000268,1.0058,EUR,0.92,SETTLED
TXN-202500084,2024-11-11,2024-11-13,CLT-1017,P-149,INFY_IN,Infosys Ltd.,Equity,BUY,1000,220.87,0.2209,4.2e-05,0.2209,INR,86.5,SETTLED
TXN-202202096,2024-11-11,2024-11-12,CLT-1001,P-102,PLD_REIT,Prologis Global Logistics REIT,REIT,BUY,2500,97.28,0.2432,7.4e-05,0.2433,USD,1.0,SETTLED
TXN-202302747,2024-11-11,2024-11-12,CLT-1024,P-172,EUR_LIQUIDITY_FUND,EUR Institutional Liquidity Master Fund,Money Market,BUY,25000,100.15,2.5038,0.000749,2.5045,EUR,0.92,SETTLED
TXN-202501484,2024-11-12,2024-11-14,CLT-1008,P-121,INFY_IN,Infosys Ltd.,Equity,FEE,0,0.0,0.0314,0.0314,-0.0314,INR,86.5,SETTLED
TXN-202203891,2024-11-12,2024-11-14,CLT-1001,P-102,AAPL,Apple Inc.,Equity,BUY,25000,72.61,1.8153,0.000642,1.8159,USD,1.0,SETTLED
TXN-202202971,2024-11-12,2024-11-14,CLT-1017,P-151,SHEL_LN,Shell PLC,Equity,BUY,1000,145.67,0.1457,5.5e-05,0.1458,GBP,0.79,SETTLED
TXN-202103370,2024-11-12,2024-11-14,CLT-1017,P-151,CORP_HY_USD,US High Yield Corporate Credit Note,Corporate Bonds,BUY,1000,98.91,0.0989,3.1e-05,0.0989,USD,1.0,SETTLED
TXN-202303942,2024-11-12,2024-11-13,CLT-1015,P-144,UK_10Y_GILT,UK Gilt 3.75% 2033,Government Bonds,BUY,1000,98.21,0.0982,4.2e-05,0.0982,GBP,0.79,SETTLED
TXN-202203096,2024-11-13,2024-11-14,CLT-1008,P-121,INFRA_GLOBAL_TRUST,Global Infrastructure Core Income Note,Alternatives,BUY,2500,97.82,0.2445,7.6e-05,0.2446,USD,1.0,SETTLED
TXN-202100655,2024-11-13,2024-11-15,CLT-1019,P-158,NVDA,NVIDIA Corp.,Equity,INTEREST,0,0.0,0.2203,0.00022,0.2201,USD,1.0,SETTLED
TXN-202303142,2024-11-14,2024-11-18,CLT-1020,P-160,CORP_HY_USD,US High Yield Corporate Credit Note,Corporate Bonds,BUY,500,100.94,0.0505,1.3e-05,0.0505,USD,1.0,SETTLED
TXN-202303552,2024-11-14,2024-11-18,CLT-1023,P-168,CORP_HY_USD,US High Yield Corporate Credit Note,Corporate Bonds,SELL,50000,98.97,4.9485,0.000828,4.9477,USD,1.0,SETTLED
TXN-202201576,2024-11-14,2024-11-15,CLT-1015,P-145,INFRA_GLOBAL_TRUST,Global Infrastructure Core Income Note,Alternatives,SELL,5000,99.55,0.4978,0.000111,0.4977,USD,1.0,SETTLED
TXN-202203551,2024-11-14,2024-11-15,CLT-1018,P-152,INR_OVERNIGHT_CASH,Institutional INR Overnight Liquid Fund,Money Market,SELL,500,97.76,0.0489,2.2e-05,0.0489,INR,86.5,SETTLED
TXN-202304937,2024-11-15,2024-11-18,CLT-1014,P-142,INR_OVERNIGHT_CASH,Institutional INR Overnight Liquid Fund,Money Market,DIVIDEND,0,0.0,0.0254,2.5e-05,0.0254,INR,86.5,SETTLED
TXN-202305067,2024-11-18,2024-11-20,CLT-1012,P-133,AMZN,Amazon.com Inc.,Equity,SELL,500,144.94,0.0725,1.2e-05,0.0725,USD,1.0,SETTLED
TXN-202304267,2024-11-18,2024-11-19,CLT-1005,P-114,JGB_10Y,Japan Government Bond 10-Yr 0.8%,Government Bonds,BUY,500,99.92,0.05,1.7e-05,0.05,JPY,152.0,SETTLED
TXN-202101680,2024-11-18,2024-11-20,CLT-1013,P-136,JPM,JPMorgan Chase & Co.,Equity,INTEREST,0,0.0,0.1951,0.000195,0.1949,USD,1.0,SETTLED
TXN-202103045,2024-11-18,2024-11-19,CLT-1003,P-108,INR_OVERNIGHT_CASH,Institutional INR Overnight Liquid Fund,Money Market,FEE,0,0.0,0.0199,0.0199,-0.0199,INR,86.5,SETTLED
TXN-202400418,2024-11-19,2024-11-20,CLT-1019,P-156,IND_10Y_GSEC,India Sovereign G-Sec 7.18% 2033,Government Bonds,FEE,0,0.0,0.028,0.028,-0.028,INR,86.5,FAILED
TXN-202301812,2024-11-19,2024-11-20,CLT-1010,P-127,INFRA_GLOBAL_TRUST,Global Infrastructure Core Income Note,Alternatives,DIVIDEND,0,0.0,0.0837,8.4e-05,0.0836,USD,1.0,SETTLED
TXN-202304377,2024-11-19,2024-11-21,CLT-1019,P-156,INFY_IN,Infosys Ltd.,Equity,FEE,0,0.0,0.0251,0.0251,-0.0251,INR,86.5,SETTLED
TXN-202303722,2024-11-19,2024-11-20,CLT-1013,P-139,INFRA_GLOBAL_TRUST,Global Infrastructure Core Income Note,Alternatives,BUY,10000,102.48,1.0248,0.000246,1.025,USD,1.0,SETTLED
TXN-202401498,2024-11-19,2024-11-21,CLT-1013,P-139,CORP_HY_USD,US High Yield Corporate Credit Note,Corporate Bonds,BUY,1000,100.88,0.1009,1.6e-05,0.1009,USD,1.0,SETTLED
TXN-202501224,2024-11-20,2024-11-22,CLT-1011,P-131,JPM,JPMorgan Chase & Co.,Equity,BUY,1000,173.8,0.1738,6.9e-05,0.1739,USD,1.0,SETTLED
TXN-202300497,2024-11-20,2024-11-22,CLT-1006,P-118,AZN_LN,AstraZeneca PLC,Equity,BUY,50000,206.87,10.3435,0.002018,10.3455,GBP,0.79,SETTLED
TXN-202104355,2024-11-21,2024-11-22,CLT-1017,P-150,INFRA_GLOBAL_TRUST,Global Infrastructure Core Income Note,Alternatives,SELL,500,97.61,0.0488,1.9e-05,0.0488,USD,1.0,SETTLED
TXN-202400368,2024-11-21,2024-11-25,CLT-1003,P-110,CORP_HY_USD,US High Yield Corporate Credit Note,Corporate Bonds,SELL,50000,96.96,4.848,0.001168,4.8468,USD,1.0,SETTLED
TXN-202202646,2024-11-21,2024-11-25,CLT-1012,P-132,XOM,Exxon Mobil Corp.,Equity,DEPOSIT,0,1.0,2.0347,0.0001,2.0347,USD,1.0,SETTLED
TXN-202301447,2024-11-21,2024-11-25,CLT-1002,P-105,BHARTIARTL_IN,Bharti Airtel Ltd.,Equity,DIVIDEND,0,0.0,0.1556,0.000156,0.1554,INR,86.5,SETTLED
TXN-202500929,2024-11-21,2024-11-25,CLT-1005,P-113,RELIANCE_IN,Reliance Industries Ltd.,Equity,BUY,5000,281.9,1.4095,0.00022,1.4097,INR,86.5,SETTLED
TXN-202501734,2024-11-22,2024-11-25,CLT-1002,P-104,INR_OVERNIGHT_CASH,Institutional INR Overnight Liquid Fund,Money Market,DIVIDEND,0,0.0,0.2309,0.000231,0.2307,INR,86.5,SETTLED
TXN-202304957,2024-11-22,2024-11-25,CLT-1009,P-124,US_10Y_UST,US Treasury 10-Yr Benchmark Note,Government Bonds,SELL,25000,98.96,2.474,0.001063,2.4729,USD,1.0,SETTLED
TXN-202105075,2024-11-25,2024-11-27,CLT-1017,P-150,MSFT,Microsoft Corp.,Equity,SELL,500,250.54,0.1253,3.1e-05,0.1253,USD,1.0,SETTLED
TXN-202400433,2024-11-25,2024-11-27,CLT-1021,P-161,GOOGL,Alphabet Inc.,Equity,DIVIDEND,0,0.0,0.1551,0.000155,0.1549,USD,1.0,SETTLED
TXN-202304327,2024-11-25,2024-11-27,CLT-1021,P-162,ASML_NA,ASML Holding NV,Equity,FEE,0,0.0,0.0113,0.0113,-0.0113,EUR,0.92,SETTLED
TXN-202501279,2024-11-25,2024-11-26,CLT-1011,P-131,USD_TREAS_MMF,Institutional USD Treasury Money Market Fund,Money Market,WITHDRAWAL,0,1.0,1.0813,0.0001,-1.0813,USD,1.0,SETTLED
TXN-202104260,2024-11-25,2024-11-26,CLT-1015,P-147,PLD_REIT,Prologis Global Logistics REIT,REIT,BUY,1000,98.8,0.0988,3.3e-05,0.0988,USD,1.0,SETTLED
TXN-202201171,2024-11-25,2024-11-27,CLT-1018,P-155,TCS_IN,Tata Consultancy Services,Equity,BUY,500,94.22,0.0471,1.2e-05,0.0471,INR,86.5,SETTLED
TXN-202401848,2024-11-25,2024-11-27,CLT-1023,P-169,AZN_LN,AstraZeneca PLC,Equity,SELL,500,249.12,0.1246,2.9e-05,0.1246,GBP,0.79,SETTLED
TXN-202203926,2024-11-25,2024-11-26,CLT-1018,P-152,UK_10Y_GILT,UK Gilt 3.75% 2033,Government Bonds,SELL,500,99.68,0.0498,1.3e-05,0.0498,GBP,0.79,SETTLED
TXN-202302767,2024-11-25,2024-11-27,CLT-1006,P-118,SHEL_LN,Shell PLC,Equity,BUY,10000,87.67,0.8767,0.000142,0.8768,GBP,0.79,SETTLED
TXN-202301182,2024-11-25,2024-11-27,CLT-1011,P-130,SHEL_LN,Shell PLC,Equity,SELL,2500,287.04,0.7176,0.000354,0.7172,GBP,0.79,SETTLED
TXN-202104690,2024-11-25,2024-11-27,CLT-1003,P-106,AMZN,Amazon.com Inc.,Equity,DIVIDEND,0,0.0,0.247,0.000247,0.2468,USD,1.0,SETTLED
TXN-202401768,2024-11-25,2024-11-27,CLT-1010,P-127,AZN_LN,AstraZeneca PLC,Equity,SELL,1000,311.3,0.3113,7.9e-05,0.3112,GBP,0.79,SETTLED
TXN-202302962,2024-11-26,2024-11-28,CLT-1017,P-151,BHARTIARTL_IN,Bharti Airtel Ltd.,Equity,TRANSFER,0,1.0,0.8971,0.0001,-0.8971,INR,86.5,SETTLED
TXN-202103130,2024-11-26,2024-11-28,CLT-1010,P-127,HDFCBANK_IN,HDFC Bank Ltd.,Equity,BUY,1000,275.72,0.2757,0.000126,0.2758,INR,86.5,SETTLED
TXN-202404983,2024-11-26,2024-11-28,CLT-1025,P-174,AAPL,Apple Inc.,Equity,TRANSFER,0,1.0,1.6319,0.0001,-1.6319,USD,1.0,SETTLED
TXN-202404233,2024-11-26,2024-11-27,CLT-1007,P-119,PLD_REIT,Prologis Global Logistics REIT,REIT,BUY,500,101.37,0.0507,2e-05,0.0507,USD,1.0,SETTLED
TXN-202204946,2024-11-27,2024-11-29,CLT-1018,P-154,CORP_HY_USD,US High Yield Corporate Credit Note,Corporate Bonds,BUY,500,96.89,0.0484,1.5e-05,0.0484,USD,1.0,SETTLED
TXN-202204746,2024-11-27,2024-11-28,CLT-1022,P-164,US_5Y_UST,US Treasury 5-Yr Benchmark Note,Government Bonds,FEE,0,0.0,0.016,0.016,-0.016,USD,1.0,SETTLED
TXN-202200031,2024-11-27,2024-11-28,CLT-1019,P-156,GLD_ETF,SPDR Gold Shares Institutional Trust,ETF,BUY,5000,101.58,0.5079,0.000176,0.5081,USD,1.0,SETTLED
TXN-202100080,2024-11-27,2024-11-29,CLT-1020,P-159,XOM,Exxon Mobil Corp.,Equity,SELL,50000,155.91,7.7955,0.002855,7.7926,USD,1.0,PENDING
TXN-202103175,2024-11-27,2024-11-29,CLT-1021,P-161,6758_JP,Sony Group Corp.,Equity,INTEREST,0,0.0,0.2135,0.000214,0.2133,JPY,152.0,SETTLED
TXN-202103220,2024-11-28,2024-11-29,CLT-1018,P-152,INR_OVERNIGHT_CASH,Institutional INR Overnight Liquid Fund,Money Market,BUY,1000,98.72,0.0987,4.6e-05,0.0987,INR,86.5,SETTLED
TXN-202101445,2024-11-28,2024-11-29,CLT-1015,P-145,OPERATING_CASH,Operational Custody Cash Balance,Cash,WITHDRAWAL,0,1.0,1.5726,0.0001,-1.5726,USD,1.0,SETTLED
TXN-202401708,2024-11-28,2024-12-02,CLT-1007,P-119,GOOGL,Alphabet Inc.,Equity,BUY,25000,75.79,1.8948,0.000554,1.8954,USD,1.0,SETTLED
TXN-202400633,2024-11-29,2024-12-03,CLT-1010,P-129,NVDA,NVIDIA Corp.,Equity,SELL,1000,275.14,0.2751,0.000133,0.275,USD,1.0,SETTLED
TXN-202102325,2024-11-29,2024-12-03,CLT-1012,P-133,AAPL,Apple Inc.,Equity,DIVIDEND,0,0.0,0.2199,0.00022,0.2197,USD,1.0,SETTLED
TXN-202302262,2024-11-29,2024-12-03,CLT-1010,P-127,7203_JP,Toyota Motor Corp.,Equity,SELL,25000,249.93,6.2482,0.002264,6.2459,JPY,152.0,SETTLED
TXN-202100310,2024-11-29,2024-12-02,CLT-1023,P-168,GLD_ETF,SPDR Gold Shares Institutional Trust,ETF,BUY,50000,96.12,4.806,0.001837,4.8078,USD,1.0,SETTLED
TXN-202302882,2024-11-29,2024-12-02,CLT-1024,P-172,US_10Y_UST,US Treasury 10-Yr Benchmark Note,Government Bonds,SELL,50000,97.1,4.855,0.001242,4.8538,USD,1.0,SETTLED
TXN-202404118,2024-12-02,2024-12-04,CLT-1015,P-147,NOVN_SW,Novartis AG,Equity,BUY,2500,110.95,0.2774,7.6e-05,0.2775,CHF,0.88,SETTLED
TXN-202202791,2024-12-02,2024-12-04,CLT-1003,P-107,HDFCBANK_IN,HDFC Bank Ltd.,Equity,BUY,25000,293.52,7.338,0.002835,7.3408,INR,86.5,SETTLED
TXN-202102080,2024-12-02,2024-12-03,CLT-1010,P-129,PLD_REIT,Prologis Global Logistics REIT,REIT,BUY,10000,95.32,0.9532,0.000443,0.9536,USD,1.0,SETTLED
TXN-202201996,2024-12-02,2024-12-03,CLT-1012,P-133,US_10Y_UST,US Treasury 10-Yr Benchmark Note,Government Bonds,SELL,5000,97.45,0.4873,0.000201,0.4871,USD,1.0,SETTLED
TXN-202400613,2024-12-02,2024-12-04,CLT-1009,P-125,DBS_SP,DBS Group Holdings,Equity,FEE,0,0.0,0.0363,0.0363,-0.0363,SGD,1.34,SETTLED
TXN-202102920,2024-12-03,2024-12-05,CLT-1007,P-119,INFY_IN,Infosys Ltd.,Equity,SELL,25000,118.35,2.9588,0.001104,2.9577,INR,86.5,SETTLED
TXN-202300872,2024-12-03,2024-12-04,CLT-1008,P-122,INR_OVERNIGHT_CASH,Institutional INR Overnight Liquid Fund,Money Market,BUY,25000,99.44,2.486,0.000962,2.487,INR,86.5,SETTLED
TXN-202104565,2024-12-03,2024-12-05,CLT-1021,P-163,TCS_IN,Tata Consultancy Services,Equity,INTEREST,0,0.0,0.2284,0.000228,0.2282,INR,86.5,SETTLED
TXN-202504869,2024-12-04,2024-12-06,CLT-1001,P-101,LT_IN,Larsen & Toubro Ltd.,Equity,BUY,5000,298.75,1.4937,0.000424,1.4941,INR,86.5,SETTLED
TXN-202101785,2024-12-05,2024-12-06,CLT-1024,P-170,PLD_REIT,Prologis Global Logistics REIT,REIT,DIVIDEND,0,0.0,0.0574,5.7e-05,0.0573,USD,1.0,SETTLED
TXN-202300877,2024-12-05,2024-12-09,CLT-1023,P-169,XOM,Exxon Mobil Corp.,Equity,TRANSFER,0,1.0,2.0482,0.0001,-2.0482,USD,1.0,SETTLED
TXN-202103090,2024-12-05,2024-12-06,CLT-1010,P-129,JGB_10Y,Japan Government Bond 10-Yr 0.8%,Government Bonds,WITHDRAWAL,0,1.0,3.1448,0.0001,-3.1448,JPY,152.0,SETTLED
TXN-202101350,2024-12-05,2024-12-06,CLT-1015,P-146,JGB_10Y,Japan Government Bond 10-Yr 0.8%,Government Bonds,INTEREST,0,0.0,0.2341,0.000234,0.2339,JPY,152.0,SETTLED
TXN-202504299,2024-12-05,2024-12-06,CLT-1006,P-116,GER_10Y_BUND,Germany Bund 2.60% 2033,Government Bonds,INTEREST,0,0.0,0.2119,0.000212,0.2117,EUR,0.92,SETTLED
TXN-202503534,2024-12-05,2024-12-06,CLT-1003,P-107,EUR_LIQUIDITY_FUND,EUR Institutional Liquidity Master Fund,Money Market,BUY,2500,95.96,0.2399,0.000101,0.24,EUR,0.92,SETTLED
TXN-202103285,2024-12-09,2024-12-11,CLT-1005,P-113,JPM,JPMorgan Chase & Co.,Equity,SELL,1000,338.48,0.3385,7.7e-05,0.3384,USD,1.0,SETTLED
TXN-202101090,2024-12-09,2024-12-11,CLT-1013,P-137,GOOGL,Alphabet Inc.,Equity,BUY,500,45.23,0.0226,6e-06,0.0226,USD,1.0,SETTLED
TXN-202104835,2024-12-09,2024-12-11,CLT-1013,P-140,CORP_IG_USD,US Investment Grade Corporate Bond Fund,Corporate Bonds,BUY,10000,98.43,0.9843,0.000464,0.9848,USD,1.0,SETTLED
TXN-202104440,2024-12-09,2024-12-10,CLT-1024,P-171,EUR_LIQUIDITY_FUND,EUR Institutional Liquidity Master Fund,Money Market,INTEREST,0,0.0,0.2028,0.000203,0.2026,EUR,0.92,SETTLED
TXN-202502304,2024-12-09,2024-12-10,CLT-1005,P-113,IND_10Y_GSEC,India Sovereign G-Sec 7.18% 2033,Government Bonds,BUY,25000,101.63,2.5408,0.000516,2.5413,INR,86.5,FAILED
TXN-202102275,2024-12-09,2024-12-11,CLT-1005,P-114,UNH,UnitedHealth Group,Equity,SELL,2500,199.95,0.4999,0.000143,0.4998,USD,1.0,SETTLED
TXN-202100985,2024-12-10,2024-12-11,CLT-1024,P-170,GER_10Y_BUND,Germany Bund 2.60% 2033,Government Bonds,DIVIDEND,0,0.0,0.1097,0.00011,0.1096,EUR,0.92,SETTLED
TXN-202401263,2024-12-10,2024-12-12,CLT-1009,P-123,MSFT,Microsoft Corp.,Equity,BUY,5000,262.3,1.3115,0.000367,1.3119,USD,1.0,SETTLED
TXN-202404703,2024-12-10,2024-12-12,CLT-1013,P-136,CORP_HY_USD,US High Yield Corporate Credit Note,Corporate Bonds,DIVIDEND,0,0.0,0.2492,0.000249,0.249,USD,1.0,SETTLED
TXN-202102860,2024-12-10,2024-12-12,CLT-1024,P-172,CORP_HY_USD,US High Yield Corporate Credit Note,Corporate Bonds,BUY,5000,96.93,0.4847,0.000189,0.4849,USD,1.0,SETTLED
TXN-202104915,2024-12-11,2024-12-13,CLT-1003,P-110,INFY_IN,Infosys Ltd.,Equity,SELL,5000,284.78,1.4239,0.00048,1.4234,INR,86.5,SETTLED
TXN-202504524,2024-12-11,2024-12-13,CLT-1023,P-168,XOM,Exxon Mobil Corp.,Equity,SELL,5000,292.86,1.4643,0.000503,1.4638,USD,1.0,SETTLED
TXN-202402868,2024-12-11,2024-12-13,CLT-1018,P-155,NVDA,NVIDIA Corp.,Equity,INTEREST,0,0.0,0.0803,8e-05,0.0802,USD,1.0,PENDING
TXN-202400158,2024-12-11,2024-12-13,CLT-1015,P-146,INFY_IN,Infosys Ltd.,Equity,BUY,2500,63.18,0.158,5.6e-05,0.1581,INR,86.5,SETTLED
TXN-202102035,2024-12-11,2024-12-12,CLT-1012,P-134,JGB_10Y,Japan Government Bond 10-Yr 0.8%,Government Bonds,BUY,5000,98.97,0.4949,0.000129,0.495,JPY,152.0,SETTLED
TXN-202102660,2024-12-11,2024-12-13,CLT-1001,P-102,CORP_IG_USD,US Investment Grade Corporate Bond Fund,Corporate Bonds,SELL,25000,100.77,2.5192,0.001087,2.5181,USD,1.0,SETTLED
TXN-202504329,2024-12-12,2024-12-13,CLT-1006,P-117,INR_OVERNIGHT_CASH,Institutional INR Overnight Liquid Fund,Money Market,SELL,1000,101.83,0.1018,4.9e-05,0.1018,INR,86.5,SETTLED
TXN-202200411,2024-12-12,2024-12-16,CLT-1012,P-134,MSFT,Microsoft Corp.,Equity,BUY,1000,76.95,0.077,2.3e-05,0.077,USD,1.0,SETTLED
TXN-202102540,2024-12-13,2024-12-17,CLT-1009,P-124,SAP_GY,SAP SE,Equity,SELL,50000,45.38,2.269,0.000561,2.2684,EUR,0.92,SETTLED
TXN-202404318,2024-12-13,2024-12-16,CLT-1003,P-109,OPERATING_CASH,Operational Custody Cash Balance,Cash,BUY,2500,100.99,0.2525,5.3e-05,0.2526,USD,1.0,SETTLED
TXN-202503414,2024-12-16,2024-12-18,CLT-1021,P-161,LT_IN,Larsen & Toubro Ltd.,Equity,SELL,50000,145.83,7.2915,0.003508,7.288,INR,86.5,SETTLED
TXN-202503184,2024-12-16,2024-12-18,CLT-1012,P-132,6758_JP,Sony Group Corp.,Equity,BUY,50000,86.42,4.321,0.002155,4.3232,JPY,152.0,SETTLED
TXN-202302992,2024-12-16,2024-12-18,CLT-1014,P-143,CORP_HY_USD,US High Yield Corporate Credit Note,Corporate Bonds,SELL,5000,98.9,0.4945,0.000167,0.4943,USD,1.0,SETTLED
TXN-202303087,2024-12-16,2024-12-18,CLT-1021,P-161,RELIANCE_IN,Reliance Industries Ltd.,Equity,BUY,50000,183.31,9.1655,0.003766,9.1693,INR,86.5,SETTLED
TXN-202202781,2024-12-16,2024-12-17,CLT-1003,P-108,JGB_10Y,Japan Government Bond 10-Yr 0.8%,Government Bonds,DIVIDEND,0,0.0,0.2383,0.000238,0.2381,JPY,152.0,SETTLED
TXN-202503404,2024-12-17,2024-12-19,CLT-1012,P-133,DBS_SP,DBS Group Holdings,Equity,INTEREST,0,0.0,0.0393,3.9e-05,0.0393,SGD,1.34,SETTLED
TXN-202404238,2024-12-18,2024-12-19,CLT-1020,P-160,GER_10Y_BUND,Germany Bund 2.60% 2033,Government Bonds,BUY,1000,100.93,0.1009,2.7e-05,0.1009,EUR,0.92,SETTLED
TXN-202402948,2024-12-18,2024-12-19,CLT-1021,P-161,EUR_LIQUIDITY_FUND,EUR Institutional Liquidity Master Fund,Money Market,BUY,5000,95.54,0.4777,0.00022,0.4779,EUR,0.92,SETTLED
TXN-202504679,2024-12-19,2024-12-23,CLT-1021,P-163,AZN_LN,AstraZeneca PLC,Equity,SELL,25000,198.16,4.954,0.001898,4.9521,GBP,0.79,SETTLED
TXN-202301602,2024-12-19,2024-12-23,CLT-1022,P-164,ASML_NA,ASML Holding NV,Equity,SELL,500,215.16,0.1076,2.2e-05,0.1076,EUR,0.92,SETTLED
TXN-202203256,2024-12-19,2024-12-20,CLT-1015,P-147,OPERATING_CASH,Operational Custody Cash Balance,Cash,SELL,500,95.12,0.0476,1.3e-05,0.0476,USD,1.0,SETTLED
TXN-202101060,2024-12-20,2024-12-23,CLT-1014,P-142,OPERATING_CASH,Operational Custody Cash Balance,Cash,BUY,10000,96.94,0.9694,0.000196,0.9696,USD,1.0,SETTLED
TXN-202502724,2024-12-20,2024-12-24,CLT-1011,P-130,AAPL,Apple Inc.,Equity,SELL,5000,229.71,1.1485,0.000435,1.1481,USD,1.0,SETTLED
TXN-202103835,2024-12-20,2024-12-24,CLT-1003,P-107,AMZN,Amazon.com Inc.,Equity,INTEREST,0,0.0,0.0963,9.6e-05,0.0962,USD,1.0,SETTLED
TXN-202102760,2024-12-23,2024-12-25,CLT-1020,P-160,SHEL_LN,Shell PLC,Equity,SELL,2500,99.29,0.2482,6.4e-05,0.2481,GBP,0.79,SETTLED
TXN-202504334,2024-12-23,2024-12-25,CLT-1019,P-157,SHEL_LN,Shell PLC,Equity,SELL,500,185.8,0.0929,2.9e-05,0.0929,GBP,0.79,SETTLED
TXN-202402603,2024-12-23,2024-12-25,CLT-1014,P-143,INFY_IN,Infosys Ltd.,Equity,SELL,10000,257.01,2.5701,0.000825,2.5693,INR,86.5,SETTLED
TXN-202500064,2024-12-23,2024-12-25,CLT-1024,P-171,CORP_IG_USD,US Investment Grade Corporate Bond Fund,Corporate Bonds,SELL,25000,101.47,2.5368,0.000768,2.536,USD,1.0,SETTLED
TXN-202103360,2024-12-23,2024-12-25,CLT-1010,P-128,ICICIBANK_IN,ICICI Bank Ltd.,Equity,SELL,50000,43.44,2.172,0.000553,2.1714,INR,86.5,SETTLED
TXN-202502204,2024-12-23,2024-12-25,CLT-1006,P-117,7203_JP,Toyota Motor Corp.,Equity,BUY,2500,116.45,0.2911,0.000133,0.2912,JPY,152.0,SETTLED
TXN-202104535,2024-12-24,2024-12-26,CLT-1019,P-157,HDFCBANK_IN,HDFC Bank Ltd.,Equity,SELL,50000,130.18,6.509,0.001256,6.5077,INR,86.5,SETTLED
TXN-202201681,2024-12-25,2024-12-26,CLT-1022,P-164,EUR_LIQUIDITY_FUND,EUR Institutional Liquidity Master Fund,Money Market,DIVIDEND,0,0.0,0.1444,0.000144,0.1443,EUR,0.92,SETTLED
TXN-202403938,2024-12-25,2024-12-26,CLT-1011,P-131,OPERATING_CASH,Operational Custody Cash Balance,Cash,SELL,25000,99.42,2.4855,0.000948,2.4846,USD,1.0,SETTLED
TXN-202104405,2024-12-26,2024-12-30,CLT-1009,P-124,HDFCBANK_IN,HDFC Bank Ltd.,Equity,SELL,5000,150.26,0.7513,0.000231,0.7511,INR,86.5,SETTLED
TXN-202403113,2024-12-26,2024-12-30,CLT-1013,P-138,GOOGL,Alphabet Inc.,Equity,BUY,50000,103.4,5.17,0.002204,5.1722,USD,1.0,SETTLED
TXN-202303812,2024-12-26,2024-12-30,CLT-1023,P-169,SHEL_LN,Shell PLC,Equity,SELL,500,183.83,0.0919,3.1e-05,0.0919,GBP,0.79,SETTLED
TXN-202105005,2024-12-26,2024-12-27,CLT-1021,P-161,PLD_REIT,Prologis Global Logistics REIT,REIT,BUY,5000,102.5,0.5125,0.000137,0.5126,USD,1.0,SETTLED
TXN-202501739,2024-12-26,2024-12-30,CLT-1015,P-144,INFY_IN,Infosys Ltd.,Equity,BUY,5000,303.67,1.5184,0.00054,1.5189,INR,86.5,SETTLED
TXN-202303157,2024-12-27,2024-12-31,CLT-1010,P-128,AMZN,Amazon.com Inc.,Equity,DIVIDEND,0,0.0,0.0321,3.2e-05,0.0321,USD,1.0,SETTLED
TXN-202204921,2024-12-30,2025-01-01,CLT-1014,P-142,TCS_IN,Tata Consultancy Services,Equity,DIVIDEND,0,0.0,0.0819,8.2e-05,0.0818,INR,86.5,FAILED
TXN-202201876,2024-12-30,2025-01-01,CLT-1018,P-152,ICICIBANK_IN,ICICI Bank Ltd.,Equity,SELL,1000,111.55,0.1115,1.8e-05,0.1115,INR,86.5,SETTLED
TXN-202103810,2024-12-30,2025-01-01,CLT-1005,P-112,7203_JP,Toyota Motor Corp.,Equity,SELL,2500,340.35,0.8509,0.000412,0.8505,JPY,152.0,SETTLED
TXN-202500709,2024-12-30,2025-01-01,CLT-1024,P-170,LT_IN,Larsen & Toubro Ltd.,Equity,SELL,50000,183.43,9.1715,0.003045,9.1685,INR,86.5,SETTLED
TXN-202404248,2024-12-30,2024-12-31,CLT-1019,P-156,GER_10Y_BUND,Germany Bund 2.60% 2033,Government Bonds,SELL,5000,102.76,0.5138,0.000129,0.5137,EUR,0.92,FAILED
TXN-202104410,2024-12-30,2024-12-31,CLT-1014,P-141,OPERATING_CASH,Operational Custody Cash Balance,Cash,DIVIDEND,0,0.0,0.2045,0.000204,0.2043,USD,1.0,SETTLED
TXN-202304522,2024-12-31,2025-01-02,CLT-1022,P-164,CORP_HY_USD,US High Yield Corporate Credit Note,Corporate Bonds,INTEREST,0,0.0,0.1781,0.000178,0.1779,USD,1.0,SETTLED
TXN-202300372,2024-12-31,2025-01-02,CLT-1019,P-157,HDFCBANK_IN,HDFC Bank Ltd.,Equity,SELL,25000,289.61,7.2402,0.001412,7.2388,INR,86.5,SETTLED
TXN-202103450,2024-12-31,2025-01-01,CLT-1014,P-142,USD_TREAS_MMF,Institutional USD Treasury Money Market Fund,Money Market,DIVIDEND,0,0.0,0.1494,0.000149,0.1493,USD,1.0,SETTLED
TXN-202302307,2025-01-01,2025-01-03,CLT-1010,P-127,JPM,JPMorgan Chase & Co.,Equity,BUY,10000,97.94,0.9794,0.000244,0.9796,USD,1.0,SETTLED
TXN-202100255,2025-01-03,2025-01-06,CLT-1005,P-114,GLD_ETF,SPDR Gold Shares Institutional Trust,ETF,SELL,500,98.18,0.0491,1.1e-05,0.0491,USD,1.0,SETTLED
TXN-202100940,2025-01-03,2025-01-06,CLT-1019,P-158,PLD_REIT,Prologis Global Logistics REIT,REIT,WITHDRAWAL,0,1.0,2.8642,0.0001,-2.8642,USD,1.0,SETTLED
TXN-202500224,2025-01-06,2025-01-07,CLT-1006,P-116,GER_10Y_BUND,Germany Bund 2.60% 2033,Government Bonds,SELL,5000,97.1,0.4855,0.00022,0.4853,EUR,0.92,SETTLED
TXN-202503069,2025-01-06,2025-01-07,CLT-1021,P-163,UK_10Y_GILT,UK Gilt 3.75% 2033,Government Bonds,BUY,25000,100.19,2.5048,0.000625,2.5054,GBP,0.79,SETTLED
TXN-202101665,2025-01-06,2025-01-07,CLT-1016,P-148,GER_10Y_BUND,Germany Bund 2.60% 2033,Government Bonds,BUY,5000,101.01,0.505,0.000115,0.5051,EUR,0.92,SETTLED
TXN-202200421,2025-01-06,2025-01-08,CLT-1025,P-174,HDFCBANK_IN,HDFC Bank Ltd.,Equity,BUY,1000,135.63,0.1356,2.5e-05,0.1356,INR,86.5,SETTLED
TXN-202503614,2025-01-06,2025-01-08,CLT-1001,P-102,HDFCBANK_IN,HDFC Bank Ltd.,Equity,DIVIDEND,0,0.0,0.2221,0.000222,0.2219,INR,86.5,SETTLED
TXN-202304877,2025-01-07,2025-01-08,CLT-1007,P-119,JGB_10Y,Japan Government Bond 10-Yr 0.8%,Government Bonds,DIVIDEND,0,0.0,0.2362,0.000236,0.236,JPY,152.0,SETTLED
TXN-202502294,2025-01-07,2025-01-09,CLT-1013,P-136,SAP_GY,SAP SE,Equity,BUY,25000,129.98,3.2495,0.000734,3.2502,EUR,0.92,SETTLED
TXN-202101280,2025-01-07,2025-01-08,CLT-1010,P-128,GLD_ETF,SPDR Gold Shares Institutional Trust,ETF,SELL,50000,97.31,4.8655,0.001719,4.8638,USD,1.0,SETTLED
TXN-202403978,2025-01-07,2025-01-08,CLT-1001,P-102,UK_10Y_GILT,UK Gilt 3.75% 2033,Government Bonds,INTEREST,0,0.0,0.0647,6.5e-05,0.0646,GBP,0.79,SETTLED
TXN-202402018,2025-01-08,2025-01-10,CLT-1012,P-133,NVDA,NVIDIA Corp.,Equity,BUY,50000,112.31,5.6155,0.001019,5.6165,USD,1.0,SETTLED
TXN-202501914,2025-01-08,2025-01-10,CLT-1013,P-140,NOVN_SW,Novartis AG,Equity,BUY,500,207.27,0.1036,5.1e-05,0.1037,CHF,0.88,SETTLED
TXN-202100840,2025-01-08,2025-01-10,CLT-1005,P-115,AAPL,Apple Inc.,Equity,INTEREST,0,0.0,0.1121,0.000112,0.112,USD,1.0,SETTLED
TXN-202403843,2025-01-08,2025-01-10,CLT-1013,P-136,ICICIBANK_IN,ICICI Bank Ltd.,Equity,INTEREST,0,0.0,0.1076,0.000108,0.1075,INR,86.5,SETTLED
TXN-202105235,2025-01-09,2025-01-13,CLT-1018,P-154,JPM,JPMorgan Chase & Co.,Equity,BUY,2500,237.98,0.5949,0.000223,0.5951,USD,1.0,SETTLED
TXN-202204031,2025-01-09,2025-01-13,CLT-1022,P-165,ICICIBANK_IN,ICICI Bank Ltd.,Equity,DIVIDEND,0,0.0,0.2193,0.000219,0.2191,INR,86.5,SETTLED
TXN-202103875,2025-01-09,2025-01-13,CLT-1008,P-122,GOOGL,Alphabet Inc.,Equity,SELL,25000,251.43,6.2858,0.001971,6.2838,USD,1.0,SETTLED
TXN-202202716,2025-01-10,2025-01-13,CLT-1018,P-153,INR_OVERNIGHT_CASH,Institutional INR Overnight Liquid Fund,Money Market,BUY,1000,102.45,0.1024,4.3e-05,0.1024,INR,86.5,SETTLED
TXN-202104995,2025-01-13,2025-01-15,CLT-1013,P-138,SAP_GY,SAP SE,Equity,SELL,25000,90.01,2.2502,0.000414,2.2498,EUR,0.92,SETTLED
TXN-202203796,2025-01-13,2025-01-15,CLT-1019,P-156,SHEL_LN,Shell PLC,Equity,SELL,5000,341.53,1.7076,0.000284,1.7073,GBP,0.79,SETTLED
TXN-202200786,2025-01-13,2025-01-15,CLT-1021,P-162,XOM,Exxon Mobil Corp.,Equity,SELL,25000,247.16,6.179,0.002379,6.1766,USD,1.0,SETTLED
TXN-202502179,2025-01-14,2025-01-16,CLT-1005,P-115,INFY_IN,Infosys Ltd.,Equity,BUY,1000,111.1,0.1111,3.8e-05,0.1111,INR,86.5,SETTLED
TXN-202300267,2025-01-14,2025-01-16,CLT-1006,P-118,CORP_IG_EUR,Euro High Grade Corporate Bond Note,Corporate Bonds,BUY,500,97.54,0.0488,1e-05,0.0488,EUR,0.92,SETTLED
TXN-202100855,2025-01-16,2025-01-20,CLT-1018,P-155,ASML_NA,ASML Holding NV,Equity,BUY,10000,101.83,1.0183,0.000296,1.0186,EUR,0.92,SETTLED
TXN-202201356,2025-01-16,2025-01-20,CLT-1002,P-104,TCS_IN,Tata Consultancy Services,Equity,SELL,10000,265.14,2.6514,0.001192,2.6502,INR,86.5,SETTLED
TXN-202201611,2025-01-17,2025-01-20,CLT-1006,P-118,US_10Y_UST,US Treasury 10-Yr Benchmark Note,Government Bonds,BUY,1000,98.27,0.0983,3.3e-05,0.0983,USD,1.0,PENDING
TXN-202400183,2025-01-17,2025-01-20,CLT-1013,P-137,EUR_LIQUIDITY_FUND,EUR Institutional Liquidity Master Fund,Money Market,INTEREST,0,0.0,0.1239,0.000124,0.1238,EUR,0.92,SETTLED
TXN-202102750,2025-01-20,2025-01-22,CLT-1005,P-114,CORP_HY_USD,US High Yield Corporate Credit Note,Corporate Bonds,SELL,10000,102.85,1.0285,0.000505,1.028,USD,1.0,SETTLED
TXN-202401158,2025-01-20,2025-01-22,CLT-1009,P-124,CORP_IG_EUR,Euro High Grade Corporate Bond Note,Corporate Bonds,BUY,2500,96.97,0.2424,0.000115,0.2425,EUR,0.92,SETTLED
TXN-202500759,2025-01-20,2025-01-22,CLT-1012,P-135,ICICIBANK_IN,ICICI Bank Ltd.,Equity,BUY,500,231.23,0.1156,2.8e-05,0.1156,INR,86.5,SETTLED
TXN-202100710,2025-01-20,2025-01-22,CLT-1013,P-138,LT_IN,Larsen & Toubro Ltd.,Equity,SELL,10000,284.88,2.8488,0.001255,2.8475,INR,86.5,SETTLED
TXN-202503984,2025-01-20,2025-01-21,CLT-1018,P-154,US_10Y_UST,US Treasury 10-Yr Benchmark Note,Government Bonds,FEE,0,0.0,0.0359,0.0359,-0.0359,USD,1.0,SETTLED
TXN-202401733,2025-01-20,2025-01-21,CLT-1022,P-165,INFRA_GLOBAL_TRUST,Global Infrastructure Core Income Note,Alternatives,INTEREST,0,0.0,0.0272,2.7e-05,0.0272,USD,1.0,SETTLED
TXN-202403633,2025-01-21,2025-01-23,CLT-1024,P-172,NOVN_SW,Novartis AG,Equity,SELL,10000,127.59,1.2759,0.000449,1.2755,CHF,0.88,SETTLED
TXN-202103625,2025-01-22,2025-01-24,CLT-1011,P-130,DBS_SP,DBS Group Holdings,Equity,SELL,25000,97.44,2.436,0.000839,2.4352,SGD,1.34,SETTLED
TXN-202500214,2025-01-22,2025-01-24,CLT-1022,P-166,AAPL,Apple Inc.,Equity,BUY,10000,223.84,2.2384,0.000864,2.2393,USD,1.0,SETTLED
TXN-202500334,2025-01-22,2025-01-24,CLT-1005,P-113,JPM,JPMorgan Chase & Co.,Equity,SELL,2500,327.51,0.8188,0.000338,0.8185,USD,1.0,SETTLED
TXN-202302752,2025-01-22,2025-01-24,CLT-1015,P-146,BHARTIARTL_IN,Bharti Airtel Ltd.,Equity,BUY,25000,86.31,2.1578,0.00075,2.1585,INR,86.5,SETTLED
TXN-202203521,2025-01-22,2025-01-24,CLT-1014,P-141,AAPL,Apple Inc.,Equity,BUY,2500,320.06,0.8002,0.000357,0.8006,USD,1.0,SETTLED
TXN-202100550,2025-01-22,2025-01-24,CLT-1014,P-142,HDFCBANK_IN,HDFC Bank Ltd.,Equity,BUY,500,252.14,0.1261,1.9e-05,0.1261,INR,86.5,FAILED
TXN-202201601,2025-01-23,2025-01-27,CLT-1015,P-146,RELIANCE_IN,Reliance Industries Ltd.,Equity,SELL,500,123.24,0.0616,1.5e-05,0.0616,INR,86.5,PENDING
TXN-202404408,2025-01-24,2025-01-28,CLT-1019,P-157,DBS_SP,DBS Group Holdings,Equity,BUY,10000,68.07,0.6807,0.000312,0.681,SGD,1.34,SETTLED
TXN-202504789,2025-01-24,2025-01-28,CLT-1001,P-101,6758_JP,Sony Group Corp.,Equity,SELL,25000,120.13,3.0032,0.001405,3.0018,JPY,152.0,SETTLED
TXN-202504369,2025-01-27,2025-01-29,CLT-1003,P-107,GOOGL,Alphabet Inc.,Equity,SELL,10000,188.86,1.8886,0.00055,1.8881,USD,1.0,SETTLED
TXN-202301952,2025-01-27,2025-01-29,CLT-1005,P-112,UNH,UnitedHealth Group,Equity,SELL,2500,171.21,0.428,0.000116,0.4279,USD,1.0,SETTLED
TXN-202505109,2025-01-27,2025-01-29,CLT-1005,P-115,DBS_SP,DBS Group Holdings,Equity,SELL,10000,212.35,2.1235,0.000533,2.123,SGD,1.34,SETTLED
TXN-202401823,2025-01-27,2025-01-28,CLT-1013,P-136,PLD_REIT,Prologis Global Logistics REIT,REIT,BUY,10000,95.13,0.9513,0.000408,0.9517,USD,1.0,SETTLED
TXN-202100200,2025-01-27,2025-01-29,CLT-1007,P-120,JPM,JPMorgan Chase & Co.,Equity,SELL,500,337.17,0.1686,8.4e-05,0.1685,USD,1.0,SETTLED
TXN-202403448,2025-01-28,2025-01-30,CLT-1014,P-143,SHEL_LN,Shell PLC,Equity,INTEREST,0,0.0,0.1893,0.000189,0.1891,GBP,0.79,SETTLED
TXN-202303817,2025-01-28,2025-01-30,CLT-1003,P-107,AAPL,Apple Inc.,Equity,BUY,1000,243.04,0.243,0.000116,0.2431,USD,1.0,SETTLED
TXN-202502319,2025-01-29,2025-01-31,CLT-1001,P-101,NOVN_SW,Novartis AG,Equity,INTEREST,0,0.0,0.2156,0.000216,0.2154,CHF,0.88,SETTLED
TXN-202504819,2025-01-29,2025-01-31,CLT-1013,P-139,INFY_IN,Infosys Ltd.,Equity,INTEREST,0,0.0,0.204,0.000204,0.2038,INR,86.5,FAILED
TXN-202303727,2025-01-30,2025-02-03,CLT-1007,P-119,UNH,UnitedHealth Group,Equity,SELL,10000,110.86,1.1086,0.000496,1.1081,USD,1.0,SETTLED
TXN-202300617,2025-01-30,2025-01-31,CLT-1012,P-135,US_5Y_UST,US Treasury 5-Yr Benchmark Note,Government Bonds,BUY,50000,96.55,4.8275,0.002025,4.8295,USD,1.0,SETTLED
TXN-202504474,2025-01-30,2025-02-03,CLT-1018,P-152,SHEL_LN,Shell PLC,Equity,SELL,25000,292.64,7.316,0.003566,7.3124,GBP,0.79,FAILED
TXN-202100240,2025-01-31,2025-02-04,CLT-1010,P-129,NVDA,NVIDIA Corp.,Equity,BUY,2500,178.77,0.4469,0.000102,0.447,USD,1.0,SETTLED
TXN-202301022,2025-02-03,2025-02-05,CLT-1009,P-123,LT_IN,Larsen & Toubro Ltd.,Equity,BUY,50000,170.04,8.502,0.003441,8.5054,INR,86.5,SETTLED
TXN-202403558,2025-02-03,2025-02-05,CLT-1025,P-173,CORP_IG_USD,US Investment Grade Corporate Bond Fund,Corporate Bonds,TRANSFER,0,1.0,2.8304,0.0001,-2.8304,USD,1.0,SETTLED
TXN-202200271,2025-02-03,2025-02-04,CLT-1013,P-140,IND_10Y_GSEC,India Sovereign G-Sec 7.18% 2033,Government Bonds,BUY,2500,99.49,0.2487,9.3e-05,0.2488,INR,86.5,SETTLED
TXN-202202316,2025-02-03,2025-02-05,CLT-1003,P-108,ICICIBANK_IN,ICICI Bank Ltd.,Equity,INTEREST,0,0.0,0.2473,0.000247,0.2471,INR,86.5,SETTLED
TXN-202405238,2025-02-03,2025-02-05,CLT-1018,P-153,ICICIBANK_IN,ICICI Bank Ltd.,Equity,SELL,500,340.82,0.1704,6e-05,0.1703,INR,86.5,SETTLED
TXN-202200011,2025-02-03,2025-02-05,CLT-1023,P-167,7203_JP,Toyota Motor Corp.,Equity,TRANSFER,0,1.0,1.6767,0.0001,-1.6767,JPY,152.0,SETTLED
TXN-202304577,2025-02-03,2025-02-05,CLT-1006,P-117,INFY_IN,Infosys Ltd.,Equity,BUY,500,212.89,0.1064,4.5e-05,0.1064,INR,86.5,SETTLED
TXN-202102535,2025-02-04,2025-02-05,CLT-1013,P-140,GER_10Y_BUND,Germany Bund 2.60% 2033,Government Bonds,SELL,500,99.09,0.0495,2.1e-05,0.0495,EUR,0.92,SETTLED
TXN-202502594,2025-02-04,2025-02-05,CLT-1017,P-151,OPERATING_CASH,Operational Custody Cash Balance,Cash,SELL,2500,101.92,0.2548,0.000106,0.2547,USD,1.0,SETTLED
TXN-202401123,2025-02-05,2025-02-06,CLT-1023,P-169,PLD_REIT,Prologis Global Logistics REIT,REIT,SELL,2500,102.42,0.256,8.4e-05,0.2559,USD,1.0,SETTLED
TXN-202103115,2025-02-05,2025-02-07,CLT-1024,P-171,GOOGL,Alphabet Inc.,Equity,BUY,1000,294.99,0.295,8.2e-05,0.2951,USD,1.0,SETTLED
TXN-202101305,2025-02-06,2025-02-07,CLT-1006,P-117,INR_OVERNIGHT_CASH,Institutional INR Overnight Liquid Fund,Money Market,FEE,0,0.0,0.0349,0.0349,-0.0349,INR,86.5,SETTLED
TXN-202402348,2025-02-06,2025-02-10,CLT-1007,P-120,AAPL,Apple Inc.,Equity,BUY,500,239.56,0.1198,3.4e-05,0.1198,USD,1.0,SETTLED
TXN-202105175,2025-02-06,2025-02-10,CLT-1010,P-127,INFY_IN,Infosys Ltd.,Equity,TRANSFER,0,1.0,3.1038,0.0001,-3.1038,INR,86.5,SETTLED
TXN-202200796,2025-02-06,2025-02-07,CLT-1003,P-106,PLD_REIT,Prologis Global Logistics REIT,REIT,SELL,10000,97.32,0.9732,0.000486,0.9727,USD,1.0,SETTLED
TXN-202100225,2025-02-07,2025-02-11,CLT-1005,P-115,JPM,JPMorgan Chase & Co.,Equity,DEPOSIT,0,1.0,2.6561,0.0001,2.6561,USD,1.0,SETTLED
TXN-202502134,2025-02-07,2025-02-11,CLT-1013,P-136,XOM,Exxon Mobil Corp.,Equity,SELL,1000,343.56,0.3436,0.000169,0.3434,USD,1.0,SETTLED
TXN-202502484,2025-02-07,2025-02-10,CLT-1002,P-105,US_10Y_UST,US Treasury 10-Yr Benchmark Note,Government Bonds,SELL,50000,97.3,4.865,0.001214,4.8638,USD,1.0,SETTLED
TXN-202501499,2025-02-07,2025-02-10,CLT-1007,P-120,US_5Y_UST,US Treasury 5-Yr Benchmark Note,Government Bonds,DIVIDEND,0,0.0,0.1016,0.000102,0.1015,USD,1.0,SETTLED
TXN-202401903,2025-02-07,2025-02-11,CLT-1009,P-124,NOVN_SW,Novartis AG,Equity,INTEREST,0,0.0,0.0796,8e-05,0.0795,CHF,0.88,SETTLED
TXN-202301027,2025-02-10,2025-02-12,CLT-1006,P-117,AAPL,Apple Inc.,Equity,DIVIDEND,0,0.0,0.0788,7.9e-05,0.0787,USD,1.0,SETTLED
TXN-202104940,2025-02-10,2025-02-11,CLT-1019,P-158,GER_10Y_BUND,Germany Bund 2.60% 2033,Government Bonds,BUY,50000,96.26,4.813,0.0018,4.8148,EUR,0.92,SETTLED
TXN-202101540,2025-02-10,2025-02-12,CLT-1013,P-138,CORP_IG_USD,US Investment Grade Corporate Bond Fund,Corporate Bonds,BUY,500,97.85,0.0489,1.2e-05,0.0489,USD,1.0,SETTLED
TXN-202400148,2025-02-10,2025-02-12,CLT-1011,P-131,TCS_IN,Tata Consultancy Services,Equity,BUY,25000,316.67,7.9168,0.003282,7.9201,INR,86.5,SETTLED
TXN-202202001,2025-02-10,2025-02-11,CLT-1019,P-158,UK_10Y_GILT,UK Gilt 3.75% 2033,Government Bonds,SELL,2500,97.64,0.2441,9.3e-05,0.244,GBP,0.79,SETTLED
TXN-202501629,2025-02-10,2025-02-12,CLT-1023,P-169,SHEL_LN,Shell PLC,Equity,FEE,0,0.0,0.0242,0.0242,-0.0242,GBP,0.79,SETTLED
TXN-202403913,2025-02-11,2025-02-13,CLT-1001,P-101,BHARTIARTL_IN,Bharti Airtel Ltd.,Equity,SELL,500,241.63,0.1208,3.5e-05,0.1208,INR,86.5,SETTLED
TXN-202403793,2025-02-12,2025-02-13,CLT-1020,P-160,US_5Y_UST,US Treasury 5-Yr Benchmark Note,Government Bonds,SELL,5000,95.06,0.4753,0.000124,0.4752,USD,1.0,SETTLED
TXN-202105205,2025-02-13,2025-02-17,CLT-1015,P-145,ASML_NA,ASML Holding NV,Equity,DIVIDEND,0,0.0,0.1243,0.000124,0.1242,EUR,0.92,SETTLED
TXN-202204796,2025-02-14,2025-02-18,CLT-1023,P-168,MSFT,Microsoft Corp.,Equity,SELL,2500,347.82,0.8696,0.000155,0.8694,USD,1.0,SETTLED
TXN-202201956,2025-02-14,2025-02-17,CLT-1004,P-111,INR_OVERNIGHT_CASH,Institutional INR Overnight Liquid Fund,Money Market,DIVIDEND,0,0.0,0.1647,0.000165,0.1645,INR,86.5,SETTLED
TXN-202104760,2025-02-14,2025-02-17,CLT-1016,P-148,GER_10Y_BUND,Germany Bund 2.60% 2033,Government Bonds,BUY,10000,99.83,0.9983,0.000442,0.9987,EUR,0.92,SETTLED
TXN-202303117,2025-02-17,2025-02-18,CLT-1009,P-123,GER_10Y_BUND,Germany Bund 2.60% 2033,Government Bonds,SELL,1000,97.32,0.0973,4.3e-05,0.0973,EUR,0.92,SETTLED
TXN-202300597,2025-02-17,2025-02-19,CLT-1011,P-131,SHEL_LN,Shell PLC,Equity,SELL,2500,273.83,0.6846,0.000118,0.6845,GBP,0.79,SETTLED
TXN-202504654,2025-02-17,2025-02-19,CLT-1018,P-155,MSFT,Microsoft Corp.,Equity,INTEREST,0,0.0,0.0702,7e-05,0.0701,USD,1.0,SETTLED
TXN-202202531,2025-02-17,2025-02-18,CLT-1012,P-132,PLD_REIT,Prologis Global Logistics REIT,REIT,INTEREST,0,0.0,0.2476,0.000248,0.2474,USD,1.0,SETTLED
TXN-202402593,2025-02-17,2025-02-19,CLT-1018,P-153,GOOGL,Alphabet Inc.,Equity,SELL,50000,214.96,10.748,0.004353,10.7436,USD,1.0,SETTLED
TXN-202202011,2025-02-17,2025-02-18,CLT-1023,P-169,INFRA_GLOBAL_TRUST,Global Infrastructure Core Income Note,Alternatives,BUY,50000,101.98,5.099,0.002097,5.1011,USD,1.0,SETTLED
TXN-202200536,2025-02-17,2025-02-19,CLT-1012,P-135,AAPL,Apple Inc.,Equity,SELL,5000,295.3,1.4765,0.000416,1.4761,USD,1.0,SETTLED
TXN-202303247,2025-02-17,2025-02-18,CLT-1020,P-160,US_5Y_UST,US Treasury 5-Yr Benchmark Note,Government Bonds,TRANSFER,0,1.0,2.4159,0.0001,-2.4159,USD,1.0,SETTLED
TXN-202504134,2025-02-17,2025-02-19,CLT-1012,P-133,TCS_IN,Tata Consultancy Services,Equity,SELL,1000,236.1,0.2361,3.7e-05,0.2361,INR,86.5,SETTLED
TXN-202502644,2025-02-17,2025-02-19,CLT-1013,P-139,NOVN_SW,Novartis AG,Equity,SELL,500,184.15,0.0921,2.2e-05,0.0921,CHF,0.88,SETTLED
TXN-202101480,2025-02-17,2025-02-19,CLT-1024,P-171,BHARTIARTL_IN,Bharti Airtel Ltd.,Equity,BUY,5000,170.9,0.8545,0.000134,0.8546,INR,86.5,SETTLED
TXN-202103420,2025-02-17,2025-02-19,CLT-1010,P-127,AZN_LN,AstraZeneca PLC,Equity,FEE,0,0.0,0.0249,0.0249,-0.0249,GBP,0.79,SETTLED
TXN-202201056,2025-02-18,2025-02-19,CLT-1022,P-164,IND_10Y_GSEC,India Sovereign G-Sec 7.18% 2033,Government Bonds,BUY,2500,96.98,0.2424,3.8e-05,0.2424,INR,86.5,SETTLED
TXN-202102460,2025-02-18,2025-02-20,CLT-1015,P-144,NVDA,NVIDIA Corp.,Equity,DIVIDEND,0,0.0,0.1679,0.000168,0.1677,USD,1.0,SETTLED
TXN-202304832,2025-02-19,2025-02-21,CLT-1008,P-122,GOOGL,Alphabet Inc.,Equity,DIVIDEND,0,0.0,0.2044,0.000204,0.2042,USD,1.0,SETTLED
TXN-202403603,2025-02-19,2025-02-21,CLT-1013,P-139,INFY_IN,Infosys Ltd.,Equity,SELL,500,292.48,0.1462,6.6e-05,0.1461,INR,86.5,SETTLED
TXN-202304612,2025-02-19,2025-02-21,CLT-1023,P-169,CORP_IG_EUR,Euro High Grade Corporate Bond Note,Corporate Bonds,BUY,500,99.57,0.0498,2.2e-05,0.0498,EUR,0.92,SETTLED
TXN-202505234,2025-02-19,2025-02-21,CLT-1010,P-129,GOOGL,Alphabet Inc.,Equity,BUY,25000,135.16,3.379,0.001584,3.3806,USD,1.0,SETTLED
TXN-202301722,2025-02-20,2025-02-21,CLT-1016,P-148,GER_10Y_BUND,Germany Bund 2.60% 2033,Government Bonds,DIVIDEND,0,0.0,0.1967,0.000197,0.1965,EUR,0.92,SETTLED
TXN-202503569,2025-02-20,2025-02-24,CLT-1021,P-162,AZN_LN,AstraZeneca PLC,Equity,BUY,2500,301.36,0.7534,0.00016,0.7536,GBP,0.79,SETTLED
TXN-202304712,2025-02-20,2025-02-24,CLT-1024,P-171,DBS_SP,DBS Group Holdings,Equity,SELL,500,121.42,0.0607,2.5e-05,0.0607,SGD,1.34,SETTLED
TXN-202302022,2025-02-20,2025-02-21,CLT-1012,P-135,INR_OVERNIGHT_CASH,Institutional INR Overnight Liquid Fund,Money Market,WITHDRAWAL,0,1.0,2.5814,0.0001,-2.5814,INR,86.5,SETTLED
TXN-202104455,2025-02-21,2025-02-24,CLT-1013,P-137,US_10Y_UST,US Treasury 10-Yr Benchmark Note,Government Bonds,DIVIDEND,0,0.0,0.0754,7.5e-05,0.0753,USD,1.0,SETTLED
TXN-202400898,2025-02-21,2025-02-25,CLT-1001,P-101,SHEL_LN,Shell PLC,Equity,BUY,50000,239.57,11.9785,0.004092,11.9826,GBP,0.79,SETTLED
TXN-202502569,2025-02-24,2025-02-26,CLT-1006,P-116,HDFCBANK_IN,HDFC Bank Ltd.,Equity,SELL,5000,295.51,1.4775,0.0007,1.4768,INR,86.5,SETTLED
TXN-202404393,2025-02-24,2025-02-25,CLT-1005,P-115,US_5Y_UST,US Treasury 5-Yr Benchmark Note,Government Bonds,SELL,2500,99.4,0.2485,6.2e-05,0.2484,USD,1.0,SETTLED
TXN-202403993,2025-02-24,2025-02-26,CLT-1014,P-141,DBS_SP,DBS Group Holdings,Equity,SELL,1000,299.52,0.2995,0.000102,0.2994,SGD,1.34,SETTLED
TXN-202202621,2025-02-24,2025-02-25,CLT-1007,P-120,US_10Y_UST,US Treasury 10-Yr Benchmark Note,Government Bonds,INTEREST,0,0.0,0.1884,0.000188,0.1882,USD,1.0,SETTLED
TXN-202402743,2025-02-24,2025-02-26,CLT-1001,P-103,6758_JP,Sony Group Corp.,Equity,DIVIDEND,0,0.0,0.0552,5.5e-05,0.0551,JPY,152.0,SETTLED
TXN-202402108,2025-02-24,2025-02-26,CLT-1023,P-167,RELIANCE_IN,Reliance Industries Ltd.,Equity,BUY,50000,82.36,4.118,0.000672,4.1187,INR,86.5,SETTLED
TXN-202501064,2025-02-24,2025-02-26,CLT-1016,P-148,6758_JP,Sony Group Corp.,Equity,SELL,1000,113.41,0.1134,3.8e-05,0.1134,JPY,152.0,SETTLED
TXN-202304007,2025-02-24,2025-02-26,CLT-1005,P-115,GOOGL,Alphabet Inc.,Equity,BUY,1000,158.36,0.1584,3.5e-05,0.1584,USD,1.0,SETTLED
TXN-202400483,2025-02-24,2025-02-26,CLT-1011,P-130,NOVN_SW,Novartis AG,Equity,BUY,500,323.39,0.1617,2.9e-05,0.1617,CHF,0.88,SETTLED
TXN-202500434,2025-02-24,2025-02-25,CLT-1013,P-138,UK_10Y_GILT,UK Gilt 3.75% 2033,Government Bonds,BUY,50000,96.26,4.813,0.001012,4.814,GBP,0.79,SETTLED
TXN-202500409,2025-02-24,2025-02-25,CLT-1014,P-141,US_10Y_UST,US Treasury 10-Yr Benchmark Note,Government Bonds,TRANSFER,0,1.0,3.1868,0.0001,-3.1868,USD,1.0,SETTLED
TXN-202400528,2025-02-24,2025-02-26,CLT-1003,P-107,GOOGL,Alphabet Inc.,Equity,SELL,2500,159.32,0.3983,0.000109,0.3982,USD,1.0,SETTLED
TXN-202101370,2025-02-25,2025-02-27,CLT-1025,P-173,TCS_IN,Tata Consultancy Services,Equity,BUY,1000,267.62,0.2676,7.3e-05,0.2677,INR,86.5,SETTLED
TXN-202500249,2025-02-25,2025-02-27,CLT-1012,P-135,AMZN,Amazon.com Inc.,Equity,INTEREST,0,0.0,0.0324,3.2e-05,0.0324,USD,1.0,SETTLED
TXN-202204581,2025-02-25,2025-02-26,CLT-1024,P-171,US_5Y_UST,US Treasury 5-Yr Benchmark Note,Government Bonds,BUY,25000,95.43,2.3857,0.000363,2.3861,USD,1.0,SETTLED
TXN-202500829,2025-02-26,2025-02-28,CLT-1003,P-107,UNH,UnitedHealth Group,Equity,BUY,10000,41.24,0.4124,0.000191,0.4126,USD,1.0,SETTLED
TXN-202503819,2025-02-26,2025-02-28,CLT-1006,P-117,ICICIBANK_IN,ICICI Bank Ltd.,Equity,INTEREST,0,0.0,0.1419,0.000142,0.1418,INR,86.5,SETTLED
TXN-202401753,2025-02-27,2025-03-03,CLT-1017,P-151,DBS_SP,DBS Group Holdings,Equity,DIVIDEND,0,0.0,0.0761,7.6e-05,0.076,SGD,1.34,SETTLED
TXN-202502749,2025-02-27,2025-03-03,CLT-1023,P-169,UNH,UnitedHealth Group,Equity,BUY,10000,236.62,2.3662,0.000361,2.3666,USD,1.0,SETTLED
TXN-202400048,2025-02-27,2025-02-28,CLT-1014,P-141,GLD_ETF,SPDR Gold Shares Institutional Trust,ETF,BUY,5000,96.93,0.4847,0.000238,0.4849,USD,1.0,SETTLED
TXN-202204411,2025-02-27,2025-03-03,CLT-1017,P-151,CORP_IG_EUR,Euro High Grade Corporate Bond Note,Corporate Bonds,BUY,1000,98.5,0.0985,2.2e-05,0.0985,EUR,0.92,SETTLED
TXN-202502564,2025-02-27,2025-03-03,CLT-1019,P-156,NOVN_SW,Novartis AG,Equity,BUY,2500,346.27,0.8657,0.000222,0.8659,CHF,0.88,SETTLED
TXN-202102565,2025-02-28,2025-03-04,CLT-1009,P-124,UNH,UnitedHealth Group,Equity,SELL,1000,166.05,0.1661,6.1e-05,0.166,USD,1.0,SETTLED
TXN-202300152,2025-02-28,2025-03-03,CLT-1008,P-121,INR_OVERNIGHT_CASH,Institutional INR Overnight Liquid Fund,Money Market,SELL,50000,101.32,5.066,0.000912,5.0651,INR,86.5,PENDING
TXN-202404323,2025-03-03,2025-03-04,CLT-1012,P-133,UK_10Y_GILT,UK Gilt 3.75% 2033,Government Bonds,BUY,25000,98.33,2.4583,0.000418,2.4587,GBP,0.79,SETTLED
TXN-202300302,2025-03-03,2025-03-05,CLT-1012,P-135,LT_IN,Larsen & Toubro Ltd.,Equity,BUY,2500,107.66,0.2692,6.5e-05,0.2693,INR,86.5,SETTLED
TXN-202100885,2025-03-03,2025-03-05,CLT-1004,P-111,ICICIBANK_IN,ICICI Bank Ltd.,Equity,BUY,5000,335.46,1.6773,0.000309,1.6776,INR,86.5,SETTLED
TXN-202404848,2025-03-03,2025-03-05,CLT-1021,P-161,XOM,Exxon Mobil Corp.,Equity,BUY,1000,202.14,0.2021,3.6e-05,0.2021,USD,1.0,SETTLED
TXN-202403248,2025-03-03,2025-03-04,CLT-1008,P-122,US_5Y_UST,US Treasury 5-Yr Benchmark Note,Government Bonds,BUY,25000,101.36,2.534,0.000562,2.5346,USD,1.0,SETTLED
TXN-202300657,2025-03-03,2025-03-05,CLT-1003,P-107,JPM,JPMorgan Chase & Co.,Equity,BUY,10000,153.86,1.5386,0.000673,1.5393,USD,1.0,SETTLED
TXN-202300252,2025-03-03,2025-03-05,CLT-1001,P-103,CORP_IG_USD,US Investment Grade Corporate Bond Fund,Corporate Bonds,BUY,1000,95.8,0.0958,4.7e-05,0.0958,USD,1.0,SETTLED
TXN-202404228,2025-03-03,2025-03-04,CLT-1012,P-135,PLD_REIT,Prologis Global Logistics REIT,REIT,BUY,25000,98.88,2.472,0.001083,2.4731,USD,1.0,SETTLED
TXN-202102515,2025-03-03,2025-03-05,CLT-1003,P-107,BHARTIARTL_IN,Bharti Airtel Ltd.,Equity,SELL,50000,78.45,3.9225,0.001201,3.9213,INR,86.5,SETTLED
TXN-202303317,2025-03-03,2025-03-05,CLT-1017,P-150,AAPL,Apple Inc.,Equity,INTEREST,0,0.0,0.1374,0.000137,0.1373,USD,1.0,SETTLED
TXN-202104920,2025-03-04,2025-03-06,CLT-1015,P-145,ASML_NA,ASML Holding NV,Equity,SELL,25000,43.61,1.0902,0.000401,1.0898,EUR,0.92,SETTLED
TXN-202304607,2025-03-04,2025-03-05,CLT-1023,P-169,JGB_10Y,Japan Government Bond 10-Yr 0.8%,Government Bonds,DIVIDEND,0,0.0,0.0769,7.7e-05,0.0768,JPY,152.0,SETTLED
TXN-202402558,2025-03-05,2025-03-07,CLT-1011,P-131,GOOGL,Alphabet Inc.,Equity,DEPOSIT,0,1.0,2.9734,0.0001,2.9734,USD,1.0,SETTLED
TXN-202500599,2025-03-05,2025-03-06,CLT-1005,P-112,US_10Y_UST,US Treasury 10-Yr Benchmark Note,Government Bonds,BUY,25000,100.45,2.5112,0.000973,2.5122,USD,1.0,SETTLED
TXN-202405058,2025-03-05,2025-03-07,CLT-1001,P-101,AAPL,Apple Inc.,Equity,BUY,25000,111.05,2.7763,0.001171,2.7775,USD,1.0,SETTLED
TXN-202500684,2025-03-05,2025-03-07,CLT-1009,P-123,NVDA,NVIDIA Corp.,Equity,DIVIDEND,0,0.0,0.086,8.6e-05,0.0859,USD,1.0,SETTLED
TXN-202403323,2025-03-05,2025-03-07,CLT-1010,P-129,ASML_NA,ASML Holding NV,Equity,DIVIDEND,0,0.0,0.2286,0.000229,0.2284,EUR,0.92,SETTLED
TXN-202200601,2025-03-06,2025-03-10,CLT-1009,P-125,INFY_IN,Infosys Ltd.,Equity,BUY,500,254.17,0.1271,3.7e-05,0.1271,INR,86.5,SETTLED
TXN-202202126,2025-03-06,2025-03-10,CLT-1024,P-171,DBS_SP,DBS Group Holdings,Equity,TRANSFER,0,1.0,1.0958,0.0001,-1.0958,SGD,1.34,SETTLED
TXN-202305102,2025-03-10,2025-03-12,CLT-1019,P-156,XOM,Exxon Mobil Corp.,Equity,FEE,0,0.0,0.0213,0.0213,-0.0213,USD,1.0,SETTLED
TXN-202304707,2025-03-10,2025-03-12,CLT-1022,P-165,XOM,Exxon Mobil Corp.,Equity,SELL,50000,265.96,13.298,0.004285,13.2937,USD,1.0,SETTLED
TXN-202104970,2025-03-10,2025-03-12,CLT-1021,P-161,INFY_IN,Infosys Ltd.,Equity,BUY,10000,68.36,0.6836,0.000331,0.6839,INR,86.5,SETTLED
TXN-202300692,2025-03-10,2025-03-12,CLT-1017,P-151,GOOGL,Alphabet Inc.,Equity,BUY,10000,284.31,2.8431,0.000539,2.8436,USD,1.0,SETTLED
TXN-202403328,2025-03-10,2025-03-12,CLT-1023,P-167,UNH,UnitedHealth Group,Equity,BUY,25000,44.8,1.12,0.000185,1.1202,USD,1.0,SETTLED
TXN-202102545,2025-03-10,2025-03-12,CLT-1008,P-122,BHARTIARTL_IN,Bharti Airtel Ltd.,Equity,FEE,0,0.0,0.0363,0.0363,-0.0363,INR,86.5,SETTLED
TXN-202303572,2025-03-10,2025-03-12,CLT-1016,P-148,BHARTIARTL_IN,Bharti Airtel Ltd.,Equity,BUY,10000,341.8,3.418,0.001471,3.4195,INR,86.5,SETTLED
TXN-202304012,2025-03-10,2025-03-11,CLT-1013,P-139,USD_TREAS_MMF,Institutional USD Treasury Money Market Fund,Money Market,BUY,5000,98.5,0.4925,9.2e-05,0.4926,USD,1.0,SETTLED
TXN-202301242,2025-03-11,2025-03-13,CLT-1003,P-106,BHARTIARTL_IN,Bharti Airtel Ltd.,Equity,DIVIDEND,0,0.0,0.2375,0.000237,0.2373,INR,86.5,SETTLED
TXN-202201151,2025-03-11,2025-03-13,CLT-1003,P-109,RELIANCE_IN,Reliance Industries Ltd.,Equity,DIVIDEND,0,0.0,0.1795,0.000179,0.1793,INR,86.5,SETTLED
TXN-202302512,2025-03-11,2025-03-13,CLT-1018,P-155,NOVN_SW,Novartis AG,Equity,BUY,25000,127.19,3.1797,0.001177,3.1809,CHF,0.88,SETTLED
TXN-202304547,2025-03-12,2025-03-13,CLT-1017,P-149,OPERATING_CASH,Operational Custody Cash Balance,Cash,BUY,50000,101.13,5.0565,0.001161,5.0577,USD,1.0,PENDING
TXN-202104505,2025-03-12,2025-03-13,CLT-1020,P-160,PLD_REIT,Prologis Global Logistics REIT,REIT,DEPOSIT,0,1.0,0.3789,0.0001,0.3789,USD,1.0,SETTLED
TXN-202101200,2025-03-12,2025-03-14,CLT-1017,P-149,TCS_IN,Tata Consultancy Services,Equity,DIVIDEND,0,0.0,0.0779,7.8e-05,0.0778,INR,86.5,SETTLED
TXN-202204311,2025-03-13,2025-03-14,CLT-1013,P-137,PLD_REIT,Prologis Global Logistics REIT,REIT,SELL,50000,99.48,4.974,0.001388,4.9726,USD,1.0,SETTLED
TXN-202102625,2025-03-13,2025-03-14,CLT-1017,P-151,OPERATING_CASH,Operational Custody Cash Balance,Cash,BUY,10000,101.21,1.0121,0.00016,1.0123,USD,1.0,SETTLED
TXN-202201711,2025-03-13,2025-03-17,CLT-1005,P-115,BHARTIARTL_IN,Bharti Airtel Ltd.,Equity,SELL,10000,82.46,0.8246,0.00028,0.8243,INR,86.5,SETTLED
TXN-202203701,2025-03-13,2025-03-14,CLT-1015,P-147,OPERATING_CASH,Operational Custody Cash Balance,Cash,INTEREST,0,0.0,0.0774,7.7e-05,0.0773,USD,1.0,SETTLED
TXN-202402963,2025-03-13,2025-03-17,CLT-1024,P-170,6758_JP,Sony Group Corp.,Equity,FEE,0,0.0,0.0403,0.0403,-0.0403,JPY,152.0,SETTLED
TXN-202400758,2025-03-14,2025-03-18,CLT-1025,P-173,HDFCBANK_IN,HDFC Bank Ltd.,Equity,SELL,50000,157.16,7.858,0.002996,7.855,INR,86.5,SETTLED
TXN-202303892,2025-03-14,2025-03-17,CLT-1004,P-111,US_5Y_UST,US Treasury 5-Yr Benchmark Note,Government Bonds,TRANSFER,0,1.0,3.0671,0.0001,-3.0671,USD,1.0,SETTLED
TXN-202504634,2025-03-14,2025-03-17,CLT-1013,P-138,USD_TREAS_MMF,Institutional USD Treasury Money Market Fund,Money Market,SELL,5000,99.48,0.4974,0.000187,0.4972,USD,1.0,SETTLED
TXN-202303647,2025-03-17,2025-03-18,CLT-1014,P-141,GER_10Y_BUND,Germany Bund 2.60% 2033,Government Bonds,TRANSFER,0,1.0,1.0058,0.0001,-1.0058,EUR,0.92,SETTLED
TXN-202504344,2025-03-17,2025-03-18,CLT-1003,P-110,US_5Y_UST,US Treasury 5-Yr Benchmark Note,Government Bonds,BUY,500,97.08,0.0485,1.9e-05,0.0485,USD,1.0,SETTLED
TXN-202200616,2025-03-17,2025-03-19,CLT-1007,P-119,JPM,JPMorgan Chase & Co.,Equity,SELL,10000,192.19,1.9219,0.000694,1.9212,USD,1.0,SETTLED
TXN-202203986,2025-03-17,2025-03-19,CLT-1007,P-120,INFY_IN,Infosys Ltd.,Equity,BUY,1000,332.38,0.3324,0.000159,0.3326,INR,86.5,SETTLED
TXN-202200581,2025-03-17,2025-03-19,CLT-1020,P-159,7203_JP,Toyota Motor Corp.,Equity,SELL,10000,49.73,0.4973,0.000226,0.4971,JPY,152.0,SETTLED
TXN-202401468,2025-03-17,2025-03-19,CLT-1013,P-138,XOM,Exxon Mobil Corp.,Equity,SELL,25000,155.47,3.8868,0.000792,3.886,USD,1.0,SETTLED
TXN-202504169,2025-03-17,2025-03-18,CLT-1002,P-104,GER_10Y_BUND,Germany Bund 2.60% 2033,Government Bonds,INTEREST,0,0.0,0.1195,0.000119,0.1194,EUR,0.92,SETTLED
TXN-202202116,2025-03-17,2025-03-19,CLT-1020,P-159,CORP_IG_EUR,Euro High Grade Corporate Bond Note,Corporate Bonds,SELL,25000,102.24,2.556,0.001118,2.5549,EUR,0.92,SETTLED
TXN-202504224,2025-03-17,2025-03-19,CLT-1013,P-140,GOOGL,Alphabet Inc.,Equity,BUY,25000,267.61,6.6902,0.001088,6.6913,USD,1.0,SETTLED
TXN-202304117,2025-03-18,2025-03-19,CLT-1020,P-160,IND_10Y_GSEC,India Sovereign G-Sec 7.18% 2033,Government Bonds,BUY,2500,99.61,0.249,7.3e-05,0.2491,INR,86.5,SETTLED
TXN-202203136,2025-03-19,2025-03-21,CLT-1007,P-120,CORP_IG_USD,US Investment Grade Corporate Bond Fund,Corporate Bonds,BUY,1000,96.81,0.0968,4.2e-05,0.0968,USD,1.0,SETTLED
TXN-202401578,2025-03-19,2025-03-21,CLT-1019,P-156,SAP_GY,SAP SE,Equity,BUY,5000,246.35,1.2317,0.000222,1.2319,EUR,0.92,SETTLED
TXN-202503514,2025-03-19,2025-03-21,CLT-1007,P-120,RELIANCE_IN,Reliance Industries Ltd.,Equity,FEE,0,0.0,0.0093,0.0093,-0.0093,INR,86.5,SETTLED
TXN-202103150,2025-03-19,2025-03-20,CLT-1011,P-131,EUR_LIQUIDITY_FUND,EUR Institutional Liquidity Master Fund,Money Market,SELL,10000,102.27,1.0227,0.000349,1.0224,EUR,0.92,SETTLED
TXN-202301882,2025-03-20,2025-03-21,CLT-1024,P-171,IND_10Y_GSEC,India Sovereign G-Sec 7.18% 2033,Government Bonds,DIVIDEND,0,0.0,0.1457,0.000146,0.1456,INR,86.5,SETTLED
TXN-202304927,2025-03-20,2025-03-24,CLT-1021,P-163,CORP_IG_EUR,Euro High Grade Corporate Bond Note,Corporate Bonds,SELL,500,99.25,0.0496,1.7e-05,0.0496,EUR,0.92,SETTLED
TXN-202202086,2025-03-20,2025-03-24,CLT-1006,P-117,AMZN,Amazon.com Inc.,Equity,BUY,10000,221.21,2.2121,0.000913,2.213,USD,1.0,SETTLED
TXN-202503204,2025-03-20,2025-03-21,CLT-1018,P-154,GER_10Y_BUND,Germany Bund 2.60% 2033,Government Bonds,FEE,0,0.0,0.0351,0.0351,-0.0351,EUR,0.92,SETTLED
TXN-202502234,2025-03-21,2025-03-25,CLT-1023,P-169,HDFCBANK_IN,HDFC Bank Ltd.,Equity,SELL,50000,115.42,5.771,0.002274,5.7687,INR,86.5,SETTLED
TXN-202203171,2025-03-24,2025-03-25,CLT-1001,P-103,INR_OVERNIGHT_CASH,Institutional INR Overnight Liquid Fund,Money Market,BUY,25000,97.02,2.4255,0.000595,2.4261,INR,86.5,SETTLED
TXN-202301827,2025-03-24,2025-03-26,CLT-1019,P-158,6758_JP,Sony Group Corp.,Equity,INTEREST,0,0.0,0.2214,0.000221,0.2212,JPY,152.0,SETTLED
TXN-202204606,2025-03-24,2025-03-26,CLT-1018,P-154,SHEL_LN,Shell PLC,Equity,SELL,2500,139.77,0.3494,9.2e-05,0.3493,GBP,0.79,SETTLED
TXN-202101240,2025-03-24,2025-03-25,CLT-1003,P-108,GLD_ETF,SPDR Gold Shares Institutional Trust,ETF,BUY,2500,102.8,0.257,9.3e-05,0.2571,USD,1.0,SETTLED
TXN-202200366,2025-03-24,2025-03-25,CLT-1005,P-115,US_10Y_UST,US Treasury 10-Yr Benchmark Note,Government Bonds,DIVIDEND,0,0.0,0.112,0.000112,0.1119,USD,1.0,SETTLED
TXN-202201061,2025-03-24,2025-03-25,CLT-1005,P-113,US_10Y_UST,US Treasury 10-Yr Benchmark Note,Government Bonds,BUY,5000,100.83,0.5041,0.000204,0.5043,USD,1.0,SETTLED
TXN-202401143,2025-03-24,2025-03-25,CLT-1023,P-168,GLD_ETF,SPDR Gold Shares Institutional Trust,ETF,SELL,500,98.4,0.0492,1.8e-05,0.0492,USD,1.0,SETTLED
TXN-202504184,2025-03-25,2025-03-26,CLT-1012,P-135,USD_TREAS_MMF,Institutional USD Treasury Money Market Fund,Money Market,TRANSFER,0,1.0,3.0213,0.0001,-3.0213,USD,1.0,SETTLED
TXN-202502524,2025-03-25,2025-03-27,CLT-1021,P-161,LT_IN,Larsen & Toubro Ltd.,Equity,DIVIDEND,0,0.0,0.029,2.9e-05,0.029,INR,86.5,SETTLED
TXN-202200826,2025-03-26,2025-03-28,CLT-1024,P-170,JPM,JPMorgan Chase & Co.,Equity,FEE,0,0.0,0.0375,0.0375,-0.0375,USD,1.0,SETTLED
TXN-202302547,2025-03-26,2025-03-28,CLT-1018,P-153,CORP_HY_USD,US High Yield Corporate Credit Note,Corporate Bonds,SELL,5000,97.42,0.4871,0.000108,0.487,USD,1.0,SETTLED
TXN-202304032,2025-03-26,2025-03-27,CLT-1018,P-152,USD_TREAS_MMF,Institutional USD Treasury Money Market Fund,Money Market,SELL,2500,102.36,0.2559,0.000124,0.2558,USD,1.0,SETTLED
TXN-202202291,2025-03-28,2025-03-31,CLT-1005,P-115,USD_TREAS_MMF,Institutional USD Treasury Money Market Fund,Money Market,BUY,2500,96.12,0.2403,4.7e-05,0.2403,USD,1.0,SETTLED
TXN-202204981,2025-03-28,2025-03-31,CLT-1013,P-136,US_5Y_UST,US Treasury 5-Yr Benchmark Note,Government Bonds,SELL,500,101.92,0.051,1.2e-05,0.051,USD,1.0,SETTLED
TXN-202504959,2025-03-28,2025-04-01,CLT-1018,P-154,DBS_SP,DBS Group Holdings,Equity,FEE,0,0.0,0.0301,0.0301,-0.0301,SGD,1.34,SETTLED
TXN-202301017,2025-03-31,2025-04-02,CLT-1021,P-163,SAP_GY,SAP SE,Equity,DIVIDEND,0,0.0,0.2088,0.000209,0.2086,EUR,0.92,SETTLED
TXN-202101940,2025-03-31,2025-04-01,CLT-1016,P-148,INFRA_GLOBAL_TRUST,Global Infrastructure Core Income Note,Alternatives,SELL,2500,96.85,0.2421,4.6e-05,0.2421,USD,1.0,SETTLED
TXN-202303442,2025-03-31,2025-04-02,CLT-1021,P-163,LT_IN,Larsen & Toubro Ltd.,Equity,SELL,10000,291.52,2.9152,0.001398,2.9138,INR,86.5,SETTLED
TXN-202203366,2025-03-31,2025-04-02,CLT-1001,P-103,BHARTIARTL_IN,Bharti Airtel Ltd.,Equity,BUY,50000,156.64,7.832,0.002891,7.8349,INR,86.5,SETTLED
TXN-202104390,2025-03-31,2025-04-02,CLT-1025,P-173,CORP_IG_EUR,Euro High Grade Corporate Bond Note,Corporate Bonds,INTEREST,0,0.0,0.093,9.3e-05,0.0929,EUR,0.92,SETTLED
TXN-202101110,2025-03-31,2025-04-02,CLT-1012,P-135,DBS_SP,DBS Group Holdings,Equity,SELL,1000,246.99,0.247,9.8e-05,0.2469,SGD,1.34,SETTLED
TXN-202300902,2025-03-31,2025-04-01,CLT-1006,P-117,INR_OVERNIGHT_CASH,Institutional INR Overnight Liquid Fund,Money Market,BUY,5000,96.71,0.4835,0.000125,0.4836,INR,86.5,SETTLED
TXN-202102690,2025-03-31,2025-04-01,CLT-1002,P-104,USD_TREAS_MMF,Institutional USD Treasury Money Market Fund,Money Market,SELL,5000,97.93,0.4897,0.000121,0.4896,USD,1.0,FAILED
TXN-202402268,2025-04-01,2025-04-03,CLT-1002,P-105,AMZN,Amazon.com Inc.,Equity,BUY,500,127.37,0.0637,1.6e-05,0.0637,USD,1.0,SETTLED
TXN-202303617,2025-04-01,2025-04-02,CLT-1012,P-133,EUR_LIQUIDITY_FUND,EUR Institutional Liquidity Master Fund,Money Market,BUY,5000,98.53,0.4926,8.1e-05,0.4927,EUR,0.92,SETTLED
TXN-202401788,2025-04-01,2025-04-02,CLT-1008,P-122,OPERATING_CASH,Operational Custody Cash Balance,Cash,SELL,5000,97.83,0.4891,0.000135,0.489,USD,1.0,SETTLED
TXN-202302367,2025-04-02,2025-04-04,CLT-1010,P-126,CORP_IG_USD,US Investment Grade Corporate Bond Fund,Corporate Bonds,SELL,5000,96.82,0.4841,0.000198,0.4839,USD,1.0,SETTLED
TXN-202104665,2025-04-02,2025-04-04,CLT-1013,P-136,UNH,UnitedHealth Group,Equity,SELL,10000,41.17,0.4117,0.000162,0.4115,USD,1.0,SETTLED
TXN-202302787,2025-04-02,2025-04-04,CLT-1021,P-161,MSFT,Microsoft Corp.,Equity,TRANSFER,0,1.0,2.2907,0.0001,-2.2907,USD,1.0,SETTLED
TXN-202502809,2025-04-03,2025-04-07,CLT-1008,P-121,TCS_IN,Tata Consultancy Services,Equity,SELL,10000,50.63,0.5063,0.000161,0.5061,INR,86.5,SETTLED
TXN-202402953,2025-04-03,2025-04-07,CLT-1014,P-143,HDFCBANK_IN,HDFC Bank Ltd.,Equity,SELL,5000,310.96,1.5548,0.00041,1.5544,INR,86.5,SETTLED
TXN-202401428,2025-04-03,2025-04-07,CLT-1008,P-121,RELIANCE_IN,Reliance Industries Ltd.,Equity,BUY,10000,348.15,3.4815,0.001282,3.4828,INR,86.5,SETTLED
TXN-202500624,2025-04-03,2025-04-07,CLT-1014,P-141,ASML_NA,ASML Holding NV,Equity,BUY,5000,125.54,0.6277,0.000249,0.6279,EUR,0.92,SETTLED
TXN-202202511,2025-04-04,2025-04-08,CLT-1021,P-161,LT_IN,Larsen & Toubro Ltd.,Equity,BUY,5000,141.54,0.7077,0.000142,0.7078,INR,86.5,SETTLED
TXN-202102905,2025-04-07,2025-04-08,CLT-1012,P-132,GER_10Y_BUND,Germany Bund 2.60% 2033,Government Bonds,INTEREST,0,0.0,0.1952,0.000195,0.195,EUR,0.92,SETTLED
TXN-202404873,2025-04-07,2025-04-09,CLT-1010,P-127,RELIANCE_IN,Reliance Industries Ltd.,Equity,SELL,50000,243.46,12.173,0.00372,12.1693,INR,86.5,SETTLED
TXN-202400338,2025-04-07,2025-04-09,CLT-1019,P-156,TCS_IN,Tata Consultancy Services,Equity,BUY,2500,195.48,0.4887,8.1e-05,0.4888,INR,86.5,SETTLED
TXN-202203681,2025-04-07,2025-04-09,CLT-1003,P-109,TCS_IN,Tata Consultancy Services,Equity,WITHDRAWAL,0,1.0,1.1736,0.0001,-1.1736,INR,86.5,SETTLED
TXN-202102500,2025-04-07,2025-04-08,CLT-1001,P-103,UK_10Y_GILT,UK Gilt 3.75% 2033,Government Bonds,SELL,5000,101.85,0.5092,0.000179,0.509,GBP,0.79,SETTLED
TXN-202401698,2025-04-07,2025-04-09,CLT-1003,P-108,CORP_IG_USD,US Investment Grade Corporate Bond Fund,Corporate Bonds,DIVIDEND,0,0.0,0.0413,4.1e-05,0.0413,USD,1.0,SETTLED
TXN-202504914,2025-04-07,2025-04-09,CLT-1010,P-129,HDFCBANK_IN,HDFC Bank Ltd.,Equity,SELL,5000,213.51,1.0675,0.000491,1.067,INR,86.5,SETTLED
TXN-202104325,2025-04-08,2025-04-09,CLT-1003,P-106,IND_10Y_GSEC,India Sovereign G-Sec 7.18% 2033,Government Bonds,SELL,5000,95.79,0.479,0.000189,0.4788,INR,86.5,SETTLED
TXN-202400863,2025-04-08,2025-04-10,CLT-1011,P-131,ASML_NA,ASML Holding NV,Equity,BUY,10000,91.78,0.9178,0.000381,0.9182,EUR,0.92,SETTLED
TXN-202403308,2025-04-08,2025-04-09,CLT-1023,P-169,IND_10Y_GSEC,India Sovereign G-Sec 7.18% 2033,Government Bonds,BUY,50000,98.12,4.906,0.000883,4.9069,INR,86.5,SETTLED
TXN-202100370,2025-04-09,2025-04-11,CLT-1006,P-118,SAP_GY,SAP SE,Equity,BUY,500,108.52,0.0543,1.5e-05,0.0543,EUR,0.92,SETTLED
TXN-202204316,2025-04-09,2025-04-10,CLT-1025,P-173,GER_10Y_BUND,Germany Bund 2.60% 2033,Government Bonds,SELL,1000,100.74,0.1007,4.1e-05,0.1007,EUR,0.92,SETTLED
TXN-202301742,2025-04-09,2025-04-10,CLT-1003,P-110,US_10Y_UST,US Treasury 10-Yr Benchmark Note,Government Bonds,INTEREST,0,0.0,0.168,0.000168,0.1678,USD,1.0,SETTLED
TXN-202404058,2025-04-10,2025-04-11,CLT-1004,P-111,INFRA_GLOBAL_TRUST,Global Infrastructure Core Income Note,Alternatives,SELL,500,101.48,0.0507,1.1e-05,0.0507,USD,1.0,SETTLED
TXN-202201946,2025-04-10,2025-04-11,CLT-1014,P-143,IND_10Y_GSEC,India Sovereign G-Sec 7.18% 2033,Government Bonds,SELL,1000,101.94,0.1019,3.7e-05,0.1019,INR,86.5,SETTLED
TXN-202502774,2025-04-10,2025-04-11,CLT-1014,P-142,UK_10Y_GILT,UK Gilt 3.75% 2033,Government Bonds,SELL,25000,98.85,2.4712,0.000783,2.4704,GBP,0.79,SETTLED
TXN-202402303,2025-04-11,2025-04-14,CLT-1005,P-115,PLD_REIT,Prologis Global Logistics REIT,REIT,BUY,500,95.66,0.0478,2.3e-05,0.0478,USD,1.0,SETTLED
TXN-202400543,2025-04-11,2025-04-14,CLT-1003,P-109,US_10Y_UST,US Treasury 10-Yr Benchmark Note,Government Bonds,BUY,5000,100.91,0.5046,0.000154,0.5048,USD,1.0,SETTLED
TXN-202203356,2025-04-11,2025-04-15,CLT-1015,P-146,AAPL,Apple Inc.,Equity,SELL,25000,339.76,8.494,0.002397,8.4916,USD,1.0,SETTLED
TXN-202305027,2025-04-11,2025-04-14,CLT-1006,P-116,GLD_ETF,SPDR Gold Shares Institutional Trust,ETF,INTEREST,0,0.0,0.201,0.000201,0.2008,USD,1.0,SETTLED
TXN-202100720,2025-04-11,2025-04-14,CLT-1010,P-129,US_5Y_UST,US Treasury 5-Yr Benchmark Note,Government Bonds,BUY,1000,99.33,0.0993,1.6e-05,0.0993,USD,1.0,SETTLED
TXN-202100250,2025-04-11,2025-04-14,CLT-1018,P-154,EUR_LIQUIDITY_FUND,EUR Institutional Liquidity Master Fund,Money Market,BUY,10000,102.35,1.0235,0.000188,1.0237,EUR,0.92,SETTLED
TXN-202503519,2025-04-14,2025-04-16,CLT-1007,P-119,DBS_SP,DBS Group Holdings,Equity,BUY,2500,144.9,0.3623,0.000108,0.3624,SGD,1.34,SETTLED
TXN-202503089,2025-04-14,2025-04-16,CLT-1007,P-120,7203_JP,Toyota Motor Corp.,Equity,BUY,2500,321.55,0.8039,0.000267,0.8042,JPY,152.0,SETTLED
TXN-202403533,2025-04-14,2025-04-16,CLT-1011,P-131,CORP_IG_EUR,Euro High Grade Corporate Bond Note,Corporate Bonds,BUY,25000,101.18,2.5295,0.000999,2.5305,EUR,0.92,SETTLED
TXN-202502664,2025-04-14,2025-04-15,CLT-1023,P-167,PLD_REIT,Prologis Global Logistics REIT,REIT,SELL,500,95.71,0.0479,9e-06,0.0479,USD,1.0,SETTLED
TXN-202503134,2025-04-14,2025-04-16,CLT-1012,P-132,SHEL_LN,Shell PLC,Equity,BUY,10000,154.04,1.5404,0.000246,1.5406,GBP,0.79,SETTLED
TXN-202401843,2025-04-14,2025-04-16,CLT-1008,P-121,AAPL,Apple Inc.,Equity,SELL,5000,99.41,0.497,0.000215,0.4968,USD,1.0,SETTLED
TXN-202100960,2025-04-14,2025-04-16,CLT-1017,P-150,AMZN,Amazon.com Inc.,Equity,SELL,500,247.18,0.1236,5.4e-05,0.1235,USD,1.0,SETTLED
TXN-202501634,2025-04-14,2025-04-16,CLT-1023,P-168,ICICIBANK_IN,ICICI Bank Ltd.,Equity,TRANSFER,0,1.0,1.497,0.0001,-1.497,INR,86.5,SETTLED
TXN-202501354,2025-04-14,2025-04-16,CLT-1017,P-151,JPM,JPMorgan Chase & Co.,Equity,SELL,5000,347.97,1.7399,0.000814,1.7391,USD,1.0,SETTLED
TXN-202400948,2025-04-14,2025-04-16,CLT-1018,P-154,MSFT,Microsoft Corp.,Equity,DEPOSIT,0,1.0,2.3184,0.0001,2.3184,USD,1.0,SETTLED
TXN-202501964,2025-04-14,2025-04-16,CLT-1008,P-121,CORP_IG_USD,US Investment Grade Corporate Bond Fund,Corporate Bonds,INTEREST,0,0.0,0.1034,0.000103,0.1033,USD,1.0,SETTLED
TXN-202204876,2025-04-14,2025-04-16,CLT-1017,P-150,SHEL_LN,Shell PLC,Equity,BUY,25000,102.78,2.5695,0.000635,2.5701,GBP,0.79,SETTLED
TXN-202300632,2025-04-14,2025-04-16,CLT-1012,P-134,GOOGL,Alphabet Inc.,Equity,BUY,25000,251.89,6.2973,0.000998,6.2983,USD,1.0,SETTLED
TXN-202305137,2025-04-14,2025-04-16,CLT-1021,P-162,AMZN,Amazon.com Inc.,Equity,DIVIDEND,0,0.0,0.1369,0.000137,0.1368,USD,1.0,SETTLED
TXN-202104200,2025-04-14,2025-04-15,CLT-1015,P-146,US_10Y_UST,US Treasury 10-Yr Benchmark Note,Government Bonds,BUY,1000,100.92,0.1009,4.6e-05,0.1009,USD,1.0,SETTLED
TXN-202201386,2025-04-15,2025-04-17,CLT-1002,P-104,7203_JP,Toyota Motor Corp.,Equity,SELL,25000,218.8,5.47,0.001836,5.4682,JPY,152.0,SETTLED
TXN-202102855,2025-04-15,2025-04-17,CLT-1007,P-120,CORP_IG_EUR,Euro High Grade Corporate Bond Note,Corporate Bonds,SELL,10000,97.15,0.9715,0.000164,0.9713,EUR,0.92,SETTLED
TXN-202104575,2025-04-16,2025-04-18,CLT-1003,P-106,SHEL_LN,Shell PLC,Equity,BUY,5000,342.05,1.7103,0.000424,1.7107,GBP,0.79,SETTLED
TXN-202102380,2025-04-16,2025-04-18,CLT-1018,P-154,TCS_IN,Tata Consultancy Services,Equity,BUY,10000,302.01,3.0201,0.000892,3.021,INR,86.5,SETTLED
TXN-202104005,2025-04-17,2025-04-21,CLT-1020,P-159,6758_JP,Sony Group Corp.,Equity,BUY,2500,132.63,0.3316,0.000121,0.3317,JPY,152.0,SETTLED
TXN-202304262,2025-04-17,2025-04-21,CLT-1012,P-133,7203_JP,Toyota Motor Corp.,Equity,INTEREST,0,0.0,0.1395,0.00014,0.1394,JPY,152.0,PENDING
TXN-202102695,2025-04-17,2025-04-18,CLT-1005,P-112,EUR_LIQUIDITY_FUND,EUR Institutional Liquidity Master Fund,Money Market,BUY,1000,96.52,0.0965,3.4e-05,0.0965,EUR,0.92,SETTLED
TXN-202102315,2025-04-18,2025-04-22,CLT-1015,P-144,HDFCBANK_IN,HDFC Bank Ltd.,Equity,BUY,5000,312.0,1.56,0.000453,1.5605,INR,86.5,SETTLED
TXN-202203471,2025-04-18,2025-04-21,CLT-1008,P-121,PLD_REIT,Prologis Global Logistics REIT,REIT,BUY,5000,99.66,0.4983,0.000114,0.4984,USD,1.0,SETTLED
TXN-202102980,2025-04-18,2025-04-22,CLT-1003,P-106,BHARTIARTL_IN,Bharti Airtel Ltd.,Equity,DIVIDEND,0,0.0,0.0354,3.5e-05,0.0354,INR,86.5,SETTLED
TXN-202301582,2025-04-18,2025-04-22,CLT-1017,P-149,7203_JP,Toyota Motor Corp.,Equity,SELL,1000,131.45,0.1315,4.4e-05,0.1315,JPY,152.0,SETTLED
TXN-202102050,2025-04-18,2025-04-22,CLT-1008,P-122,LT_IN,Larsen & Toubro Ltd.,Equity,INTEREST,0,0.0,0.0385,3.9e-05,0.0385,INR,86.5,SETTLED
TXN-202103745,2025-04-21,2025-04-23,CLT-1008,P-121,CORP_IG_USD,US Investment Grade Corporate Bond Fund,Corporate Bonds,SELL,25000,102.3,2.5575,0.000718,2.5568,USD,1.0,SETTLED
TXN-202204191,2025-04-21,2025-04-23,CLT-1013,P-138,CORP_IG_EUR,Euro High Grade Corporate Bond Note,Corporate Bonds,INTEREST,0,0.0,0.0769,7.7e-05,0.0768,EUR,0.92,SETTLED
TXN-202203276,2025-04-21,2025-04-23,CLT-1002,P-104,7203_JP,Toyota Motor Corp.,Equity,BUY,50000,304.92,15.246,0.003317,15.2493,JPY,152.0,SETTLED
TXN-202103105,2025-04-21,2025-04-23,CLT-1020,P-159,DBS_SP,DBS Group Holdings,Equity,BUY,5000,153.4,0.767,0.000231,0.7672,SGD,1.34,SETTLED
TXN-202100395,2025-04-21,2025-04-23,CLT-1023,P-168,NOVN_SW,Novartis AG,Equity,SELL,10000,105.19,1.0519,0.000405,1.0515,CHF,0.88,SETTLED
TXN-202204046,2025-04-21,2025-04-22,CLT-1001,P-102,US_5Y_UST,US Treasury 5-Yr Benchmark Note,Government Bonds,BUY,1000,102.78,0.1028,4.3e-05,0.1028,USD,1.0,SETTLED
TXN-202101655,2025-04-21,2025-04-23,CLT-1013,P-137,HDFCBANK_IN,HDFC Bank Ltd.,Equity,DEPOSIT,0,1.0,3.3712,0.0001,3.3712,INR,86.5,SETTLED
TXN-202304017,2025-04-21,2025-04-23,CLT-1024,P-172,JPM,JPMorgan Chase & Co.,Equity,SELL,10000,247.67,2.4767,0.001089,2.4756,USD,1.0,SETTLED
TXN-202501844,2025-04-21,2025-04-23,CLT-1022,P-166,JPM,JPMorgan Chase & Co.,Equity,INTEREST,0,0.0,0.1731,0.000173,0.1729,USD,1.0,SETTLED
TXN-202102195,2025-04-23,2025-04-25,CLT-1001,P-103,ASML_NA,ASML Holding NV,Equity,SELL,1000,218.53,0.2185,8.9e-05,0.2184,EUR,0.92,SETTLED
TXN-202402223,2025-04-23,2025-04-24,CLT-1003,P-110,US_5Y_UST,US Treasury 5-Yr Benchmark Note,Government Bonds,BUY,2500,98.53,0.2463,6.2e-05,0.2464,USD,1.0,SETTLED
TXN-202400708,2025-04-23,2025-04-25,CLT-1006,P-118,SAP_GY,SAP SE,Equity,INTEREST,0,0.0,0.0596,6e-05,0.0595,EUR,0.92,SETTLED
TXN-202500854,2025-04-23,2025-04-25,CLT-1024,P-171,7203_JP,Toyota Motor Corp.,Equity,SELL,500,189.12,0.0946,2e-05,0.0946,JPY,152.0,SETTLED
TXN-202403253,2025-04-24,2025-04-28,CLT-1024,P-172,ICICIBANK_IN,ICICI Bank Ltd.,Equity,FEE,0,0.0,0.0316,0.0316,-0.0316,INR,86.5,SETTLED
TXN-202402813,2025-04-24,2025-04-25,CLT-1018,P-152,INR_OVERNIGHT_CASH,Institutional INR Overnight Liquid Fund,Money Market,SELL,50000,99.79,4.9895,0.001847,4.9877,INR,86.5,SETTLED
TXN-202301717,2025-04-24,2025-04-25,CLT-1007,P-120,PLD_REIT,Prologis Global Logistics REIT,REIT,SELL,50000,98.4,4.92,0.00239,4.9176,USD,1.0,SETTLED
TXN-202500119,2025-04-24,2025-04-28,CLT-1024,P-172,JPM,JPMorgan Chase & Co.,Equity,BUY,25000,123.91,3.0978,0.001544,3.0993,USD,1.0,SETTLED
TXN-202403858,2025-04-25,2025-04-28,CLT-1011,P-130,JGB_10Y,Japan Government Bond 10-Yr 0.8%,Government Bonds,DIVIDEND,0,0.0,0.1898,0.00019,0.1896,JPY,152.0,SETTLED
TXN-202405213,2025-04-25,2025-04-29,CLT-1020,P-160,SHEL_LN,Shell PLC,Equity,BUY,5000,147.64,0.7382,0.000321,0.7385,GBP,0.79,SETTLED
TXN-202202776,2025-04-25,2025-04-29,CLT-1008,P-121,CORP_IG_USD,US Investment Grade Corporate Bond Fund,Corporate Bonds,DIVIDEND,0,0.0,0.1862,0.000186,0.186,USD,1.0,SETTLED
TXN-202403198,2025-04-28,2025-04-29,CLT-1024,P-172,OPERATING_CASH,Operational Custody Cash Balance,Cash,INTEREST,0,0.0,0.2427,0.000243,0.2425,USD,1.0,SETTLED
TXN-202104265,2025-04-28,2025-04-30,CLT-1014,P-143,HDFCBANK_IN,HDFC Bank Ltd.,Equity,BUY,1000,302.52,0.3025,0.000129,0.3026,INR,86.5,SETTLED
TXN-202501359,2025-04-28,2025-04-30,CLT-1019,P-157,ICICIBANK_IN,ICICI Bank Ltd.,Equity,BUY,10000,227.05,2.2705,0.000479,2.271,INR,86.5,SETTLED
TXN-202402508,2025-04-28,2025-04-30,CLT-1004,P-111,HDFCBANK_IN,HDFC Bank Ltd.,Equity,INTEREST,0,0.0,0.1182,0.000118,0.1181,INR,86.5,SETTLED
TXN-202100350,2025-04-28,2025-04-30,CLT-1015,P-147,DBS_SP,DBS Group Holdings,Equity,SELL,10000,206.04,2.0604,0.000592,2.0598,SGD,1.34,SETTLED
TXN-202402298,2025-04-28,2025-04-30,CLT-1020,P-159,NVDA,NVIDIA Corp.,Equity,SELL,10000,228.91,2.2891,0.000889,2.2882,USD,1.0,SETTLED
TXN-202201496,2025-04-28,2025-04-30,CLT-1003,P-110,CORP_IG_USD,US Investment Grade Corporate Bond Fund,Corporate Bonds,SELL,10000,98.56,0.9856,0.000289,0.9853,USD,1.0,SETTLED
TXN-202303737,2025-04-28,2025-04-30,CLT-1009,P-124,6758_JP,Sony Group Corp.,Equity,BUY,500,52.73,0.0264,5e-06,0.0264,JPY,152.0,FAILED
TXN-202400053,2025-04-28,2025-04-29,CLT-1007,P-120,EUR_LIQUIDITY_FUND,EUR Institutional Liquidity Master Fund,Money Market,BUY,500,99.57,0.0498,8e-06,0.0498,EUR,0.92,SETTLED
TXN-202504664,2025-04-28,2025-04-30,CLT-1021,P-162,TCS_IN,Tata Consultancy Services,Equity,BUY,50000,346.04,17.302,0.006073,17.3081,INR,86.5,SETTLED
TXN-202101290,2025-04-29,2025-04-30,CLT-1018,P-155,IND_10Y_GSEC,India Sovereign G-Sec 7.18% 2033,Government Bonds,BUY,500,96.85,0.0484,2.2e-05,0.0484,INR,86.5,SETTLED
TXN-202500794,2025-04-30,2025-05-02,CLT-1022,P-165,HDFCBANK_IN,HDFC Bank Ltd.,Equity,BUY,2500,250.91,0.6273,0.000282,0.6276,INR,86.5,SETTLED
TXN-202105220,2025-04-30,2025-05-02,CLT-1016,P-148,NOVN_SW,Novartis AG,Equity,SELL,2500,257.65,0.6441,0.000149,0.644,CHF,0.88,SETTLED
TXN-202204761,2025-04-30,2025-05-02,CLT-1007,P-120,HDFCBANK_IN,HDFC Bank Ltd.,Equity,SELL,50000,280.03,14.0015,0.004853,13.9966,INR,86.5,SETTLED
TXN-202503749,2025-05-01,2025-05-05,CLT-1002,P-105,LT_IN,Larsen & Toubro Ltd.,Equity,BUY,500,291.99,0.146,6.3e-05,0.1461,INR,86.5,SETTLED
TXN-202301297,2025-05-02,2025-05-06,CLT-1005,P-115,LT_IN,Larsen & Toubro Ltd.,Equity,SELL,10000,155.14,1.5514,0.000531,1.5509,INR,86.5,SETTLED
TXN-202502114,2025-05-02,2025-05-05,CLT-1013,P-139,GER_10Y_BUND,Germany Bund 2.60% 2033,Government Bonds,SELL,50000,95.04,4.752,0.001151,4.7508,EUR,0.92,SETTLED
TXN-202402458,2025-05-02,2025-05-06,CLT-1024,P-172,BHARTIARTL_IN,Bharti Airtel Ltd.,Equity,BUY,500,137.32,0.0687,1.6e-05,0.0687,INR,86.5,SETTLED
TXN-202501819,2025-05-02,2025-05-06,CLT-1023,P-169,BHARTIARTL_IN,Bharti Airtel Ltd.,Equity,BUY,5000,301.04,1.5052,0.000298,1.5055,INR,86.5,SETTLED
TXN-202300237,2025-05-05,2025-05-07,CLT-1021,P-162,CORP_HY_USD,US High Yield Corporate Credit Note,Corporate Bonds,INTEREST,0,0.0,0.1562,0.000156,0.156,USD,1.0,SETTLED
TXN-202404678,2025-05-05,2025-05-07,CLT-1022,P-166,CORP_IG_USD,US Investment Grade Corporate Bond Fund,Corporate Bonds,BUY,1000,98.16,0.0982,3.4e-05,0.0982,USD,1.0,SETTLED
TXN-202101685,2025-05-05,2025-05-07,CLT-1001,P-103,UNH,UnitedHealth Group,Equity,BUY,50000,71.23,3.5615,0.000589,3.5621,USD,1.0,SETTLED
TXN-202102345,2025-05-05,2025-05-06,CLT-1003,P-106,INFRA_GLOBAL_TRUST,Global Infrastructure Core Income Note,Alternatives,BUY,1000,97.1,0.0971,3.5e-05,0.0971,USD,1.0,SETTLED
TXN-202203721,2025-05-05,2025-05-06,CLT-1003,P-108,US_10Y_UST,US Treasury 10-Yr Benchmark Note,Government Bonds,BUY,500,100.19,0.0501,1.2e-05,0.0501,USD,1.0,SETTLED
TXN-202204266,2025-05-05,2025-05-06,CLT-1019,P-158,USD_TREAS_MMF,Institutional USD Treasury Money Market Fund,Money Market,BUY,500,102.84,0.0514,8e-06,0.0514,USD,1.0,SETTLED
TXN-202304757,2025-05-06,2025-05-07,CLT-1015,P-145,US_10Y_UST,US Treasury 10-Yr Benchmark Note,Government Bonds,BUY,500,96.67,0.0483,2.2e-05,0.0483,USD,1.0,SETTLED
TXN-202401998,2025-05-07,2025-05-08,CLT-1017,P-150,EUR_LIQUIDITY_FUND,EUR Institutional Liquidity Master Fund,Money Market,BUY,1000,102.77,0.1028,4.6e-05,0.1028,EUR,0.92,SETTLED
TXN-202302132,2025-05-07,2025-05-09,CLT-1001,P-101,ASML_NA,ASML Holding NV,Equity,TRANSFER,0,1.0,1.9698,0.0001,-1.9698,EUR,0.92,SETTLED
TXN-202303702,2025-05-07,2025-05-08,CLT-1018,P-155,UK_10Y_GILT,UK Gilt 3.75% 2033,Government Bonds,BUY,500,102.71,0.0514,1.3e-05,0.0514,GBP,0.79,SETTLED
TXN-202303372,2025-05-08,2025-05-12,CLT-1013,P-140,SHEL_LN,Shell PLC,Equity,BUY,10000,62.62,0.6262,0.00017,0.6264,GBP,0.79,SETTLED
TXN-202103215,2025-05-08,2025-05-12,CLT-1003,P-106,BHARTIARTL_IN,Bharti Airtel Ltd.,Equity,DIVIDEND,0,0.0,0.0937,9.4e-05,0.0936,INR,86.5,SETTLED
TXN-202101595,2025-05-08,2025-05-12,CLT-1002,P-105,LT_IN,Larsen & Toubro Ltd.,Equity,BUY,10000,196.2,1.962,0.000653,1.9627,INR,86.5,SETTLED
TXN-202502389,2025-05-08,2025-05-09,CLT-1023,P-168,INR_OVERNIGHT_CASH,Institutional INR Overnight Liquid Fund,Money Market,FEE,0,0.0,0.0433,0.0433,-0.0433,INR,86.5,SETTLED
TXN-202401048,2025-05-08,2025-05-09,CLT-1020,P-159,OPERATING_CASH,Operational Custody Cash Balance,Cash,SELL,1000,100.84,0.1008,2.9e-05,0.1008,USD,1.0,SETTLED
TXN-202204576,2025-05-09,2025-05-13,CLT-1013,P-137,UNH,UnitedHealth Group,Equity,DIVIDEND,0,0.0,0.0551,5.5e-05,0.055,USD,1.0,SETTLED
TXN-202302872,2025-05-09,2025-05-13,CLT-1002,P-104,BHARTIARTL_IN,Bharti Airtel Ltd.,Equity,INTEREST,0,0.0,0.0996,0.0001,0.0995,INR,86.5,SETTLED
TXN-202401438,2025-05-09,2025-05-13,CLT-1005,P-114,CORP_IG_EUR,Euro High Grade Corporate Bond Note,Corporate Bonds,INTEREST,0,0.0,0.1659,0.000166,0.1657,EUR,0.92,SETTLED
TXN-202303687,2025-05-12,2025-05-14,CLT-1003,P-107,SAP_GY,SAP SE,Equity,SELL,1000,283.61,0.2836,4.5e-05,0.2836,EUR,0.92,SETTLED
TXN-202501509,2025-05-12,2025-05-14,CLT-1023,P-169,SAP_GY,SAP SE,Equity,BUY,2500,43.06,0.1076,3.9e-05,0.1076,EUR,0.92,SETTLED
TXN-202303462,2025-05-12,2025-05-14,CLT-1019,P-158,SHEL_LN,Shell PLC,Equity,SELL,10000,267.61,2.6761,0.000421,2.6757,GBP,0.79,SETTLED
TXN-202300477,2025-05-12,2025-05-14,CLT-1019,P-156,MSFT,Microsoft Corp.,Equity,SELL,1000,215.75,0.2157,3.4e-05,0.2157,USD,1.0,SETTLED
TXN-202403183,2025-05-13,2025-05-15,CLT-1025,P-173,SAP_GY,SAP SE,Equity,BUY,500,256.64,0.1283,5.8e-05,0.1284,EUR,0.92,SETTLED
TXN-202202401,2025-05-13,2025-05-15,CLT-1021,P-162,MSFT,Microsoft Corp.,Equity,BUY,2500,82.44,0.2061,6.8e-05,0.2062,USD,1.0,SETTLED
TXN-202401518,2025-05-14,2025-05-16,CLT-1015,P-146,MSFT,Microsoft Corp.,Equity,SELL,2500,160.09,0.4002,7.4e-05,0.4001,USD,1.0,SETTLED
TXN-202201331,2025-05-14,2025-05-15,CLT-1017,P-150,GLD_ETF,SPDR Gold Shares Institutional Trust,ETF,FEE,0,0.0,0.032,0.032,-0.032,USD,1.0,SETTLED
TXN-202500394,2025-05-14,2025-05-16,CLT-1005,P-114,LT_IN,Larsen & Toubro Ltd.,Equity,DIVIDEND,0,0.0,0.0872,8.7e-05,0.0871,INR,86.5,SETTLED
TXN-202301007,2025-05-14,2025-05-16,CLT-1015,P-144,ASML_NA,ASML Holding NV,Equity,INTEREST,0,0.0,0.074,7.4e-05,0.0739,EUR,0.92,SETTLED
TXN-202501414,2025-05-14,2025-05-16,CLT-1005,P-115,CORP_IG_USD,US Investment Grade Corporate Bond Fund,Corporate Bonds,BUY,2500,101.87,0.2547,0.000115,0.2548,USD,1.0,SETTLED
TXN-202201141,2025-05-14,2025-05-15,CLT-1010,P-129,IND_10Y_GSEC,India Sovereign G-Sec 7.18% 2033,Government Bonds,BUY,10000,100.57,1.0057,0.000231,1.0059,INR,86.5,SETTLED
TXN-202504589,2025-05-15,2025-05-16,CLT-1022,P-166,OPERATING_CASH,Operational Custody Cash Balance,Cash,BUY,50000,96.43,4.8215,0.001823,4.8233,USD,1.0,SETTLED
TXN-202405028,2025-05-15,2025-05-19,CLT-1015,P-145,LT_IN,Larsen & Toubro Ltd.,Equity,BUY,50000,227.47,11.3735,0.005685,11.3792,INR,86.5,SETTLED
TXN-202205191,2025-05-15,2025-05-19,CLT-1012,P-135,CORP_IG_EUR,Euro High Grade Corporate Bond Note,Corporate Bonds,BUY,1000,100.08,0.1001,3.5e-05,0.1001,EUR,0.92,SETTLED
TXN-202202571,2025-05-15,2025-05-19,CLT-1017,P-149,MSFT,Microsoft Corp.,Equity,TRANSFER,0,1.0,1.946,0.0001,-1.946,USD,1.0,SETTLED
TXN-202401233,2025-05-16,2025-05-19,CLT-1022,P-165,GLD_ETF,SPDR Gold Shares Institutional Trust,ETF,BUY,1000,96.01,0.096,4.4e-05,0.096,USD,1.0,SETTLED
TXN-202203941,2025-05-16,2025-05-20,CLT-1003,P-108,RELIANCE_IN,Reliance Industries Ltd.,Equity,BUY,500,156.06,0.078,3.1e-05,0.078,INR,86.5,SETTLED
TXN-202304092,2025-05-16,2025-05-20,CLT-1013,P-138,DBS_SP,DBS Group Holdings,Equity,SELL,10000,284.11,2.8411,0.00119,2.8399,SGD,1.34,PENDING
TXN-202102710,2025-05-16,2025-05-20,CLT-1015,P-147,NOVN_SW,Novartis AG,Equity,INTEREST,0,0.0,0.2036,0.000204,0.2034,CHF,0.88,SETTLED
TXN-202500404,2025-05-19,2025-05-21,CLT-1017,P-150,CORP_HY_USD,US High Yield Corporate Credit Note,Corporate Bonds,SELL,1000,97.24,0.0972,3.5e-05,0.0972,USD,1.0,SETTLED
TXN-202401603,2025-05-19,2025-05-21,CLT-1011,P-131,AMZN,Amazon.com Inc.,Equity,INTEREST,0,0.0,0.029,2.9e-05,0.029,USD,1.0,SETTLED
TXN-202203636,2025-05-19,2025-05-21,CLT-1012,P-133,6758_JP,Sony Group Corp.,Equity,SELL,2500,271.96,0.6799,0.000141,0.6798,JPY,152.0,SETTLED
TXN-202100680,2025-05-19,2025-05-20,CLT-1002,P-104,JGB_10Y,Japan Government Bond 10-Yr 0.8%,Government Bonds,TRANSFER,0,1.0,0.428,0.0001,-0.428,JPY,152.0,SETTLED
TXN-202200936,2025-05-19,2025-05-21,CLT-1009,P-125,AZN_LN,AstraZeneca PLC,Equity,BUY,5000,307.48,1.5374,0.000722,1.5381,GBP,0.79,SETTLED
TXN-202401793,2025-05-19,2025-05-21,CLT-1014,P-141,JPM,JPMorgan Chase & Co.,Equity,DIVIDEND,0,0.0,0.1996,0.0002,0.1994,USD,1.0,SETTLED
TXN-202303792,2025-05-19,2025-05-21,CLT-1015,P-145,CORP_IG_EUR,Euro High Grade Corporate Bond Note,Corporate Bonds,SELL,500,97.91,0.049,2.2e-05,0.049,EUR,0.92,SETTLED
TXN-202202301,2025-05-19,2025-05-21,CLT-1020,P-159,TCS_IN,Tata Consultancy Services,Equity,SELL,1000,299.71,0.2997,0.000106,0.2996,INR,86.5,SETTLED
TXN-202303122,2025-05-20,2025-05-22,CLT-1005,P-115,NOVN_SW,Novartis AG,Equity,BUY,25000,338.6,8.465,0.004166,8.4692,CHF,0.88,SETTLED
TXN-202403143,2025-05-20,2025-05-22,CLT-1002,P-104,AMZN,Amazon.com Inc.,Equity,SELL,2500,243.35,0.6084,0.00021,0.6082,USD,1.0,SETTLED
TXN-202501829,2025-05-21,2025-05-23,CLT-1003,P-109,NOVN_SW,Novartis AG,Equity,BUY,25000,67.01,1.6753,0.00047,1.6758,CHF,0.88,SETTLED
TXN-202404938,2025-05-21,2025-05-23,CLT-1023,P-167,SAP_GY,SAP SE,Equity,BUY,500,187.52,0.0938,3.6e-05,0.0938,EUR,0.92,SETTLED
TXN-202302537,2025-05-21,2025-05-23,CLT-1017,P-150,HDFCBANK_IN,HDFC Bank Ltd.,Equity,SELL,25000,230.37,5.7592,0.002356,5.7568,INR,86.5,SETTLED
TXN-202503409,2025-05-22,2025-05-23,CLT-1003,P-107,GLD_ETF,SPDR Gold Shares Institutional Trust,ETF,DIVIDEND,0,0.0,0.0817,8.2e-05,0.0816,USD,1.0,SETTLED
TXN-202403463,2025-05-22,2025-05-26,CLT-1007,P-120,HDFCBANK_IN,HDFC Bank Ltd.,Equity,FEE,0,0.0,0.0246,0.0246,-0.0246,INR,86.5,SETTLED
TXN-202503559,2025-05-22,2025-05-26,CLT-1009,P-123,GOOGL,Alphabet Inc.,Equity,BUY,5000,150.65,0.7532,0.000225,0.7534,USD,1.0,SETTLED
TXN-202300187,2025-05-22,2025-05-23,CLT-1001,P-102,GLD_ETF,SPDR Gold Shares Institutional Trust,ETF,BUY,25000,97.57,2.4392,0.000592,2.4398,USD,1.0,SETTLED
TXN-202404173,2025-05-23,2025-05-26,CLT-1009,P-124,OPERATING_CASH,Operational Custody Cash Balance,Cash,SELL,500,97.85,0.0489,1.9e-05,0.0489,USD,1.0,SETTLED
TXN-202302822,2025-05-23,2025-05-27,CLT-1008,P-121,UNH,UnitedHealth Group,Equity,INTEREST,0,0.0,0.1022,0.000102,0.1021,USD,1.0,SETTLED
TXN-202301252,2025-05-26,2025-05-27,CLT-1015,P-147,INR_OVERNIGHT_CASH,Institutional INR Overnight Liquid Fund,Money Market,SELL,50000,102.05,5.1025,0.001197,5.1013,INR,86.5,SETTLED
TXN-202504519,2025-05-26,2025-05-28,CLT-1017,P-149,UNH,UnitedHealth Group,Equity,SELL,500,163.02,0.0815,2.2e-05,0.0815,USD,1.0,SETTLED
TXN-202101095,2025-05-26,2025-05-28,CLT-1022,P-166,LT_IN,Larsen & Toubro Ltd.,Equity,BUY,500,289.89,0.1449,5.9e-05,0.145,INR,86.5,SETTLED
TXN-202302227,2025-05-26,2025-05-28,CLT-1025,P-174,JPM,JPMorgan Chase & Co.,Equity,BUY,50000,257.09,12.8545,0.003373,12.8579,USD,1.0,SETTLED
TXN-202204721,2025-05-26,2025-05-28,CLT-1004,P-111,MSFT,Microsoft Corp.,Equity,BUY,50000,193.24,9.662,0.001496,9.6635,USD,1.0,SETTLED
TXN-202103280,2025-05-26,2025-05-28,CLT-1016,P-148,6758_JP,Sony Group Corp.,Equity,BUY,2500,77.45,0.1936,3.5e-05,0.1936,JPY,152.0,SETTLED
TXN-202500954,2025-05-26,2025-05-27,CLT-1024,P-171,US_5Y_UST,US Treasury 5-Yr Benchmark Note,Government Bonds,SELL,2500,98.26,0.2457,4.3e-05,0.2457,USD,1.0,SETTLED
TXN-202400498,2025-05-26,2025-05-27,CLT-1022,P-165,EUR_LIQUIDITY_FUND,EUR Institutional Liquidity Master Fund,Money Market,DIVIDEND,0,0.0,0.0887,8.9e-05,0.0886,EUR,0.92,SETTLED
TXN-202500199,2025-05-26,2025-05-27,CLT-1015,P-145,US_5Y_UST,US Treasury 5-Yr Benchmark Note,Government Bonds,TRANSFER,0,1.0,2.9414,0.0001,-2.9414,USD,1.0,PENDING
TXN-202504889,2025-05-26,2025-05-27,CLT-1013,P-139,GER_10Y_BUND,Germany Bund 2.60% 2033,Government Bonds,FEE,0,0.0,0.0354,0.0354,-0.0354,EUR,0.92,SETTLED
TXN-202504279,2025-05-26,2025-05-28,CLT-1012,P-134,DBS_SP,DBS Group Holdings,Equity,SELL,10000,63.2,0.632,0.000133,0.6319,SGD,1.34,FAILED
TXN-202104065,2025-05-26,2025-05-27,CLT-1012,P-132,IND_10Y_GSEC,India Sovereign G-Sec 7.18% 2033,Government Bonds,BUY,10000,98.64,0.9864,0.000169,0.9866,INR,86.5,SETTLED
TXN-202402128,2025-05-27,2025-05-28,CLT-1005,P-113,EUR_LIQUIDITY_FUND,EUR Institutional Liquidity Master Fund,Money Market,SELL,1000,97.37,0.0974,3.1e-05,0.0974,EUR,0.92,SETTLED
TXN-202503884,2025-05-27,2025-05-28,CLT-1012,P-132,OPERATING_CASH,Operational Custody Cash Balance,Cash,SELL,50000,95.02,4.751,0.002003,4.749,USD,1.0,SETTLED
TXN-202200326,2025-05-28,2025-05-29,CLT-1009,P-123,EUR_LIQUIDITY_FUND,EUR Institutional Liquidity Master Fund,Money Market,WITHDRAWAL,0,1.0,2.7067,0.0001,-2.7067,EUR,0.92,SETTLED
TXN-202302952,2025-05-28,2025-05-29,CLT-1019,P-158,OPERATING_CASH,Operational Custody Cash Balance,Cash,WITHDRAWAL,0,1.0,0.9375,0.0001,-0.9375,USD,1.0,SETTLED
TXN-202100810,2025-05-28,2025-05-30,CLT-1004,P-111,JPM,JPMorgan Chase & Co.,Equity,BUY,2500,94.68,0.2367,0.000102,0.2368,USD,1.0,SETTLED
TXN-202403428,2025-05-29,2025-06-02,CLT-1017,P-150,SHEL_LN,Shell PLC,Equity,INTEREST,0,0.0,0.0727,7.3e-05,0.0726,GBP,0.79,SETTLED
TXN-202504304,2025-05-29,2025-06-02,CLT-1015,P-145,ICICIBANK_IN,ICICI Bank Ltd.,Equity,SELL,50000,329.29,16.4645,0.007843,16.4567,INR,86.5,SETTLED
TXN-202400578,2025-05-30,2025-06-03,CLT-1004,P-111,CORP_HY_USD,US High Yield Corporate Credit Note,Corporate Bonds,BUY,500,99.97,0.05,1.8e-05,0.05,USD,1.0,SETTLED
TXN-202200526,2025-05-30,2025-06-03,CLT-1013,P-137,GOOGL,Alphabet Inc.,Equity,DIVIDEND,0,0.0,0.139,0.000139,0.1389,USD,1.0,SETTLED
TXN-202301907,2025-05-30,2025-06-02,CLT-1021,P-161,OPERATING_CASH,Operational Custody Cash Balance,Cash,SELL,50000,101.25,5.0625,0.001392,5.0611,USD,1.0,SETTLED
TXN-202502359,2025-05-30,2025-06-03,CLT-1013,P-138,BHARTIARTL_IN,Bharti Airtel Ltd.,Equity,SELL,25000,331.33,8.2833,0.002266,8.281,INR,86.5,SETTLED
TXN-202404973,2025-05-30,2025-06-03,CLT-1001,P-103,AZN_LN,AstraZeneca PLC,Equity,BUY,50000,83.57,4.1785,0.001879,4.1804,GBP,0.79,SETTLED
TXN-202503694,2025-06-02,2025-06-03,CLT-1006,P-116,US_10Y_UST,US Treasury 10-Yr Benchmark Note,Government Bonds,BUY,10000,95.65,0.9565,0.000417,0.9569,USD,1.0,SETTLED
TXN-202201191,2025-06-02,2025-06-03,CLT-1005,P-114,IND_10Y_GSEC,India Sovereign G-Sec 7.18% 2033,Government Bonds,SELL,5000,98.79,0.494,0.000124,0.4939,INR,86.5,SETTLED
TXN-202401543,2025-06-02,2025-06-04,CLT-1003,P-109,AZN_LN,AstraZeneca PLC,Equity,SELL,50000,239.74,11.987,0.005651,11.9813,GBP,0.79,SETTLED
TXN-202503829,2025-06-02,2025-06-04,CLT-1010,P-126,AAPL,Apple Inc.,Equity,BUY,5000,190.11,0.9506,0.000365,0.951,USD,1.0,SETTLED
TXN-202505059,2025-06-02,2025-06-04,CLT-1011,P-130,XOM,Exxon Mobil Corp.,Equity,BUY,25000,65.08,1.627,0.000407,1.6274,USD,1.0,SETTLED
TXN-202302722,2025-06-02,2025-06-03,CLT-1007,P-119,PLD_REIT,Prologis Global Logistics REIT,REIT,BUY,1000,97.02,0.097,2.7e-05,0.097,USD,1.0,SETTLED
TXN-202503374,2025-06-02,2025-06-04,CLT-1021,P-163,ICICIBANK_IN,ICICI Bank Ltd.,Equity,INTEREST,0,0.0,0.0621,6.2e-05,0.062,INR,86.5,SETTLED
TXN-202305212,2025-06-02,2025-06-04,CLT-1020,P-160,AAPL,Apple Inc.,Equity,INTEREST,0,0.0,0.0205,2.1e-05,0.0205,USD,1.0,SETTLED
TXN-202500914,2025-06-02,2025-06-03,CLT-1006,P-116,INFRA_GLOBAL_TRUST,Global Infrastructure Core Income Note,Alternatives,SELL,1000,96.93,0.0969,1.8e-05,0.0969,USD,1.0,SETTLED
TXN-202500144,2025-06-02,2025-06-04,CLT-1006,P-118,NOVN_SW,Novartis AG,Equity,BUY,5000,61.15,0.3058,0.000136,0.3059,CHF,0.88,SETTLED
TXN-202201736,2025-06-03,2025-06-04,CLT-1002,P-104,INFRA_GLOBAL_TRUST,Global Infrastructure Core Income Note,Alternatives,SELL,50000,96.16,4.808,0.001058,4.8069,USD,1.0,SETTLED
TXN-202201516,2025-06-03,2025-06-05,CLT-1016,P-148,GOOGL,Alphabet Inc.,Equity,FEE,0,0.0,0.005,0.005,-0.005,USD,1.0,SETTLED
TXN-202503939,2025-06-04,2025-06-06,CLT-1007,P-120,7203_JP,Toyota Motor Corp.,Equity,SELL,50000,109.98,5.499,0.001277,5.4977,JPY,152.0,SETTLED
TXN-202100905,2025-06-04,2025-06-05,CLT-1011,P-130,US_10Y_UST,US Treasury 10-Yr Benchmark Note,Government Bonds,DIVIDEND,0,0.0,0.0949,9.5e-05,0.0948,USD,1.0,SETTLED
TXN-202104595,2025-06-04,2025-06-06,CLT-1003,P-109,JPM,JPMorgan Chase & Co.,Equity,DIVIDEND,0,0.0,0.2497,0.00025,0.2495,USD,1.0,SETTLED
TXN-202102525,2025-06-04,2025-06-06,CLT-1002,P-105,NVDA,NVIDIA Corp.,Equity,SELL,10000,303.84,3.0384,0.001241,3.0372,USD,1.0,SETTLED
TXN-202100280,2025-06-04,2025-06-05,CLT-1012,P-133,OPERATING_CASH,Operational Custody Cash Balance,Cash,SELL,5000,100.22,0.5011,0.000106,0.501,USD,1.0,SETTLED
TXN-202304602,2025-06-05,2025-06-06,CLT-1014,P-142,GER_10Y_BUND,Germany Bund 2.60% 2033,Government Bonds,BUY,2500,101.68,0.2542,8.9e-05,0.2543,EUR,0.92,SETTLED
TXN-202405128,2025-06-06,2025-06-10,CLT-1013,P-138,ASML_NA,ASML Holding NV,Equity,BUY,1000,181.99,0.182,5.6e-05,0.1821,EUR,0.92,SETTLED
TXN-202101985,2025-06-06,2025-06-09,CLT-1003,P-110,USD_TREAS_MMF,Institutional USD Treasury Money Market Fund,Money Market,BUY,5000,95.28,0.4764,0.000195,0.4766,USD,1.0,SETTLED
TXN-202202261,2025-06-06,2025-06-09,CLT-1022,P-166,EUR_LIQUIDITY_FUND,EUR Institutional Liquidity Master Fund,Money Market,BUY,10000,98.24,0.9824,0.000396,0.9828,EUR,0.92,SETTLED
TXN-202203751,2025-06-06,2025-06-10,CLT-1002,P-104,ICICIBANK_IN,ICICI Bank Ltd.,Equity,BUY,500,293.91,0.147,5e-05,0.147,INR,86.5,SETTLED
TXN-202501289,2025-06-06,2025-06-09,CLT-1024,P-170,GLD_ETF,SPDR Gold Shares Institutional Trust,ETF,SELL,50000,96.49,4.8245,0.001012,4.8235,USD,1.0,SETTLED
TXN-202300577,2025-06-09,2025-06-11,CLT-1010,P-126,DBS_SP,DBS Group Holdings,Equity,DEPOSIT,0,1.0,1.1648,0.0001,1.1648,SGD,1.34,SETTLED
TXN-202201491,2025-06-09,2025-06-11,CLT-1008,P-121,BHARTIARTL_IN,Bharti Airtel Ltd.,Equity,BUY,25000,228.72,5.718,0.001056,5.7191,INR,86.5,SETTLED
TXN-202101835,2025-06-09,2025-06-11,CLT-1006,P-116,RELIANCE_IN,Reliance Industries Ltd.,Equity,SELL,1000,267.82,0.2678,8e-05,0.2677,INR,86.5,SETTLED
TXN-202102365,2025-06-09,2025-06-11,CLT-1013,P-140,GOOGL,Alphabet Inc.,Equity,BUY,2500,348.3,0.8708,0.00014,0.8709,USD,1.0,SETTLED
TXN-202502274,2025-06-09,2025-06-10,CLT-1005,P-114,INFRA_GLOBAL_TRUST,Global Infrastructure Core Income Note,Alternatives,SELL,10000,100.55,1.0055,0.000378,1.0051,USD,1.0,SETTLED
TXN-202404403,2025-06-09,2025-06-11,CLT-1003,P-108,SAP_GY,SAP SE,Equity,SELL,2500,348.75,0.8719,0.000333,0.8716,EUR,0.92,SETTLED
TXN-202402653,2025-06-09,2025-06-11,CLT-1018,P-155,AZN_LN,AstraZeneca PLC,Equity,SELL,2500,349.45,0.8736,0.000373,0.8732,GBP,0.79,SETTLED
TXN-202301377,2025-06-09,2025-06-11,CLT-1021,P-161,DBS_SP,DBS Group Holdings,Equity,BUY,2500,216.29,0.5407,0.000232,0.5409,SGD,1.34,SETTLED
TXN-202502759,2025-06-10,2025-06-12,CLT-1021,P-161,AZN_LN,AstraZeneca PLC,Equity,DIVIDEND,0,0.0,0.1935,0.000194,0.1933,GBP,0.79,SETTLED
TXN-202204206,2025-06-10,2025-06-12,CLT-1017,P-150,7203_JP,Toyota Motor Corp.,Equity,DEPOSIT,0,1.0,2.0974,0.0001,2.0974,JPY,152.0,SETTLED
TXN-202504769,2025-06-11,2025-06-12,CLT-1013,P-136,UK_10Y_GILT,UK Gilt 3.75% 2033,Government Bonds,BUY,10000,101.09,1.0109,0.000282,1.0112,GBP,0.79,SETTLED
TXN-202405043,2025-06-11,2025-06-13,CLT-1001,P-101,ASML_NA,ASML Holding NV,Equity,BUY,1000,308.37,0.3084,9.2e-05,0.3085,EUR,0.92,SETTLED
TXN-202401178,2025-06-12,2025-06-13,CLT-1012,P-134,GER_10Y_BUND,Germany Bund 2.60% 2033,Government Bonds,INTEREST,0,0.0,0.0329,3.3e-05,0.0329,EUR,0.92,SETTLED
TXN-202504619,2025-06-12,2025-06-13,CLT-1017,P-150,US_10Y_UST,US Treasury 10-Yr Benchmark Note,Government Bonds,BUY,500,99.45,0.0497,9e-06,0.0497,USD,1.0,SETTLED
TXN-202504709,2025-06-13,2025-06-16,CLT-1005,P-115,OPERATING_CASH,Operational Custody Cash Balance,Cash,BUY,50000,101.31,5.0655,0.001438,5.0669,USD,1.0,SETTLED
TXN-202104145,2025-06-13,2025-06-16,CLT-1022,P-165,GER_10Y_BUND,Germany Bund 2.60% 2033,Government Bonds,SELL,25000,96.11,2.4028,0.000524,2.4023,EUR,0.92,SETTLED
TXN-202403923,2025-06-13,2025-06-16,CLT-1012,P-133,JGB_10Y,Japan Government Bond 10-Yr 0.8%,Government Bonds,INTEREST,0,0.0,0.1885,0.000189,0.1883,JPY,152.0,SETTLED
TXN-202303752,2025-06-16,2025-06-17,CLT-1019,P-156,INFRA_GLOBAL_TRUST,Global Infrastructure Core Income Note,Alternatives,INTEREST,0,0.0,0.0815,8.2e-05,0.0814,USD,1.0,SETTLED
TXN-202502614,2025-06-16,2025-06-18,CLT-1010,P-127,NOVN_SW,Novartis AG,Equity,BUY,10000,41.55,0.4155,0.000184,0.4157,CHF,0.88,SETTLED
TXN-202400228,2025-06-16,2025-06-17,CLT-1023,P-167,OPERATING_CASH,Operational Custody Cash Balance,Cash,BUY,25000,101.7,2.5425,0.000939,2.5434,USD,1.0,SETTLED
TXN-202200776,2025-06-16,2025-06-18,CLT-1007,P-120,AAPL,Apple Inc.,Equity,WITHDRAWAL,0,1.0,1.755,0.0001,-1.755,USD,1.0,PENDING
TXN-202402628,2025-06-16,2025-06-18,CLT-1013,P-140,INFY_IN,Infosys Ltd.,Equity,SELL,2500,103.86,0.2596,4.8e-05,0.2596,INR,86.5,SETTLED
TXN-202101910,2025-06-16,2025-06-18,CLT-1015,P-146,6758_JP,Sony Group Corp.,Equity,SELL,2500,208.83,0.5221,9.3e-05,0.522,JPY,152.0,SETTLED
TXN-202204146,2025-06-16,2025-06-17,CLT-1015,P-147,UK_10Y_GILT,UK Gilt 3.75% 2033,Government Bonds,BUY,1000,101.8,0.1018,3e-05,0.1018,GBP,0.79,SETTLED
TXN-202404553,2025-06-17,2025-06-19,CLT-1025,P-173,MSFT,Microsoft Corp.,Equity,BUY,500,322.7,0.1613,3.1e-05,0.1613,USD,1.0,SETTLED
TXN-202101575,2025-06-17,2025-06-18,CLT-1023,P-168,US_5Y_UST,US Treasury 5-Yr Benchmark Note,Government Bonds,SELL,50000,98.22,4.911,0.002309,4.9087,USD,1.0,SETTLED
TXN-202302502,2025-06-17,2025-06-19,CLT-1024,P-172,CORP_IG_EUR,Euro High Grade Corporate Bond Note,Corporate Bonds,SELL,50000,100.62,5.031,0.00179,5.0292,EUR,0.92,SETTLED
TXN-202301477,2025-06-18,2025-06-20,CLT-1005,P-115,CORP_HY_USD,US High Yield Corporate Credit Note,Corporate Bonds,BUY,10000,102.34,1.0234,0.000357,1.0238,USD,1.0,SETTLED
TXN-202203016,2025-06-18,2025-06-20,CLT-1006,P-118,HDFCBANK_IN,HDFC Bank Ltd.,Equity,SELL,5000,252.98,1.2649,0.000221,1.2647,INR,86.5,SETTLED
TXN-202101795,2025-06-18,2025-06-20,CLT-1018,P-152,NOVN_SW,Novartis AG,Equity,BUY,5000,93.35,0.4667,0.000137,0.4668,CHF,0.88,SETTLED
TXN-202301332,2025-06-19,2025-06-23,CLT-1020,P-159,ASML_NA,ASML Holding NV,Equity,SELL,25000,279.35,6.9838,0.003251,6.9805,EUR,0.92,SETTLED
TXN-202400008,2025-06-19,2025-06-23,CLT-1017,P-149,NVDA,NVIDIA Corp.,Equity,SELL,2500,89.98,0.225,8.7e-05,0.2249,USD,1.0,SETTLED
TXN-202504239,2025-06-20,2025-06-24,CLT-1013,P-138,CORP_IG_USD,US Investment Grade Corporate Bond Fund,Corporate Bonds,BUY,1000,99.56,0.0996,3.6e-05,0.0996,USD,1.0,PENDING
TXN-202505154,2025-06-20,2025-06-23,CLT-1014,P-142,US_5Y_UST,US Treasury 5-Yr Benchmark Note,Government Bonds,SELL,500,98.31,0.0492,2.2e-05,0.0492,USD,1.0,SETTLED
TXN-202405178,2025-06-20,2025-06-23,CLT-1015,P-145,JGB_10Y,Japan Government Bond 10-Yr 0.8%,Government Bonds,DIVIDEND,0,0.0,0.1434,0.000143,0.1433,JPY,152.0,SETTLED
TXN-202401613,2025-06-23,2025-06-25,CLT-1025,P-173,MSFT,Microsoft Corp.,Equity,DEPOSIT,0,1.0,2.8351,0.0001,2.8351,USD,1.0,SETTLED
TXN-202502029,2025-06-23,2025-06-24,CLT-1005,P-112,USD_TREAS_MMF,Institutional USD Treasury Money Market Fund,Money Market,SELL,1000,97.36,0.0974,2e-05,0.0974,USD,1.0,SETTLED
TXN-202201346,2025-06-23,2025-06-25,CLT-1020,P-159,CORP_HY_USD,US High Yield Corporate Credit Note,Corporate Bonds,BUY,500,95.9,0.0479,1e-05,0.0479,USD,1.0,SETTLED
TXN-202201256,2025-06-23,2025-06-25,CLT-1013,P-139,RELIANCE_IN,Reliance Industries Ltd.,Equity,SELL,10000,54.7,0.547,0.000146,0.5469,INR,86.5,SETTLED
TXN-202301172,2025-06-23,2025-06-25,CLT-1019,P-158,CORP_IG_EUR,Euro High Grade Corporate Bond Note,Corporate Bonds,SELL,25000,100.25,2.5063,0.000648,2.5057,EUR,0.92,SETTLED
TXN-202202146,2025-06-23,2025-06-25,CLT-1012,P-134,GOOGL,Alphabet Inc.,Equity,BUY,500,308.14,0.1541,5e-05,0.1541,USD,1.0,SETTLED
TXN-202102670,2025-06-23,2025-06-25,CLT-1023,P-169,7203_JP,Toyota Motor Corp.,Equity,SELL,500,106.29,0.0531,2.5e-05,0.0531,JPY,152.0,SETTLED
TXN-202202956,2025-06-23,2025-06-25,CLT-1005,P-114,INFY_IN,Infosys Ltd.,Equity,INTEREST,0,0.0,0.0577,5.8e-05,0.0576,INR,86.5,SETTLED
TXN-202202736,2025-06-23,2025-06-25,CLT-1003,P-110,INFY_IN,Infosys Ltd.,Equity,BUY,50000,136.01,6.8005,0.001882,6.8024,INR,86.5,SETTLED
TXN-202102590,2025-06-23,2025-06-24,CLT-1014,P-142,OPERATING_CASH,Operational Custody Cash Balance,Cash,DIVIDEND,0,0.0,0.0546,5.5e-05,0.0545,USD,1.0,SETTLED
TXN-202101065,2025-06-24,2025-06-26,CLT-1003,P-106,ASML_NA,ASML Holding NV,Equity,BUY,2500,113.25,0.2831,8.1e-05,0.2832,EUR,0.92,SETTLED
TXN-202503929,2025-06-24,2025-06-26,CLT-1003,P-106,HDFCBANK_IN,HDFC Bank Ltd.,Equity,BUY,25000,103.75,2.5938,0.000393,2.5942,INR,86.5,SETTLED
TXN-202201121,2025-06-25,2025-06-26,CLT-1004,P-111,GLD_ETF,SPDR Gold Shares Institutional Trust,ETF,BUY,10000,99.76,0.9976,0.000459,0.9981,USD,1.0,SETTLED
TXN-202302987,2025-06-25,2025-06-27,CLT-1017,P-151,INFY_IN,Infosys Ltd.,Equity,BUY,500,210.81,0.1054,2.5e-05,0.1054,INR,86.5,SETTLED
TXN-202404333,2025-06-25,2025-06-27,CLT-1014,P-143,CORP_IG_EUR,Euro High Grade Corporate Bond Note,Corporate Bonds,SELL,2500,95.38,0.2384,9.1e-05,0.2383,EUR,0.92,FAILED
TXN-202204386,2025-06-26,2025-06-30,CLT-1023,P-169,SHEL_LN,Shell PLC,Equity,BUY,2500,337.01,0.8425,0.00034,0.8428,GBP,0.79,SETTLED
TXN-202304172,2025-06-26,2025-06-30,CLT-1024,P-171,SAP_GY,SAP SE,Equity,SELL,50000,275.12,13.756,0.002919,13.7531,EUR,0.92,FAILED
TXN-202101195,2025-06-30,2025-07-01,CLT-1014,P-142,INFRA_GLOBAL_TRUST,Global Infrastructure Core Income Note,Alternatives,BUY,500,96.18,0.0481,1.5e-05,0.0481,USD,1.0,SETTLED
TXN-202302237,2025-06-30,2025-07-01,CLT-1022,P-164,GLD_ETF,SPDR Gold Shares Institutional Trust,ETF,SELL,500,102.06,0.051,1.4e-05,0.051,USD,1.0,SETTLED
TXN-202100245,2025-06-30,2025-07-02,CLT-1008,P-121,7203_JP,Toyota Motor Corp.,Equity,FEE,0,0.0,0.0215,0.0215,-0.0215,JPY,152.0,SETTLED
TXN-202103380,2025-06-30,2025-07-02,CLT-1025,P-174,7203_JP,Toyota Motor Corp.,Equity,TRANSFER,0,1.0,3.4381,0.0001,-3.4381,JPY,152.0,SETTLED
TXN-202200716,2025-06-30,2025-07-02,CLT-1003,P-107,AMZN,Amazon.com Inc.,Equity,BUY,2500,73.31,0.1833,6.2e-05,0.1834,USD,1.0,SETTLED
TXN-202304967,2025-06-30,2025-07-02,CLT-1013,P-139,NOVN_SW,Novartis AG,Equity,BUY,25000,114.61,2.8653,0.001203,2.8665,CHF,0.88,SETTLED
TXN-202205036,2025-06-30,2025-07-01,CLT-1016,P-148,GER_10Y_BUND,Germany Bund 2.60% 2033,Government Bonds,SELL,10000,97.52,0.9752,0.000458,0.9747,EUR,0.92,SETTLED
TXN-202202731,2025-06-30,2025-07-01,CLT-1002,P-104,GER_10Y_BUND,Germany Bund 2.60% 2033,Government Bonds,SELL,10000,99.24,0.9924,0.000483,0.9919,EUR,0.92,SETTLED
TXN-202402503,2025-06-30,2025-07-02,CLT-1019,P-158,NVDA,NVIDIA Corp.,Equity,BUY,50000,80.32,4.016,0.000681,4.0167,USD,1.0,SETTLED
TXN-202105080,2025-06-30,2025-07-02,CLT-1006,P-117,CORP_IG_USD,US Investment Grade Corporate Bond Fund,Corporate Bonds,DIVIDEND,0,0.0,0.2427,0.000243,0.2425,USD,1.0,PENDING
TXN-202401188,2025-06-30,2025-07-01,CLT-1003,P-109,US_5Y_UST,US Treasury 5-Yr Benchmark Note,Government Bonds,SELL,1000,101.61,0.1016,2.4e-05,0.1016,USD,1.0,SETTLED
TXN-202302007,2025-06-30,2025-07-01,CLT-1010,P-126,UK_10Y_GILT,UK Gilt 3.75% 2033,Government Bonds,BUY,10000,102.98,1.0298,0.000161,1.03,GBP,0.79,SETTLED
TXN-202302197,2025-06-30,2025-07-01,CLT-1024,P-170,US_5Y_UST,US Treasury 5-Yr Benchmark Note,Government Bonds,SELL,500,100.82,0.0504,1.4e-05,0.0504,USD,1.0,SETTLED
TXN-202305217,2025-06-30,2025-07-02,CLT-1009,P-123,BHARTIARTL_IN,Bharti Airtel Ltd.,Equity,WITHDRAWAL,0,1.0,2.461,0.0001,-2.461,INR,86.5,SETTLED
TXN-202102755,2025-07-01,2025-07-02,CLT-1019,P-157,INFRA_GLOBAL_TRUST,Global Infrastructure Core Income Note,Alternatives,BUY,1000,102.79,0.1028,4.8e-05,0.1028,USD,1.0,SETTLED
TXN-202205111,2025-07-01,2025-07-02,CLT-1017,P-150,GLD_ETF,SPDR Gold Shares Institutional Trust,ETF,BUY,1000,101.93,0.1019,3.7e-05,0.1019,USD,1.0,SETTLED
TXN-202404353,2025-07-01,2025-07-02,CLT-1014,P-141,EUR_LIQUIDITY_FUND,EUR Institutional Liquidity Master Fund,Money Market,SELL,5000,98.53,0.4926,0.000155,0.4924,EUR,0.92,SETTLED
TXN-202103265,2025-07-01,2025-07-03,CLT-1008,P-122,BHARTIARTL_IN,Bharti Airtel Ltd.,Equity,BUY,2500,280.1,0.7003,0.000162,0.7005,INR,86.5,SETTLED
TXN-202203841,2025-07-01,2025-07-03,CLT-1009,P-124,JPM,JPMorgan Chase & Co.,Equity,BUY,5000,331.53,1.6576,0.000357,1.658,USD,1.0,SETTLED
TXN-202200571,2025-07-02,2025-07-04,CLT-1024,P-172,HDFCBANK_IN,HDFC Bank Ltd.,Equity,BUY,1000,168.71,0.1687,5.7e-05,0.1688,INR,86.5,SETTLED
TXN-202405143,2025-07-03,2025-07-04,CLT-1012,P-132,GLD_ETF,SPDR Gold Shares Institutional Trust,ETF,INTEREST,0,0.0,0.1677,0.000168,0.1675,USD,1.0,SETTLED
TXN-202104860,2025-07-04,2025-07-07,CLT-1015,P-146,INFRA_GLOBAL_TRUST,Global Infrastructure Core Income Note,Alternatives,BUY,25000,99.62,2.4905,0.000518,2.491,USD,1.0,SETTLED
TXN-202103525,2025-07-04,2025-07-08,CLT-1011,P-130,BHARTIARTL_IN,Bharti Airtel Ltd.,Equity,DIVIDEND,0,0.0,0.0189,1.9e-05,0.0189,INR,86.5,SETTLED
TXN-202302567,2025-07-04,2025-07-08,CLT-1005,P-114,UNH,UnitedHealth Group,Equity,BUY,25000,271.95,6.7988,0.003357,6.8022,USD,1.0,SETTLED
TXN-202201381,2025-07-04,2025-07-08,CLT-1001,P-101,MSFT,Microsoft Corp.,Equity,INTEREST,0,0.0,0.0746,7.5e-05,0.0745,USD,1.0,SETTLED
TXN-202304912,2025-07-04,2025-07-07,CLT-1001,P-103,JGB_10Y,Japan Government Bond 10-Yr 0.8%,Government Bonds,BUY,10000,95.39,0.9539,0.000287,0.9542,JPY,152.0,SETTLED
TXN-202100430,2025-07-04,2025-07-08,CLT-1018,P-154,UNH,UnitedHealth Group,Equity,SELL,2500,151.72,0.3793,9.8e-05,0.3792,USD,1.0,SETTLED
TXN-202502239,2025-07-07,2025-07-08,CLT-1015,P-146,GER_10Y_BUND,Germany Bund 2.60% 2033,Government Bonds,BUY,5000,97.34,0.4867,0.000146,0.4868,EUR,0.92,SETTLED
TXN-202202746,2025-07-07,2025-07-08,CLT-1009,P-125,GLD_ETF,SPDR Gold Shares Institutional Trust,ETF,BUY,2500,99.06,0.2477,8e-05,0.2478,USD,1.0,SETTLED
TXN-202204071,2025-07-07,2025-07-08,CLT-1017,P-150,GLD_ETF,SPDR Gold Shares Institutional Trust,ETF,BUY,25000,97.62,2.4405,0.000596,2.4411,USD,1.0,SETTLED
TXN-202500014,2025-07-07,2025-07-09,CLT-1001,P-102,NOVN_SW,Novartis AG,Equity,BUY,10000,308.94,3.0894,0.001326,3.0907,CHF,0.88,SETTLED
TXN-202203086,2025-07-07,2025-07-09,CLT-1019,P-158,NVDA,NVIDIA Corp.,Equity,SELL,500,118.95,0.0595,1.3e-05,0.0595,USD,1.0,SETTLED
TXN-202402178,2025-07-07,2025-07-08,CLT-1005,P-113,EUR_LIQUIDITY_FUND,EUR Institutional Liquidity Master Fund,Money Market,SELL,1000,95.06,0.0951,2.8e-05,0.0951,EUR,0.92,SETTLED
TXN-202201291,2025-07-07,2025-07-09,CLT-1009,P-123,HDFCBANK_IN,HDFC Bank Ltd.,Equity,DIVIDEND,0,0.0,0.1225,0.000122,0.1224,INR,86.5,SETTLED
TXN-202204326,2025-07-07,2025-07-09,CLT-1001,P-102,AAPL,Apple Inc.,Equity,SELL,500,261.08,0.1305,4.8e-05,0.1305,USD,1.0,SETTLED
TXN-202301327,2025-07-07,2025-07-09,CLT-1011,P-131,SAP_GY,SAP SE,Equity,FEE,0,0.0,0.0429,0.0429,-0.0429,EUR,0.92,SETTLED
TXN-202402388,2025-07-07,2025-07-09,CLT-1005,P-113,LT_IN,Larsen & Toubro Ltd.,Equity,TRANSFER,0,1.0,1.1253,0.0001,-1.1253,INR,86.5,SETTLED
TXN-202300557,2025-07-08,2025-07-10,CLT-1013,P-139,CORP_IG_USD,US Investment Grade Corporate Bond Fund,Corporate Bonds,BUY,5000,100.69,0.5034,0.000171,0.5036,USD,1.0,SETTLED
TXN-202401168,2025-07-08,2025-07-10,CLT-1002,P-104,AZN_LN,AstraZeneca PLC,Equity,SELL,50000,282.49,14.1245,0.003395,14.1211,GBP,0.79,SETTLED
TXN-202501989,2025-07-08,2025-07-10,CLT-1003,P-110,UNH,UnitedHealth Group,Equity,SELL,2500,230.93,0.5773,0.0002,0.5771,USD,1.0,SETTLED
TXN-202100485,2025-07-09,2025-07-11,CLT-1019,P-157,INFY_IN,Infosys Ltd.,Equity,FEE,0,0.0,0.0434,0.0434,-0.0434,INR,86.5,SETTLED
TXN-202500389,2025-07-09,2025-07-11,CLT-1020,P-159,SHEL_LN,Shell PLC,Equity,WITHDRAWAL,0,1.0,2.69,0.0001,-2.69,GBP,0.79,SETTLED
TXN-202505164,2025-07-09,2025-07-10,CLT-1001,P-101,USD_TREAS_MMF,Institutional USD Treasury Money Market Fund,Money Market,SELL,500,101.69,0.0508,1.2e-05,0.0508,USD,1.0,SETTLED
TXN-202201676,2025-07-10,2025-07-11,CLT-1022,P-166,GLD_ETF,SPDR Gold Shares Institutional Trust,ETF,BUY,5000,102.95,0.5148,0.000253,0.5151,USD,1.0,SETTLED
TXN-202204951,2025-07-10,2025-07-14,CLT-1013,P-137,INFY_IN,Infosys Ltd.,Equity,BUY,25000,141.58,3.5395,0.001006,3.5405,INR,86.5,SETTLED
TXN-202401363,2025-07-11,2025-07-15,CLT-1008,P-121,ICICIBANK_IN,ICICI Bank Ltd.,Equity,INTEREST,0,0.0,0.1046,0.000105,0.1045,INR,86.5,SETTLED
TXN-202100055,2025-07-11,2025-07-15,CLT-1017,P-149,GOOGL,Alphabet Inc.,Equity,DIVIDEND,0,0.0,0.0796,8e-05,0.0795,USD,1.0,SETTLED
TXN-202404593,2025-07-11,2025-07-15,CLT-1011,P-131,NVDA,NVIDIA Corp.,Equity,BUY,5000,279.26,1.3963,0.000396,1.3967,USD,1.0,SETTLED
TXN-202200946,2025-07-11,2025-07-15,CLT-1010,P-129,HDFCBANK_IN,HDFC Bank Ltd.,Equity,BUY,50000,340.42,17.021,0.004961,17.026,INR,86.5,SETTLED
TXN-202403713,2025-07-11,2025-07-15,CLT-1003,P-107,AAPL,Apple Inc.,Equity,BUY,5000,216.17,1.0809,0.000493,1.0814,USD,1.0,SETTLED
TXN-202300462,2025-07-11,2025-07-15,CLT-1012,P-132,INFY_IN,Infosys Ltd.,Equity,SELL,25000,169.89,4.2473,0.001516,4.2458,INR,86.5,SETTLED
TXN-202302257,2025-07-14,2025-07-16,CLT-1023,P-167,AAPL,Apple Inc.,Equity,SELL,500,60.88,0.0304,6e-06,0.0304,USD,1.0,SETTLED
TXN-202400923,2025-07-14,2025-07-15,CLT-1006,P-116,GLD_ETF,SPDR Gold Shares Institutional Trust,ETF,INTEREST,0,0.0,0.0824,8.2e-05,0.0823,USD,1.0,SETTLED
TXN-202102865,2025-07-14,2025-07-16,CLT-1005,P-114,GOOGL,Alphabet Inc.,Equity,BUY,5000,287.36,1.4368,0.000217,1.437,USD,1.0,SETTLED
TXN-202101690,2025-07-14,2025-07-16,CLT-1013,P-136,AAPL,Apple Inc.,Equity,BUY,1000,132.32,0.1323,6.3e-05,0.1324,USD,1.0,SETTLED
TXN-202402553,2025-07-14,2025-07-16,CLT-1023,P-167,XOM,Exxon Mobil Corp.,Equity,INTEREST,0,0.0,0.1035,0.000103,0.1034,USD,1.0,SETTLED
TXN-202201041,2025-07-14,2025-07-16,CLT-1005,P-114,ICICIBANK_IN,ICICI Bank Ltd.,Equity,DIVIDEND,0,0.0,0.2115,0.000211,0.2113,INR,86.5,SETTLED
TXN-202304552,2025-07-15,2025-07-17,CLT-1021,P-162,DBS_SP,DBS Group Holdings,Equity,DIVIDEND,0,0.0,0.0265,2.7e-05,0.0265,SGD,1.34,SETTLED
TXN-202302982,2025-07-15,2025-07-16,CLT-1006,P-116,JGB_10Y,Japan Government Bond 10-Yr 0.8%,Government Bonds,BUY,1000,97.1,0.0971,3.8e-05,0.0971,JPY,152.0,SETTLED
TXN-202102085,2025-07-15,2025-07-17,CLT-1017,P-149,XOM,Exxon Mobil Corp.,Equity,INTEREST,0,0.0,0.1442,0.000144,0.1441,USD,1.0,SETTLED
TXN-202501029,2025-07-16,2025-07-18,CLT-1018,P-155,DBS_SP,DBS Group Holdings,Equity,SELL,50000,279.61,13.9805,0.004575,13.9759,SGD,1.34,SETTLED
TXN-202502004,2025-07-16,2025-07-18,CLT-1018,P-154,RELIANCE_IN,Reliance Industries Ltd.,Equity,INTEREST,0,0.0,0.0834,8.3e-05,0.0833,INR,86.5,SETTLED
TXN-202201436,2025-07-16,2025-07-18,CLT-1001,P-103,INFY_IN,Infosys Ltd.,Equity,BUY,1000,245.19,0.2452,4.8e-05,0.2452,INR,86.5,SETTLED
TXN-202100830,2025-07-16,2025-07-18,CLT-1015,P-147,UNH,UnitedHealth Group,Equity,SELL,2500,89.23,0.2231,0.000107,0.223,USD,1.0,SETTLED
TXN-202403128,2025-07-16,2025-07-18,CLT-1015,P-147,XOM,Exxon Mobil Corp.,Equity,BUY,50000,217.41,10.8705,0.004203,10.8747,USD,1.0,SETTLED
TXN-202402663,2025-07-17,2025-07-21,CLT-1012,P-134,AMZN,Amazon.com Inc.,Equity,DIVIDEND,0,0.0,0.0483,4.8e-05,0.0483,USD,1.0,SETTLED
TXN-202104350,2025-07-17,2025-07-18,CLT-1003,P-108,USD_TREAS_MMF,Institutional USD Treasury Money Market Fund,Money Market,INTEREST,0,0.0,0.0404,4e-05,0.0404,USD,1.0,SETTLED
TXN-202401483,2025-07-17,2025-07-18,CLT-1009,P-123,INR_OVERNIGHT_CASH,Institutional INR Overnight Liquid Fund,Money Market,BUY,1000,99.4,0.0994,1.5e-05,0.0994,INR,86.5,SETTLED
TXN-202302332,2025-07-18,2025-07-22,CLT-1010,P-128,AZN_LN,AstraZeneca PLC,Equity,SELL,5000,208.87,1.0443,0.000488,1.0438,GBP,0.79,SETTLED
TXN-202304322,2025-07-18,2025-07-21,CLT-1006,P-118,OPERATING_CASH,Operational Custody Cash Balance,Cash,BUY,25000,100.16,2.504,0.000396,2.5044,USD,1.0,PENDING
TXN-202104210,2025-07-18,2025-07-22,CLT-1005,P-115,CORP_HY_USD,US High Yield Corporate Credit Note,Corporate Bonds,DIVIDEND,0,0.0,0.2421,0.000242,0.2419,USD,1.0,SETTLED
TXN-202400733,2025-07-18,2025-07-21,CLT-1010,P-126,US_5Y_UST,US Treasury 5-Yr Benchmark Note,Government Bonds,INTEREST,0,0.0,0.1007,0.000101,0.1006,USD,1.0,SETTLED
TXN-202505179,2025-07-18,2025-07-21,CLT-1011,P-130,INFRA_GLOBAL_TRUST,Global Infrastructure Core Income Note,Alternatives,SELL,10000,101.18,1.0118,0.000225,1.0116,USD,1.0,PENDING
TXN-202200181,2025-07-18,2025-07-22,CLT-1010,P-128,7203_JP,Toyota Motor Corp.,Equity,DIVIDEND,0,0.0,0.1856,0.000186,0.1854,JPY,152.0,SETTLED
TXN-202400998,2025-07-18,2025-07-21,CLT-1002,P-105,JGB_10Y,Japan Government Bond 10-Yr 0.8%,Government Bonds,SELL,500,97.86,0.0489,1e-05,0.0489,JPY,152.0,SETTLED
TXN-202304857,2025-07-21,2025-07-23,CLT-1023,P-167,ASML_NA,ASML Holding NV,Equity,BUY,2500,73.37,0.1834,7.1e-05,0.1835,EUR,0.92,SETTLED
TXN-202203281,2025-07-21,2025-07-22,CLT-1010,P-129,GLD_ETF,SPDR Gold Shares Institutional Trust,ETF,INTEREST,0,0.0,0.1118,0.000112,0.1117,USD,1.0,SETTLED
TXN-202401948,2025-07-21,2025-07-22,CLT-1018,P-153,UK_10Y_GILT,UK Gilt 3.75% 2033,Government Bonds,BUY,50000,96.12,4.806,0.001632,4.8076,GBP,0.79,PENDING
TXN-202101955,2025-07-21,2025-07-23,CLT-1014,P-141,CORP_IG_USD,US Investment Grade Corporate Bond Fund,Corporate Bonds,SELL,10000,95.44,0.9544,0.000385,0.954,USD,1.0,SETTLED
TXN-202201231,2025-07-21,2025-07-22,CLT-1012,P-134,US_10Y_UST,US Treasury 10-Yr Benchmark Note,Government Bonds,DIVIDEND,0,0.0,0.0776,7.8e-05,0.0775,USD,1.0,SETTLED
TXN-202301077,2025-07-21,2025-07-23,CLT-1013,P-139,UNH,UnitedHealth Group,Equity,DIVIDEND,0,0.0,0.0502,5e-05,0.0502,USD,1.0,SETTLED
TXN-202302757,2025-07-21,2025-07-22,CLT-1020,P-160,PLD_REIT,Prologis Global Logistics REIT,REIT,INTEREST,0,0.0,0.1118,0.000112,0.1117,USD,1.0,SETTLED
TXN-202104655,2025-07-21,2025-07-23,CLT-1024,P-170,TCS_IN,Tata Consultancy Services,Equity,BUY,50000,184.05,9.2025,0.003575,9.2061,INR,86.5,SETTLED
TXN-202104745,2025-07-21,2025-07-22,CLT-1014,P-141,UK_10Y_GILT,UK Gilt 3.75% 2033,Government Bonds,INTEREST,0,0.0,0.0153,1.5e-05,0.0153,GBP,0.79,SETTLED
TXN-202500814,2025-07-21,2025-07-23,CLT-1018,P-152,ICICIBANK_IN,ICICI Bank Ltd.,Equity,BUY,10000,237.62,2.3762,0.001,2.3772,INR,86.5,SETTLED
TXN-202405233,2025-07-21,2025-07-23,CLT-1003,P-110,UNH,UnitedHealth Group,Equity,BUY,10000,229.08,2.2908,0.000648,2.2914,USD,1.0,SETTLED
TXN-202102285,2025-07-21,2025-07-23,CLT-1010,P-129,AMZN,Amazon.com Inc.,Equity,BUY,25000,155.0,3.875,0.001583,3.8766,USD,1.0,SETTLED
TXN-202300832,2025-07-22,2025-07-24,CLT-1001,P-103,RELIANCE_IN,Reliance Industries Ltd.,Equity,SELL,1000,268.74,0.2687,0.000118,0.2686,INR,86.5,SETTLED
TXN-202401033,2025-07-22,2025-07-24,CLT-1018,P-155,MSFT,Microsoft Corp.,Equity,WITHDRAWAL,0,1.0,0.6492,0.0001,-0.6492,USD,1.0,SETTLED
TXN-202103955,2025-07-23,2025-07-25,CLT-1024,P-172,DBS_SP,DBS Group Holdings,Equity,BUY,25000,100.94,2.5235,0.000446,2.5239,SGD,1.34,SETTLED
TXN-202101710,2025-07-24,2025-07-28,CLT-1023,P-167,INFY_IN,Infosys Ltd.,Equity,DIVIDEND,0,0.0,0.0813,8.1e-05,0.0812,INR,86.5,SETTLED
TXN-202104765,2025-07-24,2025-07-28,CLT-1006,P-116,LT_IN,Larsen & Toubro Ltd.,Equity,BUY,10000,302.05,3.0205,0.001104,3.0216,INR,86.5,SETTLED
TXN-202501839,2025-07-24,2025-07-25,CLT-1008,P-122,USD_TREAS_MMF,Institutional USD Treasury Money Market Fund,Money Market,SELL,50000,98.85,4.9425,0.001433,4.9411,USD,1.0,SETTLED
TXN-202204246,2025-07-24,2025-07-28,CLT-1009,P-124,AMZN,Amazon.com Inc.,Equity,SELL,1000,119.78,0.1198,4.7e-05,0.1198,USD,1.0,SETTLED
TXN-202403818,2025-07-24,2025-07-28,CLT-1003,P-110,GOOGL,Alphabet Inc.,Equity,SELL,25000,283.85,7.0963,0.002605,7.0937,USD,1.0,SETTLED
TXN-202504144,2025-07-24,2025-07-25,CLT-1024,P-170,US_10Y_UST,US Treasury 10-Yr Benchmark Note,Government Bonds,TRANSFER,0,1.0,1.662,0.0001,-1.662,USD,1.0,SETTLED
TXN-202103085,2025-07-24,2025-07-28,CLT-1016,P-148,7203_JP,Toyota Motor Corp.,Equity,SELL,5000,93.78,0.4689,0.000227,0.4687,JPY,152.0,SETTLED
TXN-202303887,2025-07-25,2025-07-29,CLT-1017,P-151,LT_IN,Larsen & Toubro Ltd.,Equity,SELL,25000,60.64,1.516,0.000635,1.5154,INR,86.5,SETTLED
TXN-202403348,2025-07-25,2025-07-29,CLT-1024,P-171,AMZN,Amazon.com Inc.,Equity,DIVIDEND,0,0.0,0.1874,0.000187,0.1872,USD,1.0,SETTLED
TXN-202201986,2025-07-25,2025-07-29,CLT-1014,P-141,SAP_GY,SAP SE,Equity,BUY,10000,257.68,2.5768,0.000983,2.5778,EUR,0.92,SETTLED
TXN-202203221,2025-07-25,2025-07-29,CLT-1010,P-129,TCS_IN,Tata Consultancy Services,Equity,SELL,1000,144.48,0.1445,5.1e-05,0.1444,INR,86.5,SETTLED
TXN-202505219,2025-07-25,2025-07-28,CLT-1001,P-102,USD_TREAS_MMF,Institutional USD Treasury Money Market Fund,Money Market,SELL,25000,98.43,2.4607,0.000967,2.4597,USD,1.0,SETTLED
TXN-202201686,2025-07-28,2025-07-30,CLT-1016,P-148,ASML_NA,ASML Holding NV,Equity,BUY,500,288.67,0.1443,3.1e-05,0.1443,EUR,0.92,SETTLED
TXN-202100660,2025-07-28,2025-07-29,CLT-1022,P-164,UK_10Y_GILT,UK Gilt 3.75% 2033,Government Bonds,SELL,2500,102.69,0.2567,4.6e-05,0.2567,GBP,0.79,SETTLED
TXN-202402723,2025-07-28,2025-07-29,CLT-1002,P-104,US_5Y_UST,US Treasury 5-Yr Benchmark Note,Government Bonds,INTEREST,0,0.0,0.148,0.000148,0.1479,USD,1.0,SETTLED
TXN-202501329,2025-07-28,2025-07-30,CLT-1002,P-105,AZN_LN,AstraZeneca PLC,Equity,INTEREST,0,0.0,0.0332,3.3e-05,0.0332,GBP,0.79,SETTLED
TXN-202502194,2025-07-28,2025-07-30,CLT-1014,P-143,6758_JP,Sony Group Corp.,Equity,SELL,5000,283.12,1.4156,0.000506,1.4151,JPY,152.0,SETTLED
TXN-202401713,2025-07-28,2025-07-30,CLT-1001,P-102,BHARTIARTL_IN,Bharti Airtel Ltd.,Equity,BUY,500,85.68,0.0428,1.2e-05,0.0428,INR,86.5,SETTLED
TXN-202300517,2025-07-28,2025-07-30,CLT-1019,P-157,NVDA,NVIDIA Corp.,Equity,BUY,10000,315.35,3.1535,0.001349,3.1548,USD,1.0,SETTLED
TXN-202302282,2025-07-28,2025-07-29,CLT-1012,P-135,GER_10Y_BUND,Germany Bund 2.60% 2033,Government Bonds,FEE,0,0.0,0.0269,0.0269,-0.0269,EUR,0.92,SETTLED
TXN-202204676,2025-07-28,2025-07-30,CLT-1003,P-110,6758_JP,Sony Group Corp.,Equity,SELL,500,334.12,0.1671,4.4e-05,0.1671,JPY,152.0,SETTLED
TXN-202300772,2025-07-28,2025-07-30,CLT-1019,P-156,CORP_IG_EUR,Euro High Grade Corporate Bond Note,Corporate Bonds,BUY,500,97.67,0.0488,1.4e-05,0.0488,EUR,0.92,SETTLED
TXN-202400783,2025-07-28,2025-07-30,CLT-1018,P-152,AZN_LN,AstraZeneca PLC,Equity,SELL,50000,345.23,17.2615,0.004458,17.257,GBP,0.79,SETTLED
TXN-202503719,2025-07-28,2025-07-30,CLT-1010,P-129,SHEL_LN,Shell PLC,Equity,BUY,5000,49.64,0.2482,8.6e-05,0.2483,GBP,0.79,SETTLED
TXN-202300482,2025-07-29,2025-07-31,CLT-1009,P-123,JPM,JPMorgan Chase & Co.,Equity,INTEREST,0,0.0,0.0934,9.3e-05,0.0933,USD,1.0,SETTLED
TXN-202303822,2025-07-29,2025-07-31,CLT-1012,P-135,TCS_IN,Tata Consultancy Services,Equity,SELL,1000,51.05,0.051,1.5e-05,0.051,INR,86.5,SETTLED
TXN-202302867,2025-07-29,2025-07-31,CLT-1002,P-105,UNH,UnitedHealth Group,Equity,SELL,500,328.79,0.1644,2.9e-05,0.1644,USD,1.0,SETTLED
TXN-202303557,2025-07-30,2025-07-31,CLT-1006,P-116,US_10Y_UST,US Treasury 10-Yr Benchmark Note,Government Bonds,DEPOSIT,0,1.0,1.5242,0.0001,1.5242,USD,1.0,SETTLED
TXN-202103255,2025-07-30,2025-08-01,CLT-1001,P-103,CORP_HY_USD,US High Yield Corporate Credit Note,Corporate Bonds,SELL,500,102.35,0.0512,1.3e-05,0.0512,USD,1.0,SETTLED
TXN-202301647,2025-07-30,2025-08-01,CLT-1022,P-166,BHARTIARTL_IN,Bharti Airtel Ltd.,Equity,BUY,1000,174.71,0.1747,8.1e-05,0.1748,INR,86.5,SETTLED
TXN-202200001,2025-07-31,2025-08-01,CLT-1020,P-160,IND_10Y_GSEC,India Sovereign G-Sec 7.18% 2033,Government Bonds,SELL,50000,98.04,4.902,0.000829,4.9012,INR,86.5,SETTLED
TXN-202302557,2025-07-31,2025-08-04,CLT-1009,P-123,INFY_IN,Infosys Ltd.,Equity,BUY,500,253.63,0.1268,5.8e-05,0.1269,INR,86.5,SETTLED
TXN-202401203,2025-08-01,2025-08-04,CLT-1008,P-121,GLD_ETF,SPDR Gold Shares Institutional Trust,ETF,TRANSFER,0,1.0,0.8933,0.0001,-0.8933,USD,1.0,SETTLED
TXN-202103120,2025-08-01,2025-08-05,CLT-1021,P-162,SHEL_LN,Shell PLC,Equity,SELL,500,82.25,0.0411,1.9e-05,0.0411,GBP,0.79,SETTLED
TXN-202203706,2025-08-01,2025-08-05,CLT-1013,P-140,TCS_IN,Tata Consultancy Services,Equity,DEPOSIT,0,1.0,2.8369,0.0001,2.8369,INR,86.5,SETTLED
TXN-202202311,2025-08-01,2025-08-05,CLT-1018,P-153,HDFCBANK_IN,HDFC Bank Ltd.,Equity,SELL,50000,200.72,10.036,0.002596,10.0334,INR,86.5,SETTLED
TXN-202502824,2025-08-04,2025-08-06,CLT-1013,P-138,MSFT,Microsoft Corp.,Equity,BUY,25000,57.92,1.448,0.000391,1.4484,USD,1.0,SETTLED
TXN-202203391,2025-08-04,2025-08-06,CLT-1013,P-138,ICICIBANK_IN,ICICI Bank Ltd.,Equity,INTEREST,0,0.0,0.2483,0.000248,0.2481,INR,86.5,SETTLED
TXN-202501264,2025-08-04,2025-08-06,CLT-1012,P-135,JPM,JPMorgan Chase & Co.,Equity,SELL,25000,94.91,2.3727,0.000356,2.3723,USD,1.0,SETTLED
TXN-202200951,2025-08-04,2025-08-06,CLT-1013,P-137,6758_JP,Sony Group Corp.,Equity,INTEREST,0,0.0,0.2406,0.000241,0.2404,JPY,152.0,SETTLED
TXN-202304457,2025-08-04,2025-08-06,CLT-1020,P-160,SHEL_LN,Shell PLC,Equity,SELL,10000,196.85,1.9685,0.000866,1.9676,GBP,0.79,SETTLED
TXN-202305177,2025-08-05,2025-08-07,CLT-1007,P-119,NOVN_SW,Novartis AG,Equity,FEE,0,0.0,0.0293,0.0293,-0.0293,CHF,0.88,SETTLED
TXN-202402888,2025-08-05,2025-08-07,CLT-1005,P-115,GOOGL,Alphabet Inc.,Equity,SELL,500,293.57,0.1468,4.4e-05,0.1468,USD,1.0,SETTLED
TXN-202202556,2025-08-05,2025-08-07,CLT-1012,P-134,ICICIBANK_IN,ICICI Bank Ltd.,Equity,INTEREST,0,0.0,0.0759,7.6e-05,0.0758,INR,86.5,SETTLED
TXN-202201181,2025-08-05,2025-08-07,CLT-1008,P-122,SHEL_LN,Shell PLC,Equity,BUY,10000,94.2,0.942,0.000183,0.9422,GBP,0.79,SETTLED
TXN-202405093,2025-08-06,2025-08-08,CLT-1002,P-104,CORP_HY_USD,US High Yield Corporate Credit Note,Corporate Bonds,BUY,2500,95.72,0.2393,4.9e-05,0.2393,USD,1.0,SETTLED
TXN-202303042,2025-08-06,2025-08-08,CLT-1015,P-144,INFY_IN,Infosys Ltd.,Equity,SELL,2500,267.69,0.6692,0.000258,0.6689,INR,86.5,SETTLED
TXN-202403303,2025-08-07,2025-08-11,CLT-1018,P-152,7203_JP,Toyota Motor Corp.,Equity,BUY,50000,321.69,16.0845,0.005236,16.0897,JPY,152.0,SETTLED
TXN-202403368,2025-08-07,2025-08-08,CLT-1024,P-171,US_10Y_UST,US Treasury 10-Yr Benchmark Note,Government Bonds,INTEREST,0,0.0,0.1496,0.00015,0.1494,USD,1.0,SETTLED
TXN-202301917,2025-08-08,2025-08-12,CLT-1024,P-170,ASML_NA,ASML Holding NV,Equity,SELL,25000,341.35,8.5337,0.003501,8.5302,EUR,0.92,SETTLED
TXN-202402053,2025-08-11,2025-08-13,CLT-1013,P-136,NOVN_SW,Novartis AG,Equity,BUY,2500,344.38,0.8609,0.000291,0.8612,CHF,0.88,SETTLED
TXN-202104295,2025-08-11,2025-08-13,CLT-1006,P-118,MSFT,Microsoft Corp.,Equity,FEE,0,0.0,0.0085,0.0085,-0.0085,USD,1.0,SETTLED
TXN-202204356,2025-08-11,2025-08-13,CLT-1021,P-162,RELIANCE_IN,Reliance Industries Ltd.,Equity,BUY,10000,116.66,1.1666,0.000492,1.1671,INR,86.5,SETTLED
TXN-202400753,2025-08-11,2025-08-13,CLT-1022,P-166,NVDA,NVIDIA Corp.,Equity,SELL,50000,302.62,15.131,0.002628,15.1284,USD,1.0,SETTLED
TXN-202304867,2025-08-11,2025-08-13,CLT-1023,P-167,CORP_IG_USD,US Investment Grade Corporate Bond Fund,Corporate Bonds,SELL,500,101.15,0.0506,1.4e-05,0.0506,USD,1.0,SETTLED
TXN-202401853,2025-08-11,2025-08-12,CLT-1003,P-110,EUR_LIQUIDITY_FUND,EUR Institutional Liquidity Master Fund,Money Market,SELL,500,98.31,0.0492,1.6e-05,0.0492,EUR,0.92,SETTLED
TXN-202505094,2025-08-11,2025-08-12,CLT-1024,P-171,USD_TREAS_MMF,Institutional USD Treasury Money Market Fund,Money Market,TRANSFER,0,1.0,2.6128,0.0001,-2.6128,USD,1.0,SETTLED
TXN-202404223,2025-08-11,2025-08-13,CLT-1006,P-116,SHEL_LN,Shell PLC,Equity,SELL,2500,209.71,0.5243,0.000248,0.5241,GBP,0.79,SETTLED
TXN-202100195,2025-08-12,2025-08-13,CLT-1018,P-154,GER_10Y_BUND,Germany Bund 2.60% 2033,Government Bonds,BUY,2500,96.14,0.2404,6.4e-05,0.2405,EUR,0.92,SETTLED
TXN-202305187,2025-08-12,2025-08-13,CLT-1014,P-143,PLD_REIT,Prologis Global Logistics REIT,REIT,BUY,10000,101.97,1.0197,0.00039,1.0201,USD,1.0,PENDING
TXN-202303267,2025-08-12,2025-08-14,CLT-1011,P-131,AMZN,Amazon.com Inc.,Equity,SELL,500,201.55,0.1008,1.7e-05,0.1008,USD,1.0,SETTLED
TXN-202200541,2025-08-13,2025-08-14,CLT-1010,P-126,OPERATING_CASH,Operational Custody Cash Balance,Cash,TRANSFER,0,1.0,2.9933,0.0001,-2.9933,USD,1.0,SETTLED
TXN-202101070,2025-08-14,2025-08-15,CLT-1010,P-126,GLD_ETF,SPDR Gold Shares Institutional Trust,ETF,FEE,0,0.0,0.0216,0.0216,-0.0216,USD,1.0,SETTLED
TXN-202301232,2025-08-14,2025-08-18,CLT-1024,P-171,SAP_GY,SAP SE,Equity,BUY,2500,190.69,0.4767,0.000211,0.4769,EUR,0.92,SETTLED
TXN-202200961,2025-08-14,2025-08-18,CLT-1002,P-104,AMZN,Amazon.com Inc.,Equity,BUY,5000,203.62,1.0181,0.000371,1.0185,USD,1.0,SETTLED
TXN-202400033,2025-08-14,2025-08-18,CLT-1014,P-141,CORP_IG_USD,US Investment Grade Corporate Bond Fund,Corporate Bonds,BUY,1000,99.0,0.099,2.6e-05,0.099,USD,1.0,SETTLED
TXN-202103685,2025-08-14,2025-08-18,CLT-1022,P-164,SHEL_LN,Shell PLC,Equity,BUY,10000,210.07,2.1007,0.000661,2.1014,GBP,0.79,SETTLED
TXN-202401978,2025-08-15,2025-08-19,CLT-1002,P-105,NOVN_SW,Novartis AG,Equity,SELL,25000,56.63,1.4158,0.000657,1.4151,CHF,0.88,SETTLED
TXN-202500529,2025-08-15,2025-08-18,CLT-1019,P-156,INR_OVERNIGHT_CASH,Institutional INR Overnight Liquid Fund,Money Market,DIVIDEND,0,0.0,0.2146,0.000215,0.2144,INR,86.5,SETTLED
TXN-202104230,2025-08-15,2025-08-18,CLT-1014,P-142,JGB_10Y,Japan Government Bond 10-Yr 0.8%,Government Bonds,WITHDRAWAL,0,1.0,2.6181,0.0001,-2.6181,JPY,152.0,SETTLED
TXN-202404733,2025-08-15,2025-08-18,CLT-1002,P-105,IND_10Y_GSEC,India Sovereign G-Sec 7.18% 2033,Government Bonds,DIVIDEND,0,0.0,0.2206,0.000221,0.2204,INR,86.5,SETTLED
TXN-202102300,2025-08-15,2025-08-18,CLT-1013,P-137,US_5Y_UST,US Treasury 5-Yr Benchmark Note,Government Bonds,TRANSFER,0,1.0,2.4511,0.0001,-2.4511,USD,1.0,SETTLED
TXN-202304047,2025-08-18,2025-08-20,CLT-1022,P-165,AZN_LN,AstraZeneca PLC,Equity,INTEREST,0,0.0,0.1247,0.000125,0.1246,GBP,0.79,SETTLED
TXN-202502184,2025-08-18,2025-08-19,CLT-1001,P-101,GER_10Y_BUND,Germany Bund 2.60% 2033,Government Bonds,DIVIDEND,0,0.0,0.083,8.3e-05,0.0829,EUR,0.92,SETTLED
TXN-202400333,2025-08-18,2025-08-20,CLT-1023,P-168,NVDA,NVIDIA Corp.,Equity,SELL,500,141.24,0.0706,1.2e-05,0.0706,USD,1.0,SETTLED
TXN-202200291,2025-08-18,2025-08-20,CLT-1022,P-165,ASML_NA,ASML Holding NV,Equity,BUY,500,93.5,0.0467,8e-06,0.0467,EUR,0.92,SETTLED
TXN-202400973,2025-08-18,2025-08-20,CLT-1022,P-166,DBS_SP,DBS Group Holdings,Equity,DEPOSIT,0,1.0,0.6368,0.0001,0.6368,SGD,1.34,SETTLED
TXN-202302532,2025-08-18,2025-08-19,CLT-1018,P-154,INFRA_GLOBAL_TRUST,Global Infrastructure Core Income Note,Alternatives,BUY,25000,101.12,2.528,0.000823,2.5288,USD,1.0,SETTLED
TXN-202404153,2025-08-18,2025-08-20,CLT-1013,P-137,CORP_HY_USD,US High Yield Corporate Credit Note,Corporate Bonds,DIVIDEND,0,0.0,0.0811,8.1e-05,0.081,USD,1.0,SETTLED
TXN-202300967,2025-08-19,2025-08-21,CLT-1021,P-161,GOOGL,Alphabet Inc.,Equity,FEE,0,0.0,0.0443,0.0443,-0.0443,USD,1.0,SETTLED
TXN-202402183,2025-08-19,2025-08-20,CLT-1014,P-141,JGB_10Y,Japan Government Bond 10-Yr 0.8%,Government Bonds,BUY,1000,96.32,0.0963,3.6e-05,0.0963,JPY,152.0,SETTLED
TXN-202503704,2025-08-21,2025-08-22,CLT-1014,P-143,JGB_10Y,Japan Government Bond 10-Yr 0.8%,Government Bonds,BUY,50000,101.19,5.0595,0.002314,5.0618,JPY,152.0,SETTLED
TXN-202502949,2025-08-21,2025-08-25,CLT-1006,P-117,BHARTIARTL_IN,Bharti Airtel Ltd.,Equity,BUY,2500,336.76,0.8419,0.000223,0.8421,INR,86.5,SETTLED
TXN-202502544,2025-08-22,2025-08-26,CLT-1006,P-117,DBS_SP,DBS Group Holdings,Equity,BUY,10000,121.36,1.2136,0.000226,1.2138,SGD,1.34,SETTLED
TXN-202102785,2025-08-22,2025-08-26,CLT-1022,P-166,BHARTIARTL_IN,Bharti Airtel Ltd.,Equity,BUY,1000,46.11,0.0461,1.5e-05,0.0461,INR,86.5,SETTLED
TXN-202404898,2025-08-22,2025-08-26,CLT-1003,P-109,HDFCBANK_IN,HDFC Bank Ltd.,Equity,INTEREST,0,0.0,0.1572,0.000157,0.157,INR,86.5,SETTLED
TXN-202104165,2025-08-25,2025-08-26,CLT-1007,P-119,GER_10Y_BUND,Germany Bund 2.60% 2033,Government Bonds,FEE,0,0.0,0.019,0.019,-0.019,EUR,0.92,SETTLED
TXN-202104000,2025-08-25,2025-08-26,CLT-1011,P-130,US_10Y_UST,US Treasury 10-Yr Benchmark Note,Government Bonds,BUY,2500,97.25,0.2431,8.1e-05,0.2432,USD,1.0,SETTLED
TXN-202404728,2025-08-25,2025-08-27,CLT-1020,P-160,ASML_NA,ASML Holding NV,Equity,FEE,0,0.0,0.0364,0.0364,-0.0364,EUR,0.92,SETTLED
TXN-202503239,2025-08-25,2025-08-26,CLT-1025,P-173,EUR_LIQUIDITY_FUND,EUR Institutional Liquidity Master Fund,Money Market,SELL,5000,96.97,0.4849,0.000168,0.4847,EUR,0.92,SETTLED
TXN-202404418,2025-08-25,2025-08-27,CLT-1023,P-168,LT_IN,Larsen & Toubro Ltd.,Equity,BUY,500,166.48,0.0832,2e-05,0.0832,INR,86.5,SETTLED
TXN-202500419,2025-08-25,2025-08-27,CLT-1017,P-150,BHARTIARTL_IN,Bharti Airtel Ltd.,Equity,BUY,2500,172.42,0.431,0.000104,0.4311,INR,86.5,SETTLED
TXN-202403668,2025-08-25,2025-08-27,CLT-1004,P-111,CORP_IG_USD,US Investment Grade Corporate Bond Fund,Corporate Bonds,SELL,50000,100.79,5.0395,0.001251,5.0382,USD,1.0,SETTLED
TXN-202201936,2025-08-26,2025-08-28,CLT-1001,P-102,RELIANCE_IN,Reliance Industries Ltd.,Equity,BUY,25000,204.58,5.1145,0.001915,5.1164,INR,86.5,SETTLED
TXN-202304782,2025-08-26,2025-08-27,CLT-1018,P-153,IND_10Y_GSEC,India Sovereign G-Sec 7.18% 2033,Government Bonds,INTEREST,0,0.0,0.1232,0.000123,0.1231,INR,86.5,SETTLED
TXN-202404313,2025-08-26,2025-08-28,CLT-1012,P-132,TCS_IN,Tata Consultancy Services,Equity,SELL,10000,145.5,1.455,0.000285,1.4547,INR,86.5,SETTLED
TXN-202303987,2025-08-26,2025-08-27,CLT-1013,P-138,PLD_REIT,Prologis Global Logistics REIT,REIT,SELL,50000,100.12,5.006,0.000895,5.0051,USD,1.0,SETTLED
TXN-202404183,2025-08-26,2025-08-28,CLT-1006,P-117,NVDA,NVIDIA Corp.,Equity,SELL,10000,138.99,1.3899,0.000218,1.3897,USD,1.0,SETTLED
TXN-202202361,2025-08-27,2025-08-29,CLT-1013,P-139,AZN_LN,AstraZeneca PLC,Equity,SELL,1000,49.08,0.0491,1.9e-05,0.0491,GBP,0.79,SETTLED
TXN-202204516,2025-08-27,2025-08-28,CLT-1014,P-143,JGB_10Y,Japan Government Bond 10-Yr 0.8%,Government Bonds,SELL,50000,101.47,5.0735,0.001893,5.0716,JPY,152.0,SETTLED
TXN-202404908,2025-08-27,2025-08-28,CLT-1006,P-116,JGB_10Y,Japan Government Bond 10-Yr 0.8%,Government Bonds,SELL,500,98.36,0.0492,1.3e-05,0.0492,JPY,152.0,SETTLED
TXN-202301847,2025-08-28,2025-09-01,CLT-1013,P-140,INFY_IN,Infosys Ltd.,Equity,SELL,5000,222.07,1.1103,0.000228,1.1101,INR,86.5,SETTLED
TXN-202202756,2025-08-28,2025-09-01,CLT-1020,P-159,XOM,Exxon Mobil Corp.,Equity,BUY,50000,338.58,16.929,0.007959,16.937,USD,1.0,SETTLED
TXN-202403443,2025-08-29,2025-09-02,CLT-1014,P-143,DBS_SP,DBS Group Holdings,Equity,SELL,1000,203.14,0.2031,3.8e-05,0.2031,SGD,1.34,SETTLED
TXN-202201116,2025-08-29,2025-09-01,CLT-1009,P-123,GER_10Y_BUND,Germany Bund 2.60% 2033,Government Bonds,DIVIDEND,0,0.0,0.058,5.8e-05,0.0579,EUR,0.92,SETTLED
TXN-202503914,2025-08-29,2025-09-01,CLT-1003,P-106,USD_TREAS_MMF,Institutional USD Treasury Money Market Fund,Money Market,BUY,1000,97.58,0.0976,3.9e-05,0.0976,USD,1.0,FAILED
TXN-202501799,2025-08-29,2025-09-02,CLT-1015,P-144,GOOGL,Alphabet Inc.,Equity,INTEREST,0,0.0,0.2413,0.000241,0.2411,USD,1.0,SETTLED
TXN-202204106,2025-09-01,2025-09-03,CLT-1013,P-140,LT_IN,Larsen & Toubro Ltd.,Equity,BUY,10000,229.69,2.2969,0.001127,2.298,INR,86.5,SETTLED
TXN-202502579,2025-09-01,2025-09-02,CLT-1009,P-124,UK_10Y_GILT,UK Gilt 3.75% 2033,Government Bonds,BUY,50000,97.87,4.8935,0.001249,4.8947,GBP,0.79,SETTLED
TXN-202402753,2025-09-01,2025-09-03,CLT-1012,P-135,ICICIBANK_IN,ICICI Bank Ltd.,Equity,SELL,50000,187.75,9.3875,0.002527,9.385,INR,86.5,SETTLED
TXN-202501019,2025-09-01,2025-09-02,CLT-1005,P-115,INFRA_GLOBAL_TRUST,Global Infrastructure Core Income Note,Alternatives,FEE,0,0.0,0.0244,0.0244,-0.0244,USD,1.0,SETTLED
TXN-202201201,2025-09-01,2025-09-02,CLT-1024,P-172,PLD_REIT,Prologis Global Logistics REIT,REIT,SELL,5000,96.3,0.4815,0.000112,0.4814,USD,1.0,SETTLED
TXN-202301212,2025-09-01,2025-09-03,CLT-1005,P-113,ICICIBANK_IN,ICICI Bank Ltd.,Equity,BUY,25000,279.66,6.9915,0.00109,6.9926,INR,86.5,SETTLED
TXN-202100300,2025-09-01,2025-09-02,CLT-1008,P-122,PLD_REIT,Prologis Global Logistics REIT,REIT,BUY,5000,96.25,0.4813,0.000168,0.4815,USD,1.0,SETTLED
TXN-202400563,2025-09-02,2025-09-04,CLT-1018,P-153,LT_IN,Larsen & Toubro Ltd.,Equity,BUY,2500,211.02,0.5275,0.000108,0.5276,INR,86.5,SETTLED
TXN-202304062,2025-09-02,2025-09-04,CLT-1010,P-129,LT_IN,Larsen & Toubro Ltd.,Equity,SELL,2500,236.21,0.5905,0.000129,0.5904,INR,86.5,SETTLED
TXN-202303842,2025-09-03,2025-09-05,CLT-1017,P-151,DBS_SP,DBS Group Holdings,Equity,INTEREST,0,0.0,0.1555,0.000156,0.1553,SGD,1.34,SETTLED
TXN-202101515,2025-09-03,2025-09-04,CLT-1005,P-114,UK_10Y_GILT,UK Gilt 3.75% 2033,Government Bonds,SELL,50000,96.89,4.8445,0.00098,4.8435,GBP,0.79,SETTLED
TXN-202500279,2025-09-04,2025-09-05,CLT-1013,P-136,GER_10Y_BUND,Germany Bund 2.60% 2033,Government Bonds,DIVIDEND,0,0.0,0.1467,0.000147,0.1466,EUR,0.92,SETTLED
TXN-202101405,2025-09-04,2025-09-05,CLT-1012,P-134,JGB_10Y,Japan Government Bond 10-Yr 0.8%,Government Bonds,BUY,2500,96.81,0.242,0.000111,0.2421,JPY,152.0,SETTLED
TXN-202202641,2025-09-05,2025-09-08,CLT-1015,P-145,INFRA_GLOBAL_TRUST,Global Infrastructure Core Income Note,Alternatives,SELL,2500,101.66,0.2541,7e-05,0.254,USD,1.0,SETTLED
TXN-202300307,2025-09-05,2025-09-08,CLT-1012,P-132,US_10Y_UST,US Treasury 10-Yr Benchmark Note,Government Bonds,BUY,10000,97.7,0.977,0.000379,0.9774,USD,1.0,SETTLED
TXN-202302242,2025-09-05,2025-09-09,CLT-1015,P-147,DBS_SP,DBS Group Holdings,Equity,SELL,50000,159.63,7.9815,0.002508,7.979,SGD,1.34,SETTLED
TXN-202502214,2025-09-05,2025-09-09,CLT-1001,P-101,RELIANCE_IN,Reliance Industries Ltd.,Equity,SELL,50000,150.03,7.5015,0.001212,7.5003,INR,86.5,SETTLED
TXN-202203516,2025-09-05,2025-09-09,CLT-1007,P-120,AZN_LN,AstraZeneca PLC,Equity,BUY,500,228.97,0.1145,3.5e-05,0.1145,GBP,0.79,SETTLED
TXN-202400448,2025-09-08,2025-09-10,CLT-1011,P-131,DBS_SP,DBS Group Holdings,Equity,BUY,500,217.35,0.1087,3.5e-05,0.1087,SGD,1.34,SETTLED
TXN-202500799,2025-09-08,2025-09-10,CLT-1010,P-129,NOVN_SW,Novartis AG,Equity,SELL,25000,304.17,7.6043,0.003314,7.601,CHF,0.88,SETTLED
TXN-202104800,2025-09-08,2025-09-09,CLT-1005,P-115,EUR_LIQUIDITY_FUND,EUR Institutional Liquidity Master Fund,Money Market,SELL,1000,98.6,0.0986,4e-05,0.0986,EUR,0.92,SETTLED
TXN-202402118,2025-09-08,2025-09-10,CLT-1005,P-112,TCS_IN,Tata Consultancy Services,Equity,BUY,5000,344.37,1.7219,0.000502,1.7224,INR,86.5,SETTLED
TXN-202201731,2025-09-08,2025-09-10,CLT-1010,P-127,LT_IN,Larsen & Toubro Ltd.,Equity,TRANSFER,0,1.0,2.5979,0.0001,-2.5979,INR,86.5,SETTLED
TXN-202404503,2025-09-08,2025-09-10,CLT-1023,P-167,6758_JP,Sony Group Corp.,Equity,BUY,2500,343.2,0.858,0.000324,0.8583,JPY,152.0,SETTLED
TXN-202304817,2025-09-08,2025-09-10,CLT-1014,P-142,NOVN_SW,Novartis AG,Equity,BUY,25000,117.07,2.9268,0.000495,2.9273,CHF,0.88,SETTLED
TXN-202501094,2025-09-10,2025-09-12,CLT-1012,P-133,AAPL,Apple Inc.,Equity,SELL,500,53.68,0.0268,5e-06,0.0268,USD,1.0,SETTLED
TXN-202304202,2025-09-10,2025-09-12,CLT-1020,P-160,SAP_GY,SAP SE,Equity,INTEREST,0,0.0,0.1806,0.000181,0.1804,EUR,0.92,PENDING
TXN-202402008,2025-09-10,2025-09-12,CLT-1014,P-141,NVDA,NVIDIA Corp.,Equity,INTEREST,0,0.0,0.1866,0.000187,0.1864,USD,1.0,SETTLED
TXN-202201471,2025-09-11,2025-09-12,CLT-1001,P-101,US_5Y_UST,US Treasury 5-Yr Benchmark Note,Government Bonds,BUY,1000,99.56,0.0996,3.2e-05,0.0996,USD,1.0,SETTLED
TXN-202300052,2025-09-11,2025-09-15,CLT-1024,P-171,DBS_SP,DBS Group Holdings,Equity,BUY,1000,68.91,0.0689,1.1e-05,0.0689,SGD,1.34,FAILED
TXN-202102450,2025-09-12,2025-09-15,CLT-1011,P-131,INR_OVERNIGHT_CASH,Institutional INR Overnight Liquid Fund,Money Market,BUY,2500,97.14,0.2429,4e-05,0.2429,INR,86.5,SETTLED
TXN-202503039,2025-09-12,2025-09-16,CLT-1023,P-168,CORP_HY_USD,US High Yield Corporate Credit Note,Corporate Bonds,BUY,50000,95.71,4.7855,0.002051,4.7876,USD,1.0,SETTLED
TXN-202301832,2025-09-12,2025-09-16,CLT-1024,P-172,SAP_GY,SAP SE,Equity,SELL,1000,152.64,0.1526,6.3e-05,0.1525,EUR,0.92,SETTLED
TXN-202503794,2025-09-12,2025-09-16,CLT-1011,P-130,UNH,UnitedHealth Group,Equity,SELL,5000,252.54,1.2627,0.000516,1.2622,USD,1.0,SETTLED
TXN-202500534,2025-09-12,2025-09-16,CLT-1018,P-152,HDFCBANK_IN,HDFC Bank Ltd.,Equity,BUY,10000,116.31,1.1631,0.000447,1.1635,INR,86.5,SETTLED
TXN-202204886,2025-09-12,2025-09-16,CLT-1017,P-151,CORP_IG_USD,US Investment Grade Corporate Bond Fund,Corporate Bonds,BUY,1000,100.8,0.1008,3.6e-05,0.1008,USD,1.0,SETTLED
TXN-202102215,2025-09-15,2025-09-16,CLT-1011,P-130,USD_TREAS_MMF,Institutional USD Treasury Money Market Fund,Money Market,SELL,500,97.42,0.0487,2.1e-05,0.0487,USD,1.0,SETTLED
TXN-202200221,2025-09-15,2025-09-17,CLT-1022,P-166,MSFT,Microsoft Corp.,Equity,DIVIDEND,0,0.0,0.1556,0.000156,0.1554,USD,1.0,SETTLED
TXN-202101105,2025-09-15,2025-09-16,CLT-1019,P-156,GER_10Y_BUND,Germany Bund 2.60% 2033,Government Bonds,FEE,0,0.0,0.0379,0.0379,-0.0379,EUR,0.92,SETTLED
TXN-202502419,2025-09-15,2025-09-17,CLT-1014,P-142,LT_IN,Larsen & Toubro Ltd.,Equity,BUY,5000,41.99,0.2099,5.9e-05,0.21,INR,86.5,SETTLED
TXN-202204456,2025-09-15,2025-09-17,CLT-1025,P-174,XOM,Exxon Mobil Corp.,Equity,DIVIDEND,0,0.0,0.2113,0.000211,0.2111,USD,1.0,SETTLED
TXN-202400278,2025-09-15,2025-09-17,CLT-1023,P-167,JPM,JPMorgan Chase & Co.,Equity,BUY,10000,301.08,3.0108,0.001458,3.0123,USD,1.0,SETTLED
TXN-202303022,2025-09-15,2025-09-17,CLT-1018,P-152,JPM,JPMorgan Chase & Co.,Equity,DIVIDEND,0,0.0,0.1505,0.00015,0.1503,USD,1.0,SETTLED
TXN-202103020,2025-09-15,2025-09-17,CLT-1016,P-148,HDFCBANK_IN,HDFC Bank Ltd.,Equity,SELL,5000,220.62,1.1031,0.000239,1.1029,INR,86.5,SETTLED
TXN-202405198,2025-09-15,2025-09-16,CLT-1022,P-164,US_5Y_UST,US Treasury 5-Yr Benchmark Note,Government Bonds,BUY,5000,100.69,0.5034,0.000123,0.5035,USD,1.0,SETTLED
TXN-202503109,2025-09-16,2025-09-17,CLT-1013,P-137,OPERATING_CASH,Operational Custody Cash Balance,Cash,FEE,0,0.0,0.014,0.014,-0.014,USD,1.0,SETTLED
TXN-202500379,2025-09-17,2025-09-19,CLT-1023,P-168,ICICIBANK_IN,ICICI Bank Ltd.,Equity,FEE,0,0.0,0.0195,0.0195,-0.0195,INR,86.5,PENDING
TXN-202304742,2025-09-17,2025-09-19,CLT-1023,P-169,SAP_GY,SAP SE,Equity,FEE,0,0.0,0.0407,0.0407,-0.0407,EUR,0.92,SETTLED
TXN-202101080,2025-09-17,2025-09-18,CLT-1009,P-125,US_10Y_UST,US Treasury 10-Yr Benchmark Note,Government Bonds,DIVIDEND,0,0.0,0.2487,0.000249,0.2485,USD,1.0,SETTLED
TXN-202404268,2025-09-17,2025-09-19,CLT-1024,P-172,SHEL_LN,Shell PLC,Equity,SELL,1000,178.71,0.1787,7.6e-05,0.1786,GBP,0.79,SETTLED
TXN-202403218,2025-09-18,2025-09-19,CLT-1010,P-127,UK_10Y_GILT,UK Gilt 3.75% 2033,Government Bonds,SELL,10000,102.45,1.0245,0.000223,1.0243,GBP,0.79,SETTLED
TXN-202303302,2025-09-18,2025-09-19,CLT-1011,P-131,GLD_ETF,SPDR Gold Shares Institutional Trust,ETF,BUY,2500,97.11,0.2428,8.5e-05,0.2429,USD,1.0,SETTLED
TXN-202201216,2025-09-18,2025-09-22,CLT-1010,P-129,AAPL,Apple Inc.,Equity,WITHDRAWAL,0,1.0,2.8656,0.0001,-2.8656,USD,1.0,SETTLED
TXN-202103790,2025-09-18,2025-09-19,CLT-1008,P-121,GLD_ETF,SPDR Gold Shares Institutional Trust,ETF,BUY,50000,95.19,4.7595,0.001482,4.761,USD,1.0,SETTLED
TXN-202104965,2025-09-18,2025-09-22,CLT-1010,P-126,CORP_HY_USD,US High Yield Corporate Credit Note,Corporate Bonds,BUY,5000,101.83,0.5091,0.000114,0.5092,USD,1.0,SETTLED
TXN-202304597,2025-09-19,2025-09-23,CLT-1009,P-125,GOOGL,Alphabet Inc.,Equity,BUY,1000,191.18,0.1912,7e-05,0.1913,USD,1.0,SETTLED
TXN-202301317,2025-09-19,2025-09-22,CLT-1018,P-154,IND_10Y_GSEC,India Sovereign G-Sec 7.18% 2033,Government Bonds,INTEREST,0,0.0,0.1232,0.000123,0.1231,INR,86.5,SETTLED
TXN-202201366,2025-09-22,2025-09-24,CLT-1019,P-156,SHEL_LN,Shell PLC,Equity,FEE,0,0.0,0.0264,0.0264,-0.0264,GBP,0.79,SETTLED
TXN-202500864,2025-09-22,2025-09-24,CLT-1021,P-163,LT_IN,Larsen & Toubro Ltd.,Equity,INTEREST,0,0.0,0.202,0.000202,0.2018,INR,86.5,SETTLED
TXN-202405248,2025-09-22,2025-09-23,CLT-1024,P-172,IND_10Y_GSEC,India Sovereign G-Sec 7.18% 2033,Government Bonds,FEE,0,0.0,0.0443,0.0443,-0.0443,INR,86.5,SETTLED
TXN-202103565,2025-09-22,2025-09-24,CLT-1004,P-111,GOOGL,Alphabet Inc.,Equity,SELL,25000,157.79,3.9447,0.000943,3.9438,USD,1.0,SETTLED
TXN-202403063,2025-09-22,2025-09-24,CLT-1023,P-168,SAP_GY,SAP SE,Equity,BUY,5000,227.25,1.1362,0.000338,1.1365,EUR,0.92,SETTLED
TXN-202405153,2025-09-22,2025-09-24,CLT-1013,P-140,MSFT,Microsoft Corp.,Equity,FEE,0,0.0,0.0087,0.0087,-0.0087,USD,1.0,SETTLED
TXN-202502219,2025-09-22,2025-09-24,CLT-1015,P-144,ASML_NA,ASML Holding NV,Equity,BUY,25000,192.59,4.8148,0.001589,4.8164,EUR,0.92,SETTLED
TXN-202304537,2025-09-22,2025-09-24,CLT-1003,P-109,SHEL_LN,Shell PLC,Equity,INTEREST,0,0.0,0.2215,0.000222,0.2213,GBP,0.79,SETTLED
TXN-202301192,2025-09-22,2025-09-24,CLT-1018,P-155,TCS_IN,Tata Consultancy Services,Equity,BUY,2500,118.77,0.2969,0.00014,0.297,INR,86.5,SETTLED
TXN-202201831,2025-09-23,2025-09-24,CLT-1005,P-115,INR_OVERNIGHT_CASH,Institutional INR Overnight Liquid Fund,Money Market,BUY,2500,97.68,0.2442,9.6e-05,0.2443,INR,86.5,SETTLED
TXN-202302667,2025-09-23,2025-09-25,CLT-1014,P-143,NOVN_SW,Novartis AG,Equity,INTEREST,0,0.0,0.1077,0.000108,0.1076,CHF,0.88,SETTLED
TXN-202401093,2025-09-24,2025-09-26,CLT-1009,P-123,SHEL_LN,Shell PLC,Equity,TRANSFER,0,1.0,1.7826,0.0001,-1.7826,GBP,0.79,SETTLED
TXN-202402368,2025-09-26,2025-09-30,CLT-1014,P-141,6758_JP,Sony Group Corp.,Equity,BUY,25000,234.95,5.8738,0.002291,5.8761,JPY,152.0,SETTLED
TXN-202300422,2025-09-26,2025-09-29,CLT-1003,P-106,EUR_LIQUIDITY_FUND,EUR Institutional Liquidity Master Fund,Money Market,DIVIDEND,0,0.0,0.0969,9.7e-05,0.0968,EUR,0.92,SETTLED
TXN-202401028,2025-09-26,2025-09-30,CLT-1022,P-166,6758_JP,Sony Group Corp.,Equity,SELL,5000,90.46,0.4523,9e-05,0.4522,JPY,152.0,SETTLED
TXN-202205151,2025-09-29,2025-10-01,CLT-1005,P-112,TCS_IN,Tata Consultancy Services,Equity,SELL,5000,179.21,0.8961,0.000422,0.8957,INR,86.5,SETTLED
TXN-202102680,2025-09-29,2025-10-01,CLT-1023,P-167,GOOGL,Alphabet Inc.,Equity,SELL,25000,132.94,3.3235,0.001081,3.3224,USD,1.0,SETTLED
TXN-202502889,2025-09-29,2025-10-01,CLT-1020,P-159,SHEL_LN,Shell PLC,Equity,BUY,50000,118.24,5.912,0.002483,5.9145,GBP,0.79,SETTLED
TXN-202501694,2025-09-29,2025-10-01,CLT-1020,P-160,7203_JP,Toyota Motor Corp.,Equity,INTEREST,0,0.0,0.2188,0.000219,0.2186,JPY,152.0,SETTLED
TXN-202302877,2025-09-29,2025-10-01,CLT-1023,P-168,7203_JP,Toyota Motor Corp.,Equity,BUY,25000,115.52,2.888,0.001062,2.8891,JPY,152.0,SETTLED
TXN-202303717,2025-09-30,2025-10-02,CLT-1012,P-133,INFY_IN,Infosys Ltd.,Equity,BUY,50000,151.74,7.587,0.003289,7.5903,INR,86.5,SETTLED
TXN-202301322,2025-09-30,2025-10-01,CLT-1008,P-122,GER_10Y_BUND,Germany Bund 2.60% 2033,Government Bonds,SELL,50000,95.94,4.797,0.001216,4.7958,EUR,0.92,SETTLED
TXN-202305182,2025-09-30,2025-10-02,CLT-1025,P-173,TCS_IN,Tata Consultancy Services,Equity,BUY,25000,309.41,7.7353,0.00254,7.7378,INR,86.5,SETTLED
TXN-202204641,2025-10-01,2025-10-03,CLT-1001,P-102,6758_JP,Sony Group Corp.,Equity,SELL,5000,273.13,1.3657,0.000419,1.3653,JPY,152.0,SETTLED
TXN-202205106,2025-10-01,2025-10-03,CLT-1015,P-147,MSFT,Microsoft Corp.,Equity,BUY,5000,212.54,1.0627,0.000259,1.063,USD,1.0,SETTLED
TXN-202503489,2025-10-01,2025-10-02,CLT-1024,P-172,US_5Y_UST,US Treasury 5-Yr Benchmark Note,Government Bonds,TRANSFER,0,1.0,1.0853,0.0001,-1.0853,USD,1.0,SETTLED
TXN-202104285,2025-10-01,2025-10-03,CLT-1010,P-129,HDFCBANK_IN,HDFC Bank Ltd.,Equity,BUY,2500,316.94,0.7923,0.00039,0.7927,INR,86.5,SETTLED
TXN-202504409,2025-10-02,2025-10-06,CLT-1024,P-171,NVDA,NVIDIA Corp.,Equity,SELL,10000,248.09,2.4809,0.000636,2.4803,USD,1.0,SETTLED
TXN-202302157,2025-10-02,2025-10-06,CLT-1001,P-103,NOVN_SW,Novartis AG,Equity,WITHDRAWAL,0,1.0,3.1905,0.0001,-3.1905,CHF,0.88,SETTLED
TXN-202502834,2025-10-03,2025-10-07,CLT-1005,P-114,JPM,JPMorgan Chase & Co.,Equity,BUY,25000,154.38,3.8595,0.001341,3.8608,USD,1.0,SETTLED
TXN-202101995,2025-10-03,2025-10-06,CLT-1013,P-138,INR_OVERNIGHT_CASH,Institutional INR Overnight Liquid Fund,Money Market,BUY,500,98.08,0.049,9e-06,0.049,INR,86.5,SETTLED
TXN-202104855,2025-10-03,2025-10-06,CLT-1011,P-131,INR_OVERNIGHT_CASH,Institutional INR Overnight Liquid Fund,Money Market,SELL,5000,98.96,0.4948,0.000131,0.4947,INR,86.5,SETTLED
TXN-202200431,2025-10-03,2025-10-07,CLT-1013,P-139,JPM,JPMorgan Chase & Co.,Equity,BUY,25000,239.51,5.9878,0.001715,5.9895,USD,1.0,SETTLED
TXN-202503974,2025-10-06,2025-10-07,CLT-1010,P-127,GER_10Y_BUND,Germany Bund 2.60% 2033,Government Bonds,SELL,500,98.75,0.0494,2e-05,0.0494,EUR,0.92,SETTLED
TXN-202500774,2025-10-06,2025-10-08,CLT-1011,P-131,INFY_IN,Infosys Ltd.,Equity,BUY,2500,89.35,0.2234,5.9e-05,0.2235,INR,86.5,SETTLED
TXN-202202161,2025-10-06,2025-10-07,CLT-1022,P-166,US_5Y_UST,US Treasury 5-Yr Benchmark Note,Government Bonds,BUY,2500,101.88,0.2547,5.5e-05,0.2548,USD,1.0,SETTLED
TXN-202100595,2025-10-06,2025-10-08,CLT-1014,P-142,BHARTIARTL_IN,Bharti Airtel Ltd.,Equity,DIVIDEND,0,0.0,0.0532,5.3e-05,0.0531,INR,86.5,SETTLED
TXN-202102955,2025-10-06,2025-10-07,CLT-1015,P-146,GLD_ETF,SPDR Gold Shares Institutional Trust,ETF,DEPOSIT,0,1.0,1.7337,0.0001,1.7337,USD,1.0,SETTLED
TXN-202201401,2025-10-07,2025-10-09,CLT-1024,P-172,7203_JP,Toyota Motor Corp.,Equity,INTEREST,0,0.0,0.1588,0.000159,0.1586,JPY,152.0,SETTLED
TXN-202403498,2025-10-07,2025-10-09,CLT-1006,P-117,CORP_IG_EUR,Euro High Grade Corporate Bond Note,Corporate Bonds,FEE,0,0.0,0.0311,0.0311,-0.0311,EUR,0.92,SETTLED
TXN-202100165,2025-10-07,2025-10-09,CLT-1011,P-130,GOOGL,Alphabet Inc.,Equity,BUY,500,279.82,0.1399,6.1e-05,0.14,USD,1.0,SETTLED
TXN-202503284,2025-10-07,2025-10-08,CLT-1024,P-172,US_10Y_UST,US Treasury 10-Yr Benchmark Note,Government Bonds,FEE,0,0.0,0.0057,0.0057,-0.0057,USD,1.0,SETTLED
TXN-202302837,2025-10-07,2025-10-09,CLT-1009,P-124,RELIANCE_IN,Reliance Industries Ltd.,Equity,BUY,5000,203.43,1.0171,0.000257,1.0174,INR,86.5,SETTLED
TXN-202204621,2025-10-08,2025-10-10,CLT-1003,P-110,SHEL_LN,Shell PLC,Equity,DIVIDEND,0,0.0,0.0317,3.2e-05,0.0317,GBP,0.79,SETTLED
TXN-202500764,2025-10-09,2025-10-13,CLT-1021,P-161,SHEL_LN,Shell PLC,Equity,TRANSFER,0,1.0,2.1042,0.0001,-2.1042,GBP,0.79,SETTLED
TXN-202402943,2025-10-09,2025-10-10,CLT-1013,P-140,IND_10Y_GSEC,India Sovereign G-Sec 7.18% 2033,Government Bonds,SELL,1000,102.51,0.1025,4.2e-05,0.1025,INR,86.5,SETTLED
TXN-202203036,2025-10-09,2025-10-13,CLT-1015,P-147,ICICIBANK_IN,ICICI Bank Ltd.,Equity,BUY,1000,182.16,0.1822,7.7e-05,0.1823,INR,86.5,SETTLED
TXN-202100725,2025-10-09,2025-10-13,CLT-1017,P-149,ASML_NA,ASML Holding NV,Equity,BUY,1000,313.36,0.3134,0.000101,0.3135,EUR,0.92,SETTLED
TXN-202201466,2025-10-10,2025-10-13,CLT-1003,P-106,GLD_ETF,SPDR Gold Shares Institutional Trust,ETF,BUY,10000,101.81,1.0181,0.000233,1.0183,USD,1.0,SETTLED
TXN-202501124,2025-10-10,2025-10-13,CLT-1003,P-110,IND_10Y_GSEC,India Sovereign G-Sec 7.18% 2033,Government Bonds,DEPOSIT,0,1.0,3.1507,0.0001,3.1507,INR,86.5,SETTLED
TXN-202503724,2025-10-10,2025-10-14,CLT-1022,P-164,SHEL_LN,Shell PLC,Equity,SELL,10000,168.38,1.6838,0.000407,1.6834,GBP,0.79,SETTLED
TXN-202300607,2025-10-13,2025-10-15,CLT-1008,P-121,GOOGL,Alphabet Inc.,Equity,SELL,2500,338.05,0.8451,0.000147,0.845,USD,1.0,SETTLED
TXN-202202076,2025-10-13,2025-10-15,CLT-1015,P-145,MSFT,Microsoft Corp.,Equity,DEPOSIT,0,1.0,2.098,0.0001,2.098,USD,1.0,SETTLED
TXN-202103445,2025-10-13,2025-10-15,CLT-1006,P-117,UNH,UnitedHealth Group,Equity,SELL,10000,146.42,1.4642,0.000666,1.4635,USD,1.0,SETTLED
TXN-202401308,2025-10-13,2025-10-14,CLT-1006,P-117,JGB_10Y,Japan Government Bond 10-Yr 0.8%,Government Bonds,BUY,5000,97.87,0.4894,0.000233,0.4896,JPY,152.0,SETTLED
TXN-202200476,2025-10-13,2025-10-14,CLT-1020,P-159,INR_OVERNIGHT_CASH,Institutional INR Overnight Liquid Fund,Money Market,SELL,500,102.52,0.0513,2.2e-05,0.0513,INR,86.5,SETTLED
TXN-202101360,2025-10-13,2025-10-15,CLT-1021,P-161,BHARTIARTL_IN,Bharti Airtel Ltd.,Equity,SELL,50000,149.75,7.4875,0.001462,7.486,INR,86.5,SETTLED
TXN-202500824,2025-10-13,2025-10-15,CLT-1005,P-113,UNH,UnitedHealth Group,Equity,BUY,2500,278.08,0.6952,0.000182,0.6954,USD,1.0,SETTLED
TXN-202300622,2025-10-13,2025-10-15,CLT-1001,P-102,LT_IN,Larsen & Toubro Ltd.,Equity,BUY,1000,131.79,0.1318,2.1e-05,0.1318,INR,86.5,SETTLED
TXN-202404413,2025-10-13,2025-10-14,CLT-1003,P-106,UK_10Y_GILT,UK Gilt 3.75% 2033,Government Bonds,SELL,5000,96.45,0.4823,0.000204,0.4821,GBP,0.79,SETTLED
TXN-202105210,2025-10-14,2025-10-16,CLT-1018,P-152,LT_IN,Larsen & Toubro Ltd.,Equity,BUY,50000,53.32,2.666,0.000404,2.6664,INR,86.5,SETTLED
TXN-202104700,2025-10-14,2025-10-16,CLT-1002,P-104,NVDA,NVIDIA Corp.,Equity,WITHDRAWAL,0,1.0,3.3576,0.0001,-3.3576,USD,1.0,SETTLED
TXN-202200606,2025-10-15,2025-10-17,CLT-1024,P-171,ICICIBANK_IN,ICICI Bank Ltd.,Equity,BUY,5000,228.12,1.1406,0.00037,1.141,INR,86.5,SETTLED
TXN-202404128,2025-10-16,2025-10-17,CLT-1010,P-127,GLD_ETF,SPDR Gold Shares Institutional Trust,ETF,DIVIDEND,0,0.0,0.0504,5e-05,0.0503,USD,1.0,SETTLED
TXN-202203656,2025-10-16,2025-10-20,CLT-1001,P-102,RELIANCE_IN,Reliance Industries Ltd.,Equity,BUY,500,126.83,0.0634,2.4e-05,0.0634,INR,86.5,SETTLED
TXN-202303507,2025-10-16,2025-10-20,CLT-1021,P-163,GOOGL,Alphabet Inc.,Equity,SELL,50000,126.54,6.327,0.001408,6.3256,USD,1.0,SETTLED
TXN-202404588,2025-10-16,2025-10-17,CLT-1010,P-127,OPERATING_CASH,Operational Custody Cash Balance,Cash,FEE,0,0.0,0.0339,0.0339,-0.0339,USD,1.0,SETTLED
TXN-202402443,2025-10-16,2025-10-20,CLT-1014,P-141,AZN_LN,AstraZeneca PLC,Equity,SELL,500,347.88,0.1739,3.8e-05,0.1739,GBP,0.79,SETTLED
TXN-202504139,2025-10-20,2025-10-22,CLT-1017,P-151,AZN_LN,AstraZeneca PLC,Equity,BUY,25000,219.73,5.4932,0.002492,5.4957,GBP,0.79,SETTLED
TXN-202301432,2025-10-20,2025-10-22,CLT-1018,P-155,CORP_IG_EUR,Euro High Grade Corporate Bond Note,Corporate Bonds,BUY,10000,99.88,0.9988,0.000412,0.9992,EUR,0.92,SETTLED
TXN-202303692,2025-10-20,2025-10-22,CLT-1023,P-168,ICICIBANK_IN,ICICI Bank Ltd.,Equity,BUY,500,68.91,0.0345,1e-05,0.0345,INR,86.5,SETTLED
TXN-202301592,2025-10-20,2025-10-22,CLT-1011,P-131,7203_JP,Toyota Motor Corp.,Equity,INTEREST,0,0.0,0.1413,0.000141,0.1412,JPY,152.0,SETTLED
TXN-202205041,2025-10-20,2025-10-21,CLT-1011,P-130,GLD_ETF,SPDR Gold Shares Institutional Trust,ETF,BUY,50000,99.06,4.953,0.00141,4.9544,USD,1.0,SETTLED
TXN-202402618,2025-10-20,2025-10-21,CLT-1012,P-135,IND_10Y_GSEC,India Sovereign G-Sec 7.18% 2033,Government Bonds,TRANSFER,0,1.0,2.2889,0.0001,-2.2889,INR,86.5,SETTLED
TXN-202200896,2025-10-20,2025-10-22,CLT-1023,P-168,AMZN,Amazon.com Inc.,Equity,BUY,500,123.02,0.0615,1e-05,0.0615,USD,1.0,SETTLED
TXN-202501674,2025-10-20,2025-10-22,CLT-1012,P-135,SAP_GY,SAP SE,Equity,DIVIDEND,0,0.0,0.1262,0.000126,0.1261,EUR,0.92,SETTLED
TXN-202200836,2025-10-20,2025-10-22,CLT-1006,P-116,SHEL_LN,Shell PLC,Equity,DIVIDEND,0,0.0,0.1674,0.000167,0.1672,GBP,0.79,SETTLED
TXN-202400398,2025-10-20,2025-10-22,CLT-1013,P-139,NOVN_SW,Novartis AG,Equity,BUY,2500,265.28,0.6632,0.000292,0.6635,CHF,0.88,SETTLED
TXN-202200281,2025-10-20,2025-10-22,CLT-1020,P-160,6758_JP,Sony Group Corp.,Equity,DIVIDEND,0,0.0,0.1862,0.000186,0.186,JPY,152.0,SETTLED
TXN-202501374,2025-10-21,2025-10-23,CLT-1024,P-172,XOM,Exxon Mobil Corp.,Equity,TRANSFER,0,1.0,2.3556,0.0001,-2.3556,USD,1.0,SETTLED
TXN-202104550,2025-10-21,2025-10-22,CLT-1021,P-161,INFRA_GLOBAL_TRUST,Global Infrastructure Core Income Note,Alternatives,BUY,5000,95.28,0.4764,0.000182,0.4766,USD,1.0,SETTLED
TXN-202300927,2025-10-22,2025-10-23,CLT-1013,P-138,EUR_LIQUIDITY_FUND,EUR Institutional Liquidity Master Fund,Money Market,BUY,5000,102.53,0.5127,8.5e-05,0.5128,EUR,0.92,SETTLED
TXN-202501334,2025-10-22,2025-10-23,CLT-1012,P-135,INFRA_GLOBAL_TRUST,Global Infrastructure Core Income Note,Alternatives,SELL,50000,99.02,4.951,0.00241,4.9486,USD,1.0,SETTLED
TXN-202104905,2025-10-23,2025-10-27,CLT-1007,P-120,JPM,JPMorgan Chase & Co.,Equity,DIVIDEND,0,0.0,0.0304,3e-05,0.0304,USD,1.0,SETTLED
TXN-202404328,2025-10-23,2025-10-24,CLT-1013,P-138,PLD_REIT,Prologis Global Logistics REIT,REIT,INTEREST,0,0.0,0.2403,0.00024,0.2401,USD,1.0,SETTLED
TXN-202303132,2025-10-24,2025-10-27,CLT-1010,P-128,GLD_ETF,SPDR Gold Shares Institutional Trust,ETF,SELL,500,99.95,0.05,2.3e-05,0.05,USD,1.0,SETTLED
TXN-202502934,2025-10-24,2025-10-28,CLT-1001,P-101,ASML_NA,ASML Holding NV,Equity,BUY,2500,59.93,0.1498,2.3e-05,0.1498,EUR,0.92,SETTLED
TXN-202104445,2025-10-24,2025-10-27,CLT-1024,P-170,INFRA_GLOBAL_TRUST,Global Infrastructure Core Income Note,Alternatives,BUY,500,100.43,0.0502,1.7e-05,0.0502,USD,1.0,SETTLED
TXN-202105025,2025-10-24,2025-10-28,CLT-1007,P-120,7203_JP,Toyota Motor Corp.,Equity,BUY,1000,43.47,0.0435,9e-06,0.0435,JPY,152.0,SETTLED
TXN-202503584,2025-10-24,2025-10-27,CLT-1021,P-163,PLD_REIT,Prologis Global Logistics REIT,REIT,DIVIDEND,0,0.0,0.1264,0.000126,0.1263,USD,1.0,SETTLED
TXN-202103960,2025-10-24,2025-10-28,CLT-1003,P-109,CORP_HY_USD,US High Yield Corporate Credit Note,Corporate Bonds,SELL,10000,102.65,1.0265,0.00038,1.0261,USD,1.0,SETTLED
TXN-202501859,2025-10-27,2025-10-28,CLT-1003,P-109,IND_10Y_GSEC,India Sovereign G-Sec 7.18% 2033,Government Bonds,SELL,1000,99.23,0.0992,3.6e-05,0.0992,INR,86.5,SETTLED
TXN-202204631,2025-10-27,2025-10-29,CLT-1012,P-135,NOVN_SW,Novartis AG,Equity,FEE,0,0.0,0.0439,0.0439,-0.0439,CHF,0.88,SETTLED
TXN-202201136,2025-10-27,2025-10-29,CLT-1017,P-151,NVDA,NVIDIA Corp.,Equity,BUY,10000,327.13,3.2713,0.001294,3.2726,USD,1.0,SETTLED
TXN-202103100,2025-10-27,2025-10-29,CLT-1012,P-132,MSFT,Microsoft Corp.,Equity,SELL,25000,76.37,1.9092,0.000768,1.9084,USD,1.0,SETTLED
TXN-202502519,2025-10-27,2025-10-29,CLT-1016,P-148,SAP_GY,SAP SE,Equity,SELL,25000,114.22,2.8555,0.000713,2.8548,EUR,0.92,SETTLED
TXN-202100695,2025-10-27,2025-10-29,CLT-1003,P-110,RELIANCE_IN,Reliance Industries Ltd.,Equity,BUY,50000,198.06,9.903,0.00447,9.9075,INR,86.5,SETTLED
TXN-202203186,2025-10-27,2025-10-28,CLT-1018,P-152,GLD_ETF,SPDR Gold Shares Institutional Trust,ETF,SELL,10000,96.0,0.96,0.000214,0.9598,USD,1.0,SETTLED
TXN-202303287,2025-10-27,2025-10-29,CLT-1012,P-134,GOOGL,Alphabet Inc.,Equity,BUY,50000,106.09,5.3045,0.002416,5.3069,USD,1.0,SETTLED
TXN-202302202,2025-10-27,2025-10-29,CLT-1009,P-124,AAPL,Apple Inc.,Equity,BUY,10000,127.42,1.2742,0.000273,1.2745,USD,1.0,SETTLED
TXN-202400373,2025-10-27,2025-10-29,CLT-1017,P-150,BHARTIARTL_IN,Bharti Airtel Ltd.,Equity,BUY,500,303.78,0.1519,5.4e-05,0.152,INR,86.5,SETTLED
TXN-202105095,2025-10-27,2025-10-28,CLT-1006,P-116,UK_10Y_GILT,UK Gilt 3.75% 2033,Government Bonds,BUY,50000,101.83,5.0915,0.001859,5.0934,GBP,0.79,SETTLED
TXN-202502504,2025-10-27,2025-10-29,CLT-1011,P-131,CORP_HY_USD,US High Yield Corporate Credit Note,Corporate Bonds,SELL,5000,100.96,0.5048,0.000209,0.5046,USD,1.0,SETTLED
TXN-202305082,2025-10-27,2025-10-29,CLT-1003,P-107,CORP_IG_EUR,Euro High Grade Corporate Bond Note,Corporate Bonds,SELL,2500,95.6,0.239,7e-05,0.2389,EUR,0.92,SETTLED
TXN-202201781,2025-10-28,2025-10-30,CLT-1014,P-143,DBS_SP,DBS Group Holdings,Equity,BUY,500,123.98,0.062,2.5e-05,0.062,SGD,1.34,SETTLED
TXN-202200166,2025-10-28,2025-10-30,CLT-1017,P-149,MSFT,Microsoft Corp.,Equity,SELL,10000,189.47,1.8947,0.000541,1.8942,USD,1.0,SETTLED
TXN-202304482,2025-10-28,2025-10-30,CLT-1014,P-141,JPM,JPMorgan Chase & Co.,Equity,SELL,500,248.86,0.1244,5.2e-05,0.1243,USD,1.0,PENDING
TXN-202204471,2025-10-28,2025-10-30,CLT-1006,P-116,SAP_GY,SAP SE,Equity,SELL,50000,159.29,7.9645,0.003897,7.9606,EUR,0.92,SETTLED
TXN-202103640,2025-10-29,2025-10-31,CLT-1018,P-155,6758_JP,Sony Group Corp.,Equity,BUY,25000,227.68,5.692,0.002732,5.6947,JPY,152.0,SETTLED
TXN-202402138,2025-10-29,2025-10-30,CLT-1013,P-139,IND_10Y_GSEC,India Sovereign G-Sec 7.18% 2033,Government Bonds,BUY,50000,99.58,4.979,0.001628,4.9806,INR,86.5,SETTLED
TXN-202403528,2025-10-29,2025-10-31,CLT-1005,P-114,BHARTIARTL_IN,Bharti Airtel Ltd.,Equity,DIVIDEND,0,0.0,0.0225,2.2e-05,0.0225,INR,86.5,SETTLED
TXN-202204926,2025-10-30,2025-11-03,CLT-1018,P-152,SHEL_LN,Shell PLC,Equity,BUY,10000,298.87,2.9887,0.001477,2.9902,GBP,0.79,SETTLED
TXN-202100675,2025-10-30,2025-11-03,CLT-1017,P-150,UNH,UnitedHealth Group,Equity,DIVIDEND,0,0.0,0.1143,0.000114,0.1142,USD,1.0,SETTLED
TXN-202505029,2025-10-30,2025-10-31,CLT-1015,P-144,GER_10Y_BUND,Germany Bund 2.60% 2033,Government Bonds,BUY,5000,96.75,0.4838,7.5e-05,0.4839,EUR,0.92,SETTLED
TXN-202200586,2025-10-31,2025-11-04,CLT-1022,P-166,MSFT,Microsoft Corp.,Equity,FEE,0,0.0,0.0374,0.0374,-0.0374,USD,1.0,SETTLED
TXN-202401503,2025-10-31,2025-11-04,CLT-1001,P-103,CORP_IG_EUR,Euro High Grade Corporate Bond Note,Corporate Bonds,SELL,1000,101.12,0.1011,3e-05,0.1011,EUR,0.92,SETTLED
TXN-202302727,2025-10-31,2025-11-03,CLT-1012,P-134,OPERATING_CASH,Operational Custody Cash Balance,Cash,BUY,2500,97.3,0.2432,7.7e-05,0.2433,USD,1.0,SETTLED
TXN-202101970,2025-11-03,2025-11-05,CLT-1004,P-111,ASML_NA,ASML Holding NV,Equity,BUY,25000,146.05,3.6513,0.001694,3.653,EUR,0.92,SETTLED
TXN-202402343,2025-11-03,2025-11-05,CLT-1015,P-146,6758_JP,Sony Group Corp.,Equity,INTEREST,0,0.0,0.2033,0.000203,0.2031,JPY,152.0,SETTLED
TXN-202203931,2025-11-03,2025-11-05,CLT-1009,P-125,GOOGL,Alphabet Inc.,Equity,DIVIDEND,0,0.0,0.1601,0.00016,0.1599,USD,1.0,SETTLED
TXN-202501929,2025-11-04,2025-11-06,CLT-1023,P-169,RELIANCE_IN,Reliance Industries Ltd.,Equity,SELL,25000,317.57,7.9393,0.001413,7.9379,INR,86.5,SETTLED
TXN-202502494,2025-11-04,2025-11-06,CLT-1019,P-156,JPM,JPMorgan Chase & Co.,Equity,SELL,50000,120.87,6.0435,0.001838,6.0417,USD,1.0,SETTLED
TXN-202400588,2025-11-04,2025-11-06,CLT-1003,P-110,AAPL,Apple Inc.,Equity,BUY,25000,290.17,7.2542,0.003297,7.2575,USD,1.0,SETTLED
TXN-202301702,2025-11-04,2025-11-06,CLT-1005,P-114,AAPL,Apple Inc.,Equity,FEE,0,0.0,0.0123,0.0123,-0.0123,USD,1.0,SETTLED
TXN-202302082,2025-11-05,2025-11-07,CLT-1019,P-158,DBS_SP,DBS Group Holdings,Equity,SELL,1000,237.06,0.2371,5.8e-05,0.237,SGD,1.34,SETTLED
TXN-202404633,2025-11-05,2025-11-06,CLT-1024,P-170,IND_10Y_GSEC,India Sovereign G-Sec 7.18% 2033,Government Bonds,BUY,1000,102.06,0.1021,4.4e-05,0.1021,INR,86.5,SETTLED
TXN-202204241,2025-11-06,2025-11-07,CLT-1008,P-122,JGB_10Y,Japan Government Bond 10-Yr 0.8%,Government Bonds,INTEREST,0,0.0,0.0231,2.3e-05,0.0231,JPY,152.0,SETTLED
TXN-202402748,2025-11-06,2025-11-07,CLT-1012,P-134,INFRA_GLOBAL_TRUST,Global Infrastructure Core Income Note,Alternatives,BUY,1000,96.83,0.0968,2.8e-05,0.0968,USD,1.0,SETTLED
TXN-202201236,2025-11-06,2025-11-07,CLT-1021,P-161,USD_TREAS_MMF,Institutional USD Treasury Money Market Fund,Money Market,WITHDRAWAL,0,1.0,0.7378,0.0001,-0.7378,USD,1.0,SETTLED
TXN-202302932,2025-11-06,2025-11-07,CLT-1005,P-115,IND_10Y_GSEC,India Sovereign G-Sec 7.18% 2033,Government Bonds,INTEREST,0,0.0,0.067,6.7e-05,0.0669,INR,86.5,SETTLED
TXN-202202691,2025-11-07,2025-11-10,CLT-1011,P-130,US_10Y_UST,US Treasury 10-Yr Benchmark Note,Government Bonds,BUY,10000,96.85,0.9685,0.000316,0.9688,USD,1.0,SETTLED
TXN-202503359,2025-11-07,2025-11-10,CLT-1023,P-169,OPERATING_CASH,Operational Custody Cash Balance,Cash,BUY,50000,97.09,4.8545,0.001476,4.856,USD,1.0,SETTLED
TXN-202404053,2025-11-07,2025-11-11,CLT-1017,P-149,DBS_SP,DBS Group Holdings,Equity,BUY,1000,251.89,0.2519,5.8e-05,0.252,SGD,1.34,SETTLED
TXN-202104415,2025-11-07,2025-11-11,CLT-1023,P-167,BHARTIARTL_IN,Bharti Airtel Ltd.,Equity,TRANSFER,0,1.0,1.6843,0.0001,-1.6843,INR,86.5,SETTLED
TXN-202202811,2025-11-07,2025-11-11,CLT-1013,P-138,ICICIBANK_IN,ICICI Bank Ltd.,Equity,SELL,5000,105.34,0.5267,0.000156,0.5265,INR,86.5,PENDING
TXN-202501639,2025-11-10,2025-11-12,CLT-1001,P-102,7203_JP,Toyota Motor Corp.,Equity,BUY,500,312.38,0.1562,6.5e-05,0.1563,JPY,152.0,FAILED
TXN-202402763,2025-11-10,2025-11-11,CLT-1003,P-106,GLD_ETF,SPDR Gold Shares Institutional Trust,ETF,INTEREST,0,0.0,0.026,2.6e-05,0.026,USD,1.0,SETTLED
TXN-202301302,2025-11-10,2025-11-11,CLT-1003,P-107,USD_TREAS_MMF,Institutional USD Treasury Money Market Fund,Money Market,SELL,1000,96.34,0.0963,4e-05,0.0963,USD,1.0,SETTLED
TXN-202301057,2025-11-10,2025-11-12,CLT-1012,P-133,CORP_HY_USD,US High Yield Corporate Credit Note,Corporate Bonds,SELL,10000,100.72,1.0072,0.000192,1.007,USD,1.0,SETTLED
TXN-202100685,2025-11-10,2025-11-11,CLT-1022,P-164,JGB_10Y,Japan Government Bond 10-Yr 0.8%,Government Bonds,BUY,50000,100.61,5.0305,0.00236,5.0329,JPY,152.0,SETTLED
TXN-202300182,2025-11-10,2025-11-12,CLT-1018,P-155,GOOGL,Alphabet Inc.,Equity,DIVIDEND,0,0.0,0.2047,0.000205,0.2045,USD,1.0,SETTLED
TXN-202401478,2025-11-10,2025-11-11,CLT-1005,P-115,JGB_10Y,Japan Government Bond 10-Yr 0.8%,Government Bonds,BUY,1000,101.6,0.1016,3e-05,0.1016,JPY,152.0,SETTLED
TXN-202403033,2025-11-11,2025-11-13,CLT-1019,P-158,SHEL_LN,Shell PLC,Equity,DIVIDEND,0,0.0,0.2104,0.00021,0.2102,GBP,0.79,SETTLED
TXN-202503079,2025-11-11,2025-11-13,CLT-1020,P-159,INFY_IN,Infosys Ltd.,Equity,BUY,1000,271.2,0.2712,0.000128,0.2713,INR,86.5,SETTLED
TXN-202501204,2025-11-11,2025-11-12,CLT-1022,P-166,GLD_ETF,SPDR Gold Shares Institutional Trust,ETF,FEE,0,0.0,0.0273,0.0273,-0.0273,USD,1.0,SETTLED
TXN-202502264,2025-11-11,2025-11-12,CLT-1009,P-125,US_10Y_UST,US Treasury 10-Yr Benchmark Note,Government Bonds,BUY,50000,101.94,5.097,0.002385,5.0994,USD,1.0,SETTLED
TXN-202300737,2025-11-11,2025-11-13,CLT-1009,P-123,CORP_IG_EUR,Euro High Grade Corporate Bond Note,Corporate Bonds,BUY,5000,102.16,0.5108,0.000119,0.5109,EUR,0.92,SETTLED
TXN-202203426,2025-11-13,2025-11-17,CLT-1013,P-138,RELIANCE_IN,Reliance Industries Ltd.,Equity,INTEREST,0,0.0,0.1276,0.000128,0.1275,INR,86.5,SETTLED
TXN-202400083,2025-11-13,2025-11-17,CLT-1003,P-107,NVDA,NVIDIA Corp.,Equity,BUY,500,54.88,0.0274,7e-06,0.0274,USD,1.0,SETTLED
TXN-202300027,2025-11-13,2025-11-14,CLT-1001,P-103,GER_10Y_BUND,Germany Bund 2.60% 2033,Government Bonds,TRANSFER,0,1.0,1.0905,0.0001,-1.0905,EUR,0.92,SETTLED
TXN-202404838,2025-11-13,2025-11-17,CLT-1022,P-166,SAP_GY,SAP SE,Equity,BUY,500,214.51,0.1073,1.6e-05,0.1073,EUR,0.92,SETTLED
TXN-202402013,2025-11-13,2025-11-17,CLT-1025,P-174,RELIANCE_IN,Reliance Industries Ltd.,Equity,INTEREST,0,0.0,0.2126,0.000213,0.2124,INR,86.5,SETTLED
TXN-202501014,2025-11-14,2025-11-17,CLT-1010,P-129,INFRA_GLOBAL_TRUST,Global Infrastructure Core Income Note,Alternatives,BUY,50000,100.49,5.0245,0.000933,5.0254,USD,1.0,SETTLED
TXN-202303732,2025-11-17,2025-11-18,CLT-1006,P-117,INFRA_GLOBAL_TRUST,Global Infrastructure Core Income Note,Alternatives,SELL,1000,95.3,0.0953,4e-05,0.0953,USD,1.0,SETTLED
TXN-202301347,2025-11-17,2025-11-18,CLT-1002,P-104,UK_10Y_GILT,UK Gilt 3.75% 2033,Government Bonds,SELL,50000,97.73,4.8865,0.002002,4.8845,GBP,0.79,SETTLED
TXN-202400843,2025-11-17,2025-11-19,CLT-1012,P-132,ASML_NA,ASML Holding NV,Equity,SELL,5000,55.17,0.2758,4.2e-05,0.2758,EUR,0.92,SETTLED
TXN-202202521,2025-11-17,2025-11-19,CLT-1002,P-104,AZN_LN,AstraZeneca PLC,Equity,DEPOSIT,0,1.0,1.7715,0.0001,1.7715,GBP,0.79,SETTLED
TXN-202203831,2025-11-17,2025-11-19,CLT-1021,P-163,BHARTIARTL_IN,Bharti Airtel Ltd.,Equity,SELL,5000,175.21,0.876,0.000237,0.8758,INR,86.5,SETTLED
TXN-202204486,2025-11-17,2025-11-19,CLT-1018,P-155,UNH,UnitedHealth Group,Equity,DEPOSIT,0,1.0,3.3111,0.0001,3.3111,USD,1.0,SETTLED
TXN-202205026,2025-11-17,2025-11-19,CLT-1024,P-170,7203_JP,Toyota Motor Corp.,Equity,DIVIDEND,0,0.0,0.2107,0.000211,0.2105,JPY,152.0,SETTLED
TXN-202300092,2025-11-17,2025-11-19,CLT-1025,P-174,HDFCBANK_IN,HDFC Bank Ltd.,Equity,SELL,5000,311.62,1.5581,0.00064,1.5575,INR,86.5,SETTLED
TXN-202401533,2025-11-17,2025-11-19,CLT-1003,P-109,CORP_IG_EUR,Euro High Grade Corporate Bond Note,Corporate Bonds,FEE,0,0.0,0.0145,0.0145,-0.0145,EUR,0.92,SETTLED
TXN-202501549,2025-11-17,2025-11-19,CLT-1017,P-149,CORP_IG_EUR,Euro High Grade Corporate Bond Note,Corporate Bonds,SELL,5000,100.94,0.5047,0.000241,0.5045,EUR,0.92,SETTLED
TXN-202400423,2025-11-18,2025-11-20,CLT-1014,P-141,LT_IN,Larsen & Toubro Ltd.,Equity,FEE,0,0.0,0.0131,0.0131,-0.0131,INR,86.5,SETTLED
TXN-202204391,2025-11-18,2025-11-20,CLT-1023,P-169,BHARTIARTL_IN,Bharti Airtel Ltd.,Equity,INTEREST,0,0.0,0.0448,4.5e-05,0.0448,INR,86.5,SETTLED
TXN-202404918,2025-11-19,2025-11-21,CLT-1017,P-150,CORP_IG_EUR,Euro High Grade Corporate Bond Note,Corporate Bonds,BUY,50000,98.73,4.9365,0.001003,4.9375,EUR,0.92,SETTLED
TXN-202103590,2025-11-19,2025-11-21,CLT-1018,P-153,INFY_IN,Infosys Ltd.,Equity,BUY,5000,98.09,0.4904,0.000216,0.4906,INR,86.5,SETTLED
TXN-202304722,2025-11-19,2025-11-21,CLT-1020,P-159,XOM,Exxon Mobil Corp.,Equity,BUY,25000,270.2,6.755,0.003095,6.7581,USD,1.0,FAILED
TXN-202400703,2025-11-20,2025-11-21,CLT-1024,P-172,INFRA_GLOBAL_TRUST,Global Infrastructure Core Income Note,Alternatives,FEE,0,0.0,0.029,0.029,-0.029,USD,1.0,SETTLED
TXN-202200931,2025-11-20,2025-11-24,CLT-1002,P-104,CORP_IG_USD,US Investment Grade Corporate Bond Fund,Corporate Bonds,SELL,500,97.56,0.0488,2e-05,0.0488,USD,1.0,SETTLED
TXN-202402843,2025-11-20,2025-11-24,CLT-1005,P-115,NVDA,NVIDIA Corp.,Equity,FEE,0,0.0,0.0328,0.0328,-0.0328,USD,1.0,SETTLED
TXN-202400548,2025-11-20,2025-11-24,CLT-1019,P-157,AZN_LN,AstraZeneca PLC,Equity,BUY,10000,203.85,2.0385,0.000703,2.0392,GBP,0.79,SETTLED
TXN-202404438,2025-11-20,2025-11-21,CLT-1009,P-124,UK_10Y_GILT,UK Gilt 3.75% 2033,Government Bonds,BUY,5000,100.62,0.5031,0.000194,0.5033,GBP,0.79,SETTLED
TXN-202102410,2025-11-20,2025-11-24,CLT-1014,P-141,AZN_LN,AstraZeneca PLC,Equity,BUY,2500,156.34,0.3908,7.2e-05,0.3909,GBP,0.79,SETTLED
TXN-202301067,2025-11-21,2025-11-25,CLT-1025,P-174,JPM,JPMorgan Chase & Co.,Equity,FEE,0,0.0,0.0059,0.0059,-0.0059,USD,1.0,SETTLED
TXN-202303782,2025-11-21,2025-11-25,CLT-1019,P-157,GOOGL,Alphabet Inc.,Equity,BUY,50000,126.11,6.3055,0.002251,6.3078,USD,1.0,SETTLED
TXN-202202846,2025-11-24,2025-11-26,CLT-1022,P-165,XOM,Exxon Mobil Corp.,Equity,SELL,50000,71.6,3.58,0.001264,3.5787,USD,1.0,SETTLED
TXN-202404738,2025-11-24,2025-11-26,CLT-1009,P-125,GOOGL,Alphabet Inc.,Equity,SELL,1000,281.97,0.282,6.6e-05,0.2819,USD,1.0,SETTLED
TXN-202500454,2025-11-24,2025-11-25,CLT-1015,P-145,GER_10Y_BUND,Germany Bund 2.60% 2033,Government Bonds,BUY,10000,102.87,1.0287,0.000184,1.0289,EUR,0.92,SETTLED
TXN-202501104,2025-11-24,2025-11-26,CLT-1010,P-126,INFY_IN,Infosys Ltd.,Equity,SELL,50000,291.06,14.553,0.006964,14.546,INR,86.5,SETTLED
TXN-202303167,2025-11-24,2025-11-25,CLT-1010,P-127,INR_OVERNIGHT_CASH,Institutional INR Overnight Liquid Fund,Money Market,SELL,1000,99.28,0.0993,3.8e-05,0.0993,INR,86.5,SETTLED
TXN-202102470,2025-11-24,2025-11-26,CLT-1012,P-135,MSFT,Microsoft Corp.,Equity,BUY,1000,254.87,0.2549,6e-05,0.255,USD,1.0,SETTLED
TXN-202404903,2025-11-24,2025-11-25,CLT-1002,P-105,JGB_10Y,Japan Government Bond 10-Yr 0.8%,Government Bonds,SELL,500,102.2,0.0511,1.2e-05,0.0511,JPY,152.0,SETTLED
TXN-202102800,2025-11-25,2025-11-27,CLT-1001,P-101,AMZN,Amazon.com Inc.,Equity,SELL,2500,52.88,0.1322,2.7e-05,0.1322,USD,1.0,SETTLED
TXN-202501874,2025-11-25,2025-11-27,CLT-1018,P-152,ASML_NA,ASML Holding NV,Equity,INTEREST,0,0.0,0.2125,0.000212,0.2123,EUR,0.92,SETTLED
TXN-202203411,2025-11-25,2025-11-27,CLT-1014,P-142,NOVN_SW,Novartis AG,Equity,BUY,10000,121.33,1.2133,0.000556,1.2139,CHF,0.88,SETTLED
TXN-202200561,2025-11-25,2025-11-26,CLT-1015,P-147,OPERATING_CASH,Operational Custody Cash Balance,Cash,FEE,0,0.0,0.0395,0.0395,-0.0395,USD,1.0,SETTLED
TXN-202402058,2025-11-25,2025-11-27,CLT-1007,P-119,NOVN_SW,Novartis AG,Equity,BUY,50000,281.17,14.0585,0.003423,14.0619,CHF,0.88,SETTLED
TXN-202104130,2025-11-25,2025-11-26,CLT-1015,P-144,INR_OVERNIGHT_CASH,Institutional INR Overnight Liquid Fund,Money Market,DIVIDEND,0,0.0,0.2356,0.000236,0.2354,INR,86.5,SETTLED
TXN-202103070,2025-11-26,2025-11-28,CLT-1015,P-146,AMZN,Amazon.com Inc.,Equity,SELL,50000,290.01,14.5005,0.002835,14.4977,USD,1.0,SETTLED
TXN-202301822,2025-11-26,2025-11-28,CLT-1015,P-144,DBS_SP,DBS Group Holdings,Equity,SELL,5000,269.99,1.3499,0.000329,1.3496,SGD,1.34,SETTLED
TXN-202404258,2025-11-26,2025-11-27,CLT-1018,P-152,GER_10Y_BUND,Germany Bund 2.60% 2033,Government Bonds,BUY,500,95.28,0.0476,1.8e-05,0.0476,EUR,0.92,SETTLED
TXN-202104785,2025-11-28,2025-12-02,CLT-1008,P-121,GOOGL,Alphabet Inc.,Equity,SELL,2500,265.34,0.6633,0.000137,0.6632,USD,1.0,SETTLED
TXN-202400983,2025-12-01,2025-12-03,CLT-1005,P-115,TCS_IN,Tata Consultancy Services,Equity,INTEREST,0,0.0,0.1427,0.000143,0.1426,INR,86.5,SETTLED
TXN-202102240,2025-12-01,2025-12-02,CLT-1010,P-129,US_10Y_UST,US Treasury 10-Yr Benchmark Note,Government Bonds,INTEREST,0,0.0,0.0299,3e-05,0.0299,USD,1.0,SETTLED
TXN-202203726,2025-12-01,2025-12-03,CLT-1005,P-115,ICICIBANK_IN,ICICI Bank Ltd.,Equity,BUY,25000,73.85,1.8462,0.000735,1.8469,INR,86.5,SETTLED
TXN-202100490,2025-12-01,2025-12-03,CLT-1013,P-138,JPM,JPMorgan Chase & Co.,Equity,SELL,2500,349.83,0.8746,0.000267,0.8743,USD,1.0,SETTLED
TXN-202402873,2025-12-01,2025-12-02,CLT-1003,P-108,PLD_REIT,Prologis Global Logistics REIT,REIT,BUY,10000,96.44,0.9644,0.000356,0.9648,USD,1.0,SETTLED
TXN-202201991,2025-12-01,2025-12-03,CLT-1008,P-121,ICICIBANK_IN,ICICI Bank Ltd.,Equity,BUY,50000,223.39,11.1695,0.003751,11.1733,INR,86.5,SETTLED
TXN-202204976,2025-12-01,2025-12-02,CLT-1017,P-151,GLD_ETF,SPDR Gold Shares Institutional Trust,ETF,BUY,500,95.08,0.0475,1.3e-05,0.0475,USD,1.0,SETTLED
TXN-202302177,2025-12-01,2025-12-02,CLT-1001,P-101,UK_10Y_GILT,UK Gilt 3.75% 2033,Government Bonds,BUY,5000,99.33,0.4966,8.5e-05,0.4967,GBP,0.79,SETTLED
TXN-202503679,2025-12-01,2025-12-03,CLT-1008,P-122,RELIANCE_IN,Reliance Industries Ltd.,Equity,SELL,50000,72.81,3.6405,0.001725,3.6388,INR,86.5,SETTLED
TXN-202405088,2025-12-01,2025-12-03,CLT-1025,P-173,ICICIBANK_IN,ICICI Bank Ltd.,Equity,FEE,0,0.0,0.0353,0.0353,-0.0353,INR,86.5,SETTLED
TXN-202202156,2025-12-01,2025-12-03,CLT-1006,P-118,UNH,UnitedHealth Group,Equity,DIVIDEND,0,0.0,0.152,0.000152,0.1518,USD,1.0,SETTLED
TXN-202400308,2025-12-02,2025-12-03,CLT-1011,P-130,USD_TREAS_MMF,Institutional USD Treasury Money Market Fund,Money Market,DIVIDEND,0,0.0,0.0403,4e-05,0.0403,USD,1.0,SETTLED
TXN-202204041,2025-12-02,2025-12-03,CLT-1017,P-150,OPERATING_CASH,Operational Custody Cash Balance,Cash,SELL,2500,99.2,0.248,8.7e-05,0.2479,USD,1.0,SETTLED
TXN-202100425,2025-12-03,2025-12-04,CLT-1019,P-157,US_5Y_UST,US Treasury 5-Yr Benchmark Note,Government Bonds,BUY,500,98.55,0.0493,2e-05,0.0493,USD,1.0,SETTLED
TXN-202404538,2025-12-03,2025-12-04,CLT-1013,P-138,GER_10Y_BUND,Germany Bund 2.60% 2033,Government Bonds,SELL,1000,97.2,0.0972,4e-05,0.0972,EUR,0.92,SETTLED
TXN-202500594,2025-12-04,2025-12-08,CLT-1024,P-170,ICICIBANK_IN,ICICI Bank Ltd.,Equity,SELL,25000,78.44,1.961,0.000817,1.9602,INR,86.5,SETTLED
TXN-202401273,2025-12-04,2025-12-05,CLT-1010,P-128,USD_TREAS_MMF,Institutional USD Treasury Money Market Fund,Money Market,SELL,10000,100.59,1.0059,0.000419,1.0055,USD,1.0,SETTLED
TXN-202503354,2025-12-04,2025-12-05,CLT-1023,P-168,IND_10Y_GSEC,India Sovereign G-Sec 7.18% 2033,Government Bonds,BUY,10000,98.71,0.9871,0.000307,0.9874,INR,86.5,SETTLED
TXN-202101630,2025-12-05,2025-12-09,CLT-1022,P-166,RELIANCE_IN,Reliance Industries Ltd.,Equity,SELL,1000,183.72,0.1837,9.2e-05,0.1836,INR,86.5,SETTLED
TXN-202403398,2025-12-05,2025-12-09,CLT-1011,P-130,SHEL_LN,Shell PLC,Equity,SELL,2500,312.03,0.7801,0.000182,0.7799,GBP,0.79,SETTLED
TXN-202401678,2025-12-05,2025-12-09,CLT-1017,P-149,XOM,Exxon Mobil Corp.,Equity,SELL,1000,66.93,0.0669,2.9e-05,0.0669,USD,1.0,SETTLED
TXN-202304022,2025-12-05,2025-12-08,CLT-1023,P-168,EUR_LIQUIDITY_FUND,EUR Institutional Liquidity Master Fund,Money Market,BUY,2500,97.64,0.2441,7.9e-05,0.2442,EUR,0.92,FAILED
TXN-202504014,2025-12-05,2025-12-09,CLT-1020,P-159,TCS_IN,Tata Consultancy Services,Equity,BUY,10000,127.38,1.2738,0.000386,1.2742,INR,86.5,SETTLED
TXN-202404298,2025-12-08,2025-12-10,CLT-1013,P-137,AMZN,Amazon.com Inc.,Equity,SELL,500,270.33,0.1352,2.9e-05,0.1352,USD,1.0,SETTLED
TXN-202200511,2025-12-08,2025-12-10,CLT-1012,P-133,TCS_IN,Tata Consultancy Services,Equity,SELL,2500,164.44,0.4111,9.4e-05,0.411,INR,86.5,SETTLED
TXN-202103560,2025-12-08,2025-12-10,CLT-1023,P-168,CORP_IG_EUR,Euro High Grade Corporate Bond Note,Corporate Bonds,SELL,1000,97.9,0.0979,1.9e-05,0.0979,EUR,0.92,SETTLED
TXN-202204276,2025-12-08,2025-12-09,CLT-1013,P-138,JGB_10Y,Japan Government Bond 10-Yr 0.8%,Government Bonds,FEE,0,0.0,0.0382,0.0382,-0.0382,JPY,152.0,SETTLED
TXN-202103405,2025-12-08,2025-12-09,CLT-1007,P-119,INR_OVERNIGHT_CASH,Institutional INR Overnight Liquid Fund,Money Market,SELL,1000,101.95,0.1019,3.1e-05,0.1019,INR,86.5,SETTLED
TXN-202302977,2025-12-08,2025-12-10,CLT-1009,P-125,MSFT,Microsoft Corp.,Equity,BUY,25000,234.19,5.8548,0.001886,5.8567,USD,1.0,SETTLED
TXN-202403353,2025-12-08,2025-12-09,CLT-1019,P-157,JGB_10Y,Japan Government Bond 10-Yr 0.8%,Government Bonds,BUY,1000,100.49,0.1005,5e-05,0.1006,JPY,152.0,SETTLED
TXN-202504599,2025-12-08,2025-12-10,CLT-1003,P-107,SAP_GY,SAP SE,Equity,FEE,0,0.0,0.0444,0.0444,-0.0444,EUR,0.92,SETTLED
TXN-202502719,2025-12-08,2025-12-10,CLT-1019,P-157,JPM,JPMorgan Chase & Co.,Equity,BUY,500,333.37,0.1667,6.9e-05,0.1668,USD,1.0,SETTLED
TXN-202404708,2025-12-08,2025-12-10,CLT-1005,P-114,INFY_IN,Infosys Ltd.,Equity,DIVIDEND,0,0.0,0.1322,0.000132,0.1321,INR,86.5,SETTLED
TXN-202501574,2025-12-08,2025-12-10,CLT-1006,P-118,CORP_IG_USD,US Investment Grade Corporate Bond Fund,Corporate Bonds,BUY,1000,98.2,0.0982,4.6e-05,0.0982,USD,1.0,SETTLED
TXN-202505174,2025-12-09,2025-12-10,CLT-1015,P-144,PLD_REIT,Prologis Global Logistics REIT,REIT,SELL,500,101.79,0.0509,1.2e-05,0.0509,USD,1.0,SETTLED
TXN-202500899,2025-12-09,2025-12-10,CLT-1012,P-132,US_5Y_UST,US Treasury 5-Yr Benchmark Note,Government Bonds,SELL,25000,101.11,2.5278,0.000847,2.527,USD,1.0,SETTLED
TXN-202403798,2025-12-09,2025-12-11,CLT-1014,P-142,AMZN,Amazon.com Inc.,Equity,FEE,0,0.0,0.0246,0.0246,-0.0246,USD,1.0,SETTLED
TXN-202200676,2025-12-09,2025-12-11,CLT-1015,P-145,CORP_HY_USD,US High Yield Corporate Credit Note,Corporate Bonds,TRANSFER,0,1.0,3.4823,0.0001,-3.4823,USD,1.0,SETTLED
TXN-202202321,2025-12-09,2025-12-11,CLT-1009,P-124,GOOGL,Alphabet Inc.,Equity,SELL,10000,269.27,2.6927,0.00045,2.6923,USD,1.0,SETTLED
TXN-202100845,2025-12-10,2025-12-12,CLT-1013,P-137,ASML_NA,ASML Holding NV,Equity,BUY,1000,172.11,0.1721,2.7e-05,0.1721,EUR,0.92,SETTLED
TXN-202200386,2025-12-11,2025-12-15,CLT-1003,P-107,AMZN,Amazon.com Inc.,Equity,BUY,1000,188.27,0.1883,5.7e-05,0.1884,USD,1.0,SETTLED
TXN-202401763,2025-12-12,2025-12-16,CLT-1011,P-131,ASML_NA,ASML Holding NV,Equity,SELL,2500,208.09,0.5202,0.000244,0.52,EUR,0.92,SETTLED
TXN-202402588,2025-12-12,2025-12-16,CLT-1004,P-111,AAPL,Apple Inc.,Equity,DIVIDEND,0,0.0,0.0654,6.5e-05,0.0653,USD,1.0,PENDING
TXN-202102420,2025-12-12,2025-12-16,CLT-1004,P-111,NOVN_SW,Novartis AG,Equity,SELL,2500,120.46,0.3011,8.3e-05,0.301,CHF,0.88,SETTLED
TXN-202100620,2025-12-15,2025-12-17,CLT-1023,P-169,ICICIBANK_IN,ICICI Bank Ltd.,Equity,BUY,10000,227.58,2.2758,0.000577,2.2764,INR,86.5,SETTLED
TXN-202200761,2025-12-15,2025-12-16,CLT-1007,P-120,GLD_ETF,SPDR Gold Shares Institutional Trust,ETF,SELL,2500,102.92,0.2573,5.8e-05,0.2572,USD,1.0,SETTLED
TXN-202400218,2025-12-15,2025-12-17,CLT-1010,P-127,ASML_NA,ASML Holding NV,Equity,SELL,10000,312.67,3.1267,0.000813,3.1259,EUR,0.92,SETTLED
TXN-202500559,2025-12-15,2025-12-16,CLT-1018,P-154,JGB_10Y,Japan Government Bond 10-Yr 0.8%,Government Bonds,SELL,5000,102.62,0.5131,0.00016,0.5129,JPY,152.0,SETTLED
TXN-202501489,2025-12-15,2025-12-16,CLT-1024,P-170,IND_10Y_GSEC,India Sovereign G-Sec 7.18% 2033,Government Bonds,FEE,0,0.0,0.0121,0.0121,-0.0121,INR,86.5,SETTLED
TXN-202202561,2025-12-15,2025-12-17,CLT-1015,P-146,GOOGL,Alphabet Inc.,Equity,BUY,500,139.43,0.0697,1.1e-05,0.0697,USD,1.0,SETTLED
TXN-202501034,2025-12-15,2025-12-17,CLT-1003,P-106,NOVN_SW,Novartis AG,Equity,BUY,2500,238.14,0.5954,0.000211,0.5956,CHF,0.88,SETTLED
TXN-202200356,2025-12-15,2025-12-17,CLT-1017,P-150,ICICIBANK_IN,ICICI Bank Ltd.,Equity,SELL,50000,323.09,16.1545,0.005011,16.1495,INR,86.5,SETTLED
TXN-202403893,2025-12-15,2025-12-17,CLT-1010,P-128,TCS_IN,Tata Consultancy Services,Equity,INTEREST,0,0.0,0.2357,0.000236,0.2355,INR,86.5,SETTLED
TXN-202100410,2025-12-17,2025-12-19,CLT-1010,P-128,CORP_IG_USD,US Investment Grade Corporate Bond Fund,Corporate Bonds,BUY,1000,98.69,0.0987,2.6e-05,0.0987,USD,1.0,SETTLED
TXN-202201906,2025-12-18,2025-12-22,CLT-1001,P-101,CORP_IG_EUR,Euro High Grade Corporate Bond Note,Corporate Bonds,SELL,5000,97.57,0.4878,0.000206,0.4876,EUR,0.92,SETTLED
TXN-202200621,2025-12-18,2025-12-19,CLT-1009,P-125,USD_TREAS_MMF,Institutional USD Treasury Money Market Fund,Money Market,SELL,2500,96.99,0.2425,6.8e-05,0.2424,USD,1.0,SETTLED
TXN-202501419,2025-12-18,2025-12-22,CLT-1010,P-127,TCS_IN,Tata Consultancy Services,Equity,BUY,1000,296.93,0.2969,6.1e-05,0.297,INR,86.5,SETTLED
TXN-202504129,2025-12-19,2025-12-23,CLT-1015,P-147,DBS_SP,DBS Group Holdings,Equity,BUY,5000,56.61,0.2831,5e-05,0.2832,SGD,1.34,SETTLED
TXN-202302902,2025-12-19,2025-12-23,CLT-1018,P-152,UNH,UnitedHealth Group,Equity,INTEREST,0,0.0,0.0561,5.6e-05,0.056,USD,1.0,SETTLED
TXN-202300642,2025-12-22,2025-12-24,CLT-1013,P-139,GOOGL,Alphabet Inc.,Equity,BUY,25000,234.1,5.8525,0.002039,5.8545,USD,1.0,SETTLED
TXN-202302447,2025-12-22,2025-12-24,CLT-1003,P-107,INFY_IN,Infosys Ltd.,Equity,SELL,25000,54.68,1.367,0.00057,1.3664,INR,86.5,SETTLED
TXN-202303472,2025-12-22,2025-12-24,CLT-1003,P-106,AZN_LN,AstraZeneca PLC,Equity,DIVIDEND,0,0.0,0.2195,0.000219,0.2193,GBP,0.79,SETTLED
TXN-202201241,2025-12-22,2025-12-24,CLT-1005,P-114,JPM,JPMorgan Chase & Co.,Equity,WITHDRAWAL,0,1.0,1.2394,0.0001,-1.2394,USD,1.0,SETTLED
TXN-202100650,2025-12-23,2025-12-25,CLT-1010,P-127,MSFT,Microsoft Corp.,Equity,BUY,5000,94.12,0.4706,8.9e-05,0.4707,USD,1.0,SETTLED
TXN-202201511,2025-12-23,2025-12-25,CLT-1002,P-105,RELIANCE_IN,Reliance Industries Ltd.,Equity,BUY,5000,52.12,0.2606,7.6e-05,0.2607,INR,86.5,SETTLED
TXN-202102605,2025-12-23,2025-12-25,CLT-1008,P-121,DBS_SP,DBS Group Holdings,Equity,SELL,50000,77.29,3.8645,0.001592,3.8629,SGD,1.34,SETTLED
TXN-202403683,2025-12-24,2025-12-26,CLT-1001,P-103,NOVN_SW,Novartis AG,Equity,TRANSFER,0,1.0,2.0214,0.0001,-2.0214,CHF,0.88,SETTLED
TXN-202303177,2025-12-24,2025-12-25,CLT-1003,P-109,JGB_10Y,Japan Government Bond 10-Yr 0.8%,Government Bonds,SELL,1000,97.17,0.0972,3e-05,0.0972,JPY,152.0,SETTLED
TXN-202503744,2025-12-26,2025-12-30,CLT-1013,P-136,NOVN_SW,Novartis AG,Equity,TRANSFER,0,1.0,1.9067,0.0001,-1.9067,CHF,0.88,SETTLED
TXN-202301557,2025-12-29,2025-12-30,CLT-1021,P-163,GLD_ETF,SPDR Gold Shares Institutional Trust,ETF,BUY,2500,101.03,0.2526,4.9e-05,0.2526,USD,1.0,SETTLED
TXN-202200861,2025-12-29,2025-12-31,CLT-1019,P-158,JPM,JPMorgan Chase & Co.,Equity,FEE,0,0.0,0.0186,0.0186,-0.0186,USD,1.0,SETTLED
TXN-202300417,2025-12-29,2025-12-31,CLT-1007,P-120,AMZN,Amazon.com Inc.,Equity,SELL,1000,240.83,0.2408,6.5e-05,0.2407,USD,1.0,SETTLED
TXN-202500329,2025-12-29,2025-12-31,CLT-1016,P-148,7203_JP,Toyota Motor Corp.,Equity,BUY,25000,131.8,3.295,0.001439,3.2964,JPY,152.0,SETTLED
TXN-202503904,2025-12-29,2025-12-31,CLT-1017,P-150,MSFT,Microsoft Corp.,Equity,SELL,500,272.28,0.1361,2.4e-05,0.1361,USD,1.0,SETTLED
TXN-202401318,2025-12-30,2025-12-31,CLT-1003,P-106,IND_10Y_GSEC,India Sovereign G-Sec 7.18% 2033,Government Bonds,SELL,1000,95.67,0.0957,3.2e-05,0.0957,INR,86.5,SETTLED
TXN-202300222,2025-12-30,2026-01-01,CLT-1024,P-170,ICICIBANK_IN,ICICI Bank Ltd.,Equity,SELL,500,191.39,0.0957,4.2e-05,0.0957,INR,86.5,SETTLED
TXN-202404643,2025-12-30,2026-01-01,CLT-1018,P-154,NOVN_SW,Novartis AG,Equity,SELL,50000,126.02,6.301,0.001927,6.2991,CHF,0.88,SETTLED
TXN-202303102,2025-12-30,2026-01-01,CLT-1024,P-171,AMZN,Amazon.com Inc.,Equity,DIVIDEND,0,0.0,0.024,2.4e-05,0.024,USD,1.0,SETTLED
TXN-202201666,2025-12-31,2026-01-02,CLT-1012,P-134,NVDA,NVIDIA Corp.,Equity,BUY,2500,243.08,0.6077,0.000281,0.608,USD,1.0,SETTLED
TXN-202403648,2025-12-31,2026-01-02,CLT-1010,P-128,NOVN_SW,Novartis AG,Equity,BUY,10000,300.79,3.0079,0.000668,3.0086,CHF,0.88,SETTLED
TXN-202404163,2025-12-31,2026-01-02,CLT-1006,P-118,ASML_NA,ASML Holding NV,Equity,FEE,0,0.0,0.0079,0.0079,-0.0079,EUR,0.92,PENDING
TXN-202503834,2025-12-31,2026-01-01,CLT-1012,P-132,GLD_ETF,SPDR Gold Shares Institutional Trust,ETF,SELL,25000,101.96,2.549,0.000924,2.5481,USD,1.0,SETTLED
TXN-202101275,2026-01-01,2026-01-05,CLT-1009,P-123,6758_JP,Sony Group Corp.,Equity,TRANSFER,0,1.0,1.3422,0.0001,-1.3422,JPY,152.0,SETTLED
TXN-202103710,2026-01-01,2026-01-02,CLT-1019,P-158,US_10Y_UST,US Treasury 10-Yr Benchmark Note,Government Bonds,INTEREST,0,0.0,0.0759,7.6e-05,0.0758,USD,1.0,SETTLED
TXN-202400918,2026-01-01,2026-01-05,CLT-1001,P-102,TCS_IN,Tata Consultancy Services,Equity,BUY,1000,294.31,0.2943,0.000147,0.2944,INR,86.5,PENDING
TXN-202504594,2026-01-01,2026-01-02,CLT-1022,P-164,IND_10Y_GSEC,India Sovereign G-Sec 7.18% 2033,Government Bonds,BUY,1000,101.12,0.1011,2.3e-05,0.1011,INR,86.5,SETTLED
TXN-202504844,2026-01-02,2026-01-06,CLT-1017,P-149,XOM,Exxon Mobil Corp.,Equity,BUY,25000,85.69,2.1423,0.000899,2.1432,USD,1.0,SETTLED
TXN-202301167,2026-01-02,2026-01-06,CLT-1002,P-104,NOVN_SW,Novartis AG,Equity,SELL,50000,138.87,6.9435,0.001578,6.9419,CHF,0.88,SETTLED
TXN-202105070,2026-01-05,2026-01-07,CLT-1007,P-120,TCS_IN,Tata Consultancy Services,Equity,DEPOSIT,0,1.0,2.7976,0.0001,2.7976,INR,86.5,SETTLED
TXN-202200871,2026-01-05,2026-01-07,CLT-1018,P-154,INFY_IN,Infosys Ltd.,Equity,BUY,1000,62.7,0.0627,1.9e-05,0.0627,INR,86.5,SETTLED
TXN-202504624,2026-01-05,2026-01-07,CLT-1011,P-130,INFY_IN,Infosys Ltd.,Equity,DIVIDEND,0,0.0,0.1796,0.00018,0.1794,INR,86.5,SETTLED
TXN-202203826,2026-01-05,2026-01-07,CLT-1008,P-121,SAP_GY,SAP SE,Equity,BUY,10000,132.23,1.3223,0.000547,1.3228,EUR,0.92,SETTLED
TXN-202202251,2026-01-05,2026-01-07,CLT-1022,P-164,AAPL,Apple Inc.,Equity,SELL,2500,322.32,0.8058,0.000395,0.8054,USD,1.0,SETTLED
TXN-202204821,2026-01-05,2026-01-07,CLT-1020,P-159,ICICIBANK_IN,ICICI Bank Ltd.,Equity,SELL,500,194.71,0.0974,4.7e-05,0.0974,INR,86.5,SETTLED
TXN-202205176,2026-01-05,2026-01-06,CLT-1014,P-143,US_10Y_UST,US Treasury 10-Yr Benchmark Note,Government Bonds,SELL,25000,97.77,2.4442,0.001161,2.443,USD,1.0,SETTLED
TXN-202103750,2026-01-05,2026-01-07,CLT-1023,P-167,6758_JP,Sony Group Corp.,Equity,DIVIDEND,0,0.0,0.042,4.2e-05,0.042,JPY,152.0,SETTLED
TXN-202503229,2026-01-05,2026-01-07,CLT-1017,P-150,6758_JP,Sony Group Corp.,Equity,BUY,2500,133.76,0.3344,0.000148,0.3345,JPY,152.0,SETTLED
TXN-202103520,2026-01-06,2026-01-07,CLT-1003,P-107,IND_10Y_GSEC,India Sovereign G-Sec 7.18% 2033,Government Bonds,SELL,25000,102.13,2.5532,0.001051,2.5521,INR,86.5,SETTLED
TXN-202400093,2026-01-06,2026-01-08,CLT-1020,P-159,MSFT,Microsoft Corp.,Equity,BUY,5000,245.18,1.2259,0.000378,1.2263,USD,1.0,SETTLED
TXN-202501409,2026-01-06,2026-01-08,CLT-1025,P-174,GOOGL,Alphabet Inc.,Equity,SELL,25000,93.73,2.3432,0.001057,2.3421,USD,1.0,SETTLED
TXN-202101005,2026-01-07,2026-01-08,CLT-1015,P-147,US_5Y_UST,US Treasury 5-Yr Benchmark Note,Government Bonds,DIVIDEND,0,0.0,0.1045,0.000104,0.1044,USD,1.0,SETTLED
TXN-202200741,2026-01-07,2026-01-09,CLT-1003,P-108,INFY_IN,Infosys Ltd.,Equity,SELL,500,185.41,0.0927,4.1e-05,0.0927,INR,86.5,SETTLED
TXN-202404628,2026-01-07,2026-01-09,CLT-1003,P-109,AZN_LN,AstraZeneca PLC,Equity,INTEREST,0,0.0,0.218,0.000218,0.2178,GBP,0.79,SETTLED
TXN-202204091,2026-01-07,2026-01-08,CLT-1003,P-107,GLD_ETF,SPDR Gold Shares Institutional Trust,ETF,SELL,2500,99.13,0.2478,6.4e-05,0.2477,USD,1.0,SETTLED
TXN-202203746,2026-01-08,2026-01-09,CLT-1002,P-104,UK_10Y_GILT,UK Gilt 3.75% 2033,Government Bonds,SELL,10000,100.73,1.0073,0.000151,1.0071,GBP,0.79,SETTLED
TXN-202204566,2026-01-09,2026-01-13,CLT-1013,P-140,AAPL,Apple Inc.,Equity,DIVIDEND,0,0.0,0.1582,0.000158,0.158,USD,1.0,SETTLED
TXN-202503384,2026-01-09,2026-01-13,CLT-1012,P-135,CORP_IG_EUR,Euro High Grade Corporate Bond Note,Corporate Bonds,FEE,0,0.0,0.0091,0.0091,-0.0091,EUR,0.92,SETTLED
TXN-202104685,2026-01-09,2026-01-13,CLT-1001,P-102,UNH,UnitedHealth Group,Equity,SELL,10000,61.41,0.6141,0.00022,0.6139,USD,1.0,SETTLED
TXN-202400168,2026-01-12,2026-01-14,CLT-1016,P-148,7203_JP,Toyota Motor Corp.,Equity,BUY,5000,324.6,1.623,0.000379,1.6234,JPY,152.0,SETTLED
TXN-202103985,2026-01-12,2026-01-14,CLT-1010,P-129,SHEL_LN,Shell PLC,Equity,SELL,10000,291.85,2.9185,0.001254,2.9172,GBP,0.79,SETTLED
TXN-202502474,2026-01-12,2026-01-14,CLT-1009,P-125,DBS_SP,DBS Group Holdings,Equity,SELL,2500,297.55,0.7439,0.000147,0.7438,SGD,1.34,SETTLED
TXN-202504229,2026-01-12,2026-01-13,CLT-1016,P-148,INFRA_GLOBAL_TRUST,Global Infrastructure Core Income Note,Alternatives,BUY,5000,100.52,0.5026,0.000218,0.5028,USD,1.0,SETTLED
TXN-202300212,2026-01-12,2026-01-14,CLT-1015,P-144,UNH,UnitedHealth Group,Equity,SELL,25000,54.02,1.3505,0.000552,1.3499,USD,1.0,SETTLED
TXN-202300377,2026-01-12,2026-01-14,CLT-1017,P-149,AMZN,Amazon.com Inc.,Equity,BUY,2500,109.7,0.2742,6.1e-05,0.2743,USD,1.0,SETTLED
TXN-202404453,2026-01-12,2026-01-14,CLT-1018,P-154,SHEL_LN,Shell PLC,Equity,BUY,2500,277.48,0.6937,0.000194,0.6939,GBP,0.79,SETTLED
TXN-202305047,2026-01-12,2026-01-14,CLT-1008,P-122,LT_IN,Larsen & Toubro Ltd.,Equity,BUY,2500,182.99,0.4575,0.000146,0.4576,INR,86.5,SETTLED
TXN-202303972,2026-01-13,2026-01-14,CLT-1021,P-163,INFRA_GLOBAL_TRUST,Global Infrastructure Core Income Note,Alternatives,DIVIDEND,0,0.0,0.1334,0.000133,0.1333,USD,1.0,SETTLED
TXN-202404338,2026-01-13,2026-01-15,CLT-1005,P-112,INFY_IN,Infosys Ltd.,Equity,SELL,2500,278.09,0.6952,0.000194,0.695,INR,86.5,SETTLED
TXN-202301767,2026-01-13,2026-01-14,CLT-1002,P-105,IND_10Y_GSEC,India Sovereign G-Sec 7.18% 2033,Government Bonds,BUY,10000,99.03,0.9903,0.000341,0.9906,INR,86.5,SETTLED
TXN-202504839,2026-01-13,2026-01-14,CLT-1003,P-110,INFRA_GLOBAL_TRUST,Global Infrastructure Core Income Note,Alternatives,BUY,10000,98.54,0.9854,0.000248,0.9856,USD,1.0,SETTLED
TXN-202103805,2026-01-13,2026-01-15,CLT-1011,P-131,MSFT,Microsoft Corp.,Equity,BUY,500,73.63,0.0368,7e-06,0.0368,USD,1.0,SETTLED
TXN-202503004,2026-01-13,2026-01-15,CLT-1024,P-172,HDFCBANK_IN,HDFC Bank Ltd.,Equity,BUY,10000,112.28,1.1228,0.00035,1.1232,INR,86.5,SETTLED
TXN-202100440,2026-01-14,2026-01-15,CLT-1023,P-169,INFRA_GLOBAL_TRUST,Global Infrastructure Core Income Note,Alternatives,SELL,50000,100.09,5.0045,0.001296,5.0032,USD,1.0,SETTLED
TXN-202503764,2026-01-14,2026-01-15,CLT-1015,P-147,JGB_10Y,Japan Government Bond 10-Yr 0.8%,Government Bonds,SELL,2500,99.96,0.2499,0.000121,0.2498,JPY,152.0,SETTLED
TXN-202300072,2026-01-15,2026-01-16,CLT-1011,P-130,US_5Y_UST,US Treasury 5-Yr Benchmark Note,Government Bonds,SELL,2500,99.81,0.2495,8.3e-05,0.2494,USD,1.0,SETTLED
TXN-202401433,2026-01-15,2026-01-16,CLT-1003,P-108,US_10Y_UST,US Treasury 10-Yr Benchmark Note,Government Bonds,BUY,1000,95.45,0.0954,4.6e-05,0.0954,USD,1.0,SETTLED
TXN-202303537,2026-01-15,2026-01-16,CLT-1010,P-129,GLD_ETF,SPDR Gold Shares Institutional Trust,ETF,INTEREST,0,0.0,0.19,0.00019,0.1898,USD,1.0,SETTLED
TXN-202503669,2026-01-15,2026-01-16,CLT-1002,P-104,PLD_REIT,Prologis Global Logistics REIT,REIT,SELL,25000,98.22,2.4555,0.000636,2.4549,USD,1.0,SETTLED
TXN-202201301,2026-01-16,2026-01-20,CLT-1009,P-123,ASML_NA,ASML Holding NV,Equity,INTEREST,0,0.0,0.0929,9.3e-05,0.0928,EUR,0.92,SETTLED
TXN-202400958,2026-01-16,2026-01-20,CLT-1003,P-106,INFY_IN,Infosys Ltd.,Equity,INTEREST,0,0.0,0.1274,0.000127,0.1273,INR,86.5,SETTLED
TXN-202102675,2026-01-16,2026-01-19,CLT-1005,P-113,JGB_10Y,Japan Government Bond 10-Yr 0.8%,Government Bonds,BUY,1000,99.33,0.0993,4.7e-05,0.0993,JPY,152.0,FAILED
TXN-202204736,2026-01-16,2026-01-19,CLT-1017,P-149,GER_10Y_BUND,Germany Bund 2.60% 2033,Government Bonds,DIVIDEND,0,0.0,0.1807,0.000181,0.1805,EUR,0.92,SETTLED
TXN-202303962,2026-01-19,2026-01-21,CLT-1008,P-122,RELIANCE_IN,Reliance Industries Ltd.,Equity,BUY,25000,347.19,8.6798,0.001549,8.6813,INR,86.5,SETTLED
TXN-202102400,2026-01-19,2026-01-20,CLT-1003,P-110,JGB_10Y,Japan Government Bond 10-Yr 0.8%,Government Bonds,DIVIDEND,0,0.0,0.0662,6.6e-05,0.0661,JPY,152.0,SETTLED
TXN-202100375,2026-01-19,2026-01-21,CLT-1008,P-122,HDFCBANK_IN,HDFC Bank Ltd.,Equity,DEPOSIT,0,1.0,2.1375,0.0001,2.1375,INR,86.5,SETTLED
TXN-202502549,2026-01-19,2026-01-20,CLT-1018,P-154,EUR_LIQUIDITY_FUND,EUR Institutional Liquidity Master Fund,Money Market,DIVIDEND,0,0.0,0.2065,0.000207,0.2063,EUR,0.92,SETTLED
TXN-202304027,2026-01-19,2026-01-21,CLT-1002,P-105,CORP_HY_USD,US High Yield Corporate Credit Note,Corporate Bonds,INTEREST,0,0.0,0.0717,7.2e-05,0.0716,USD,1.0,SETTLED
TXN-202402933,2026-01-19,2026-01-20,CLT-1018,P-155,OPERATING_CASH,Operational Custody Cash Balance,Cash,SELL,5000,100.82,0.5041,0.00013,0.504,USD,1.0,SETTLED
TXN-202500304,2026-01-20,2026-01-22,CLT-1002,P-105,UNH,UnitedHealth Group,Equity,BUY,25000,151.25,3.7812,0.00176,3.783,USD,1.0,SETTLED
TXN-202204231,2026-01-20,2026-01-22,CLT-1020,P-160,AZN_LN,AstraZeneca PLC,Equity,INTEREST,0,0.0,0.2394,0.000239,0.2392,GBP,0.79,SETTLED
TXN-202203431,2026-01-20,2026-01-21,CLT-1014,P-141,PLD_REIT,Prologis Global Logistics REIT,REIT,WITHDRAWAL,0,1.0,0.9115,0.0001,-0.9115,USD,1.0,SETTLED
TXN-202501919,2026-01-20,2026-01-21,CLT-1017,P-149,GER_10Y_BUND,Germany Bund 2.60% 2033,Government Bonds,BUY,25000,99.8,2.495,0.001131,2.4961,EUR,0.92,SETTLED
TXN-202402203,2026-01-20,2026-01-22,CLT-1012,P-133,NOVN_SW,Novartis AG,Equity,BUY,10000,41.48,0.4148,6.7e-05,0.4149,CHF,0.88,SETTLED
TXN-202100870,2026-01-20,2026-01-22,CLT-1008,P-121,AAPL,Apple Inc.,Equity,SELL,1000,156.11,0.1561,5.3e-05,0.156,USD,1.0,SETTLED
TXN-202100765,2026-01-20,2026-01-22,CLT-1014,P-143,DBS_SP,DBS Group Holdings,Equity,SELL,10000,88.24,0.8824,0.000343,0.8821,SGD,1.34,SETTLED
TXN-202202721,2026-01-20,2026-01-22,CLT-1008,P-122,INFY_IN,Infosys Ltd.,Equity,BUY,1000,99.7,0.0997,4.8e-05,0.0997,INR,86.5,SETTLED
TXN-202301512,2026-01-21,2026-01-22,CLT-1003,P-108,EUR_LIQUIDITY_FUND,EUR Institutional Liquidity Master Fund,Money Market,BUY,1000,97.16,0.0972,4.3e-05,0.0972,EUR,0.92,SETTLED
TXN-202200296,2026-01-21,2026-01-23,CLT-1009,P-125,RELIANCE_IN,Reliance Industries Ltd.,Equity,DIVIDEND,0,0.0,0.088,8.8e-05,0.0879,INR,86.5,SETTLED
TXN-202302047,2026-01-22,2026-01-26,CLT-1020,P-159,AZN_LN,AstraZeneca PLC,Equity,FEE,0,0.0,0.0336,0.0336,-0.0336,GBP,0.79,SETTLED
TXN-202404688,2026-01-23,2026-01-27,CLT-1003,P-109,MSFT,Microsoft Corp.,Equity,SELL,500,262.98,0.1315,4.3e-05,0.1315,USD,1.0,SETTLED
TXN-202101620,2026-01-23,2026-01-27,CLT-1006,P-117,HDFCBANK_IN,HDFC Bank Ltd.,Equity,BUY,500,240.86,0.1204,1.9e-05,0.1204,INR,86.5,SETTLED
TXN-202402853,2026-01-23,2026-01-27,CLT-1017,P-150,SAP_GY,SAP SE,Equity,SELL,25000,293.43,7.3357,0.002278,7.3334,EUR,0.92,SETTLED
TXN-202200211,2026-01-26,2026-01-27,CLT-1018,P-155,IND_10Y_GSEC,India Sovereign G-Sec 7.18% 2033,Government Bonds,BUY,25000,99.46,2.4865,0.000993,2.4875,INR,86.5,SETTLED
TXN-202301457,2026-01-26,2026-01-28,CLT-1009,P-124,LT_IN,Larsen & Toubro Ltd.,Equity,SELL,1000,333.76,0.3338,0.00012,0.3337,INR,86.5,SETTLED
TXN-202204451,2026-01-26,2026-01-28,CLT-1011,P-130,JPM,JPMorgan Chase & Co.,Equity,SELL,50000,144.42,7.221,0.002337,7.2187,USD,1.0,SETTLED
TXN-202405133,2026-01-26,2026-01-27,CLT-1001,P-103,US_10Y_UST,US Treasury 10-Yr Benchmark Note,Government Bonds,SELL,10000,98.96,0.9896,0.000307,0.9893,USD,1.0,SETTLED
TXN-202303762,2026-01-26,2026-01-27,CLT-1013,P-137,US_5Y_UST,US Treasury 5-Yr Benchmark Note,Government Bonds,BUY,5000,97.05,0.4853,7.8e-05,0.4854,USD,1.0,SETTLED
TXN-202405018,2026-01-26,2026-01-27,CLT-1005,P-114,EUR_LIQUIDITY_FUND,EUR Institutional Liquidity Master Fund,Money Market,BUY,1000,101.41,0.1014,3e-05,0.1014,EUR,0.92,SETTLED
TXN-202502979,2026-01-26,2026-01-27,CLT-1009,P-125,PLD_REIT,Prologis Global Logistics REIT,REIT,SELL,10000,97.72,0.9772,0.000473,0.9767,USD,1.0,SETTLED
TXN-202200441,2026-01-26,2026-01-27,CLT-1012,P-133,EUR_LIQUIDITY_FUND,EUR Institutional Liquidity Master Fund,Money Market,BUY,2500,102.66,0.2566,9.9e-05,0.2567,EUR,0.92,SETTLED
TXN-202404573,2026-01-27,2026-01-29,CLT-1003,P-110,HDFCBANK_IN,HDFC Bank Ltd.,Equity,BUY,500,114.2,0.0571,1.1e-05,0.0571,INR,86.5,SETTLED
TXN-202303447,2026-01-28,2026-01-30,CLT-1015,P-144,AZN_LN,AstraZeneca PLC,Equity,SELL,500,330.43,0.1652,3.2e-05,0.1652,GBP,0.79,SETTLED
TXN-202103015,2026-01-28,2026-01-30,CLT-1022,P-166,CORP_IG_USD,US Investment Grade Corporate Bond Fund,Corporate Bonds,SELL,1000,99.37,0.0994,2e-05,0.0994,USD,1.0,SETTLED
TXN-202401348,2026-01-28,2026-01-30,CLT-1019,P-157,RELIANCE_IN,Reliance Industries Ltd.,Equity,SELL,10000,173.29,1.7329,0.000674,1.7322,INR,86.5,SETTLED
TXN-202400388,2026-01-28,2026-01-29,CLT-1005,P-115,JGB_10Y,Japan Government Bond 10-Yr 0.8%,Government Bonds,DIVIDEND,0,0.0,0.1977,0.000198,0.1975,JPY,152.0,SETTLED
TXN-202400848,2026-01-28,2026-01-30,CLT-1006,P-118,AZN_LN,AstraZeneca PLC,Equity,BUY,25000,190.63,4.7657,0.00108,4.7668,GBP,0.79,SETTLED
TXN-202401778,2026-01-29,2026-01-30,CLT-1007,P-119,GER_10Y_BUND,Germany Bund 2.60% 2033,Government Bonds,DIVIDEND,0,0.0,0.0433,4.3e-05,0.0433,EUR,0.92,SETTLED
TXN-202503599,2026-01-29,2026-02-02,CLT-1015,P-144,JPM,JPMorgan Chase & Co.,Equity,SELL,10000,266.9,2.669,0.001248,2.6678,USD,1.0,SETTLED
TXN-202404293,2026-01-30,2026-02-03,CLT-1012,P-133,LT_IN,Larsen & Toubro Ltd.,Equity,BUY,10000,269.25,2.6925,0.001067,2.6936,INR,86.5,SETTLED
TXN-202505149,2026-01-30,2026-02-03,CLT-1014,P-141,NOVN_SW,Novartis AG,Equity,BUY,500,334.37,0.1672,7.7e-05,0.1673,CHF,0.88,SETTLED
TXN-202402683,2026-01-30,2026-02-03,CLT-1011,P-130,MSFT,Microsoft Corp.,Equity,SELL,5000,283.23,1.4162,0.000336,1.4159,USD,1.0,SETTLED
TXN-202200806,2026-01-30,2026-02-03,CLT-1018,P-155,INFY_IN,Infosys Ltd.,Equity,BUY,2500,70.26,0.1757,8.4e-05,0.1758,INR,86.5,SETTLED
TXN-202303072,2026-01-30,2026-02-03,CLT-1017,P-151,DBS_SP,DBS Group Holdings,Equity,SELL,25000,313.42,7.8355,0.002126,7.8334,SGD,1.34,SETTLED
TXN-202200706,2026-01-30,2026-02-02,CLT-1014,P-142,GLD_ETF,SPDR Gold Shares Institutional Trust,ETF,FEE,0,0.0,0.0127,0.0127,-0.0127,USD,1.0,SETTLED
TXN-202203311,2026-02-02,2026-02-03,CLT-1001,P-102,US_5Y_UST,US Treasury 5-Yr Benchmark Note,Government Bonds,BUY,1000,99.87,0.0999,3.1e-05,0.0999,USD,1.0,SETTLED
TXN-202404718,2026-02-02,2026-02-03,CLT-1001,P-101,US_5Y_UST,US Treasury 5-Yr Benchmark Note,Government Bonds,SELL,25000,99.31,2.4827,0.000754,2.4819,USD,1.0,FAILED
TXN-202204026,2026-02-02,2026-02-04,CLT-1022,P-165,GOOGL,Alphabet Inc.,Equity,SELL,50000,254.27,12.7135,0.004871,12.7086,USD,1.0,SETTLED
TXN-202201826,2026-02-02,2026-02-04,CLT-1023,P-167,LT_IN,Larsen & Toubro Ltd.,Equity,BUY,5000,55.88,0.2794,0.000113,0.2795,INR,86.5,SETTLED
TXN-202503379,2026-02-02,2026-02-03,CLT-1012,P-133,INFRA_GLOBAL_TRUST,Global Infrastructure Core Income Note,Alternatives,INTEREST,0,0.0,0.0194,1.9e-05,0.0194,USD,1.0,SETTLED
TXN-202300127,2026-02-02,2026-02-03,CLT-1013,P-139,PLD_REIT,Prologis Global Logistics REIT,REIT,DIVIDEND,0,0.0,0.1354,0.000135,0.1353,USD,1.0,SETTLED
TXN-202203166,2026-02-02,2026-02-04,CLT-1012,P-135,UNH,UnitedHealth Group,Equity,SELL,25000,305.74,7.6435,0.003731,7.6398,USD,1.0,SETTLED
TXN-202100045,2026-02-03,2026-02-04,CLT-1017,P-151,US_10Y_UST,US Treasury 10-Yr Benchmark Note,Government Bonds,BUY,50000,96.79,4.8395,0.001206,4.8407,USD,1.0,SETTLED
TXN-202305202,2026-02-03,2026-02-05,CLT-1020,P-159,INFY_IN,Infosys Ltd.,Equity,SELL,500,119.25,0.0596,2e-05,0.0596,INR,86.5,SETTLED
TXN-202100950,2026-02-03,2026-02-04,CLT-1015,P-147,INR_OVERNIGHT_CASH,Institutional INR Overnight Liquid Fund,Money Market,SELL,1000,100.26,0.1003,3.5e-05,0.1003,INR,86.5,PENDING
TXN-202404003,2026-02-04,2026-02-06,CLT-1003,P-109,AZN_LN,AstraZeneca PLC,Equity,BUY,5000,190.51,0.9526,0.000468,0.9531,GBP,0.79,SETTLED
TXN-202202836,2026-02-04,2026-02-05,CLT-1001,P-102,UK_10Y_GILT,UK Gilt 3.75% 2033,Government Bonds,BUY,5000,98.45,0.4923,0.000196,0.4925,GBP,0.79,SETTLED
TXN-202301452,2026-02-05,2026-02-09,CLT-1009,P-125,AAPL,Apple Inc.,Equity,DIVIDEND,0,0.0,0.1777,0.000178,0.1775,USD,1.0,SETTLED
TXN-202300047,2026-02-05,2026-02-09,CLT-1018,P-154,MSFT,Microsoft Corp.,Equity,BUY,1000,285.06,0.2851,0.000127,0.2852,USD,1.0,SETTLED
TXN-202502754,2026-02-06,2026-02-09,CLT-1005,P-114,US_10Y_UST,US Treasury 10-Yr Benchmark Note,Government Bonds,BUY,2500,101.48,0.2537,4.5e-05,0.2537,USD,1.0,SETTLED
TXN-202100570,2026-02-06,2026-02-09,CLT-1014,P-141,JGB_10Y,Japan Government Bond 10-Yr 0.8%,Government Bonds,SELL,5000,97.71,0.4885,0.000103,0.4884,JPY,152.0,SETTLED
TXN-202201276,2026-02-06,2026-02-10,CLT-1016,P-148,7203_JP,Toyota Motor Corp.,Equity,SELL,1000,54.17,0.0542,1.5e-05,0.0542,JPY,152.0,PENDING
TXN-202201296,2026-02-09,2026-02-10,CLT-1021,P-163,US_10Y_UST,US Treasury 10-Yr Benchmark Note,Government Bonds,DIVIDEND,0,0.0,0.1479,0.000148,0.1478,USD,1.0,SETTLED
TXN-202503949,2026-02-09,2026-02-11,CLT-1018,P-153,CORP_HY_USD,US High Yield Corporate Credit Note,Corporate Bonds,BUY,25000,99.88,2.497,0.001163,2.4982,USD,1.0,SETTLED
TXN-202401148,2026-02-09,2026-02-11,CLT-1008,P-122,ASML_NA,ASML Holding NV,Equity,BUY,50000,133.65,6.6825,0.001341,6.6838,EUR,0.92,SETTLED
TXN-202403778,2026-02-09,2026-02-10,CLT-1012,P-132,IND_10Y_GSEC,India Sovereign G-Sec 7.18% 2033,Government Bonds,INTEREST,0,0.0,0.0945,9.5e-05,0.0944,INR,86.5,SETTLED
TXN-202405173,2026-02-09,2026-02-11,CLT-1010,P-127,6758_JP,Sony Group Corp.,Equity,BUY,500,336.31,0.1682,5.8e-05,0.1683,JPY,152.0,SETTLED
TXN-202403963,2026-02-09,2026-02-11,CLT-1012,P-133,TCS_IN,Tata Consultancy Services,Equity,DIVIDEND,0,0.0,0.2289,0.000229,0.2287,INR,86.5,SETTLED
TXN-202201581,2026-02-09,2026-02-11,CLT-1011,P-131,TCS_IN,Tata Consultancy Services,Equity,SELL,5000,48.73,0.2436,5e-05,0.2436,INR,86.5,SETTLED
TXN-202300612,2026-02-09,2026-02-11,CLT-1014,P-141,CORP_IG_EUR,Euro High Grade Corporate Bond Note,Corporate Bonds,SELL,50000,97.24,4.862,0.001309,4.8607,EUR,0.92,SETTLED
TXN-202401118,2026-02-09,2026-02-10,CLT-1012,P-134,GER_10Y_BUND,Germany Bund 2.60% 2033,Government Bonds,BUY,50000,102.9,5.145,0.001961,5.147,EUR,0.92,PENDING
TXN-202204331,2026-02-09,2026-02-11,CLT-1012,P-133,AZN_LN,AstraZeneca PLC,Equity,BUY,2500,111.92,0.2798,8.4e-05,0.2799,GBP,0.79,SETTLED
TXN-202500614,2026-02-10,2026-02-12,CLT-1011,P-130,AZN_LN,AstraZeneca PLC,Equity,DIVIDEND,0,0.0,0.2061,0.000206,0.2059,GBP,0.79,SETTLED
TXN-202204166,2026-02-10,2026-02-12,CLT-1013,P-136,LT_IN,Larsen & Toubro Ltd.,Equity,BUY,50000,202.7,10.135,0.002212,10.1372,INR,86.5,SETTLED
TXN-202503634,2026-02-13,2026-02-17,CLT-1018,P-152,6758_JP,Sony Group Corp.,Equity,BUY,5000,157.14,0.7857,0.000232,0.7859,JPY,152.0,SETTLED
TXN-202300367,2026-02-13,2026-02-17,CLT-1012,P-132,LT_IN,Larsen & Toubro Ltd.,Equity,DIVIDEND,0,0.0,0.0772,7.7e-05,0.0771,INR,86.5,SETTLED
TXN-202100315,2026-02-13,2026-02-17,CLT-1021,P-161,CORP_IG_USD,US Investment Grade Corporate Bond Fund,Corporate Bonds,SELL,25000,96.94,2.4235,0.001141,2.4224,USD,1.0,SETTLED
TXN-202205126,2026-02-13,2026-02-17,CLT-1004,P-111,NOVN_SW,Novartis AG,Equity,WITHDRAWAL,0,1.0,0.6033,0.0001,-0.6033,CHF,0.88,SETTLED
TXN-202204216,2026-02-13,2026-02-16,CLT-1005,P-115,US_5Y_UST,US Treasury 5-Yr Benchmark Note,Government Bonds,TRANSFER,0,1.0,1.2814,0.0001,-1.2814,USD,1.0,SETTLED
TXN-202203496,2026-02-16,2026-02-17,CLT-1014,P-142,JGB_10Y,Japan Government Bond 10-Yr 0.8%,Government Bonds,SELL,25000,98.2,2.455,0.001072,2.4539,JPY,152.0,SETTLED
TXN-202401278,2026-02-16,2026-02-17,CLT-1024,P-171,EUR_LIQUIDITY_FUND,EUR Institutional Liquidity Master Fund,Money Market,BUY,5000,100.74,0.5037,0.00016,0.5039,EUR,0.92,SETTLED
TXN-202400173,2026-02-18,2026-02-20,CLT-1010,P-129,NOVN_SW,Novartis AG,Equity,SELL,2500,281.86,0.7046,0.000178,0.7044,CHF,0.88,SETTLED
TXN-202100790,2026-02-18,2026-02-20,CLT-1025,P-173,TCS_IN,Tata Consultancy Services,Equity,INTEREST,0,0.0,0.0167,1.7e-05,0.0167,INR,86.5,SETTLED
TXN-202402958,2026-02-18,2026-02-20,CLT-1022,P-166,CORP_IG_USD,US Investment Grade Corporate Bond Fund,Corporate Bonds,BUY,5000,100.45,0.5022,8.8e-05,0.5023,USD,1.0,SETTLED
TXN-202502044,2026-02-18,2026-02-19,CLT-1018,P-152,INFRA_GLOBAL_TRUST,Global Infrastructure Core Income Note,Alternatives,SELL,500,101.98,0.051,8e-06,0.051,USD,1.0,SETTLED
TXN-202403583,2026-02-19,2026-02-23,CLT-1012,P-135,UNH,UnitedHealth Group,Equity,BUY,500,283.61,0.1418,2.5e-05,0.1418,USD,1.0,SETTLED
TXN-202201751,2026-02-23,2026-02-25,CLT-1013,P-136,BHARTIARTL_IN,Bharti Airtel Ltd.,Equity,BUY,50000,75.07,3.7535,0.001625,3.7551,INR,86.5,SETTLED
TXN-202204346,2026-02-23,2026-02-25,CLT-1019,P-157,NOVN_SW,Novartis AG,Equity,BUY,2500,109.12,0.2728,0.000124,0.2729,CHF,0.88,SETTLED
TXN-202201566,2026-02-23,2026-02-25,CLT-1025,P-174,INFY_IN,Infosys Ltd.,Equity,SELL,50000,72.66,3.633,0.00114,3.6319,INR,86.5,SETTLED
TXN-202504644,2026-02-23,2026-02-25,CLT-1005,P-115,6758_JP,Sony Group Corp.,Equity,BUY,50000,179.59,8.9795,0.00401,8.9835,JPY,152.0,SETTLED
TXN-202203861,2026-02-23,2026-02-25,CLT-1016,P-148,ICICIBANK_IN,ICICI Bank Ltd.,Equity,INTEREST,0,0.0,0.1215,0.000121,0.1214,INR,86.5,SETTLED
TXN-202100160,2026-02-23,2026-02-25,CLT-1012,P-134,NVDA,NVIDIA Corp.,Equity,SELL,2500,170.64,0.4266,9.4e-05,0.4265,USD,1.0,SETTLED
TXN-202103970,2026-02-23,2026-02-25,CLT-1018,P-155,6758_JP,Sony Group Corp.,Equity,BUY,10000,154.15,1.5415,0.000511,1.542,JPY,152.0,SETTLED
TXN-202301942,2026-02-23,2026-02-25,CLT-1022,P-164,DBS_SP,DBS Group Holdings,Equity,TRANSFER,0,1.0,1.0507,0.0001,-1.0507,SGD,1.34,SETTLED
TXN-202503639,2026-02-23,2026-02-24,CLT-1005,P-113,UK_10Y_GILT,UK Gilt 3.75% 2033,Government Bonds,BUY,5000,97.47,0.4874,9.1e-05,0.4875,GBP,0.79,SETTLED
TXN-202101590,2026-02-23,2026-02-25,CLT-1001,P-101,TCS_IN,Tata Consultancy Services,Equity,SELL,10000,206.34,2.0634,0.000929,2.0625,INR,86.5,SETTLED
TXN-202205096,2026-02-23,2026-02-24,CLT-1001,P-101,USD_TREAS_MMF,Institutional USD Treasury Money Market Fund,Money Market,INTEREST,0,0.0,0.0636,6.4e-05,0.0635,USD,1.0,SETTLED
TXN-202503194,2026-02-24,2026-02-25,CLT-1021,P-163,INR_OVERNIGHT_CASH,Institutional INR Overnight Liquid Fund,Money Market,BUY,10000,101.86,1.0186,0.000426,1.019,INR,86.5,SETTLED
TXN-202402548,2026-02-25,2026-02-27,CLT-1015,P-147,ICICIBANK_IN,ICICI Bank Ltd.,Equity,BUY,500,83.82,0.0419,1.4e-05,0.0419,INR,86.5,SETTLED
TXN-202500994,2026-02-25,2026-02-27,CLT-1002,P-105,NVDA,NVIDIA Corp.,Equity,INTEREST,0,0.0,0.2386,0.000239,0.2384,USD,1.0,SETTLED
TXN-202303402,2026-02-25,2026-02-27,CLT-1013,P-136,MSFT,Microsoft Corp.,Equity,INTEREST,0,0.0,0.1266,0.000127,0.1265,USD,1.0,SETTLED
